{"type":"FeatureCollection","metadata":{"generatedAt":"2026-09-24T22:41:37.401Z","source":"CTrail Hartford Line GTFS, Metro-North GTFS, and OpenStreetMap Shore Line East geometry","attribution":"© OpenStreetMap contributors","attributionUrl":"https://www.openstreetmap.org/copyright","usedCachedOsmGeometry":false,"routeCount":2},"features":[{"type":"Feature","properties":{"agency":"CTrail","color":"#EA0D2A","description":"Hartford Line","route":"Hartford Line","routeId":"HART","shapeId":"shp-HART-01"},"geometry":{"type":"LineString","coordinates":[[-72.925945,41.297172],[-72.923989,41.299296],[-72.92364,41.3001],[-72.923378,41.302024],[-72.92294,41.303024],[-72.921692,41.305092],[-72.920846,41.306263],[-72.919751,41.308004],[-72.919306,41.308563],[-72.918923,41.308925],[-72.918276,41.309386],[-72.9173,41.309873],[-72.914481,41.311013],[-72.913888,41.311164],[-72.912959,41.311292],[-72.910807,41.311317],[-72.910132,41.311402],[-72.908962,41.311721],[-72.908182,41.312097],[-72.898907,41.318274],[-72.898086,41.318958],[-72.897198,41.319889],[-72.896219,41.321254],[-72.895763,41.322077],[-72.895414,41.322937],[-72.895114,41.324026],[-72.894974,41.324986],[-72.894634,41.342485],[-72.894439,41.344262],[-72.894065,41.345803],[-72.893716,41.346774],[-72.893254,41.347796],[-72.876848,41.380493],[-72.876091,41.381754],[-72.875437,41.382613],[-72.874721,41.383419],[-72.873855,41.384261],[-72.871834,41.385861],[-72.864341,41.391373],[-72.861782,41.393325],[-72.859113,41.395509],[-72.850264,41.403084],[-72.848627,41.40485],[-72.847397,41.406564],[-72.846434,41.408291],[-72.845742,41.409831],[-72.840303,41.422415],[-72.838188,41.427199],[-72.836778,41.430215],[-72.831295,41.442839],[-72.8242,41.458903],[-72.82273,41.461695],[-72.821579,41.463624],[-72.813157,41.478675],[-72.81229,41.480318],[-72.810937,41.483253],[-72.810402,41.484567],[-72.810136,41.485445],[-72.809943,41.486344],[-72.809838,41.487264],[-72.809809,41.488494],[-72.809865,41.489148],[-72.810026,41.49015],[-72.810303,41.491219],[-72.810729,41.492356],[-72.811491,41.493788],[-72.814991,41.499064],[-72.815509,41.49995],[-72.81607,41.501329],[-72.816305,41.502547],[-72.816329,41.503816],[-72.816109,41.505143],[-72.813634,41.514835],[-72.813197,41.516102],[-72.81262,41.517508],[-72.811467,41.520135],[-72.811013,41.521012],[-72.809946,41.522421],[-72.808564,41.52381],[-72.808202,41.52427],[-72.807443,41.525593],[-72.805123,41.532689],[-72.804792,41.53349],[-72.803597,41.535841],[-72.802613,41.537366],[-72.801485,41.538894],[-72.796548,41.543896],[-72.79503,41.545588],[-72.794287,41.546608],[-72.793474,41.54801],[-72.793096,41.548862],[-72.792613,41.550295],[-72.792367,41.551462],[-72.791919,41.554494],[-72.791581,41.555941],[-72.79091,41.557727],[-72.789848,41.55975],[-72.779248,41.576774],[-72.778497,41.577866],[-72.777191,41.579288],[-72.773969,41.582017],[-72.773124,41.582891],[-72.772239,41.584034],[-72.771577,41.585124],[-72.770948,41.586503],[-72.769005,41.591854],[-72.765868,41.600748],[-72.765563,41.602154],[-72.765464,41.603025],[-72.765453,41.603907],[-72.765547,41.605095],[-72.765795,41.606198],[-72.768447,41.615974],[-72.769938,41.621802],[-72.770153,41.623339],[-72.770212,41.624445],[-72.770161,41.626061],[-72.769962,41.627544],[-72.769442,41.629452],[-72.7689,41.630773],[-72.768388,41.631768],[-72.767106,41.633699],[-72.765192,41.636136],[-72.764603,41.636772],[-72.758438,41.644221],[-72.753489,41.650326],[-72.752983,41.651069],[-72.752516,41.651922],[-72.752009,41.653195],[-72.75169,41.654663],[-72.751623,41.655796],[-72.751671,41.656556],[-72.751932,41.657964],[-72.753095,41.661634],[-72.753382,41.662872],[-72.753583,41.664593],[-72.753589,41.665639],[-72.75351,41.666581],[-72.753278,41.66799],[-72.752999,41.669016],[-72.750668,41.675385],[-72.750037,41.677689],[-72.749804,41.678822],[-72.749465,41.681075],[-72.749292,41.683409],[-72.749278,41.692168],[-72.749096,41.694722],[-72.748796,41.696464],[-72.748286,41.698393],[-72.747707,41.699993],[-72.746642,41.702259],[-72.745288,41.704493],[-72.744307,41.705865],[-72.703002,41.757964],[-72.701645,41.759617],[-72.700921,41.760403],[-72.699274,41.761812],[-72.697152,41.763153],[-72.695143,41.764087],[-72.692598,41.76499],[-72.691753,41.765219],[-72.689037,41.765655],[-72.685156,41.765748],[-72.684614,41.765845],[-72.68374,41.76615],[-72.682895,41.766651],[-72.682243,41.767302],[-72.682058,41.767587],[-72.681857,41.768097],[-72.681831,41.76896]]}},{"type":"Feature","properties":{"agency":"CTrail","color":"#EA0D2A","description":"Hartford Line","route":"Hartford Line","routeId":"HART","shapeId":"shp-HART-03"},"geometry":{"type":"LineString","coordinates":[[-72.925945,41.297172],[-72.923989,41.299296],[-72.92364,41.3001],[-72.923378,41.302024],[-72.92294,41.303024],[-72.921692,41.305092],[-72.920846,41.306263],[-72.919751,41.308004],[-72.919306,41.308563],[-72.918923,41.308925],[-72.918276,41.309386],[-72.9173,41.309873],[-72.914481,41.311013],[-72.913888,41.311164],[-72.912959,41.311292],[-72.910807,41.311317],[-72.910132,41.311402],[-72.908962,41.311721],[-72.908182,41.312097],[-72.898907,41.318274],[-72.898086,41.318958],[-72.897198,41.319889],[-72.896219,41.321254],[-72.895763,41.322077],[-72.895414,41.322937],[-72.895114,41.324026],[-72.894974,41.324986],[-72.894634,41.342485],[-72.894439,41.344262],[-72.894065,41.345803],[-72.893716,41.346774],[-72.893254,41.347796],[-72.876848,41.380493],[-72.876091,41.381754],[-72.875437,41.382613],[-72.874721,41.383419],[-72.873855,41.384261],[-72.871834,41.385861],[-72.864341,41.391373],[-72.861782,41.393325],[-72.859113,41.395509],[-72.850264,41.403084],[-72.848627,41.40485],[-72.847397,41.406564],[-72.846434,41.408291],[-72.845742,41.409831],[-72.840303,41.422415],[-72.838188,41.427199],[-72.836778,41.430215],[-72.831295,41.442839],[-72.8242,41.458903],[-72.82273,41.461695],[-72.821579,41.463624],[-72.813157,41.478675],[-72.81229,41.480318],[-72.810937,41.483253],[-72.810402,41.484567],[-72.810136,41.485445],[-72.809943,41.486344],[-72.809838,41.487264],[-72.809809,41.488494],[-72.809865,41.489148],[-72.810026,41.49015],[-72.810303,41.491219],[-72.810729,41.492356],[-72.811491,41.493788],[-72.814991,41.499064],[-72.815509,41.49995],[-72.81607,41.501329],[-72.816305,41.502547],[-72.816329,41.503816],[-72.816109,41.505143],[-72.813634,41.514835],[-72.813197,41.516102],[-72.81262,41.517508],[-72.811467,41.520135],[-72.811013,41.521012],[-72.809946,41.522421],[-72.808564,41.52381],[-72.808202,41.52427],[-72.807443,41.525593],[-72.805123,41.532689],[-72.804792,41.53349],[-72.803597,41.535841],[-72.802613,41.537366],[-72.801485,41.538894],[-72.796548,41.543896],[-72.79503,41.545588],[-72.794287,41.546608],[-72.793474,41.54801],[-72.793096,41.548862],[-72.792613,41.550295],[-72.792367,41.551462],[-72.791919,41.554494],[-72.791581,41.555941],[-72.79091,41.557727],[-72.789848,41.55975],[-72.779248,41.576774],[-72.778497,41.577866],[-72.777191,41.579288],[-72.773969,41.582017],[-72.773124,41.582891],[-72.772239,41.584034],[-72.771577,41.585124],[-72.770948,41.586503],[-72.769005,41.591854],[-72.765868,41.600748],[-72.765563,41.602154],[-72.765464,41.603025],[-72.765453,41.603907],[-72.765547,41.605095],[-72.765795,41.606198],[-72.768447,41.615974],[-72.769938,41.621802],[-72.770153,41.623339],[-72.770212,41.624445],[-72.770161,41.626061],[-72.769962,41.627544],[-72.769442,41.629452],[-72.7689,41.630773],[-72.768388,41.631768],[-72.767106,41.633699],[-72.765192,41.636136],[-72.764603,41.636772],[-72.758438,41.644221],[-72.753489,41.650326],[-72.752983,41.651069],[-72.752516,41.651922],[-72.752009,41.653195],[-72.75169,41.654663],[-72.751623,41.655796],[-72.751671,41.656556],[-72.751932,41.657964],[-72.753095,41.661634],[-72.753382,41.662872],[-72.753583,41.664593],[-72.753589,41.665639],[-72.75351,41.666581],[-72.753278,41.66799],[-72.752999,41.669016],[-72.750668,41.675385],[-72.750037,41.677689],[-72.749804,41.678822],[-72.749465,41.681075],[-72.749292,41.683409],[-72.749278,41.692168],[-72.749096,41.694722],[-72.748796,41.696464],[-72.748286,41.698393],[-72.747707,41.699993],[-72.746642,41.702259],[-72.745288,41.704493],[-72.744307,41.705865],[-72.703002,41.757964],[-72.701645,41.759617],[-72.700921,41.760403],[-72.699274,41.761812],[-72.697152,41.763153],[-72.695143,41.764087],[-72.692598,41.76499],[-72.691753,41.765219],[-72.689037,41.765655],[-72.685156,41.765748],[-72.684335,41.765927],[-72.683426,41.766309],[-72.68261,41.7669],[-72.682058,41.767587],[-72.681857,41.768097],[-72.681677,41.770699],[-72.681256,41.771537],[-72.680706,41.772183],[-72.680172,41.772598],[-72.6794,41.773023],[-72.677179,41.773792],[-72.675189,41.774579],[-72.674175,41.775232],[-72.673455,41.775932],[-72.673169,41.776316],[-72.672797,41.777093],[-72.669347,41.785899],[-72.668824,41.786976],[-72.667933,41.788563],[-72.666968,41.789966],[-72.666279,41.790794],[-72.663183,41.793871],[-72.662333,41.794827],[-72.661437,41.796046],[-72.648934,41.814454],[-72.647477,41.817018],[-72.646633,41.818877],[-72.645712,41.821459],[-72.645149,41.823333],[-72.644669,41.825258],[-72.643907,41.829006],[-72.643768,41.830473],[-72.643781,41.831601],[-72.643878,41.832571],[-72.645584,41.840016],[-72.645675,41.841275],[-72.645563,41.842943],[-72.645401,41.843767],[-72.644975,41.845084],[-72.644511,41.846025],[-72.643223,41.848238],[-72.64266,41.849515],[-72.642437,41.850255],[-72.642161,41.851546],[-72.641841,41.85573],[-72.641682,41.856623],[-72.64144,41.857519],[-72.64103,41.858606],[-72.640287,41.860104],[-72.639667,41.861304],[-72.638554,41.863197],[-72.637358,41.864895],[-72.631166,41.872976],[-72.629985,41.874667],[-72.62944,41.875675],[-72.628858,41.877025],[-72.628536,41.878049],[-72.628308,41.879042],[-72.628145,41.880445],[-72.628166,41.882039],[-72.629148,41.888503],[-72.629234,41.890274],[-72.629164,41.892262],[-72.629033,41.893521],[-72.628212,41.899242],[-72.625519,41.916729],[-72.625347,41.918386],[-72.625439,41.91995],[-72.625613,41.920977],[-72.625836,41.921725],[-72.626756,41.924011],[-72.626978,41.924802],[-72.627142,41.926726],[-72.627386,41.932757],[-72.627375,41.933962],[-72.627262,41.934566],[-72.627002,41.935325],[-72.626621,41.936047],[-72.624473,41.939205],[-72.621718,41.942334],[-72.621013,41.942881],[-72.620061,41.943296],[-72.618926,41.943536],[-72.616142,41.943671],[-72.614122,41.943694],[-72.610762,41.943578],[-72.60943,41.94381],[-72.60822,41.94431],[-72.607483,41.944826],[-72.606741,41.945641],[-72.606391,41.946231],[-72.60625,41.946595],[-72.606123,41.947145],[-72.606104,41.947695],[-72.606295,41.952081],[-72.606276,41.953747],[-72.605809,41.957428],[-72.605419,41.968302],[-72.605207,41.970668],[-72.604928,41.972292],[-72.60459,41.973677],[-72.601234,41.985376],[-72.600934,41.986952],[-72.600843,41.988299],[-72.60102,41.990152],[-72.601513,41.992041],[-72.6022,41.993702],[-72.603514,41.996186],[-72.604079,41.997818],[-72.604451,41.999513],[-72.604583,42.000572],[-72.604577,42.001294],[-72.60447,42.002134],[-72.60436,42.002619],[-72.604038,42.003504],[-72.602995,42.005542],[-72.60248,42.007134],[-72.588635,42.068587],[-72.588007,42.070953],[-72.587624,42.071861],[-72.587133,42.072772],[-72.586331,42.073848],[-72.585529,42.074515],[-72.583058,42.075713],[-72.581626,42.076752],[-72.581133,42.077262],[-72.580449,42.078214],[-72.580202,42.078721],[-72.579912,42.079555],[-72.579774,42.080583],[-72.579782,42.080987],[-72.579943,42.081998],[-72.580074,42.082393],[-72.582445,42.088291],[-72.583059,42.089467],[-72.584264,42.091249],[-72.587566,42.095675],[-72.588947,42.097223],[-72.590108,42.098229],[-72.595818,42.102292],[-72.596229,42.102656],[-72.596339,42.102845],[-72.596432,42.103309],[-72.596312,42.103689],[-72.596097,42.103993],[-72.594981,42.104909],[-72.593742,42.105613],[-72.593041,42.106137]]}},{"type":"Feature","properties":{"agency":"CTrail","color":"#EA0D2A","description":"Hartford Line","route":"Hartford Line","routeId":"HART","shapeId":"shp-HART-21"},"geometry":{"type":"LineString","coordinates":[[-72.593041,42.106137],[-72.593748,42.105633],[-72.594874,42.105028],[-72.596068,42.104087],[-72.596422,42.103554],[-72.596443,42.103066],[-72.596381,42.102835],[-72.596159,42.102517],[-72.595805,42.102226],[-72.59084,42.09872],[-72.58915,42.097349],[-72.587941,42.096077],[-72.58409,42.09092],[-72.583063,42.08939],[-72.58265,42.088625],[-72.580075,42.082242],[-72.579839,42.08095],[-72.579857,42.080173],[-72.579933,42.079741],[-72.580123,42.079062],[-72.580608,42.078071],[-72.581064,42.077426],[-72.581689,42.076763],[-72.582985,42.075805],[-72.585439,42.074607],[-72.586485,42.073721],[-72.587445,42.072369],[-72.587931,42.07131],[-72.588229,42.07043],[-72.602667,42.006631],[-72.603126,42.005359],[-72.604048,42.00355],[-72.604365,42.002744],[-72.604536,42.002016],[-72.604625,42.001258],[-72.604587,42.000164],[-72.604099,41.997751],[-72.603633,41.996342],[-72.602031,41.993241],[-72.601551,41.992014],[-72.601047,41.990069],[-72.600894,41.988191],[-72.600991,41.9869],[-72.601307,41.985262],[-72.60464,41.973616],[-72.60509,41.971673],[-72.605281,41.970506],[-72.605458,41.968464],[-72.605832,41.957715],[-72.60633,41.953577],[-72.606355,41.952457],[-72.606162,41.947734],[-72.606181,41.947144],[-72.606275,41.946693],[-72.606487,41.946148],[-72.606809,41.945626],[-72.607088,41.945265],[-72.607605,41.944777],[-72.608606,41.944151],[-72.609625,41.943767],[-72.610296,41.943626],[-72.610958,41.94357],[-72.614737,41.943691],[-72.618522,41.943567],[-72.619839,41.943355],[-72.620464,41.943155],[-72.620968,41.942912],[-72.621293,41.942706],[-72.621888,41.942162],[-72.624164,41.939586],[-72.624907,41.93861],[-72.62671,41.935897],[-72.627241,41.934669],[-72.627375,41.933964],[-72.627399,41.933134],[-72.627139,41.9267],[-72.627006,41.925021],[-72.626759,41.924005],[-72.625831,41.921694],[-72.625615,41.920947],[-72.625424,41.91965],[-72.625373,41.918064],[-72.625451,41.917243],[-72.6289,41.894747],[-72.629153,41.892973],[-72.62925,41.891765],[-72.629261,41.889472],[-72.629127,41.887797],[-72.628228,41.882234],[-72.628174,41.880932],[-72.628319,41.879268],[-72.628593,41.87804],[-72.629014,41.87676],[-72.629464,41.87573],[-72.629982,41.874764],[-72.631138,41.873083],[-72.63819,41.863829],[-72.639431,41.861812],[-72.640579,41.859626],[-72.641145,41.858456],[-72.641665,41.856942],[-72.641933,41.855396],[-72.642167,41.851822],[-72.642258,41.851186],[-72.642542,41.850022],[-72.642966,41.848841],[-72.643266,41.848214],[-72.644479,41.846174],[-72.644932,41.845289],[-72.645348,41.844148],[-72.645608,41.842882],[-72.645734,41.841412],[-72.645661,41.840189],[-72.645389,41.838796],[-72.644056,41.833224],[-72.643854,41.831786],[-72.643827,41.830393],[-72.643969,41.82896],[-72.644894,41.824567],[-72.645871,41.821108],[-72.646809,41.818597],[-72.64777,41.816562],[-72.648915,41.814589],[-72.66187,41.795525],[-72.663141,41.793998],[-72.666394,41.790739],[-72.667221,41.789722],[-72.668047,41.788489],[-72.668745,41.787247],[-72.669571,41.785556],[-72.672749,41.777342],[-72.673013,41.776774],[-72.673539,41.776047],[-72.674271,41.775283],[-72.674791,41.77489],[-72.675475,41.774499],[-72.677409,41.773713],[-72.679343,41.773043],[-72.680054,41.772689],[-72.680757,41.772151],[-72.681333,41.771433],[-72.681652,41.770774],[-72.681728,41.770491],[-72.681863,41.768305],[-72.681946,41.767836],[-72.68234,41.76723],[-72.682702,41.766845],[-72.683182,41.766461],[-72.684164,41.765994],[-72.685084,41.76577],[-72.687506,41.765694],[-72.690079,41.765494],[-72.69279,41.764918],[-72.693597,41.764675],[-72.695858,41.763817],[-72.696905,41.763319],[-72.698044,41.762679],[-72.699764,41.761463],[-72.70111,41.760252],[-72.703025,41.757977],[-72.743819,41.706558],[-72.744985,41.705023],[-72.74582,41.703782],[-72.746847,41.70199],[-72.747759,41.700002],[-72.748463,41.69798],[-72.749013,41.695652],[-72.749198,41.694383],[-72.749321,41.692372],[-72.749361,41.683151],[-72.749495,41.681304],[-72.749853,41.678848],[-72.750209,41.677216],[-72.750764,41.67525],[-72.753049,41.669039],[-72.753433,41.667478],[-72.753607,41.666234],[-72.753613,41.664228],[-72.75339,41.662652],[-72.753089,41.661422],[-72.751952,41.657817],[-72.751742,41.656675],[-72.751681,41.655675],[-72.75173,41.654833],[-72.751856,41.654025],[-72.752068,41.653212],[-72.752371,41.652387],[-72.752762,41.651571],[-72.753202,41.650834],[-72.753832,41.649964],[-72.766348,41.634747],[-72.767383,41.6334],[-72.768284,41.632034],[-72.76888,41.630931],[-72.769545,41.629301],[-72.769962,41.62776],[-72.77017,41.626445],[-72.770258,41.625028],[-72.770189,41.623213],[-72.770004,41.621843],[-72.769602,41.620137],[-72.765895,41.606354],[-72.765633,41.605239],[-72.765528,41.604422],[-72.765536,41.602763],[-72.765823,41.601075],[-72.767591,41.595944],[-72.770965,41.586568],[-72.771686,41.585002],[-72.772542,41.583663],[-72.773489,41.582553],[-72.77447,41.581594],[-72.777359,41.579185],[-72.778011,41.578516],[-72.778631,41.577752],[-72.789651,41.560169],[-72.790642,41.558401],[-72.791141,41.557294],[-72.791539,41.556199],[-72.791934,41.554622],[-72.792595,41.550562],[-72.792987,41.549267],[-72.793813,41.547473],[-72.794701,41.546079],[-72.795511,41.545088],[-72.796318,41.544188],[-72.801262,41.539151],[-72.802397,41.537729],[-72.803355,41.536323],[-72.804283,41.534634],[-72.805187,41.532658],[-72.806171,41.529724],[-72.807206,41.526337],[-72.807657,41.525284],[-72.808295,41.524224],[-72.808853,41.523565],[-72.810114,41.522329],[-72.811171,41.52085],[-72.811597,41.520021],[-72.813279,41.516027],[-72.813603,41.515104],[-72.816221,41.504914],[-72.816387,41.503893],[-72.816414,41.502918],[-72.816177,41.501501],[-72.815622,41.500063],[-72.815131,41.499217],[-72.811412,41.493558],[-72.810736,41.492214],[-72.810232,41.490767],[-72.809932,41.489262],[-72.809865,41.487974],[-72.809913,41.486971],[-72.810213,41.485334],[-72.810621,41.484101],[-72.810929,41.483379],[-72.812399,41.480216],[-72.813091,41.478906],[-72.824134,41.459185],[-72.845744,41.409985],[-72.846597,41.408138],[-72.847606,41.406371],[-72.849009,41.404516],[-72.850851,41.402619],[-72.85926,41.395457],[-72.861768,41.393394],[-72.871786,41.385941],[-72.874015,41.384171],[-72.874814,41.383388],[-72.875568,41.382531],[-72.876348,41.381455],[-72.876882,41.380525],[-72.893313,41.347791],[-72.894062,41.345957],[-72.894459,41.344456],[-72.894679,41.342648],[-72.895025,41.324975],[-72.895164,41.324006],[-72.895467,41.322944],[-72.895786,41.322149],[-72.896478,41.320904],[-72.897374,41.319753],[-72.898182,41.318927],[-72.89912,41.318183],[-72.90839,41.311964],[-72.909286,41.311565],[-72.909962,41.311397],[-72.911027,41.311286],[-72.913502,41.311224],[-72.914377,41.311024],[-72.915596,41.310586],[-72.917401,41.309819],[-72.918696,41.309064],[-72.91938,41.308426],[-72.92078,41.306232],[-72.921934,41.304756],[-72.922095,41.304391],[-72.923181,41.302625],[-72.923441,41.301787],[-72.92364,41.300342],[-72.923932,41.299587],[-72.924409,41.298917],[-72.925945,41.297172]]}},{"type":"Feature","properties":{"agency":"CTrail","color":"#EA0D2A","description":"Hartford Line","route":"Hartford Line","routeId":"HART","shapeId":"shp-HART-22"},"geometry":{"type":"LineString","coordinates":[[-72.681831,41.76896],[-72.681677,41.770699],[-72.681497,41.771132],[-72.68117,41.771668],[-72.680575,41.772304],[-72.680172,41.772598],[-72.6794,41.773023],[-72.676468,41.774061],[-72.674883,41.774743],[-72.673915,41.775447],[-72.673169,41.776316],[-72.672489,41.777863],[-72.669811,41.784818],[-72.668824,41.786976],[-72.667933,41.788563],[-72.667038,41.789871],[-72.666372,41.790686],[-72.662786,41.794304],[-72.66188,41.795424],[-72.66101,41.796667],[-72.648934,41.814454],[-72.647477,41.817018],[-72.646633,41.818877],[-72.646034,41.820467],[-72.645149,41.823333],[-72.644669,41.825258],[-72.643907,41.829006],[-72.643762,41.830759],[-72.643859,41.832469],[-72.644036,41.83339],[-72.645584,41.840016],[-72.645675,41.841275],[-72.645563,41.842943],[-72.645401,41.843767],[-72.644975,41.845084],[-72.644511,41.846025],[-72.643223,41.848238],[-72.64266,41.849515],[-72.642437,41.850255],[-72.642161,41.851546],[-72.641841,41.85573],[-72.641682,41.856623],[-72.64144,41.857519],[-72.64103,41.858606],[-72.640287,41.860104],[-72.639667,41.861304],[-72.638554,41.863197],[-72.637358,41.864895],[-72.631166,41.872976],[-72.629985,41.874667],[-72.62944,41.875675],[-72.628858,41.877025],[-72.628536,41.878049],[-72.628308,41.879042],[-72.628145,41.880445],[-72.628166,41.882039],[-72.629148,41.888503],[-72.629234,41.890274],[-72.629164,41.892262],[-72.629033,41.893521],[-72.628212,41.899242],[-72.625519,41.916729],[-72.625347,41.918386],[-72.625439,41.91995],[-72.625613,41.920977],[-72.625836,41.921725],[-72.626849,41.924291],[-72.626978,41.924802],[-72.627051,41.925462],[-72.627399,41.933318],[-72.627332,41.93423],[-72.627002,41.935325],[-72.626391,41.936403],[-72.624473,41.939205],[-72.621718,41.942334],[-72.621013,41.942881],[-72.620061,41.943296],[-72.618926,41.943536],[-72.616142,41.943671],[-72.614122,41.943694],[-72.610762,41.943578],[-72.60943,41.94381],[-72.60822,41.94431],[-72.607483,41.944826],[-72.606981,41.945331],[-72.60667,41.945743],[-72.606391,41.946231],[-72.606217,41.946699],[-72.606123,41.947145],[-72.606104,41.947695],[-72.606295,41.952081],[-72.606276,41.953747],[-72.605809,41.957428],[-72.605419,41.968302],[-72.605207,41.970668],[-72.604928,41.972292],[-72.60459,41.973677],[-72.601234,41.985376],[-72.600934,41.986952],[-72.600843,41.988299],[-72.60102,41.990152],[-72.601513,41.992041],[-72.6022,41.993702],[-72.603514,41.996186],[-72.604079,41.997818],[-72.604451,41.999513],[-72.604583,42.000572],[-72.604577,42.001294],[-72.60447,42.002134],[-72.60436,42.002619],[-72.604038,42.003504],[-72.602995,42.005542],[-72.60248,42.007134],[-72.588635,42.068587],[-72.588007,42.070953],[-72.587624,42.071861],[-72.587133,42.072772],[-72.586594,42.073553],[-72.586089,42.074087],[-72.58526,42.07468],[-72.583058,42.075713],[-72.582546,42.076036],[-72.581626,42.076752],[-72.581133,42.077262],[-72.580709,42.077804],[-72.580202,42.078721],[-72.579912,42.079555],[-72.579774,42.080583],[-72.579809,42.081338],[-72.580074,42.082393],[-72.582445,42.088291],[-72.583059,42.089467],[-72.584264,42.091249],[-72.587566,42.095675],[-72.588947,42.097223],[-72.590108,42.098229],[-72.595818,42.102292],[-72.596229,42.102656],[-72.596339,42.102845],[-72.596432,42.103309],[-72.596312,42.103689],[-72.596097,42.103993],[-72.594981,42.104909],[-72.593742,42.105613],[-72.593041,42.106137]]}},{"type":"Feature","properties":{"agency":"CTrail","color":"#EA0D2A","description":"Hartford Line","route":"Hartford Line","routeId":"HART","shapeId":"shp-HART-52"},"geometry":{"type":"LineString","coordinates":[[-72.681831,41.76896],[-72.6819,41.767983],[-72.682171,41.767448],[-72.682882,41.766684],[-72.683847,41.766113],[-72.684845,41.765813],[-72.68539,41.765739],[-72.687506,41.765694],[-72.690233,41.765472],[-72.69279,41.764918],[-72.693597,41.764675],[-72.695858,41.763817],[-72.696905,41.763319],[-72.698044,41.762679],[-72.699764,41.761463],[-72.70111,41.760252],[-72.703025,41.757977],[-72.743819,41.706558],[-72.744985,41.705023],[-72.74582,41.703782],[-72.746847,41.70199],[-72.747759,41.700002],[-72.748463,41.69798],[-72.749013,41.695652],[-72.749198,41.694383],[-72.749321,41.692372],[-72.749361,41.683151],[-72.749495,41.681304],[-72.749853,41.678848],[-72.750209,41.677216],[-72.750764,41.67525],[-72.753049,41.669039],[-72.753433,41.667478],[-72.753607,41.666234],[-72.753613,41.664228],[-72.75339,41.662652],[-72.753089,41.661422],[-72.751952,41.657817],[-72.751742,41.656675],[-72.751681,41.655675],[-72.75173,41.654833],[-72.751856,41.654025],[-72.752068,41.653212],[-72.752371,41.652387],[-72.752762,41.651571],[-72.753202,41.650834],[-72.753832,41.649964],[-72.766348,41.634747],[-72.767383,41.6334],[-72.768284,41.632034],[-72.76888,41.630931],[-72.769545,41.629301],[-72.769962,41.62776],[-72.77017,41.626445],[-72.770258,41.625028],[-72.770189,41.623213],[-72.770004,41.621843],[-72.769602,41.620137],[-72.765895,41.606354],[-72.765633,41.605239],[-72.765528,41.604422],[-72.765536,41.602763],[-72.765823,41.601075],[-72.767591,41.595944],[-72.770965,41.586568],[-72.771686,41.585002],[-72.772542,41.583663],[-72.773489,41.582553],[-72.77447,41.581594],[-72.777359,41.579185],[-72.778011,41.578516],[-72.778631,41.577752],[-72.789651,41.560169],[-72.790642,41.558401],[-72.791141,41.557294],[-72.791539,41.556199],[-72.791934,41.554622],[-72.792595,41.550562],[-72.792987,41.549267],[-72.793813,41.547473],[-72.794701,41.546079],[-72.795511,41.545088],[-72.796318,41.544188],[-72.801262,41.539151],[-72.802397,41.537729],[-72.803355,41.536323],[-72.804283,41.534634],[-72.805187,41.532658],[-72.806171,41.529724],[-72.807206,41.526337],[-72.807657,41.525284],[-72.808295,41.524224],[-72.808853,41.523565],[-72.810114,41.522329],[-72.811171,41.52085],[-72.811597,41.520021],[-72.813279,41.516027],[-72.813603,41.515104],[-72.816221,41.504914],[-72.816387,41.503893],[-72.816414,41.502918],[-72.816177,41.501501],[-72.815622,41.500063],[-72.815131,41.499217],[-72.811412,41.493558],[-72.810736,41.492214],[-72.810232,41.490767],[-72.809932,41.489262],[-72.809865,41.487974],[-72.809913,41.486971],[-72.810213,41.485334],[-72.810621,41.484101],[-72.810929,41.483379],[-72.812399,41.480216],[-72.813091,41.478906],[-72.824134,41.459185],[-72.845744,41.409985],[-72.846597,41.408138],[-72.847606,41.406371],[-72.849009,41.404516],[-72.850851,41.402619],[-72.85926,41.395457],[-72.861768,41.393394],[-72.871786,41.385941],[-72.874015,41.384171],[-72.874814,41.383388],[-72.875568,41.382531],[-72.876348,41.381455],[-72.876882,41.380525],[-72.893313,41.347791],[-72.894062,41.345957],[-72.894459,41.344456],[-72.894679,41.342648],[-72.895025,41.324975],[-72.895164,41.324006],[-72.895467,41.322944],[-72.895786,41.322149],[-72.896478,41.320904],[-72.897374,41.319753],[-72.898182,41.318927],[-72.89912,41.318183],[-72.90839,41.311964],[-72.909286,41.311565],[-72.909962,41.311397],[-72.911027,41.311286],[-72.913502,41.311224],[-72.914377,41.311024],[-72.915596,41.310586],[-72.917401,41.309819],[-72.918696,41.309064],[-72.91938,41.308426],[-72.92078,41.306232],[-72.921934,41.304756],[-72.922095,41.304391],[-72.923181,41.302625],[-72.923441,41.301787],[-72.92364,41.300342],[-72.923932,41.299587],[-72.924409,41.298917],[-72.925945,41.297172]]}},{"type":"Feature","properties":{"agency":"CTrail","color":"#EA0D2A","description":"Hartford Line","route":"Hartford Line","routeId":"HART","shapeId":"shp-HART-66"},"geometry":{"type":"LineString","coordinates":[[-72.625967,41.913938],[-72.628778,41.895574],[-72.629141,41.893072],[-72.62925,41.891765],[-72.629261,41.889472],[-72.629127,41.887797],[-72.628322,41.882962],[-72.628204,41.881844],[-72.628215,41.880175],[-72.62848,41.878486],[-72.629059,41.876647],[-72.629982,41.874764],[-72.631138,41.873083],[-72.63819,41.863829],[-72.639431,41.861812],[-72.640579,41.859626],[-72.641145,41.858456],[-72.641665,41.856942],[-72.641933,41.855396],[-72.642167,41.851822],[-72.642258,41.851186],[-72.642542,41.850022],[-72.642966,41.848841],[-72.643266,41.848214],[-72.644479,41.846174],[-72.644932,41.845289],[-72.645348,41.844148],[-72.645608,41.842882],[-72.645734,41.841412],[-72.645661,41.840189],[-72.645487,41.839222],[-72.643972,41.832758],[-72.643827,41.831348],[-72.643851,41.829949],[-72.643969,41.82896],[-72.644583,41.825876],[-72.645214,41.823315],[-72.646211,41.820124],[-72.646809,41.818597],[-72.647496,41.817116],[-72.64832,41.815578],[-72.649164,41.814209],[-72.66187,41.795525],[-72.663141,41.793998],[-72.666298,41.790848],[-72.667146,41.789824],[-72.66788,41.788752],[-72.668745,41.787247],[-72.669571,41.785556],[-72.672749,41.777342],[-72.673013,41.776774],[-72.673788,41.775758],[-72.674531,41.775082],[-72.675475,41.774499],[-72.677409,41.773713],[-72.679343,41.773043],[-72.680054,41.772689],[-72.680757,41.772151],[-72.681333,41.771433],[-72.681652,41.770774],[-72.681728,41.770491],[-72.681863,41.768305],[-72.681946,41.767836],[-72.68234,41.76723],[-72.682702,41.766845],[-72.683182,41.766461],[-72.684164,41.765994],[-72.685084,41.76577],[-72.687506,41.765694],[-72.690079,41.765494],[-72.69279,41.764918],[-72.693597,41.764675],[-72.695858,41.763817],[-72.696905,41.763319],[-72.698044,41.762679],[-72.699764,41.761463],[-72.70111,41.760252],[-72.703025,41.757977],[-72.743819,41.706558],[-72.744985,41.705023],[-72.74582,41.703782],[-72.746847,41.70199],[-72.747759,41.700002],[-72.748463,41.69798],[-72.749013,41.695652],[-72.749198,41.694383],[-72.749321,41.692372],[-72.749361,41.683151],[-72.749495,41.681304],[-72.749853,41.678848],[-72.750209,41.677216],[-72.750764,41.67525],[-72.753049,41.669039],[-72.753433,41.667478],[-72.753607,41.666234],[-72.753613,41.664228],[-72.75339,41.662652],[-72.753089,41.661422],[-72.751952,41.657817],[-72.751742,41.656675],[-72.751681,41.655675],[-72.75173,41.654833],[-72.751856,41.654025],[-72.752068,41.653212],[-72.752371,41.652387],[-72.752762,41.651571],[-72.753202,41.650834],[-72.753832,41.649964],[-72.766348,41.634747],[-72.767383,41.6334],[-72.768284,41.632034],[-72.76888,41.630931],[-72.769545,41.629301],[-72.769962,41.62776],[-72.77017,41.626445],[-72.770258,41.625028],[-72.770189,41.623213],[-72.770004,41.621843],[-72.769602,41.620137],[-72.765895,41.606354],[-72.765633,41.605239],[-72.765528,41.604422],[-72.765536,41.602763],[-72.765823,41.601075],[-72.767591,41.595944],[-72.770965,41.586568],[-72.771686,41.585002],[-72.772542,41.583663],[-72.773489,41.582553],[-72.77447,41.581594],[-72.777359,41.579185],[-72.778011,41.578516],[-72.778631,41.577752],[-72.789651,41.560169],[-72.790642,41.558401],[-72.791141,41.557294],[-72.791539,41.556199],[-72.791934,41.554622],[-72.792595,41.550562],[-72.792987,41.549267],[-72.793813,41.547473],[-72.794701,41.546079],[-72.795511,41.545088],[-72.796318,41.544188],[-72.801262,41.539151],[-72.802397,41.537729],[-72.803355,41.536323],[-72.804283,41.534634],[-72.805187,41.532658],[-72.806171,41.529724],[-72.807206,41.526337],[-72.807657,41.525284],[-72.808295,41.524224],[-72.808853,41.523565],[-72.810114,41.522329],[-72.811171,41.52085],[-72.811597,41.520021],[-72.813279,41.516027],[-72.813603,41.515104],[-72.816221,41.504914],[-72.816387,41.503893],[-72.816414,41.502918],[-72.816177,41.501501],[-72.815622,41.500063],[-72.815131,41.499217],[-72.811412,41.493558],[-72.810736,41.492214],[-72.810232,41.490767],[-72.809932,41.489262],[-72.809865,41.487974],[-72.809913,41.486971],[-72.810213,41.485334],[-72.810621,41.484101],[-72.810929,41.483379],[-72.812399,41.480216],[-72.813091,41.478906],[-72.824134,41.459185],[-72.845744,41.409985],[-72.846597,41.408138],[-72.847606,41.406371],[-72.849009,41.404516],[-72.850851,41.402619],[-72.85926,41.395457],[-72.861768,41.393394],[-72.871786,41.385941],[-72.874015,41.384171],[-72.874814,41.383388],[-72.875568,41.382531],[-72.876348,41.381455],[-72.876882,41.380525],[-72.893313,41.347791],[-72.894062,41.345957],[-72.894459,41.344456],[-72.894679,41.342648],[-72.895025,41.324975],[-72.895164,41.324006],[-72.895467,41.322944],[-72.895786,41.322149],[-72.896478,41.320904],[-72.897374,41.319753],[-72.898182,41.318927],[-72.89912,41.318183],[-72.90839,41.311964],[-72.909286,41.311565],[-72.909962,41.311397],[-72.911027,41.311286],[-72.913502,41.311224],[-72.914377,41.311024],[-72.915596,41.310586],[-72.917401,41.309819],[-72.918696,41.309064],[-72.91938,41.308426],[-72.92078,41.306232],[-72.921934,41.304756],[-72.922095,41.304391],[-72.923181,41.302625],[-72.923441,41.301787],[-72.92364,41.300342],[-72.923932,41.299587],[-72.924409,41.298917],[-72.925945,41.297172]]}},{"type":"Feature","properties":{"agency":"CTrail","color":"#EA0D2A","description":"Hartford Line","route":"Hartford Line","routeId":"HART","shapeId":"shp-HART-70"},"geometry":{"type":"LineString","coordinates":[[-72.593041,42.106137],[-72.593748,42.105633],[-72.594874,42.105028],[-72.596068,42.104087],[-72.596422,42.103554],[-72.596443,42.103066],[-72.596381,42.102835],[-72.596159,42.102517],[-72.595805,42.102226],[-72.59084,42.09872],[-72.58915,42.097349],[-72.587941,42.096077],[-72.58409,42.09092],[-72.583063,42.08939],[-72.58265,42.088625],[-72.580266,42.08273],[-72.579994,42.081979],[-72.579855,42.081206],[-72.579857,42.080173],[-72.580024,42.079381],[-72.580244,42.078774],[-72.580608,42.078071],[-72.581064,42.077426],[-72.581689,42.076763],[-72.582526,42.07611],[-72.583419,42.075572],[-72.585439,42.074607],[-72.586303,42.07391],[-72.586997,42.073052],[-72.587445,42.072369],[-72.587931,42.07131],[-72.588229,42.07043],[-72.602667,42.006631],[-72.603126,42.005359],[-72.604048,42.00355],[-72.604365,42.002744],[-72.604536,42.002016],[-72.604625,42.001258],[-72.604587,42.000164],[-72.604099,41.997751],[-72.603633,41.996342],[-72.602031,41.993241],[-72.601551,41.992014],[-72.601047,41.990069],[-72.600894,41.988191],[-72.600991,41.9869],[-72.601307,41.985262],[-72.60464,41.973616],[-72.60509,41.971673],[-72.605281,41.970506],[-72.605458,41.968464],[-72.605832,41.957715],[-72.60633,41.953577],[-72.606355,41.952457],[-72.606162,41.947734],[-72.606213,41.946924],[-72.606602,41.945925],[-72.607088,41.945265],[-72.607605,41.944777],[-72.608606,41.944151],[-72.609625,41.943767],[-72.610296,41.943626],[-72.610958,41.94357],[-72.614737,41.943691],[-72.618522,41.943567],[-72.619839,41.943355],[-72.620464,41.943155],[-72.620968,41.942912],[-72.621293,41.942706],[-72.621888,41.942162],[-72.624164,41.939586],[-72.624907,41.93861],[-72.626339,41.936471],[-72.62671,41.935897],[-72.627104,41.935073],[-72.627375,41.933964],[-72.627399,41.933134],[-72.627073,41.925631],[-72.626953,41.924677],[-72.62679,41.924103],[-72.625831,41.921694],[-72.625593,41.92085],[-72.625391,41.919235],[-72.625373,41.918064],[-72.625451,41.917243],[-72.6289,41.894747],[-72.629153,41.892973],[-72.62925,41.891765],[-72.629261,41.889472],[-72.629127,41.887797],[-72.628228,41.882234],[-72.628174,41.880932],[-72.628319,41.879268],[-72.628593,41.87804],[-72.629014,41.87676],[-72.629464,41.87573],[-72.629982,41.874764],[-72.631138,41.873083],[-72.63819,41.863829],[-72.639431,41.861812],[-72.640579,41.859626],[-72.641145,41.858456],[-72.641665,41.856942],[-72.641933,41.855396],[-72.642167,41.851822],[-72.642258,41.851186],[-72.642542,41.850022],[-72.642966,41.848841],[-72.643266,41.848214],[-72.644479,41.846174],[-72.645063,41.844969],[-72.645431,41.843843],[-72.645678,41.842342],[-72.645726,41.840926],[-72.645584,41.839683],[-72.644082,41.833361],[-72.643894,41.83225],[-72.643813,41.830874],[-72.643969,41.82896],[-72.644583,41.825876],[-72.645214,41.823315],[-72.645871,41.821108],[-72.646437,41.819513],[-72.647094,41.817958],[-72.64777,41.816562],[-72.648915,41.814589],[-72.657718,41.801583],[-72.662256,41.795019],[-72.663495,41.793628],[-72.666298,41.790848],[-72.667146,41.789824],[-72.668047,41.788489],[-72.668745,41.787247],[-72.669571,41.785556],[-72.672749,41.777342],[-72.673013,41.776774],[-72.673284,41.776375],[-72.674271,41.775283],[-72.675092,41.774706],[-72.676055,41.774236],[-72.679343,41.773043],[-72.680054,41.772689],[-72.680521,41.772372],[-72.681333,41.771433],[-72.681652,41.770774],[-72.681728,41.770491],[-72.681831,41.76896]]}},{"type":"Feature","properties":{"agency":"CTrail","color":"#ED0A28","description":"Shore Line East","route":"Shore Line East","routeId":"SLE","shapeId":"mnr-through-5","source":"Metro-North Railroad GTFS","sourceUrl":"https://rrgtfsfeeds.s3.amazonaws.com/gtfsmnr.zip"},"geometry":{"type":"LineString","coordinates":[[-72.92183,41.305],[-72.92321,41.30276],[-72.92341,41.30223],[-72.92384,41.30034],[-72.92418,41.29956],[-72.92513,41.29839],[-72.92787,41.29548],[-72.92863,41.2949],[-72.94302,41.28605],[-72.9454,41.28453],[-72.94688,41.28333],[-72.95728,41.27414],[-72.9585,41.27313],[-72.95963,41.27243],[-72.96055,41.27199],[-72.96774,41.26934],[-72.96902,41.26881],[-72.97025,41.26823],[-72.97198,41.26723],[-72.97381,41.2659],[-73.00024,41.2451],[-73.00288,41.2432],[-73.02329,41.23083],[-73.03149,41.22676],[-73.03365,41.22575],[-73.03529,41.22516],[-73.03632,41.22487],[-73.03771,41.22457],[-73.0395,41.22432],[-73.04095,41.22423],[-73.05402,41.22387],[-73.05547,41.22372],[-73.05721,41.22333],[-73.05952,41.22254],[-73.06107,41.22182],[-73.0653,41.21922],[-73.06709,41.21828],[-73.06839,41.21779],[-73.07481,41.21587],[-73.07645,41.21529],[-73.07803,41.2146],[-73.08105,41.21307],[-73.08298,41.21232],[-73.11665,41.20353],[-73.11834,41.20303],[-73.1196,41.20249],[-73.12102,41.20163],[-73.1276,41.1969],[-73.14214,41.18695],[-73.14388,41.18596],[-73.14584,41.18524],[-73.14794,41.18481],[-73.15012,41.1847],[-73.17477,41.18593],[-73.17767,41.186],[-73.17912,41.18594],[-73.18128,41.18571],[-73.18304,41.18537],[-73.1837,41.18514],[-73.18459,41.18466],[-73.1853,41.18404],[-73.18634,41.1826],[-73.18676,41.18184],[-73.18695,41.18131],[-73.1871,41.18049],[-73.18707,41.17967],[-73.18595,41.17286],[-73.18601,41.17232],[-73.18636,41.17154],[-73.187,41.17087],[-73.18758,41.17054],[-73.18889,41.17007],[-73.19101,41.16972],[-73.21988,41.16719],[-73.2213,41.16696],[-73.22305,41.16658],[-73.22617,41.16586],[-73.22786,41.16536],[-73.2291,41.16478],[-73.23046,41.16388],[-73.24468,41.15328],[-73.24609,41.15202],[-73.24992,41.14802],[-73.25151,41.14652],[-73.25253,41.14573],[-73.25361,41.145],[-73.25566,41.14387],[-73.25755,41.14305],[-73.25887,41.14259],[-73.26091,41.14203],[-73.26302,41.14162],[-73.26554,41.14138],[-73.27642,41.14094],[-73.27785,41.14074],[-73.27922,41.14038],[-73.28019,41.14],[-73.2811,41.13955],[-73.29879,41.12859],[-73.30139,41.12709],[-73.30295,41.12639],[-73.30424,41.1259],[-73.31954,41.12084],[-73.3209,41.12045],[-73.32302,41.12008],[-73.32447,41.11998],[-73.32664,41.12005],[-73.32842,41.12031],[-73.33707,41.1224],[-73.33847,41.12267],[-73.34027,41.12286],[-73.34172,41.12288],[-73.3428,41.12282],[-73.35616,41.12172],[-73.35759,41.12154],[-73.3734,41.11843],[-73.37513,41.11802],[-73.37681,41.11749],[-73.37778,41.11712],[-73.37962,41.11625],[-73.39523,41.10775],[-73.39768,41.10656],[-73.41165,41.10131],[-73.41685,41.10011],[-73.41782,41.09973],[-73.41839,41.09939],[-73.41888,41.09899],[-73.41975,41.09811],[-73.42667,41.09038],[-73.4273,41.08939],[-73.42982,41.08366],[-73.43039,41.08265],[-73.43094,41.08194],[-73.43206,41.08087],[-73.43313,41.08012],[-73.43432,41.0795],[-73.43562,41.07901],[-73.43771,41.07854],[-73.44768,41.07711],[-73.44876,41.077],[-73.45129,41.07697],[-73.46506,41.07758],[-73.46758,41.07743],[-73.47442,41.07674],[-73.47656,41.07645],[-73.4776,41.07621],[-73.47894,41.07579],[-73.48021,41.07526],[-73.48111,41.07479],[-73.48771,41.0705],[-73.48887,41.06984],[-73.49048,41.06921],[-73.49222,41.06882],[-73.49366,41.0687],[-73.49547,41.06878],[-73.50909,41.07034],[-73.51054,41.07046],[-73.51163,41.07045],[-73.51341,41.07023],[-73.51445,41.06998],[-73.51576,41.06952],[-73.51698,41.06891],[-73.5183,41.06798],[-73.51919,41.06711],[-73.5199,41.06615],[-73.52052,41.06487],[-73.52222,41.05897],[-73.52251,41.05817],[-73.52291,41.05741],[-73.52341,41.05667],[-73.524,41.05598],[-73.52469,41.05535],[-73.52943,41.05196],[-73.53087,41.05111],[-73.5318,41.05069],[-73.54575,41.04541],[-73.54638,41.04515],[-73.54757,41.04452],[-73.54863,41.04378],[-73.54955,41.04293],[-73.55236,41.0394],[-73.55345,41.03831],[-73.55419,41.0377],[-73.55527,41.03697],[-73.55676,41.03619],[-73.55836,41.03556]]}},{"type":"Feature","properties":{"agency":"CTrail","color":"#ED0A28","description":"Shore Line East","route":"Shore Line East","routeId":"SLE","shapeId":"mnr-through-6","source":"Metro-North Railroad GTFS","sourceUrl":"https://rrgtfsfeeds.s3.amazonaws.com/gtfsmnr.zip"},"geometry":{"type":"LineString","coordinates":[[-72.92183,41.305],[-72.92321,41.30276],[-72.92341,41.30223],[-72.92384,41.30034],[-72.92418,41.29956],[-72.92513,41.29839],[-72.92787,41.29548],[-72.92863,41.2949],[-72.94302,41.28605],[-72.9454,41.28453],[-72.94688,41.28333],[-72.95728,41.27414],[-72.9585,41.27313],[-72.95963,41.27243],[-72.96055,41.27199],[-72.96774,41.26934],[-72.96902,41.26881],[-72.97025,41.26823],[-72.97198,41.26723],[-72.97381,41.2659],[-73.00024,41.2451],[-73.00288,41.2432],[-73.02329,41.23083],[-73.03149,41.22676],[-73.03397,41.22562],[-73.03529,41.22516],[-73.03666,41.22479],[-73.03842,41.22445],[-73.0395,41.22432],[-73.04095,41.22423],[-73.05402,41.22387],[-73.05547,41.22372],[-73.05721,41.22333],[-73.05952,41.22254],[-73.06107,41.22182],[-73.0653,41.21922],[-73.06709,41.21828],[-73.06839,41.21779],[-73.07481,41.21587],[-73.07645,41.21529],[-73.07803,41.2146],[-73.08105,41.21307],[-73.08298,41.21232],[-73.11665,41.20353],[-73.11834,41.20303],[-73.1196,41.20249],[-73.12102,41.20163],[-73.1276,41.1969],[-73.14214,41.18695],[-73.14388,41.18596],[-73.14584,41.18524],[-73.14794,41.18481],[-73.15012,41.1847],[-73.17694,41.186],[-73.1784,41.18598],[-73.18056,41.18581],[-73.18199,41.18559],[-73.18337,41.18526],[-73.18401,41.185],[-73.18459,41.18466],[-73.1853,41.18404],[-73.18634,41.1826],[-73.18676,41.18184],[-73.18695,41.18131],[-73.1871,41.18049],[-73.18707,41.17967],[-73.18595,41.17286],[-73.18601,41.17232],[-73.18636,41.17154],[-73.18675,41.17108],[-73.18727,41.1707],[-73.18789,41.1704],[-73.18889,41.17007],[-73.19101,41.16972],[-73.21988,41.16719],[-73.2213,41.16696],[-73.22305,41.16658],[-73.22617,41.16586],[-73.22786,41.16536],[-73.2291,41.16478],[-73.23046,41.16388],[-73.24468,41.15328],[-73.24631,41.1518],[-73.25058,41.14736],[-73.25151,41.14652],[-73.25253,41.14573],[-73.25361,41.145],[-73.25505,41.14417],[-73.25659,41.14344],[-73.25787,41.14293],[-73.26057,41.14211],[-73.26338,41.14157],[-73.26554,41.14138],[-73.27642,41.14094],[-73.27785,41.14074],[-73.27922,41.14038],[-73.28019,41.14],[-73.2811,41.13955],[-73.29964,41.12807],[-73.302,41.1268],[-73.30424,41.1259],[-73.31954,41.12084],[-73.3216,41.1203],[-73.32302,41.12008],[-73.32447,41.11998],[-73.32555,41.11998],[-73.32736,41.12013],[-73.32912,41.12047],[-73.33777,41.12255],[-73.33955,41.1228],[-73.34172,41.12288],[-73.35616,41.12172],[-73.35759,41.12154],[-73.3734,41.11843],[-73.37513,41.11802],[-73.37648,41.11761],[-73.37778,41.11712],[-73.37962,41.11625],[-73.39523,41.10775],[-73.39768,41.10656],[-73.41165,41.10131],[-73.41685,41.10011],[-73.41782,41.09973],[-73.41839,41.09939],[-73.41888,41.09899],[-73.41975,41.09811],[-73.42667,41.09038],[-73.4273,41.08939],[-73.42982,41.08366],[-73.43023,41.0829],[-73.43074,41.08218],[-73.43136,41.08149],[-73.43231,41.08067],[-73.43341,41.07996],[-73.43464,41.07936],[-73.43596,41.07891],[-73.43735,41.0786],[-73.44411,41.07761],[-73.44876,41.077],[-73.45129,41.07697],[-73.46506,41.07758],[-73.46758,41.07743],[-73.47442,41.07674],[-73.47656,41.07645],[-73.4776,41.07621],[-73.47894,41.07579],[-73.48021,41.07526],[-73.48111,41.07479],[-73.48771,41.0705],[-73.48887,41.06984],[-73.49048,41.06921],[-73.49222,41.06882],[-73.49366,41.0687],[-73.49547,41.06878],[-73.50909,41.07034],[-73.51054,41.07046],[-73.51163,41.07045],[-73.5127,41.07035],[-73.51445,41.06998],[-73.51576,41.06952],[-73.51698,41.06891],[-73.51753,41.06856],[-73.51877,41.06756],[-73.51974,41.0664],[-73.52005,41.06591],[-73.52052,41.06487],[-73.52222,41.05897],[-73.52251,41.05817],[-73.52291,41.05741],[-73.52341,41.05667],[-73.524,41.05598],[-73.52494,41.05515],[-73.52943,41.05196],[-73.53087,41.05111],[-73.5318,41.05069],[-73.54575,41.04541],[-73.54638,41.04515],[-73.54757,41.04452],[-73.54863,41.04378],[-73.54955,41.04293],[-73.55236,41.0394],[-73.55345,41.03831],[-73.55419,41.0377],[-73.55527,41.03697],[-73.55708,41.03605],[-73.55836,41.03556]]}},{"type":"Feature","properties":{"agency":"CTrail","color":"#ED0A28","description":"Shore Line East","route":"Shore Line East","routeId":"SLE","shapeId":"mnr-through-16","source":"Metro-North Railroad GTFS","sourceUrl":"https://rrgtfsfeeds.s3.amazonaws.com/gtfsmnr.zip"},"geometry":{"type":"LineString","coordinates":[[-73.55836,41.03556],[-73.55676,41.03619],[-73.55527,41.03697],[-73.55419,41.0377],[-73.55345,41.03831],[-73.55236,41.0394],[-73.54955,41.04293],[-73.54863,41.04378],[-73.54757,41.04452],[-73.54638,41.04515],[-73.54575,41.04541],[-73.5318,41.05069],[-73.53087,41.05111],[-73.52943,41.05196],[-73.52469,41.05535],[-73.524,41.05598],[-73.52341,41.05667],[-73.52306,41.05716],[-73.52251,41.05817],[-73.52222,41.05897],[-73.52052,41.06487],[-73.5199,41.06615],[-73.51919,41.06711],[-73.5183,41.06798],[-73.51698,41.06891],[-73.51576,41.06952],[-73.51445,41.06998],[-73.51341,41.07023],[-73.51163,41.07045],[-73.51054,41.07046],[-73.50909,41.07034],[-73.49547,41.06878],[-73.49366,41.0687],[-73.49222,41.06882],[-73.49048,41.06921],[-73.48887,41.06984],[-73.48771,41.0705],[-73.48111,41.07479],[-73.48021,41.07526],[-73.47894,41.07579],[-73.4776,41.07621],[-73.47656,41.07645],[-73.47442,41.07674],[-73.46758,41.07743],[-73.46506,41.07758],[-73.45129,41.07697],[-73.44876,41.077],[-73.44768,41.07711],[-73.43771,41.07854],[-73.43562,41.07901],[-73.43432,41.0795],[-73.43313,41.08012],[-73.43206,41.08087],[-73.43094,41.08194],[-73.43039,41.08265],[-73.42982,41.08366],[-73.4273,41.08939],[-73.42667,41.09038],[-73.41975,41.09811],[-73.41888,41.09899],[-73.41839,41.09939],[-73.41782,41.09973],[-73.41685,41.10011],[-73.41165,41.10131],[-73.39768,41.10656],[-73.39523,41.10775],[-73.37962,41.11625],[-73.37778,41.11712],[-73.37681,41.11749],[-73.37513,41.11802],[-73.3734,41.11843],[-73.35759,41.12154],[-73.35616,41.12172],[-73.3428,41.12282],[-73.34172,41.12288],[-73.34027,41.12286],[-73.33847,41.12267],[-73.33707,41.1224],[-73.32842,41.12031],[-73.32664,41.12005],[-73.32447,41.11998],[-73.32302,41.12008],[-73.3209,41.12045],[-73.31954,41.12084],[-73.30424,41.1259],[-73.30295,41.12639],[-73.30139,41.12709],[-73.29879,41.12859],[-73.2811,41.13955],[-73.28019,41.14],[-73.27922,41.14038],[-73.27785,41.14074],[-73.27642,41.14094],[-73.26554,41.14138],[-73.26302,41.14162],[-73.26091,41.14203],[-73.25887,41.14259],[-73.25755,41.14305],[-73.25566,41.14387],[-73.25361,41.145],[-73.25253,41.14573],[-73.25151,41.14652],[-73.24992,41.14802],[-73.24609,41.15202],[-73.24468,41.15328],[-73.23046,41.16388],[-73.2291,41.16478],[-73.22786,41.16536],[-73.22617,41.16586],[-73.22305,41.16658],[-73.2213,41.16696],[-73.21988,41.16719],[-73.19101,41.16972],[-73.18889,41.17007],[-73.18758,41.17054],[-73.187,41.17087],[-73.18636,41.17154],[-73.18601,41.17232],[-73.18595,41.17286],[-73.18707,41.17967],[-73.1871,41.18049],[-73.18695,41.18131],[-73.18676,41.18184],[-73.18634,41.1826],[-73.1853,41.18404],[-73.18459,41.18466],[-73.1837,41.18514],[-73.18304,41.18537],[-73.18128,41.18571],[-73.17912,41.18594],[-73.17767,41.186],[-73.17477,41.18593],[-73.15012,41.1847],[-73.14794,41.18481],[-73.14584,41.18524],[-73.14388,41.18596],[-73.14214,41.18695],[-73.1276,41.1969],[-73.12102,41.20163],[-73.1196,41.20249],[-73.11834,41.20303],[-73.11665,41.20353],[-73.08298,41.21232],[-73.08105,41.21307],[-73.07803,41.2146],[-73.07645,41.21529],[-73.07481,41.21587],[-73.06839,41.21779],[-73.06709,41.21828],[-73.0653,41.21922],[-73.06107,41.22182],[-73.05952,41.22254],[-73.05721,41.22333],[-73.05547,41.22372],[-73.05402,41.22387],[-73.04095,41.22423],[-73.0395,41.22432],[-73.03771,41.22457],[-73.03632,41.22487],[-73.03529,41.22516],[-73.03365,41.22575],[-73.03149,41.22676],[-73.02329,41.23083],[-73.00288,41.2432],[-73.00024,41.2451],[-72.97381,41.2659],[-72.97198,41.26723],[-72.97025,41.26823],[-72.96902,41.26881],[-72.96774,41.26934],[-72.96055,41.27199],[-72.95963,41.27243],[-72.9585,41.27313],[-72.95728,41.27414],[-72.94688,41.28333],[-72.9454,41.28453],[-72.94302,41.28605],[-72.92863,41.2949],[-72.92787,41.29548],[-72.92513,41.29839],[-72.92418,41.29956],[-72.92384,41.30034],[-72.92341,41.30223],[-72.92321,41.30276],[-72.92183,41.305]]}},{"type":"Feature","properties":{"agency":"CTrail","color":"#ED0A28","description":"Shore Line East","route":"Shore Line East","routeId":"SLE","shapeId":"mnr-through-17","source":"Metro-North Railroad GTFS","sourceUrl":"https://rrgtfsfeeds.s3.amazonaws.com/gtfsmnr.zip"},"geometry":{"type":"LineString","coordinates":[[-73.55836,41.03556],[-73.55708,41.03605],[-73.55527,41.03697],[-73.55419,41.0377],[-73.55345,41.03831],[-73.55236,41.0394],[-73.54955,41.04293],[-73.54863,41.04378],[-73.54757,41.04452],[-73.54638,41.04515],[-73.54575,41.04541],[-73.5318,41.05069],[-73.53087,41.05111],[-73.52943,41.05196],[-73.52494,41.05515],[-73.524,41.05598],[-73.52341,41.05667],[-73.52306,41.05716],[-73.52251,41.05817],[-73.52222,41.05897],[-73.52052,41.06487],[-73.52005,41.06591],[-73.51974,41.0664],[-73.51877,41.06756],[-73.51753,41.06856],[-73.51698,41.06891],[-73.51576,41.06952],[-73.51445,41.06998],[-73.5127,41.07035],[-73.51163,41.07045],[-73.51054,41.07046],[-73.50909,41.07034],[-73.49547,41.06878],[-73.49366,41.0687],[-73.49222,41.06882],[-73.49048,41.06921],[-73.48887,41.06984],[-73.48771,41.0705],[-73.48111,41.07479],[-73.48021,41.07526],[-73.47894,41.07579],[-73.4776,41.07621],[-73.47656,41.07645],[-73.47442,41.07674],[-73.46758,41.07743],[-73.46506,41.07758],[-73.45129,41.07697],[-73.44876,41.077],[-73.44411,41.07761],[-73.43735,41.0786],[-73.43596,41.07891],[-73.43464,41.07936],[-73.43341,41.07996],[-73.43231,41.08067],[-73.43136,41.08149],[-73.43074,41.08218],[-73.43023,41.0829],[-73.42982,41.08366],[-73.4273,41.08939],[-73.42667,41.09038],[-73.41975,41.09811],[-73.41888,41.09899],[-73.41839,41.09939],[-73.41782,41.09973],[-73.41685,41.10011],[-73.41165,41.10131],[-73.39768,41.10656],[-73.39523,41.10775],[-73.37962,41.11625],[-73.37778,41.11712],[-73.37648,41.11761],[-73.37513,41.11802],[-73.3734,41.11843],[-73.35759,41.12154],[-73.35616,41.12172],[-73.34172,41.12288],[-73.33955,41.1228],[-73.33777,41.12255],[-73.32912,41.12047],[-73.32736,41.12013],[-73.32555,41.11998],[-73.32447,41.11998],[-73.32302,41.12008],[-73.3216,41.1203],[-73.31954,41.12084],[-73.30424,41.1259],[-73.302,41.1268],[-73.29964,41.12807],[-73.2811,41.13955],[-73.28019,41.14],[-73.27922,41.14038],[-73.27785,41.14074],[-73.27642,41.14094],[-73.26554,41.14138],[-73.26338,41.14157],[-73.26057,41.14211],[-73.25787,41.14293],[-73.25659,41.14344],[-73.25505,41.14417],[-73.25361,41.145],[-73.25253,41.14573],[-73.25151,41.14652],[-73.25058,41.14736],[-73.24631,41.1518],[-73.24468,41.15328],[-73.23046,41.16388],[-73.2291,41.16478],[-73.22786,41.16536],[-73.22617,41.16586],[-73.22305,41.16658],[-73.2213,41.16696],[-73.21988,41.16719],[-73.19101,41.16972],[-73.18889,41.17007],[-73.18789,41.1704],[-73.18727,41.1707],[-73.18675,41.17108],[-73.18636,41.17154],[-73.18601,41.17232],[-73.18595,41.17286],[-73.18707,41.17967],[-73.1871,41.18049],[-73.18695,41.18131],[-73.18676,41.18184],[-73.18634,41.1826],[-73.1853,41.18404],[-73.18459,41.18466],[-73.18401,41.185],[-73.18337,41.18526],[-73.18199,41.18559],[-73.18056,41.18581],[-73.1784,41.18598],[-73.17694,41.186],[-73.15012,41.1847],[-73.14794,41.18481],[-73.14584,41.18524],[-73.14388,41.18596],[-73.14214,41.18695],[-73.1276,41.1969],[-73.12102,41.20163],[-73.1196,41.20249],[-73.11834,41.20303],[-73.11665,41.20353],[-73.08298,41.21232],[-73.08105,41.21307],[-73.07803,41.2146],[-73.07645,41.21529],[-73.07481,41.21587],[-73.06839,41.21779],[-73.06709,41.21828],[-73.0653,41.21922],[-73.06107,41.22182],[-73.05952,41.22254],[-73.05721,41.22333],[-73.05547,41.22372],[-73.05402,41.22387],[-73.04095,41.22423],[-73.0395,41.22432],[-73.03842,41.22445],[-73.03666,41.22479],[-73.03529,41.22516],[-73.03397,41.22562],[-73.03149,41.22676],[-73.02329,41.23083],[-73.00288,41.2432],[-73.00024,41.2451],[-72.97381,41.2659],[-72.97198,41.26723],[-72.97025,41.26823],[-72.96902,41.26881],[-72.96774,41.26934],[-72.96055,41.27199],[-72.95963,41.27243],[-72.9585,41.27313],[-72.95728,41.27414],[-72.94688,41.28333],[-72.9454,41.28453],[-72.94302,41.28605],[-72.92863,41.2949],[-72.92787,41.29548],[-72.92513,41.29839],[-72.92418,41.29956],[-72.92384,41.30034],[-72.92341,41.30223],[-72.92321,41.30276],[-72.92183,41.305]]}},{"type":"Feature","properties":{"agency":"CTrail","color":"#ED0A28","description":"Shore Line East","route":"Shore Line East","routeId":"SLE","shapeId":"osm-4433102-17159876","source":"OpenStreetMap","sourceUrl":"https://www.openstreetmap.org/copyright"},"geometry":{"type":"LineString","coordinates":[[-72.208457,41.315686],[-72.208622,41.315609]]}},{"type":"Feature","properties":{"agency":"CTrail","color":"#ED0A28","description":"Shore Line East","route":"Shore Line East","routeId":"SLE","shapeId":"osm-4433102-17163291","source":"OpenStreetMap","sourceUrl":"https://www.openstreetmap.org/copyright"},"geometry":{"type":"LineString","coordinates":[[-72.156289,41.318764],[-72.159832,41.317775],[-72.160506,41.317586],[-72.162019,41.317163],[-72.163735,41.316707],[-72.164204,41.316611],[-72.164659,41.316542],[-72.165071,41.316505],[-72.165492,41.316482],[-72.165847,41.316479],[-72.166192,41.316491],[-72.166532,41.316518],[-72.166917,41.31656],[-72.167309,41.316621],[-72.167643,41.316683],[-72.168077,41.316793],[-72.168418,41.316888],[-72.168859,41.31704],[-72.169195,41.317179],[-72.169561,41.317349],[-72.169839,41.317492],[-72.170139,41.317674],[-72.170409,41.317852],[-72.170623,41.318],[-72.170867,41.318202],[-72.171148,41.318452],[-72.171652,41.318948],[-72.172177,41.319483],[-72.172568,41.319876],[-72.172967,41.320277],[-72.173334,41.320579],[-72.173578,41.32077],[-72.173837,41.320957],[-72.174128,41.321154],[-72.174455,41.321355],[-72.174852,41.321573],[-72.175175,41.321726]]}},{"type":"Feature","properties":{"agency":"CTrail","color":"#ED0A28","description":"Shore Line East","route":"Shore Line East","routeId":"SLE","shapeId":"osm-4433102-17163355","source":"OpenStreetMap","sourceUrl":"https://www.openstreetmap.org/copyright"},"geometry":{"type":"LineString","coordinates":[[-72.179048,41.323475],[-72.179833,41.323771],[-72.180267,41.323911],[-72.18073,41.324044],[-72.18114,41.32415],[-72.181536,41.324237],[-72.181891,41.324307],[-72.182317,41.324377],[-72.18257,41.324415],[-72.182752,41.32444],[-72.182918,41.324459],[-72.183294,41.3245],[-72.183746,41.324535],[-72.184201,41.324554],[-72.184696,41.324567],[-72.185159,41.324562],[-72.185656,41.324532],[-72.18616,41.324492],[-72.186504,41.32445],[-72.187064,41.324383],[-72.187855,41.324252],[-72.188738,41.324085],[-72.189697,41.323887],[-72.190362,41.323722],[-72.191183,41.323489],[-72.191974,41.323217],[-72.19273,41.322913],[-72.193605,41.322525],[-72.194884,41.321938],[-72.195595,41.321609]]}},{"type":"Feature","properties":{"agency":"CTrail","color":"#ED0A28","description":"Shore Line East","route":"Shore Line East","routeId":"SLE","shapeId":"osm-4433102-17199144","source":"OpenStreetMap","sourceUrl":"https://www.openstreetmap.org/copyright"},"geometry":{"type":"LineString","coordinates":[[-72.363116,41.307099],[-72.365781,41.305732],[-72.365935,41.305656],[-72.36649,41.305373],[-72.366838,41.305194],[-72.368297,41.304447],[-72.369076,41.304048],[-72.369793,41.30368],[-72.370245,41.303451],[-72.370805,41.303169],[-72.37121,41.302976],[-72.371595,41.302799],[-72.372053,41.302599],[-72.372325,41.302485],[-72.372612,41.302368],[-72.373235,41.302122],[-72.373878,41.301871],[-72.374639,41.301577],[-72.375128,41.301384]]}},{"type":"Feature","properties":{"agency":"CTrail","color":"#ED0A28","description":"Shore Line East","route":"Shore Line East","routeId":"SLE","shapeId":"osm-4433102-17203587","source":"OpenStreetMap","sourceUrl":"https://www.openstreetmap.org/copyright"},"geometry":{"type":"LineString","coordinates":[[-72.664552,41.277616],[-72.667592,41.276975],[-72.668472,41.276794],[-72.668596,41.276769],[-72.670639,41.27635]]}},{"type":"Feature","properties":{"agency":"CTrail","color":"#ED0A28","description":"Shore Line East","route":"Shore Line East","routeId":"SLE","shapeId":"osm-4433102-17204164","source":"OpenStreetMap","sourceUrl":"https://www.openstreetmap.org/copyright"},"geometry":{"type":"LineString","coordinates":[[-72.878556,41.305718],[-72.878865,41.30428]]}},{"type":"Feature","properties":{"agency":"CTrail","color":"#ED0A28","description":"Shore Line East","route":"Shore Line East","routeId":"SLE","shapeId":"osm-4433102-17217418","source":"OpenStreetMap","sourceUrl":"https://www.openstreetmap.org/copyright"},"geometry":{"type":"LineString","coordinates":[[-72.787474,41.274319],[-72.788324,41.274296],[-72.789045,41.274293],[-72.789633,41.2743],[-72.790189,41.274324],[-72.791522,41.274394],[-72.792631,41.274459],[-72.794155,41.274534],[-72.794655,41.274566],[-72.795336,41.274612]]}},{"type":"Feature","properties":{"agency":"CTrail","color":"#ED0A28","description":"Shore Line East","route":"Shore Line East","routeId":"SLE","shapeId":"osm-4433102-17226176","source":"OpenStreetMap","sourceUrl":"https://www.openstreetmap.org/copyright"},"geometry":{"type":"LineString","coordinates":[[-72.564514,41.289542],[-72.56483,41.289594]]}},{"type":"Feature","properties":{"agency":"CTrail","color":"#ED0A28","description":"Shore Line East","route":"Shore Line East","routeId":"SLE","shapeId":"osm-4433102-17226181","source":"OpenStreetMap","sourceUrl":"https://www.openstreetmap.org/copyright"},"geometry":{"type":"LineString","coordinates":[[-72.909304,41.311534],[-72.90895,41.311659],[-72.908481,41.311854],[-72.908154,41.312035]]}},{"type":"Feature","properties":{"agency":"CTrail","color":"#ED0A28","description":"Shore Line East","route":"Shore Line East","routeId":"SLE","shapeId":"osm-4433102-17226183","source":"OpenStreetMap","sourceUrl":"https://www.openstreetmap.org/copyright"},"geometry":{"type":"LineString","coordinates":[[-72.901448,41.316263],[-72.900906,41.316597],[-72.900495,41.316855],[-72.899567,41.317479],[-72.899161,41.317774],[-72.898854,41.318009],[-72.898218,41.318523],[-72.897832,41.318854],[-72.897221,41.319417]]}},{"type":"Feature","properties":{"agency":"CTrail","color":"#ED0A28","description":"Shore Line East","route":"Shore Line East","routeId":"SLE","shapeId":"osm-4433102-17226207","source":"OpenStreetMap","sourceUrl":"https://www.openstreetmap.org/copyright"},"geometry":{"type":"LineString","coordinates":[[-72.670639,41.27635],[-72.671417,41.276191],[-72.672178,41.276046],[-72.672693,41.275952],[-72.673531,41.275781],[-72.673942,41.275696],[-72.674232,41.275637],[-72.675206,41.27544],[-72.679357,41.274643],[-72.684234,41.273696]]}},{"type":"Feature","properties":{"agency":"CTrail","color":"#ED0A28","description":"Shore Line East","route":"Shore Line East","routeId":"SLE","shapeId":"osm-4433102-28430503","source":"OpenStreetMap","sourceUrl":"https://www.openstreetmap.org/copyright"},"geometry":{"type":"LineString","coordinates":[[-72.084897,41.363376],[-72.087394,41.363173]]}},{"type":"Feature","properties":{"agency":"CTrail","color":"#ED0A28","description":"Shore Line East","route":"Shore Line East","routeId":"SLE","shapeId":"osm-4433102-28430504","source":"OpenStreetMap","sourceUrl":"https://www.openstreetmap.org/copyright"},"geometry":{"type":"LineString","coordinates":[[-72.090831,41.362834],[-72.090772,41.362842],[-72.090663,41.362855],[-72.090558,41.362867],[-72.09042,41.362882],[-72.090162,41.362907],[-72.089972,41.362924]]}},{"type":"Feature","properties":{"agency":"CTrail","color":"#ED0A28","description":"Shore Line East","route":"Shore Line East","routeId":"SLE","shapeId":"osm-4433102-39434946","source":"OpenStreetMap","sourceUrl":"https://www.openstreetmap.org/copyright"},"geometry":{"type":"LineString","coordinates":[[-72.904201,41.314659],[-72.903951,41.314826]]}},{"type":"Feature","properties":{"agency":"CTrail","color":"#ED0A28","description":"Shore Line East","route":"Shore Line East","routeId":"SLE","shapeId":"osm-4433102-39434947","source":"OpenStreetMap","sourceUrl":"https://www.openstreetmap.org/copyright"},"geometry":{"type":"LineString","coordinates":[[-72.905391,41.313935],[-72.904595,41.31448],[-72.904418,41.314602],[-72.904229,41.314731]]}},{"type":"Feature","properties":{"agency":"CTrail","color":"#ED0A28","description":"Shore Line East","route":"Shore Line East","routeId":"SLE","shapeId":"osm-4433102-39435044","source":"OpenStreetMap","sourceUrl":"https://www.openstreetmap.org/copyright"},"geometry":{"type":"LineString","coordinates":[[-72.905654,41.313688],[-72.905256,41.313963]]}},{"type":"Feature","properties":{"agency":"CTrail","color":"#ED0A28","description":"Shore Line East","route":"Shore Line East","routeId":"SLE","shapeId":"osm-4433102-39435055","source":"OpenStreetMap","sourceUrl":"https://www.openstreetmap.org/copyright"},"geometry":{"type":"LineString","coordinates":[[-72.905149,41.314037],[-72.904362,41.314549],[-72.904201,41.314659]]}},{"type":"Feature","properties":{"agency":"CTrail","color":"#ED0A28","description":"Shore Line East","route":"Shore Line East","routeId":"SLE","shapeId":"osm-4433102-39435305","source":"OpenStreetMap","sourceUrl":"https://www.openstreetmap.org/copyright"},"geometry":{"type":"LineString","coordinates":[[-72.907416,41.312496],[-72.907359,41.312535]]}},{"type":"Feature","properties":{"agency":"CTrail","color":"#ED0A28","description":"Shore Line East","route":"Shore Line East","routeId":"SLE","shapeId":"osm-4433102-39435307","source":"OpenStreetMap","sourceUrl":"https://www.openstreetmap.org/copyright"},"geometry":{"type":"LineString","coordinates":[[-72.907359,41.312535],[-72.905654,41.313688]]}},{"type":"Feature","properties":{"agency":"CTrail","color":"#ED0A28","description":"Shore Line East","route":"Shore Line East","routeId":"SLE","shapeId":"osm-4433102-41656396","source":"OpenStreetMap","sourceUrl":"https://www.openstreetmap.org/copyright"},"geometry":{"type":"LineString","coordinates":[[-72.891213,41.322531],[-72.890731,41.322612],[-72.890639,41.322627],[-72.890126,41.322693],[-72.889696,41.322735],[-72.889394,41.322751],[-72.888738,41.322784],[-72.888217,41.322781],[-72.887758,41.322766],[-72.887294,41.322737],[-72.886964,41.322707]]}},{"type":"Feature","properties":{"agency":"CTrail","color":"#ED0A28","description":"Shore Line East","route":"Shore Line East","routeId":"SLE","shapeId":"osm-4433102-42972865","source":"OpenStreetMap","sourceUrl":"https://www.openstreetmap.org/copyright"},"geometry":{"type":"LineString","coordinates":[[-72.094023,41.362236],[-72.093313,41.3624]]}},{"type":"Feature","properties":{"agency":"CTrail","color":"#ED0A28","description":"Shore Line East","route":"Shore Line East","routeId":"SLE","shapeId":"osm-4433102-42972866","source":"OpenStreetMap","sourceUrl":"https://www.openstreetmap.org/copyright"},"geometry":{"type":"LineString","coordinates":[[-72.089981,41.36296],[-72.090213,41.362938],[-72.090502,41.362908],[-72.09066,41.36289],[-72.090838,41.362867]]}},{"type":"Feature","properties":{"agency":"CTrail","color":"#ED0A28","description":"Shore Line East","route":"Shore Line East","routeId":"SLE","shapeId":"osm-4433102-43036156","source":"OpenStreetMap","sourceUrl":"https://www.openstreetmap.org/copyright"},"geometry":{"type":"LineString","coordinates":[[-72.099203,41.342351],[-72.099272,41.342159]]}},{"type":"Feature","properties":{"agency":"CTrail","color":"#ED0A28","description":"Shore Line East","route":"Shore Line East","routeId":"SLE","shapeId":"osm-4433102-43036157","source":"OpenStreetMap","sourceUrl":"https://www.openstreetmap.org/copyright"},"geometry":{"type":"LineString","coordinates":[[-72.099272,41.342159],[-72.099327,41.342022],[-72.099369,41.341912],[-72.099418,41.341783],[-72.099469,41.341655],[-72.099541,41.341471],[-72.099579,41.341382],[-72.099632,41.341249],[-72.099689,41.341116],[-72.099739,41.341001],[-72.099779,41.340906],[-72.09982,41.34081],[-72.099907,41.340612],[-72.100027,41.340334],[-72.100098,41.34017],[-72.100212,41.339907],[-72.100341,41.339607],[-72.100401,41.33947],[-72.100459,41.339333],[-72.100528,41.339177],[-72.100643,41.338912],[-72.100905,41.33831],[-72.101003,41.338084],[-72.101069,41.337935],[-72.101135,41.33778],[-72.101197,41.337636],[-72.101254,41.337508],[-72.101314,41.337381],[-72.101378,41.337244],[-72.101448,41.337109],[-72.101499,41.337016],[-72.101552,41.33692],[-72.101606,41.336833],[-72.101687,41.336706],[-72.101771,41.336588],[-72.101843,41.336495],[-72.101955,41.336361],[-72.102087,41.336216],[-72.102187,41.336117],[-72.102336,41.335982],[-72.102434,41.335898]]}},{"type":"Feature","properties":{"agency":"CTrail","color":"#ED0A28","description":"Shore Line East","route":"Shore Line East","routeId":"SLE","shapeId":"osm-4433102-43050365","source":"OpenStreetMap","sourceUrl":"https://www.openstreetmap.org/copyright"},"geometry":{"type":"LineString","coordinates":[[-72.176428,41.322324],[-72.176831,41.322505]]}},{"type":"Feature","properties":{"agency":"CTrail","color":"#ED0A28","description":"Shore Line East","route":"Shore Line East","routeId":"SLE","shapeId":"osm-4433102-43050804","source":"OpenStreetMap","sourceUrl":"https://www.openstreetmap.org/copyright"},"geometry":{"type":"LineString","coordinates":[[-72.156177,41.318794],[-72.156289,41.318764]]}},{"type":"Feature","properties":{"agency":"CTrail","color":"#ED0A28","description":"Shore Line East","route":"Shore Line East","routeId":"SLE","shapeId":"osm-4433102-43051569","source":"OpenStreetMap","sourceUrl":"https://www.openstreetmap.org/copyright"},"geometry":{"type":"LineString","coordinates":[[-72.346226,41.310677],[-72.347981,41.310823]]}},{"type":"Feature","properties":{"agency":"CTrail","color":"#ED0A28","description":"Shore Line East","route":"Shore Line East","routeId":"SLE","shapeId":"osm-4433102-45053986","source":"OpenStreetMap","sourceUrl":"https://www.openstreetmap.org/copyright"},"geometry":{"type":"LineString","coordinates":[[-72.876995,41.313962],[-72.877003,41.31377]]}},{"type":"Feature","properties":{"agency":"CTrail","color":"#ED0A28","description":"Shore Line East","route":"Shore Line East","routeId":"SLE","shapeId":"osm-4433102-45053987","source":"OpenStreetMap","sourceUrl":"https://www.openstreetmap.org/copyright"},"geometry":{"type":"LineString","coordinates":[[-72.877003,41.31377],[-72.877065,41.313152],[-72.877781,41.309548]]}},{"type":"Feature","properties":{"agency":"CTrail","color":"#ED0A28","description":"Shore Line East","route":"Shore Line East","routeId":"SLE","shapeId":"osm-4433102-45054002","source":"OpenStreetMap","sourceUrl":"https://www.openstreetmap.org/copyright"},"geometry":{"type":"LineString","coordinates":[[-72.877204,41.315849],[-72.877113,41.315424],[-72.877046,41.314969],[-72.876998,41.314268],[-72.876995,41.313962]]}},{"type":"Feature","properties":{"agency":"CTrail","color":"#ED0A28","description":"Shore Line East","route":"Shore Line East","routeId":"SLE","shapeId":"osm-4433102-45054003","source":"OpenStreetMap","sourceUrl":"https://www.openstreetmap.org/copyright"},"geometry":{"type":"LineString","coordinates":[[-72.87729,41.31616],[-72.877204,41.315849]]}},{"type":"Feature","properties":{"agency":"CTrail","color":"#ED0A28","description":"Shore Line East","route":"Shore Line East","routeId":"SLE","shapeId":"osm-4433102-45260782","source":"OpenStreetMap","sourceUrl":"https://www.openstreetmap.org/copyright"},"geometry":{"type":"LineString","coordinates":[[-72.886055,41.322592],[-72.885854,41.322561],[-72.885583,41.322515],[-72.885224,41.322438],[-72.884923,41.32237],[-72.884617,41.32229],[-72.88395,41.322092],[-72.883505,41.321935]]}},{"type":"Feature","properties":{"agency":"CTrail","color":"#ED0A28","description":"Shore Line East","route":"Shore Line East","routeId":"SLE","shapeId":"osm-4433102-45260784","source":"OpenStreetMap","sourceUrl":"https://www.openstreetmap.org/copyright"},"geometry":{"type":"LineString","coordinates":[[-72.886964,41.322707],[-72.886826,41.322694],[-72.886671,41.322676]]}},{"type":"Feature","properties":{"agency":"CTrail","color":"#ED0A28","description":"Shore Line East","route":"Shore Line East","routeId":"SLE","shapeId":"osm-4433102-59998171","source":"OpenStreetMap","sourceUrl":"https://www.openstreetmap.org/copyright"},"geometry":{"type":"LineString","coordinates":[[-72.907365,41.312623],[-72.907047,41.312826]]}},{"type":"Feature","properties":{"agency":"CTrail","color":"#ED0A28","description":"Shore Line East","route":"Shore Line East","routeId":"SLE","shapeId":"osm-4433102-59998176","source":"OpenStreetMap","sourceUrl":"https://www.openstreetmap.org/copyright"},"geometry":{"type":"LineString","coordinates":[[-72.907878,41.3123],[-72.907365,41.312623]]}},{"type":"Feature","properties":{"agency":"CTrail","color":"#ED0A28","description":"Shore Line East","route":"Shore Line East","routeId":"SLE","shapeId":"osm-4433102-59998184","source":"OpenStreetMap","sourceUrl":"https://www.openstreetmap.org/copyright"},"geometry":{"type":"LineString","coordinates":[[-72.907851,41.312221],[-72.907416,41.312496]]}},{"type":"Feature","properties":{"agency":"CTrail","color":"#ED0A28","description":"Shore Line East","route":"Shore Line East","routeId":"SLE","shapeId":"osm-4433102-59998186","source":"OpenStreetMap","sourceUrl":"https://www.openstreetmap.org/copyright"},"geometry":{"type":"LineString","coordinates":[[-72.909323,41.311566],[-72.90898,41.311689],[-72.908497,41.311897],[-72.90818,41.312063]]}},{"type":"Feature","properties":{"agency":"CTrail","color":"#ED0A28","description":"Shore Line East","route":"Shore Line East","routeId":"SLE","shapeId":"osm-4433102-59998187","source":"OpenStreetMap","sourceUrl":"https://www.openstreetmap.org/copyright"},"geometry":{"type":"LineString","coordinates":[[-72.907864,41.312261],[-72.907363,41.312605]]}},{"type":"Feature","properties":{"agency":"CTrail","color":"#ED0A28","description":"Shore Line East","route":"Shore Line East","routeId":"SLE","shapeId":"osm-4433102-59998190","source":"OpenStreetMap","sourceUrl":"https://www.openstreetmap.org/copyright"},"geometry":{"type":"LineString","coordinates":[[-72.903972,41.314852],[-72.904227,41.314686]]}},{"type":"Feature","properties":{"agency":"CTrail","color":"#ED0A28","description":"Shore Line East","route":"Shore Line East","routeId":"SLE","shapeId":"osm-4433102-59998191","source":"OpenStreetMap","sourceUrl":"https://www.openstreetmap.org/copyright"},"geometry":{"type":"LineString","coordinates":[[-72.904227,41.314686],[-72.904394,41.314576],[-72.905391,41.313935]]}},{"type":"Feature","properties":{"agency":"CTrail","color":"#ED0A28","description":"Shore Line East","route":"Shore Line East","routeId":"SLE","shapeId":"osm-4433102-59998192","source":"OpenStreetMap","sourceUrl":"https://www.openstreetmap.org/copyright"},"geometry":{"type":"LineString","coordinates":[[-72.905712,41.313676],[-72.905271,41.31396]]}},{"type":"Feature","properties":{"agency":"CTrail","color":"#ED0A28","description":"Shore Line East","route":"Shore Line East","routeId":"SLE","shapeId":"osm-4433102-59998194","source":"OpenStreetMap","sourceUrl":"https://www.openstreetmap.org/copyright"},"geometry":{"type":"LineString","coordinates":[[-72.906755,41.313018],[-72.905712,41.313676]]}},{"type":"Feature","properties":{"agency":"CTrail","color":"#ED0A28","description":"Shore Line East","route":"Shore Line East","routeId":"SLE","shapeId":"osm-4433102-59998196","source":"OpenStreetMap","sourceUrl":"https://www.openstreetmap.org/copyright"},"geometry":{"type":"LineString","coordinates":[[-72.905391,41.313935],[-72.905681,41.31375]]}},{"type":"Feature","properties":{"agency":"CTrail","color":"#ED0A28","description":"Shore Line East","route":"Shore Line East","routeId":"SLE","shapeId":"osm-4433102-59998205","source":"OpenStreetMap","sourceUrl":"https://www.openstreetmap.org/copyright"},"geometry":{"type":"LineString","coordinates":[[-72.838774,41.279649],[-72.83926,41.279998],[-72.83933,41.280049],[-72.840031,41.280491],[-72.840499,41.280746],[-72.841436,41.281208],[-72.841958,41.281443],[-72.842527,41.281682],[-72.843157,41.281919],[-72.844359,41.282336],[-72.845001,41.282526],[-72.845762,41.282724],[-72.846637,41.282925],[-72.847413,41.283069],[-72.847821,41.283125],[-72.848305,41.283174],[-72.848698,41.283206],[-72.849275,41.28323],[-72.8496,41.283231],[-72.850047,41.283216],[-72.850386,41.283194],[-72.850786,41.283162],[-72.851796,41.283046],[-72.852127,41.283008],[-72.853311,41.282846],[-72.854215,41.282721],[-72.855515,41.282561],[-72.856432,41.282435],[-72.857123,41.282347],[-72.857803,41.282266],[-72.860305,41.281938],[-72.861523,41.281774],[-72.862771,41.281621],[-72.863317,41.281553],[-72.864133,41.281487],[-72.864658,41.281468],[-72.864912,41.281467],[-72.865513,41.281484],[-72.865929,41.281516]]}},{"type":"Feature","properties":{"agency":"CTrail","color":"#ED0A28","description":"Shore Line East","route":"Shore Line East","routeId":"SLE","shapeId":"osm-4433102-60081748","source":"OpenStreetMap","sourceUrl":"https://www.openstreetmap.org/copyright"},"geometry":{"type":"LineString","coordinates":[[-72.876947,41.31395],[-72.876963,41.31453],[-72.876998,41.314957],[-72.877073,41.315445],[-72.877175,41.315886]]}},{"type":"Feature","properties":{"agency":"CTrail","color":"#ED0A28","description":"Shore Line East","route":"Shore Line East","routeId":"SLE","shapeId":"osm-4433102-60081752","source":"OpenStreetMap","sourceUrl":"https://www.openstreetmap.org/copyright"},"geometry":{"type":"LineString","coordinates":[[-72.87696,41.313762],[-72.876947,41.31395]]}},{"type":"Feature","properties":{"agency":"CTrail","color":"#ED0A28","description":"Shore Line East","route":"Shore Line East","routeId":"SLE","shapeId":"osm-4433102-60081755","source":"OpenStreetMap","sourceUrl":"https://www.openstreetmap.org/copyright"},"geometry":{"type":"LineString","coordinates":[[-72.877175,41.315886],[-72.877255,41.316188]]}},{"type":"Feature","properties":{"agency":"CTrail","color":"#ED0A28","description":"Shore Line East","route":"Shore Line East","routeId":"SLE","shapeId":"osm-4433102-60081764","source":"OpenStreetMap","sourceUrl":"https://www.openstreetmap.org/copyright"},"geometry":{"type":"LineString","coordinates":[[-72.877255,41.316188],[-72.877459,41.316738],[-72.877792,41.317407],[-72.878124,41.317963],[-72.8785,41.318499],[-72.878923,41.319014],[-72.879428,41.31953],[-72.87983,41.319889],[-72.880307,41.320265],[-72.880841,41.320644],[-72.881547,41.321083],[-72.882072,41.321355],[-72.882262,41.321446]]}},{"type":"Feature","properties":{"agency":"CTrail","color":"#ED0A28","description":"Shore Line East","route":"Shore Line East","routeId":"SLE","shapeId":"osm-4433102-60081765","source":"OpenStreetMap","sourceUrl":"https://www.openstreetmap.org/copyright"},"geometry":{"type":"LineString","coordinates":[[-72.883354,41.32192],[-72.883483,41.321967]]}},{"type":"Feature","properties":{"agency":"CTrail","color":"#ED0A28","description":"Shore Line East","route":"Shore Line East","routeId":"SLE","shapeId":"osm-4433102-60081785","source":"OpenStreetMap","sourceUrl":"https://www.openstreetmap.org/copyright"},"geometry":{"type":"LineString","coordinates":[[-72.886929,41.322741],[-72.88725,41.322773],[-72.887755,41.322806],[-72.888408,41.322824],[-72.888952,41.322812],[-72.889529,41.322786],[-72.890102,41.322737],[-72.890638,41.322665],[-72.89074,41.322648],[-72.891227,41.322566]]}},{"type":"Feature","properties":{"agency":"CTrail","color":"#ED0A28","description":"Shore Line East","route":"Shore Line East","routeId":"SLE","shapeId":"osm-4433102-60081801","source":"OpenStreetMap","sourceUrl":"https://www.openstreetmap.org/copyright"},"geometry":{"type":"LineString","coordinates":[[-72.882287,41.321418],[-72.882249,41.321399],[-72.881541,41.321031],[-72.880863,41.320614],[-72.880269,41.320189],[-72.879736,41.319752],[-72.879245,41.319284],[-72.878803,41.318803],[-72.87839,41.318279],[-72.87806,41.317779],[-72.877724,41.317165],[-72.87747,41.316629],[-72.87729,41.31616]]}},{"type":"Feature","properties":{"agency":"CTrail","color":"#ED0A28","description":"Shore Line East","route":"Shore Line East","routeId":"SLE","shapeId":"osm-4433102-60081807","source":"OpenStreetMap","sourceUrl":"https://www.openstreetmap.org/copyright"},"geometry":{"type":"LineString","coordinates":[[-72.883505,41.321935],[-72.88337,41.321887]]}},{"type":"Feature","properties":{"agency":"CTrail","color":"#ED0A28","description":"Shore Line East","route":"Shore Line East","routeId":"SLE","shapeId":"osm-4433102-60081812","source":"OpenStreetMap","sourceUrl":"https://www.openstreetmap.org/copyright"},"geometry":{"type":"LineString","coordinates":[[-72.883483,41.321967],[-72.883558,41.321996],[-72.884136,41.322188],[-72.884657,41.322339],[-72.885098,41.322443],[-72.88555,41.322544],[-72.885827,41.322597],[-72.886044,41.322629]]}},{"type":"Feature","properties":{"agency":"CTrail","color":"#ED0A28","description":"Shore Line East","route":"Shore Line East","routeId":"SLE","shapeId":"osm-4433102-60081927","source":"OpenStreetMap","sourceUrl":"https://www.openstreetmap.org/copyright"},"geometry":{"type":"LineString","coordinates":[[-72.886641,41.32271],[-72.886786,41.322727],[-72.886929,41.322741]]}},{"type":"Feature","properties":{"agency":"CTrail","color":"#ED0A28","description":"Shore Line East","route":"Shore Line East","routeId":"SLE","shapeId":"osm-4433102-60084650","source":"OpenStreetMap","sourceUrl":"https://www.openstreetmap.org/copyright"},"geometry":{"type":"LineString","coordinates":[[-72.877864,41.309125],[-72.878116,41.307869],[-72.878556,41.305718]]}},{"type":"Feature","properties":{"agency":"CTrail","color":"#ED0A28","description":"Shore Line East","route":"Shore Line East","routeId":"SLE","shapeId":"osm-4433102-60084651","source":"OpenStreetMap","sourceUrl":"https://www.openstreetmap.org/copyright"},"geometry":{"type":"LineString","coordinates":[[-72.879062,41.303117],[-72.879044,41.303205],[-72.878862,41.304064]]}},{"type":"Feature","properties":{"agency":"CTrail","color":"#ED0A28","description":"Shore Line East","route":"Shore Line East","routeId":"SLE","shapeId":"osm-4433102-60084652","source":"OpenStreetMap","sourceUrl":"https://www.openstreetmap.org/copyright"},"geometry":{"type":"LineString","coordinates":[[-72.878521,41.305714],[-72.877818,41.309129]]}},{"type":"Feature","properties":{"agency":"CTrail","color":"#ED0A28","description":"Shore Line East","route":"Shore Line East","routeId":"SLE","shapeId":"osm-4433102-60084653","source":"OpenStreetMap","sourceUrl":"https://www.openstreetmap.org/copyright"},"geometry":{"type":"LineString","coordinates":[[-72.877743,41.309542],[-72.877153,41.312425],[-72.877014,41.31316],[-72.87696,41.313762]]}},{"type":"Feature","properties":{"agency":"CTrail","color":"#ED0A28","description":"Shore Line East","route":"Shore Line East","routeId":"SLE","shapeId":"osm-4433102-60084654","source":"OpenStreetMap","sourceUrl":"https://www.openstreetmap.org/copyright"},"geometry":{"type":"LineString","coordinates":[[-72.877818,41.309129],[-72.877743,41.309542]]}},{"type":"Feature","properties":{"agency":"CTrail","color":"#ED0A28","description":"Shore Line East","route":"Shore Line East","routeId":"SLE","shapeId":"osm-4433102-60084655","source":"OpenStreetMap","sourceUrl":"https://www.openstreetmap.org/copyright"},"geometry":{"type":"LineString","coordinates":[[-72.877781,41.309548],[-72.877864,41.309125]]}},{"type":"Feature","properties":{"agency":"CTrail","color":"#ED0A28","description":"Shore Line East","route":"Shore Line East","routeId":"SLE","shapeId":"osm-4433102-135689452","source":"OpenStreetMap","sourceUrl":"https://www.openstreetmap.org/copyright"},"geometry":{"type":"LineString","coordinates":[[-72.907367,41.312678],[-72.907891,41.312339]]}},{"type":"Feature","properties":{"agency":"CTrail","color":"#ED0A28","description":"Shore Line East","route":"Shore Line East","routeId":"SLE","shapeId":"osm-4433102-135689455","source":"OpenStreetMap","sourceUrl":"https://www.openstreetmap.org/copyright"},"geometry":{"type":"LineString","coordinates":[[-72.908235,41.312127],[-72.908519,41.311973],[-72.908782,41.311856],[-72.90904,41.311751],[-72.909278,41.311671]]}},{"type":"Feature","properties":{"agency":"CTrail","color":"#ED0A28","description":"Shore Line East","route":"Shore Line East","routeId":"SLE","shapeId":"osm-4433102-135689462","source":"OpenStreetMap","sourceUrl":"https://www.openstreetmap.org/copyright"},"geometry":{"type":"LineString","coordinates":[[-72.904226,41.31478],[-72.90445,41.31463],[-72.905566,41.313887]]}},{"type":"Feature","properties":{"agency":"CTrail","color":"#ED0A28","description":"Shore Line East","route":"Shore Line East","routeId":"SLE","shapeId":"osm-4433102-135689463","source":"OpenStreetMap","sourceUrl":"https://www.openstreetmap.org/copyright"},"geometry":{"type":"LineString","coordinates":[[-72.905566,41.313887],[-72.905969,41.31362]]}},{"type":"Feature","properties":{"agency":"CTrail","color":"#ED0A28","description":"Shore Line East","route":"Shore Line East","routeId":"SLE","shapeId":"osm-4433102-135689466","source":"OpenStreetMap","sourceUrl":"https://www.openstreetmap.org/copyright"},"geometry":{"type":"LineString","coordinates":[[-72.905969,41.31362],[-72.906137,41.313505],[-72.907032,41.312891]]}},{"type":"Feature","properties":{"agency":"CTrail","color":"#ED0A28","description":"Shore Line East","route":"Shore Line East","routeId":"SLE","shapeId":"osm-4433102-161929112","source":"OpenStreetMap","sourceUrl":"https://www.openstreetmap.org/copyright"},"geometry":{"type":"LineString","coordinates":[[-72.340164,41.310055],[-72.340265,41.310074],[-72.340827,41.310174],[-72.341549,41.310268],[-72.342366,41.310347],[-72.344278,41.310512]]}},{"type":"Feature","properties":{"agency":"CTrail","color":"#ED0A28","description":"Shore Line East","route":"Shore Line East","routeId":"SLE","shapeId":"osm-4433102-218233560","source":"OpenStreetMap","sourceUrl":"https://www.openstreetmap.org/copyright"},"geometry":{"type":"LineString","coordinates":[[-72.092525,41.362565],[-72.092232,41.362615]]}},{"type":"Feature","properties":{"agency":"CTrail","color":"#ED0A28","description":"Shore Line East","route":"Shore Line East","routeId":"SLE","shapeId":"osm-4433102-218233561","source":"OpenStreetMap","sourceUrl":"https://www.openstreetmap.org/copyright"},"geometry":{"type":"LineString","coordinates":[[-72.093313,41.3624],[-72.092985,41.362476],[-72.092525,41.362565]]}},{"type":"Feature","properties":{"agency":"CTrail","color":"#ED0A28","description":"Shore Line East","route":"Shore Line East","routeId":"SLE","shapeId":"osm-4433102-218233569","source":"OpenStreetMap","sourceUrl":"https://www.openstreetmap.org/copyright"},"geometry":{"type":"LineString","coordinates":[[-72.091063,41.362803],[-72.090987,41.362814],[-72.090831,41.362834]]}},{"type":"Feature","properties":{"agency":"CTrail","color":"#ED0A28","description":"Shore Line East","route":"Shore Line East","routeId":"SLE","shapeId":"osm-4433102-218233570","source":"OpenStreetMap","sourceUrl":"https://www.openstreetmap.org/copyright"},"geometry":{"type":"LineString","coordinates":[[-72.092232,41.362615],[-72.091798,41.362695],[-72.091624,41.362723],[-72.091581,41.362729],[-72.09145,41.362749],[-72.09127,41.362776],[-72.091063,41.362803]]}},{"type":"Feature","properties":{"agency":"CTrail","color":"#ED0A28","description":"Shore Line East","route":"Shore Line East","routeId":"SLE","shapeId":"osm-4433102-218590979","source":"OpenStreetMap","sourceUrl":"https://www.openstreetmap.org/copyright"},"geometry":{"type":"LineString","coordinates":[[-72.432325,41.287729],[-72.435578,41.287981],[-72.439257,41.288268],[-72.440616,41.288373],[-72.442569,41.288524],[-72.446506,41.288832],[-72.447154,41.288883],[-72.447839,41.288937],[-72.448543,41.288998],[-72.449684,41.289094],[-72.449732,41.289098]]}},{"type":"Feature","properties":{"agency":"CTrail","color":"#ED0A28","description":"Shore Line East","route":"Shore Line East","routeId":"SLE","shapeId":"osm-4433102-218590987","source":"OpenStreetMap","sourceUrl":"https://www.openstreetmap.org/copyright"},"geometry":{"type":"LineString","coordinates":[[-72.387327,41.296608],[-72.38719,41.296662]]}},{"type":"Feature","properties":{"agency":"CTrail","color":"#ED0A28","description":"Shore Line East","route":"Shore Line East","routeId":"SLE","shapeId":"osm-4433102-218591002","source":"OpenStreetMap","sourceUrl":"https://www.openstreetmap.org/copyright"},"geometry":{"type":"LineString","coordinates":[[-72.387348,41.29664],[-72.388915,41.296028]]}},{"type":"Feature","properties":{"agency":"CTrail","color":"#ED0A28","description":"Shore Line East","route":"Shore Line East","routeId":"SLE","shapeId":"osm-4433102-218591010","source":"OpenStreetMap","sourceUrl":"https://www.openstreetmap.org/copyright"},"geometry":{"type":"LineString","coordinates":[[-72.384423,41.297688],[-72.38339,41.29809],[-72.383069,41.298213],[-72.382484,41.298444],[-72.382083,41.298598],[-72.38174,41.298737],[-72.381222,41.298938],[-72.380814,41.299101],[-72.380416,41.29927],[-72.38028,41.29933],[-72.379665,41.299583]]}},{"type":"Feature","properties":{"agency":"CTrail","color":"#ED0A28","description":"Shore Line East","route":"Shore Line East","routeId":"SLE","shapeId":"osm-4433102-218591011","source":"OpenStreetMap","sourceUrl":"https://www.openstreetmap.org/copyright"},"geometry":{"type":"LineString","coordinates":[[-72.389043,41.29598],[-72.389689,41.295727],[-72.390765,41.29531],[-72.394061,41.294032],[-72.394677,41.29379],[-72.395404,41.293505],[-72.396537,41.293068],[-72.397168,41.292819],[-72.397852,41.29257],[-72.398287,41.292432],[-72.398475,41.292373],[-72.398674,41.292317]]}},{"type":"Feature","properties":{"agency":"CTrail","color":"#ED0A28","description":"Shore Line East","route":"Shore Line East","routeId":"SLE","shapeId":"osm-4433102-218591013","source":"OpenStreetMap","sourceUrl":"https://www.openstreetmap.org/copyright"},"geometry":{"type":"LineString","coordinates":[[-72.387303,41.296573],[-72.387166,41.296627]]}},{"type":"Feature","properties":{"agency":"CTrail","color":"#ED0A28","description":"Shore Line East","route":"Shore Line East","routeId":"SLE","shapeId":"osm-4433102-218591014","source":"OpenStreetMap","sourceUrl":"https://www.openstreetmap.org/copyright"},"geometry":{"type":"LineString","coordinates":[[-72.38719,41.296662],[-72.386942,41.296755],[-72.38652,41.29692],[-72.386141,41.297066],[-72.385649,41.297258],[-72.385317,41.297386],[-72.384994,41.297511],[-72.384607,41.29766],[-72.38406,41.297881],[-72.383413,41.298126]]}},{"type":"Feature","properties":{"agency":"CTrail","color":"#ED0A28","description":"Shore Line East","route":"Shore Line East","routeId":"SLE","shapeId":"osm-4433102-218591019","source":"OpenStreetMap","sourceUrl":"https://www.openstreetmap.org/copyright"},"geometry":{"type":"LineString","coordinates":[[-72.388915,41.296028],[-72.389043,41.29598]]}},{"type":"Feature","properties":{"agency":"CTrail","color":"#ED0A28","description":"Shore Line East","route":"Shore Line East","routeId":"SLE","shapeId":"osm-4433102-218591020","source":"OpenStreetMap","sourceUrl":"https://www.openstreetmap.org/copyright"},"geometry":{"type":"LineString","coordinates":[[-72.387212,41.296694],[-72.387348,41.29664]]}},{"type":"Feature","properties":{"agency":"CTrail","color":"#ED0A28","description":"Shore Line East","route":"Shore Line East","routeId":"SLE","shapeId":"osm-4433102-218591021","source":"OpenStreetMap","sourceUrl":"https://www.openstreetmap.org/copyright"},"geometry":{"type":"LineString","coordinates":[[-72.40225,41.291607],[-72.40092,41.291795],[-72.400726,41.291826],[-72.400219,41.291911],[-72.399636,41.292013],[-72.399501,41.292037],[-72.399362,41.292067],[-72.399014,41.292149],[-72.398818,41.292199],[-72.398624,41.29225]]}},{"type":"Feature","properties":{"agency":"CTrail","color":"#ED0A28","description":"Shore Line East","route":"Shore Line East","routeId":"SLE","shapeId":"osm-4433102-218591023","source":"OpenStreetMap","sourceUrl":"https://www.openstreetmap.org/copyright"},"geometry":{"type":"LineString","coordinates":[[-72.38887,41.295966],[-72.387303,41.296573]]}},{"type":"Feature","properties":{"agency":"CTrail","color":"#ED0A28","description":"Shore Line East","route":"Shore Line East","routeId":"SLE","shapeId":"osm-4433102-218591024","source":"OpenStreetMap","sourceUrl":"https://www.openstreetmap.org/copyright"},"geometry":{"type":"LineString","coordinates":[[-72.4004,41.291915],[-72.399654,41.292049],[-72.399423,41.292096],[-72.399199,41.292146],[-72.399033,41.292184],[-72.398836,41.292233],[-72.398649,41.292285]]}},{"type":"Feature","properties":{"agency":"CTrail","color":"#ED0A28","description":"Shore Line East","route":"Shore Line East","routeId":"SLE","shapeId":"osm-4433102-218591025","source":"OpenStreetMap","sourceUrl":"https://www.openstreetmap.org/copyright"},"geometry":{"type":"LineString","coordinates":[[-72.38902,41.295948],[-72.388893,41.295997]]}},{"type":"Feature","properties":{"agency":"CTrail","color":"#ED0A28","description":"Shore Line East","route":"Shore Line East","routeId":"SLE","shapeId":"osm-4433102-218591026","source":"OpenStreetMap","sourceUrl":"https://www.openstreetmap.org/copyright"},"geometry":{"type":"LineString","coordinates":[[-72.380334,41.299405],[-72.38047,41.299347],[-72.380595,41.299292],[-72.380663,41.299261],[-72.380775,41.299217],[-72.380922,41.299154],[-72.381084,41.299084],[-72.381479,41.298916]]}},{"type":"Feature","properties":{"agency":"CTrail","color":"#ED0A28","description":"Shore Line East","route":"Shore Line East","routeId":"SLE","shapeId":"osm-4433102-218591027","source":"OpenStreetMap","sourceUrl":"https://www.openstreetmap.org/copyright"},"geometry":{"type":"LineString","coordinates":[[-72.388996,41.295915],[-72.38887,41.295966]]}},{"type":"Feature","properties":{"agency":"CTrail","color":"#ED0A28","description":"Shore Line East","route":"Shore Line East","routeId":"SLE","shapeId":"osm-4433102-218591028","source":"OpenStreetMap","sourceUrl":"https://www.openstreetmap.org/copyright"},"geometry":{"type":"LineString","coordinates":[[-72.388893,41.295997],[-72.387327,41.296608]]}},{"type":"Feature","properties":{"agency":"CTrail","color":"#ED0A28","description":"Shore Line East","route":"Shore Line East","routeId":"SLE","shapeId":"osm-4433102-218594093","source":"OpenStreetMap","sourceUrl":"https://www.openstreetmap.org/copyright"},"geometry":{"type":"LineString","coordinates":[[-72.062311,41.350858],[-72.062029,41.350731],[-72.06131,41.350436],[-72.060672,41.350187],[-72.060065,41.34995],[-72.059445,41.349706],[-72.05882,41.349457],[-72.057787,41.349056],[-72.057402,41.348904],[-72.057011,41.348747],[-72.056414,41.348488],[-72.055982,41.348277],[-72.055509,41.34801],[-72.055212,41.347822],[-72.055022,41.347697],[-72.054765,41.34751],[-72.054337,41.347178],[-72.053427,41.346432],[-72.052957,41.346051]]}},{"type":"Feature","properties":{"agency":"CTrail","color":"#ED0A28","description":"Shore Line East","route":"Shore Line East","routeId":"SLE","shapeId":"osm-4433102-218594094","source":"OpenStreetMap","sourceUrl":"https://www.openstreetmap.org/copyright"},"geometry":{"type":"LineString","coordinates":[[-72.049682,41.344329],[-72.049873,41.344379],[-72.050063,41.344432],[-72.050343,41.344512],[-72.050554,41.344589],[-72.050821,41.344695],[-72.051114,41.344822],[-72.051419,41.344984],[-72.05166,41.345127],[-72.051832,41.345234],[-72.052019,41.345362],[-72.052353,41.345624],[-72.052773,41.345957]]}},{"type":"Feature","properties":{"agency":"CTrail","color":"#ED0A28","description":"Shore Line East","route":"Shore Line East","routeId":"SLE","shapeId":"osm-4433102-218594097","source":"OpenStreetMap","sourceUrl":"https://www.openstreetmap.org/copyright"},"geometry":{"type":"LineString","coordinates":[[-72.052804,41.345928],[-72.05239,41.345598],[-72.052054,41.345334],[-72.051865,41.345205],[-72.051692,41.345097],[-72.051449,41.344954],[-72.051141,41.34479],[-72.050845,41.344662],[-72.050577,41.344556],[-72.05036,41.344484],[-72.050084,41.344397],[-72.049704,41.344294]]}},{"type":"Feature","properties":{"agency":"CTrail","color":"#ED0A28","description":"Shore Line East","route":"Shore Line East","routeId":"SLE","shapeId":"osm-4433102-218594110","source":"OpenStreetMap","sourceUrl":"https://www.openstreetmap.org/copyright"},"geometry":{"type":"LineString","coordinates":[[-72.052957,41.346051],[-72.052804,41.345928]]}},{"type":"Feature","properties":{"agency":"CTrail","color":"#ED0A28","description":"Shore Line East","route":"Shore Line East","routeId":"SLE","shapeId":"osm-4433102-218594137","source":"OpenStreetMap","sourceUrl":"https://www.openstreetmap.org/copyright"},"geometry":{"type":"LineString","coordinates":[[-72.052773,41.345957],[-72.05292,41.346077]]}},{"type":"Feature","properties":{"agency":"CTrail","color":"#ED0A28","description":"Shore Line East","route":"Shore Line East","routeId":"SLE","shapeId":"osm-4433102-218614112","source":"OpenStreetMap","sourceUrl":"https://www.openstreetmap.org/copyright"},"geometry":{"type":"LineString","coordinates":[[-72.362178,41.307583],[-72.362421,41.307469],[-72.362686,41.307348],[-72.362852,41.307272],[-72.362977,41.30721],[-72.363098,41.30715],[-72.363319,41.307037],[-72.36363,41.306879],[-72.364158,41.306608],[-72.364884,41.306234],[-72.36574,41.305798],[-72.367246,41.305026],[-72.367709,41.304789],[-72.368269,41.304503],[-72.369098,41.304077],[-72.369815,41.30371],[-72.370269,41.30348],[-72.370827,41.3032],[-72.371234,41.303005],[-72.371615,41.30283],[-72.372127,41.302604],[-72.372342,41.302517],[-72.372637,41.302397],[-72.373894,41.301907],[-72.374256,41.301769],[-72.37457,41.301652],[-72.375,41.301496],[-72.375147,41.301443]]}},{"type":"Feature","properties":{"agency":"CTrail","color":"#ED0A28","description":"Shore Line East","route":"Shore Line East","routeId":"SLE","shapeId":"osm-4433102-218637454","source":"OpenStreetMap","sourceUrl":"https://www.openstreetmap.org/copyright"},"geometry":{"type":"LineString","coordinates":[[-72.344282,41.310475],[-72.342372,41.310311],[-72.341556,41.310232],[-72.340836,41.310139],[-72.340521,41.310089],[-72.34018,41.310018]]}},{"type":"Feature","properties":{"agency":"CTrail","color":"#ED0A28","description":"Shore Line East","route":"Shore Line East","routeId":"SLE","shapeId":"osm-4433102-218637455","source":"OpenStreetMap","sourceUrl":"https://www.openstreetmap.org/copyright"},"geometry":{"type":"LineString","coordinates":[[-72.330553,41.305466],[-72.331477,41.305957],[-72.333188,41.306874],[-72.333488,41.307038],[-72.334748,41.307717],[-72.336385,41.308589],[-72.337101,41.308954],[-72.337667,41.309231],[-72.338009,41.309383]]}},{"type":"Feature","properties":{"agency":"CTrail","color":"#ED0A28","description":"Shore Line East","route":"Shore Line East","routeId":"SLE","shapeId":"osm-4433102-218637460","source":"OpenStreetMap","sourceUrl":"https://www.openstreetmap.org/copyright"},"geometry":{"type":"LineString","coordinates":[[-72.351964,41.311119],[-72.348565,41.310836]]}},{"type":"Feature","properties":{"agency":"CTrail","color":"#ED0A28","description":"Shore Line East","route":"Shore Line East","routeId":"SLE","shapeId":"osm-4433102-218637463","source":"OpenStreetMap","sourceUrl":"https://www.openstreetmap.org/copyright"},"geometry":{"type":"LineString","coordinates":[[-72.330428,41.305402],[-72.330553,41.305466]]}},{"type":"Feature","properties":{"agency":"CTrail","color":"#ED0A28","description":"Shore Line East","route":"Shore Line East","routeId":"SLE","shapeId":"osm-4433102-218637464","source":"OpenStreetMap","sourceUrl":"https://www.openstreetmap.org/copyright"},"geometry":{"type":"LineString","coordinates":[[-72.34018,41.310018],[-72.340081,41.309999],[-72.33996,41.309971],[-72.339833,41.309941],[-72.339724,41.309915]]}},{"type":"Feature","properties":{"agency":"CTrail","color":"#ED0A28","description":"Shore Line East","route":"Shore Line East","routeId":"SLE","shapeId":"osm-4433102-218649918","source":"OpenStreetMap","sourceUrl":"https://www.openstreetmap.org/copyright"},"geometry":{"type":"LineString","coordinates":[[-72.321799,41.300802],[-72.322849,41.301346],[-72.323446,41.30166],[-72.324107,41.302015],[-72.324862,41.302418],[-72.325606,41.302818],[-72.326888,41.303504]]}},{"type":"Feature","properties":{"agency":"CTrail","color":"#ED0A28","description":"Shore Line East","route":"Shore Line East","routeId":"SLE","shapeId":"osm-4433102-218649919","source":"OpenStreetMap","sourceUrl":"https://www.openstreetmap.org/copyright"},"geometry":{"type":"LineString","coordinates":[[-72.329222,41.304707],[-72.328186,41.304155],[-72.327614,41.303847],[-72.327034,41.303537]]}},{"type":"Feature","properties":{"agency":"CTrail","color":"#ED0A28","description":"Shore Line East","route":"Shore Line East","routeId":"SLE","shapeId":"osm-4433102-218649920","source":"OpenStreetMap","sourceUrl":"https://www.openstreetmap.org/copyright"},"geometry":{"type":"LineString","coordinates":[[-72.317322,41.298943],[-72.317482,41.298996]]}},{"type":"Feature","properties":{"agency":"CTrail","color":"#ED0A28","description":"Shore Line East","route":"Shore Line East","routeId":"SLE","shapeId":"osm-4433102-218649921","source":"OpenStreetMap","sourceUrl":"https://www.openstreetmap.org/copyright"},"geometry":{"type":"LineString","coordinates":[[-72.327029,41.303581],[-72.328159,41.304186],[-72.329246,41.304768]]}},{"type":"Feature","properties":{"agency":"CTrail","color":"#ED0A28","description":"Shore Line East","route":"Shore Line East","routeId":"SLE","shapeId":"osm-4433102-218649922","source":"OpenStreetMap","sourceUrl":"https://www.openstreetmap.org/copyright"},"geometry":{"type":"LineString","coordinates":[[-72.327034,41.303537],[-72.326887,41.303458]]}},{"type":"Feature","properties":{"agency":"CTrail","color":"#ED0A28","description":"Shore Line East","route":"Shore Line East","routeId":"SLE","shapeId":"osm-4433102-218649923","source":"OpenStreetMap","sourceUrl":"https://www.openstreetmap.org/copyright"},"geometry":{"type":"LineString","coordinates":[[-72.330584,41.305435],[-72.330459,41.305371]]}},{"type":"Feature","properties":{"agency":"CTrail","color":"#ED0A28","description":"Shore Line East","route":"Shore Line East","routeId":"SLE","shapeId":"osm-4433102-218649924","source":"OpenStreetMap","sourceUrl":"https://www.openstreetmap.org/copyright"},"geometry":{"type":"LineString","coordinates":[[-72.326888,41.303504],[-72.327029,41.303581]]}},{"type":"Feature","properties":{"agency":"CTrail","color":"#ED0A28","description":"Shore Line East","route":"Shore Line East","routeId":"SLE","shapeId":"osm-4433102-218649925","source":"OpenStreetMap","sourceUrl":"https://www.openstreetmap.org/copyright"},"geometry":{"type":"LineString","coordinates":[[-72.338034,41.30935],[-72.337694,41.309199],[-72.337129,41.308922],[-72.336414,41.308558],[-72.334777,41.307686],[-72.333218,41.306843],[-72.331506,41.305926],[-72.330584,41.305435]]}},{"type":"Feature","properties":{"agency":"CTrail","color":"#ED0A28","description":"Shore Line East","route":"Shore Line East","routeId":"SLE","shapeId":"osm-4433102-218653207","source":"OpenStreetMap","sourceUrl":"https://www.openstreetmap.org/copyright"},"geometry":{"type":"LineString","coordinates":[[-72.31738,41.298927],[-72.317102,41.298837],[-72.316291,41.298593],[-72.315376,41.29834],[-72.314078,41.298014],[-72.313429,41.297864],[-72.312935,41.297755],[-72.312648,41.297692],[-72.311869,41.297545],[-72.311248,41.29744],[-72.310728,41.297368],[-72.310144,41.297291],[-72.309193,41.297205]]}},{"type":"Feature","properties":{"agency":"CTrail","color":"#ED0A28","description":"Shore Line East","route":"Shore Line East","routeId":"SLE","shapeId":"osm-4433102-218653208","source":"OpenStreetMap","sourceUrl":"https://www.openstreetmap.org/copyright"},"geometry":{"type":"LineString","coordinates":[[-72.326887,41.303458],[-72.325636,41.302788],[-72.324892,41.302389],[-72.324136,41.301985],[-72.323475,41.30163],[-72.322885,41.301319],[-72.321826,41.300773]]}},{"type":"Feature","properties":{"agency":"CTrail","color":"#ED0A28","description":"Shore Line East","route":"Shore Line East","routeId":"SLE","shapeId":"osm-4433102-218653211","source":"OpenStreetMap","sourceUrl":"https://www.openstreetmap.org/copyright"},"geometry":{"type":"LineString","coordinates":[[-72.309188,41.297239],[-72.310138,41.297321],[-72.31072,41.297398],[-72.311239,41.29747],[-72.311859,41.297575],[-72.312638,41.297721],[-72.312924,41.297784],[-72.313418,41.297893],[-72.314065,41.298043],[-72.315363,41.298369],[-72.316277,41.298621],[-72.317322,41.298943]]}},{"type":"Feature","properties":{"agency":"CTrail","color":"#ED0A28","description":"Shore Line East","route":"Shore Line East","routeId":"SLE","shapeId":"osm-4433102-218653214","source":"OpenStreetMap","sourceUrl":"https://www.openstreetmap.org/copyright"},"geometry":{"type":"LineString","coordinates":[[-72.281357,41.291485],[-72.281505,41.291483]]}},{"type":"Feature","properties":{"agency":"CTrail","color":"#ED0A28","description":"Shore Line East","route":"Shore Line East","routeId":"SLE","shapeId":"osm-4433102-218653215","source":"OpenStreetMap","sourceUrl":"https://www.openstreetmap.org/copyright"},"geometry":{"type":"LineString","coordinates":[[-72.317545,41.29898],[-72.31738,41.298927]]}},{"type":"Feature","properties":{"agency":"CTrail","color":"#ED0A28","description":"Shore Line East","route":"Shore Line East","routeId":"SLE","shapeId":"osm-4433102-218653217","source":"OpenStreetMap","sourceUrl":"https://www.openstreetmap.org/copyright"},"geometry":{"type":"LineString","coordinates":[[-72.281505,41.291483],[-72.28258,41.291471],[-72.283105,41.291473],[-72.283374,41.291477],[-72.283501,41.29148],[-72.28366,41.291487],[-72.28382,41.291493],[-72.284036,41.291507],[-72.284221,41.29152],[-72.284435,41.29154],[-72.284653,41.291562],[-72.284823,41.291582],[-72.284972,41.291601],[-72.28525,41.291643],[-72.285389,41.291665],[-72.285528,41.291689],[-72.285717,41.291725],[-72.285904,41.291763],[-72.286343,41.291857],[-72.286854,41.291995],[-72.287327,41.29215],[-72.287717,41.292287],[-72.288064,41.292425],[-72.288349,41.292545],[-72.288818,41.292762],[-72.289171,41.292948],[-72.28949,41.293127],[-72.289895,41.293379],[-72.290147,41.293538],[-72.290709,41.293902],[-72.291023,41.294106],[-72.291359,41.294316],[-72.291511,41.294412],[-72.291669,41.294506],[-72.291795,41.294581],[-72.291933,41.294659],[-72.292211,41.294805],[-72.292315,41.294861],[-72.292426,41.294917],[-72.292592,41.294998],[-72.292726,41.295059],[-72.292861,41.29512],[-72.29303,41.295192],[-72.293162,41.295247],[-72.293292,41.295299],[-72.293492,41.295375],[-72.29369,41.295447],[-72.293932,41.295528],[-72.294128,41.295591],[-72.29431,41.295645],[-72.294676,41.295747],[-72.295116,41.295858],[-72.295442,41.295921],[-72.295946,41.296007],[-72.296448,41.296075],[-72.297044,41.296141],[-72.297806,41.296215],[-72.298705,41.296295],[-72.300124,41.296423],[-72.302051,41.296595],[-72.304022,41.296779]]}},{"type":"Feature","properties":{"agency":"CTrail","color":"#ED0A28","description":"Shore Line East","route":"Shore Line East","routeId":"SLE","shapeId":"osm-4433102-218653219","source":"OpenStreetMap","sourceUrl":"https://www.openstreetmap.org/copyright"},"geometry":{"type":"LineString","coordinates":[[-72.309034,41.297225],[-72.309188,41.297239]]}},{"type":"Feature","properties":{"agency":"CTrail","color":"#ED0A28","description":"Shore Line East","route":"Shore Line East","routeId":"SLE","shapeId":"osm-4433102-218653220","source":"OpenStreetMap","sourceUrl":"https://www.openstreetmap.org/copyright"},"geometry":{"type":"LineString","coordinates":[[-72.309193,41.297205],[-72.309039,41.297191]]}},{"type":"Feature","properties":{"agency":"CTrail","color":"#ED0A28","description":"Shore Line East","route":"Shore Line East","routeId":"SLE","shapeId":"osm-4433102-218661299","source":"OpenStreetMap","sourceUrl":"https://www.openstreetmap.org/copyright"},"geometry":{"type":"LineString","coordinates":[[-72.237318,41.301099],[-72.237469,41.301084]]}},{"type":"Feature","properties":{"agency":"CTrail","color":"#ED0A28","description":"Shore Line East","route":"Shore Line East","routeId":"SLE","shapeId":"osm-4433102-218661300","source":"OpenStreetMap","sourceUrl":"https://www.openstreetmap.org/copyright"},"geometry":{"type":"LineString","coordinates":[[-72.239421,41.300881],[-72.240162,41.300806],[-72.24055,41.300764],[-72.240922,41.300722],[-72.241126,41.300698],[-72.241313,41.300675],[-72.241521,41.300644],[-72.241717,41.30061],[-72.242013,41.300551],[-72.242321,41.300486],[-72.242743,41.300368],[-72.243354,41.300201],[-72.244002,41.300011]]}},{"type":"Feature","properties":{"agency":"CTrail","color":"#ED0A28","description":"Shore Line East","route":"Shore Line East","routeId":"SLE","shapeId":"osm-4433102-218667003","source":"OpenStreetMap","sourceUrl":"https://www.openstreetmap.org/copyright"},"geometry":{"type":"LineString","coordinates":[[-72.257927,41.296996],[-72.257795,41.297044]]}},{"type":"Feature","properties":{"agency":"CTrail","color":"#ED0A28","description":"Shore Line East","route":"Shore Line East","routeId":"SLE","shapeId":"osm-4433102-218667004","source":"OpenStreetMap","sourceUrl":"https://www.openstreetmap.org/copyright"},"geometry":{"type":"LineString","coordinates":[[-72.208622,41.315609],[-72.20927,41.315327],[-72.211145,41.314428],[-72.212154,41.313981],[-72.213048,41.31357],[-72.213799,41.313218],[-72.214298,41.312968],[-72.214564,41.312828],[-72.214947,41.312596],[-72.215355,41.312334],[-72.215646,41.312135],[-72.215962,41.311899],[-72.216255,41.311657],[-72.216574,41.311376],[-72.216853,41.311105],[-72.217086,41.31086],[-72.217319,41.310614],[-72.217642,41.31027],[-72.218028,41.309847],[-72.218605,41.309209],[-72.218951,41.308848],[-72.21933,41.308419],[-72.219719,41.307997]]}},{"type":"Feature","properties":{"agency":"CTrail","color":"#ED0A28","description":"Shore Line East","route":"Shore Line East","routeId":"SLE","shapeId":"osm-4433102-218667005","source":"OpenStreetMap","sourceUrl":"https://www.openstreetmap.org/copyright"},"geometry":{"type":"LineString","coordinates":[[-72.304027,41.296748],[-72.302063,41.296566],[-72.300129,41.296393],[-72.298709,41.296264],[-72.297811,41.296185],[-72.297049,41.296111],[-72.296454,41.296045],[-72.295954,41.295977],[-72.295452,41.295891],[-72.295127,41.29582],[-72.294686,41.295713],[-72.294446,41.295648],[-72.2942,41.295575],[-72.293946,41.295495],[-72.293712,41.295415],[-72.293493,41.295335],[-72.293313,41.295268],[-72.293052,41.29516],[-72.292923,41.295106],[-72.292749,41.295027],[-72.29262,41.294968],[-72.292431,41.294878],[-72.292245,41.294783],[-72.291973,41.29464],[-72.291836,41.294562],[-72.2917,41.294483],[-72.291541,41.294387],[-72.291385,41.294292],[-72.291054,41.294081],[-72.290742,41.293878],[-72.290173,41.293509],[-72.28996,41.293372],[-72.289515,41.293103],[-72.289195,41.292924],[-72.28884,41.292736],[-72.288374,41.292515],[-72.288102,41.292401],[-72.287747,41.292258],[-72.287364,41.292125],[-72.286868,41.291966],[-72.286355,41.291829],[-72.285915,41.291729],[-72.285728,41.291691],[-72.285538,41.291654],[-72.285399,41.291631],[-72.285253,41.291607],[-72.284976,41.291567],[-72.284812,41.291543],[-72.28463,41.291522],[-72.284318,41.291492],[-72.284168,41.291479],[-72.284009,41.291468],[-72.283614,41.291449],[-72.283384,41.291441],[-72.283108,41.291436],[-72.282572,41.291438],[-72.281504,41.29145]]}},{"type":"Feature","properties":{"agency":"CTrail","color":"#ED0A28","description":"Shore Line East","route":"Shore Line East","routeId":"SLE","shapeId":"osm-4433102-218667006","source":"OpenStreetMap","sourceUrl":"https://www.openstreetmap.org/copyright"},"geometry":{"type":"LineString","coordinates":[[-72.226225,41.302648],[-72.226353,41.302603]]}},{"type":"Feature","properties":{"agency":"CTrail","color":"#ED0A28","description":"Shore Line East","route":"Shore Line East","routeId":"SLE","shapeId":"osm-4433102-218667007","source":"OpenStreetMap","sourceUrl":"https://www.openstreetmap.org/copyright"},"geometry":{"type":"LineString","coordinates":[[-72.265409,41.294286],[-72.267321,41.293577],[-72.269474,41.29278],[-72.271015,41.292227],[-72.27136,41.292117],[-72.271775,41.292],[-72.272178,41.291902],[-72.272534,41.291821],[-72.273118,41.291712],[-72.273581,41.291652],[-72.273983,41.291614],[-72.274178,41.291596],[-72.274455,41.291579],[-72.275206,41.291553],[-72.275601,41.291546],[-72.277081,41.291532]]}},{"type":"Feature","properties":{"agency":"CTrail","color":"#ED0A28","description":"Shore Line East","route":"Shore Line East","routeId":"SLE","shapeId":"osm-4433102-218667008","source":"OpenStreetMap","sourceUrl":"https://www.openstreetmap.org/copyright"},"geometry":{"type":"LineString","coordinates":[[-72.219849,41.307794],[-72.219679,41.307977]]}},{"type":"Feature","properties":{"agency":"CTrail","color":"#ED0A28","description":"Shore Line East","route":"Shore Line East","routeId":"SLE","shapeId":"osm-4433102-218667009","source":"OpenStreetMap","sourceUrl":"https://www.openstreetmap.org/copyright"},"geometry":{"type":"LineString","coordinates":[[-72.248589,41.299579],[-72.248991,41.299584]]}},{"type":"Feature","properties":{"agency":"CTrail","color":"#ED0A28","description":"Shore Line East","route":"Shore Line East","routeId":"SLE","shapeId":"osm-4433102-218667011","source":"OpenStreetMap","sourceUrl":"https://www.openstreetmap.org/copyright"},"geometry":{"type":"LineString","coordinates":[[-72.248992,41.299547],[-72.24859,41.299544]]}},{"type":"Feature","properties":{"agency":"CTrail","color":"#ED0A28","description":"Shore Line East","route":"Shore Line East","routeId":"SLE","shapeId":"osm-4433102-218667012","source":"OpenStreetMap","sourceUrl":"https://www.openstreetmap.org/copyright"},"geometry":{"type":"LineString","coordinates":[[-72.277079,41.291498],[-72.2756,41.291509],[-72.275204,41.291516],[-72.274452,41.291543],[-72.274174,41.29156],[-72.273978,41.291578],[-72.273574,41.291616],[-72.273108,41.291677],[-72.272521,41.291786],[-72.272164,41.291868],[-72.271759,41.291965],[-72.271342,41.292083],[-72.270995,41.292194],[-72.269453,41.292747],[-72.2673,41.293545],[-72.265439,41.294232]]}},{"type":"Feature","properties":{"agency":"CTrail","color":"#ED0A28","description":"Shore Line East","route":"Shore Line East","routeId":"SLE","shapeId":"osm-4433102-218667013","source":"OpenStreetMap","sourceUrl":"https://www.openstreetmap.org/copyright"},"geometry":{"type":"LineString","coordinates":[[-72.257816,41.297077],[-72.257947,41.297027]]}},{"type":"Feature","properties":{"agency":"CTrail","color":"#ED0A28","description":"Shore Line East","route":"Shore Line East","routeId":"SLE","shapeId":"osm-4433102-218667014","source":"OpenStreetMap","sourceUrl":"https://www.openstreetmap.org/copyright"},"geometry":{"type":"LineString","coordinates":[[-72.281504,41.29145],[-72.281357,41.291452]]}},{"type":"Feature","properties":{"agency":"CTrail","color":"#ED0A28","description":"Shore Line East","route":"Shore Line East","routeId":"SLE","shapeId":"osm-4433102-218667015","source":"OpenStreetMap","sourceUrl":"https://www.openstreetmap.org/copyright"},"geometry":{"type":"LineString","coordinates":[[-72.226353,41.302603],[-72.22676,41.302468],[-72.227128,41.302355],[-72.227524,41.302248],[-72.227845,41.302173],[-72.228166,41.302105],[-72.228625,41.302022],[-72.228996,41.301966],[-72.229429,41.301918],[-72.2297,41.301892],[-72.230028,41.301856],[-72.230592,41.301799],[-72.231238,41.301731],[-72.231757,41.301678],[-72.232248,41.301629],[-72.233065,41.301544],[-72.235288,41.301314],[-72.235443,41.301298]]}},{"type":"Feature","properties":{"agency":"CTrail","color":"#ED0A28","description":"Shore Line East","route":"Shore Line East","routeId":"SLE","shapeId":"osm-4433102-218667016","source":"OpenStreetMap","sourceUrl":"https://www.openstreetmap.org/copyright"},"geometry":{"type":"LineString","coordinates":[[-72.248991,41.299584],[-72.249241,41.299584],[-72.249485,41.299582],[-72.249731,41.299574],[-72.249892,41.299568],[-72.250056,41.299558],[-72.250229,41.299544],[-72.250406,41.299527],[-72.250532,41.299512],[-72.250656,41.299496],[-72.250823,41.29947],[-72.250991,41.299443],[-72.251156,41.29941],[-72.251322,41.299375],[-72.251508,41.299332],[-72.251733,41.299271],[-72.251859,41.299236],[-72.251988,41.299197],[-72.252153,41.299144],[-72.252333,41.299085],[-72.252895,41.298881]]}},{"type":"Feature","properties":{"agency":"CTrail","color":"#ED0A28","description":"Shore Line East","route":"Shore Line East","routeId":"SLE","shapeId":"osm-4433102-218667017","source":"OpenStreetMap","sourceUrl":"https://www.openstreetmap.org/copyright"},"geometry":{"type":"LineString","coordinates":[[-72.226205,41.302617],[-72.225372,41.302961],[-72.225011,41.303132],[-72.224707,41.303296],[-72.224376,41.303471],[-72.224136,41.303623],[-72.223911,41.303762],[-72.223595,41.303986],[-72.223246,41.304251],[-72.222832,41.304595],[-72.222464,41.304943],[-72.222028,41.305406],[-72.221744,41.30571],[-72.221357,41.306141],[-72.221151,41.306358],[-72.220848,41.306696],[-72.220284,41.30731],[-72.219849,41.307794]]}},{"type":"Feature","properties":{"agency":"CTrail","color":"#ED0A28","description":"Shore Line East","route":"Shore Line East","routeId":"SLE","shapeId":"osm-4433102-218667018","source":"OpenStreetMap","sourceUrl":"https://www.openstreetmap.org/copyright"},"geometry":{"type":"LineString","coordinates":[[-72.219885,41.307813],[-72.220322,41.307329],[-72.220886,41.306715],[-72.221189,41.306378],[-72.221395,41.306161],[-72.221782,41.30573],[-72.222066,41.305426],[-72.222501,41.304963],[-72.222868,41.304617],[-72.22328,41.304275],[-72.223627,41.304011],[-72.223942,41.303788],[-72.224165,41.30365],[-72.224404,41.303498],[-72.224734,41.303324],[-72.225037,41.303161],[-72.225396,41.302991],[-72.226225,41.302648]]}},{"type":"Feature","properties":{"agency":"CTrail","color":"#ED0A28","description":"Shore Line East","route":"Shore Line East","routeId":"SLE","shapeId":"osm-4433102-218667019","source":"OpenStreetMap","sourceUrl":"https://www.openstreetmap.org/copyright"},"geometry":{"type":"LineString","coordinates":[[-72.252874,41.298848],[-72.252311,41.299049],[-72.252135,41.299109],[-72.252056,41.299134],[-72.251965,41.299163],[-72.251852,41.299197],[-72.251709,41.299237],[-72.251604,41.299266],[-72.251461,41.299303],[-72.251298,41.29934],[-72.251142,41.299374],[-72.250978,41.299405],[-72.250813,41.299433],[-72.250646,41.299457],[-72.25052,41.299474],[-72.25039,41.29949],[-72.25022,41.299506],[-72.250052,41.299518],[-72.249861,41.29953],[-72.249654,41.299539],[-72.249453,41.299544],[-72.24924,41.299547],[-72.248992,41.299547]]}},{"type":"Feature","properties":{"agency":"CTrail","color":"#ED0A28","description":"Shore Line East","route":"Shore Line East","routeId":"SLE","shapeId":"osm-4433102-218667020","source":"OpenStreetMap","sourceUrl":"https://www.openstreetmap.org/copyright"},"geometry":{"type":"LineString","coordinates":[[-72.219719,41.307997],[-72.219885,41.307813]]}},{"type":"Feature","properties":{"agency":"CTrail","color":"#ED0A28","description":"Shore Line East","route":"Shore Line East","routeId":"SLE","shapeId":"osm-4433102-218667021","source":"OpenStreetMap","sourceUrl":"https://www.openstreetmap.org/copyright"},"geometry":{"type":"LineString","coordinates":[[-72.237462,41.30105],[-72.237312,41.301065]]}},{"type":"Feature","properties":{"agency":"CTrail","color":"#ED0A28","description":"Shore Line East","route":"Shore Line East","routeId":"SLE","shapeId":"osm-4433102-218667022","source":"OpenStreetMap","sourceUrl":"https://www.openstreetmap.org/copyright"},"geometry":{"type":"LineString","coordinates":[[-72.243984,41.29998],[-72.243338,41.300167],[-72.242726,41.300334],[-72.242306,41.300451],[-72.242001,41.300516],[-72.241699,41.300577],[-72.241522,41.300607],[-72.241317,41.300638],[-72.241116,41.300663],[-72.240919,41.300687],[-72.240548,41.300728],[-72.240164,41.300768],[-72.239406,41.300849]]}},{"type":"Feature","properties":{"agency":"CTrail","color":"#ED0A28","description":"Shore Line East","route":"Shore Line East","routeId":"SLE","shapeId":"osm-4433102-218667023","source":"OpenStreetMap","sourceUrl":"https://www.openstreetmap.org/copyright"},"geometry":{"type":"LineString","coordinates":[[-72.235437,41.301264],[-72.235281,41.30128],[-72.232244,41.301595],[-72.231753,41.301641],[-72.23123,41.301697],[-72.230585,41.301762],[-72.230017,41.301822],[-72.229688,41.301858],[-72.229422,41.301883],[-72.228988,41.301932],[-72.228615,41.301989],[-72.228155,41.302071],[-72.227832,41.302139],[-72.227509,41.302215],[-72.227112,41.302322],[-72.226742,41.302436],[-72.226333,41.302573]]}},{"type":"Feature","properties":{"agency":"CTrail","color":"#ED0A28","description":"Shore Line East","route":"Shore Line East","routeId":"SLE","shapeId":"osm-4433102-218667024","source":"OpenStreetMap","sourceUrl":"https://www.openstreetmap.org/copyright"},"geometry":{"type":"LineString","coordinates":[[-72.226333,41.302573],[-72.226205,41.302617]]}},{"type":"Feature","properties":{"agency":"CTrail","color":"#ED0A28","description":"Shore Line East","route":"Shore Line East","routeId":"SLE","shapeId":"osm-4433102-218673080","source":"OpenStreetMap","sourceUrl":"https://www.openstreetmap.org/copyright"},"geometry":{"type":"LineString","coordinates":[[-72.208598,41.315579],[-72.208434,41.315656]]}},{"type":"Feature","properties":{"agency":"CTrail","color":"#ED0A28","description":"Shore Line East","route":"Shore Line East","routeId":"SLE","shapeId":"osm-4433102-218673081","source":"OpenStreetMap","sourceUrl":"https://www.openstreetmap.org/copyright"},"geometry":{"type":"LineString","coordinates":[[-72.219679,41.307977],[-72.219292,41.3084],[-72.218913,41.308828],[-72.218567,41.309189],[-72.21799,41.309828],[-72.217604,41.31025],[-72.217281,41.310594],[-72.217049,41.31084],[-72.216816,41.311084],[-72.216539,41.311354],[-72.216221,41.311634],[-72.215928,41.311875],[-72.215614,41.31211],[-72.215324,41.312308],[-72.214917,41.312569],[-72.214536,41.3128],[-72.214271,41.312939],[-72.213774,41.313189],[-72.213023,41.31354],[-72.212131,41.313951],[-72.211121,41.314399],[-72.209238,41.315287],[-72.208598,41.315579]]}},{"type":"Feature","properties":{"agency":"CTrail","color":"#ED0A28","description":"Shore Line East","route":"Shore Line East","routeId":"SLE","shapeId":"osm-4433102-218673391","source":"OpenStreetMap","sourceUrl":"https://www.openstreetmap.org/copyright"},"geometry":{"type":"LineString","coordinates":[[-72.177629,41.322815],[-72.177313,41.322673]]}},{"type":"Feature","properties":{"agency":"CTrail","color":"#ED0A28","description":"Shore Line East","route":"Shore Line East","routeId":"SLE","shapeId":"osm-4433102-218673392","source":"OpenStreetMap","sourceUrl":"https://www.openstreetmap.org/copyright"},"geometry":{"type":"LineString","coordinates":[[-72.195579,41.321579],[-72.194933,41.321876],[-72.193577,41.32249],[-72.192703,41.322877],[-72.19195,41.32318],[-72.191162,41.323451],[-72.190344,41.323683],[-72.189681,41.323848],[-72.188724,41.324045],[-72.187842,41.324212],[-72.187053,41.324343],[-72.186495,41.32441],[-72.186153,41.324451],[-72.185651,41.324491],[-72.185156,41.324521],[-72.184695,41.324526],[-72.184203,41.324515],[-72.183749,41.324492],[-72.183293,41.324458],[-72.182865,41.324413],[-72.18233,41.324341],[-72.181905,41.324266],[-72.181539,41.324195],[-72.181153,41.324109],[-72.180746,41.324004],[-72.180287,41.323873],[-72.179854,41.323733],[-72.179088,41.323441]]}},{"type":"Feature","properties":{"agency":"CTrail","color":"#ED0A28","description":"Shore Line East","route":"Shore Line East","routeId":"SLE","shapeId":"osm-4433102-218674416","source":"OpenStreetMap","sourceUrl":"https://www.openstreetmap.org/copyright"},"geometry":{"type":"LineString","coordinates":[[-72.156274,41.318731],[-72.156162,41.318764]]}},{"type":"Feature","properties":{"agency":"CTrail","color":"#ED0A28","description":"Shore Line East","route":"Shore Line East","routeId":"SLE","shapeId":"osm-4433102-218674417","source":"OpenStreetMap","sourceUrl":"https://www.openstreetmap.org/copyright"},"geometry":{"type":"LineString","coordinates":[[-72.147828,41.325442],[-72.148559,41.3245],[-72.149006,41.323915],[-72.149269,41.323565],[-72.149741,41.32296],[-72.150088,41.322512],[-72.150464,41.322026],[-72.150809,41.321606],[-72.151265,41.321119],[-72.151504,41.32088],[-72.151896,41.320557],[-72.152244,41.320295],[-72.152624,41.320058],[-72.153021,41.319844],[-72.153353,41.31969],[-72.15376,41.319519],[-72.154041,41.319417],[-72.15455,41.319257],[-72.155025,41.31912],[-72.156177,41.318794]]}},{"type":"Feature","properties":{"agency":"CTrail","color":"#ED0A28","description":"Shore Line East","route":"Shore Line East","routeId":"SLE","shapeId":"osm-4433102-218674418","source":"OpenStreetMap","sourceUrl":"https://www.openstreetmap.org/copyright"},"geometry":{"type":"LineString","coordinates":[[-72.147662,41.325658],[-72.147828,41.325442]]}},{"type":"Feature","properties":{"agency":"CTrail","color":"#ED0A28","description":"Shore Line East","route":"Shore Line East","routeId":"SLE","shapeId":"osm-4433102-218674421","source":"OpenStreetMap","sourceUrl":"https://www.openstreetmap.org/copyright"},"geometry":{"type":"LineString","coordinates":[[-72.175202,41.321694],[-72.174884,41.321542],[-72.174489,41.321326],[-72.174164,41.321126],[-72.173874,41.32093],[-72.173617,41.320744],[-72.173374,41.320555],[-72.173009,41.320253],[-72.17261,41.319853],[-72.172218,41.31946],[-72.171693,41.318925],[-72.171189,41.318427],[-72.170906,41.318176],[-72.17066,41.317972],[-72.170444,41.317823],[-72.170173,41.317644],[-72.16987,41.317461],[-72.169589,41.317317],[-72.169221,41.317145],[-72.168882,41.317006],[-72.168437,41.316852],[-72.168094,41.316756],[-72.167658,41.316645],[-72.16732,41.316583],[-72.166926,41.316522],[-72.166539,41.316479],[-72.166196,41.316452],[-72.165847,41.31644],[-72.16549,41.316443],[-72.165066,41.316466],[-72.16465,41.316504],[-72.164192,41.316573],[-72.163719,41.31667],[-72.162631,41.31695],[-72.162326,41.317034],[-72.162001,41.317127],[-72.160488,41.317549],[-72.159814,41.317738],[-72.156274,41.318731]]}},{"type":"Feature","properties":{"agency":"CTrail","color":"#ED0A28","description":"Shore Line East","route":"Shore Line East","routeId":"SLE","shapeId":"osm-4433102-218674619","source":"OpenStreetMap","sourceUrl":"https://www.openstreetmap.org/copyright"},"geometry":{"type":"LineString","coordinates":[[-72.147617,41.325639],[-72.147215,41.326218],[-72.147135,41.326335],[-72.147024,41.326521],[-72.146904,41.326739],[-72.146799,41.326976],[-72.146646,41.327344],[-72.146497,41.327783],[-72.146273,41.32842],[-72.146137,41.32882],[-72.145991,41.329235],[-72.145868,41.329601],[-72.145732,41.329907],[-72.14561,41.330177],[-72.145441,41.330477],[-72.145286,41.330734],[-72.14511,41.331],[-72.144919,41.331265],[-72.144673,41.331573],[-72.14445,41.331817],[-72.144237,41.332026],[-72.14387,41.332351],[-72.143632,41.332526],[-72.143206,41.33281],[-72.142684,41.333105],[-72.141876,41.333454],[-72.140389,41.334028],[-72.139995,41.334185],[-72.139294,41.334475],[-72.138273,41.334871],[-72.137141,41.335318],[-72.136269,41.335665]]}},{"type":"Feature","properties":{"agency":"CTrail","color":"#ED0A28","description":"Shore Line East","route":"Shore Line East","routeId":"SLE","shapeId":"osm-4433102-218674622","source":"OpenStreetMap","sourceUrl":"https://www.openstreetmap.org/copyright"},"geometry":{"type":"LineString","coordinates":[[-72.098776,41.343511],[-72.098936,41.343073],[-72.09918,41.342415],[-72.099203,41.342351]]}},{"type":"Feature","properties":{"agency":"CTrail","color":"#ED0A28","description":"Shore Line East","route":"Shore Line East","routeId":"SLE","shapeId":"osm-4433102-218674623","source":"OpenStreetMap","sourceUrl":"https://www.openstreetmap.org/copyright"},"geometry":{"type":"LineString","coordinates":[[-72.098727,41.3435],[-72.098683,41.343629]]}},{"type":"Feature","properties":{"agency":"CTrail","color":"#ED0A28","description":"Shore Line East","route":"Shore Line East","routeId":"SLE","shapeId":"osm-4433102-218674625","source":"OpenStreetMap","sourceUrl":"https://www.openstreetmap.org/copyright"},"geometry":{"type":"LineString","coordinates":[[-72.097242,41.348052],[-72.097263,41.347962],[-72.097338,41.34768],[-72.097385,41.347513],[-72.097471,41.347199],[-72.097507,41.347065],[-72.097559,41.346878],[-72.097614,41.346692],[-72.097692,41.346451],[-72.097906,41.345856],[-72.098351,41.344654]]}},{"type":"Feature","properties":{"agency":"CTrail","color":"#ED0A28","description":"Shore Line East","route":"Shore Line East","routeId":"SLE","shapeId":"osm-4433102-218674626","source":"OpenStreetMap","sourceUrl":"https://www.openstreetmap.org/copyright"},"geometry":{"type":"LineString","coordinates":[[-72.147782,41.325423],[-72.147617,41.325639]]}},{"type":"Feature","properties":{"agency":"CTrail","color":"#ED0A28","description":"Shore Line East","route":"Shore Line East","routeId":"SLE","shapeId":"osm-4433102-218674627","source":"OpenStreetMap","sourceUrl":"https://www.openstreetmap.org/copyright"},"geometry":{"type":"LineString","coordinates":[[-72.099164,41.342325],[-72.099114,41.342459],[-72.098887,41.343066],[-72.098727,41.3435]]}},{"type":"Feature","properties":{"agency":"CTrail","color":"#ED0A28","description":"Shore Line East","route":"Shore Line East","routeId":"SLE","shapeId":"osm-4433102-218674628","source":"OpenStreetMap","sourceUrl":"https://www.openstreetmap.org/copyright"},"geometry":{"type":"LineString","coordinates":[[-72.098728,41.343638],[-72.098776,41.343511]]}},{"type":"Feature","properties":{"agency":"CTrail","color":"#ED0A28","description":"Shore Line East","route":"Shore Line East","routeId":"SLE","shapeId":"osm-4433102-218674629","source":"OpenStreetMap","sourceUrl":"https://www.openstreetmap.org/copyright"},"geometry":{"type":"LineString","coordinates":[[-72.156162,41.318764],[-72.155006,41.319082],[-72.15453,41.319219],[-72.154018,41.31938],[-72.153735,41.319483],[-72.153326,41.319654],[-72.152991,41.31981],[-72.152591,41.320026],[-72.152208,41.320265],[-72.151857,41.320528],[-72.151462,41.320854],[-72.151222,41.321095],[-72.150764,41.321584],[-72.150418,41.322005],[-72.150041,41.322491],[-72.149694,41.322939],[-72.149222,41.323545],[-72.148959,41.323894],[-72.148512,41.324479],[-72.147782,41.325423]]}},{"type":"Feature","properties":{"agency":"CTrail","color":"#ED0A28","description":"Shore Line East","route":"Shore Line East","routeId":"SLE","shapeId":"osm-4433102-218674630","source":"OpenStreetMap","sourceUrl":"https://www.openstreetmap.org/copyright"},"geometry":{"type":"LineString","coordinates":[[-72.09923,41.342134],[-72.099164,41.342325]]}},{"type":"Feature","properties":{"agency":"CTrail","color":"#ED0A28","description":"Shore Line East","route":"Shore Line East","routeId":"SLE","shapeId":"osm-4433102-218675988","source":"OpenStreetMap","sourceUrl":"https://www.openstreetmap.org/copyright"},"geometry":{"type":"LineString","coordinates":[[-72.096681,41.360406],[-72.096634,41.360511],[-72.096599,41.360585],[-72.096559,41.360657],[-72.096526,41.360714],[-72.096458,41.360823],[-72.096331,41.360995]]}},{"type":"Feature","properties":{"agency":"CTrail","color":"#ED0A28","description":"Shore Line East","route":"Shore Line East","routeId":"SLE","shapeId":"osm-4433102-218675989","source":"OpenStreetMap","sourceUrl":"https://www.openstreetmap.org/copyright"},"geometry":{"type":"LineString","coordinates":[[-72.096375,41.361011],[-72.096482,41.360865],[-72.09658,41.360713],[-72.096618,41.360647],[-72.096653,41.360583],[-72.096689,41.360508],[-72.096719,41.360437]]}},{"type":"Feature","properties":{"agency":"CTrail","color":"#ED0A28","description":"Shore Line East","route":"Shore Line East","routeId":"SLE","shapeId":"osm-4433102-218675990","source":"OpenStreetMap","sourceUrl":"https://www.openstreetmap.org/copyright"},"geometry":{"type":"LineString","coordinates":[[-72.09719,41.348045],[-72.097048,41.348589],[-72.096929,41.349021]]}},{"type":"Feature","properties":{"agency":"CTrail","color":"#ED0A28","description":"Shore Line East","route":"Shore Line East","routeId":"SLE","shapeId":"osm-4433102-218675991","source":"OpenStreetMap","sourceUrl":"https://www.openstreetmap.org/copyright"},"geometry":{"type":"LineString","coordinates":[[-72.097931,41.345648],[-72.097856,41.345846],[-72.097648,41.346427],[-72.097532,41.346796],[-72.097456,41.347057],[-72.097294,41.347649],[-72.097214,41.347952],[-72.09719,41.348045]]}},{"type":"Feature","properties":{"agency":"CTrail","color":"#ED0A28","description":"Shore Line East","route":"Shore Line East","routeId":"SLE","shapeId":"osm-4433102-218675992","source":"OpenStreetMap","sourceUrl":"https://www.openstreetmap.org/copyright"},"geometry":{"type":"LineString","coordinates":[[-72.096331,41.360995],[-72.096205,41.36114]]}},{"type":"Feature","properties":{"agency":"CTrail","color":"#ED0A28","description":"Shore Line East","route":"Shore Line East","routeId":"SLE","shapeId":"osm-4433102-218675993","source":"OpenStreetMap","sourceUrl":"https://www.openstreetmap.org/copyright"},"geometry":{"type":"LineString","coordinates":[[-72.096719,41.360437],[-72.096762,41.360335]]}},{"type":"Feature","properties":{"agency":"CTrail","color":"#ED0A28","description":"Shore Line East","route":"Shore Line East","routeId":"SLE","shapeId":"osm-4433102-218675995","source":"OpenStreetMap","sourceUrl":"https://www.openstreetmap.org/copyright"},"geometry":{"type":"LineString","coordinates":[[-72.094809,41.352188],[-72.094291,41.352557],[-72.094255,41.352583],[-72.094033,41.352748],[-72.093866,41.35288],[-72.093707,41.353011],[-72.093628,41.353084],[-72.093551,41.353157],[-72.093467,41.353236],[-72.093403,41.353299],[-72.09331,41.353399],[-72.093166,41.353564],[-72.093098,41.353651],[-72.093066,41.353696],[-72.093018,41.353769],[-72.092974,41.353846],[-72.092933,41.353928],[-72.092896,41.354008],[-72.092865,41.354099],[-72.092844,41.354174],[-72.092829,41.354238],[-72.09282,41.354308],[-72.092804,41.35445],[-72.092804,41.354546],[-72.09281,41.354642]]}},{"type":"Feature","properties":{"agency":"CTrail","color":"#ED0A28","description":"Shore Line East","route":"Shore Line East","routeId":"SLE","shapeId":"osm-4433102-218675996","source":"OpenStreetMap","sourceUrl":"https://www.openstreetmap.org/copyright"},"geometry":{"type":"LineString","coordinates":[[-72.096244,41.361161],[-72.096375,41.361011]]}},{"type":"Feature","properties":{"agency":"CTrail","color":"#ED0A28","description":"Shore Line East","route":"Shore Line East","routeId":"SLE","shapeId":"osm-4433102-218675997","source":"OpenStreetMap","sourceUrl":"https://www.openstreetmap.org/copyright"},"geometry":{"type":"LineString","coordinates":[[-72.096205,41.36114],[-72.09597,41.361365],[-72.095817,41.361487],[-72.095611,41.361634],[-72.095463,41.361721],[-72.095308,41.361803],[-72.095123,41.361888],[-72.095031,41.361927],[-72.094957,41.361956],[-72.094832,41.362004],[-72.094689,41.362049],[-72.094589,41.362081],[-72.094489,41.362112],[-72.094318,41.362161],[-72.094223,41.362186],[-72.094127,41.36221],[-72.094023,41.362236]]}},{"type":"Feature","properties":{"agency":"CTrail","color":"#ED0A28","description":"Shore Line East","route":"Shore Line East","routeId":"SLE","shapeId":"osm-4433102-218675998","source":"OpenStreetMap","sourceUrl":"https://www.openstreetmap.org/copyright"},"geometry":{"type":"LineString","coordinates":[[-72.096975,41.349028],[-72.097096,41.348596],[-72.097242,41.348052]]}},{"type":"Feature","properties":{"agency":"CTrail","color":"#ED0A28","description":"Shore Line East","route":"Shore Line East","routeId":"SLE","shapeId":"osm-4433102-218675999","source":"OpenStreetMap","sourceUrl":"https://www.openstreetmap.org/copyright"},"geometry":{"type":"LineString","coordinates":[[-72.096722,41.360303],[-72.096681,41.360406]]}},{"type":"Feature","properties":{"agency":"CTrail","color":"#ED0A28","description":"Shore Line East","route":"Shore Line East","routeId":"SLE","shapeId":"osm-4433102-218676001","source":"OpenStreetMap","sourceUrl":"https://www.openstreetmap.org/copyright"},"geometry":{"type":"LineString","coordinates":[[-72.094551,41.356771],[-72.094304,41.356592],[-72.094044,41.356404],[-72.093888,41.356288],[-72.093743,41.356173],[-72.093637,41.356085],[-72.093527,41.355982],[-72.093444,41.355896],[-72.093369,41.35581],[-72.093211,41.355604],[-72.093121,41.355458],[-72.093054,41.355328],[-72.09301,41.355238],[-72.092972,41.355139],[-72.092931,41.355004],[-72.09289,41.354849],[-72.09287,41.354745],[-72.092859,41.354639],[-72.092851,41.354545],[-72.092853,41.35445],[-72.092865,41.354328],[-72.092885,41.354206],[-72.092906,41.354119],[-72.092937,41.354023],[-72.092979,41.353931],[-72.093018,41.35386],[-72.093062,41.353781],[-72.09311,41.353711],[-72.093207,41.353585],[-72.093266,41.353512],[-72.093367,41.353404],[-72.093432,41.353334],[-72.093521,41.353245],[-72.093593,41.353176],[-72.093666,41.353106],[-72.093792,41.352994],[-72.093885,41.352915],[-72.093993,41.35283],[-72.094206,41.352666],[-72.094322,41.352583],[-72.094598,41.352385]]}},{"type":"Feature","properties":{"agency":"CTrail","color":"#ED0A28","description":"Shore Line East","route":"Shore Line East","routeId":"SLE","shapeId":"osm-4433102-218676622","source":"OpenStreetMap","sourceUrl":"https://www.openstreetmap.org/copyright"},"geometry":{"type":"LineString","coordinates":[[-72.093318,41.362438],[-72.094036,41.36227]]}},{"type":"Feature","properties":{"agency":"CTrail","color":"#ED0A28","description":"Shore Line East","route":"Shore Line East","routeId":"SLE","shapeId":"osm-4433102-218676626","source":"OpenStreetMap","sourceUrl":"https://www.openstreetmap.org/copyright"},"geometry":{"type":"LineString","coordinates":[[-72.082608,41.363495],[-72.08244,41.363492]]}},{"type":"Feature","properties":{"agency":"CTrail","color":"#ED0A28","description":"Shore Line East","route":"Shore Line East","routeId":"SLE","shapeId":"osm-4433102-218676634","source":"OpenStreetMap","sourceUrl":"https://www.openstreetmap.org/copyright"},"geometry":{"type":"LineString","coordinates":[[-72.091071,41.362839],[-72.091184,41.362825],[-72.091339,41.362804],[-72.091598,41.362764],[-72.091764,41.362737],[-72.092045,41.36269],[-72.09224,41.362654]]}},{"type":"Feature","properties":{"agency":"CTrail","color":"#ED0A28","description":"Shore Line East","route":"Shore Line East","routeId":"SLE","shapeId":"osm-4433102-218676638","source":"OpenStreetMap","sourceUrl":"https://www.openstreetmap.org/copyright"},"geometry":{"type":"LineString","coordinates":[[-72.094036,41.36227],[-72.094168,41.362237],[-72.09431,41.362201],[-72.094503,41.362151],[-72.094641,41.36211],[-72.09477,41.362066],[-72.094892,41.362023],[-72.094975,41.361992],[-72.095157,41.361915],[-72.095336,41.361832],[-72.095431,41.361783],[-72.095533,41.361727],[-72.095677,41.361638],[-72.095833,41.361526],[-72.09601,41.36139],[-72.096244,41.361161]]}},{"type":"Feature","properties":{"agency":"CTrail","color":"#ED0A28","description":"Shore Line East","route":"Shore Line East","routeId":"SLE","shapeId":"osm-4433102-218676640","source":"OpenStreetMap","sourceUrl":"https://www.openstreetmap.org/copyright"},"geometry":{"type":"LineString","coordinates":[[-72.09224,41.362654],[-72.092531,41.362598]]}},{"type":"Feature","properties":{"agency":"CTrail","color":"#ED0A28","description":"Shore Line East","route":"Shore Line East","routeId":"SLE","shapeId":"osm-4433102-218676643","source":"OpenStreetMap","sourceUrl":"https://www.openstreetmap.org/copyright"},"geometry":{"type":"LineString","coordinates":[[-72.092531,41.362598],[-72.09301,41.362504],[-72.093303,41.362443],[-72.093318,41.362438]]}},{"type":"Feature","properties":{"agency":"CTrail","color":"#ED0A28","description":"Shore Line East","route":"Shore Line East","routeId":"SLE","shapeId":"osm-4433102-218676646","source":"OpenStreetMap","sourceUrl":"https://www.openstreetmap.org/copyright"},"geometry":{"type":"LineString","coordinates":[[-72.089972,41.362924],[-72.087963,41.363089]]}},{"type":"Feature","properties":{"agency":"CTrail","color":"#ED0A28","description":"Shore Line East","route":"Shore Line East","routeId":"SLE","shapeId":"osm-4433102-218676652","source":"OpenStreetMap","sourceUrl":"https://www.openstreetmap.org/copyright"},"geometry":{"type":"LineString","coordinates":[[-72.082596,41.363532],[-72.08262,41.363533],[-72.082761,41.363532],[-72.082937,41.363528],[-72.083131,41.363519],[-72.083357,41.363504],[-72.083535,41.36349],[-72.083812,41.363469],[-72.083864,41.363464]]}},{"type":"Feature","properties":{"agency":"CTrail","color":"#ED0A28","description":"Shore Line East","route":"Shore Line East","routeId":"SLE","shapeId":"osm-4433102-218676656","source":"OpenStreetMap","sourceUrl":"https://www.openstreetmap.org/copyright"},"geometry":{"type":"LineString","coordinates":[[-72.082426,41.363528],[-72.082596,41.363532]]}},{"type":"Feature","properties":{"agency":"CTrail","color":"#ED0A28","description":"Shore Line East","route":"Shore Line East","routeId":"SLE","shapeId":"osm-4433102-218676660","source":"OpenStreetMap","sourceUrl":"https://www.openstreetmap.org/copyright"},"geometry":{"type":"LineString","coordinates":[[-72.084845,41.363345],[-72.084202,41.363398],[-72.08388,41.363424],[-72.083662,41.363441],[-72.083434,41.363459],[-72.083143,41.363481],[-72.082941,41.36349],[-72.082736,41.363494],[-72.082641,41.363495],[-72.082608,41.363495]]}},{"type":"Feature","properties":{"agency":"CTrail","color":"#ED0A28","description":"Shore Line East","route":"Shore Line East","routeId":"SLE","shapeId":"osm-4433102-218676666","source":"OpenStreetMap","sourceUrl":"https://www.openstreetmap.org/copyright"},"geometry":{"type":"LineString","coordinates":[[-72.090838,41.362867],[-72.091071,41.362839]]}},{"type":"Feature","properties":{"agency":"CTrail","color":"#ED0A28","description":"Shore Line East","route":"Shore Line East","routeId":"SLE","shapeId":"osm-4433102-218677169","source":"OpenStreetMap","sourceUrl":"https://www.openstreetmap.org/copyright"},"geometry":{"type":"LineString","coordinates":[[-72.08244,41.363492],[-72.082374,41.36349],[-72.082101,41.363473],[-72.081972,41.363461],[-72.081784,41.363439],[-72.081676,41.363423],[-72.081573,41.363406],[-72.081471,41.363389],[-72.081346,41.363365],[-72.081189,41.363333],[-72.081058,41.363303],[-72.080904,41.363267],[-72.080728,41.363224],[-72.080353,41.36312],[-72.080163,41.363064],[-72.080095,41.363043],[-72.079915,41.362987],[-72.079681,41.362913],[-72.079459,41.362843],[-72.079256,41.362777],[-72.079095,41.362724],[-72.078725,41.362602]]}},{"type":"Feature","properties":{"agency":"CTrail","color":"#ED0A28","description":"Shore Line East","route":"Shore Line East","routeId":"SLE","shapeId":"osm-4433102-218678485","source":"OpenStreetMap","sourceUrl":"https://www.openstreetmap.org/copyright"},"geometry":{"type":"LineString","coordinates":[[-72.064877,41.35418],[-72.064989,41.354479],[-72.065192,41.354959],[-72.065379,41.355295],[-72.065518,41.35553],[-72.065685,41.35578],[-72.065864,41.356026],[-72.066137,41.356383],[-72.066521,41.356838],[-72.066976,41.357318],[-72.067528,41.357808],[-72.067874,41.358109],[-72.067922,41.358151],[-72.068511,41.358613],[-72.068871,41.358849],[-72.069207,41.359059],[-72.069553,41.359268],[-72.069817,41.359418],[-72.070193,41.359624],[-72.070546,41.359802],[-72.070939,41.359986],[-72.071116,41.360067],[-72.071286,41.36014],[-72.071468,41.360216],[-72.071557,41.360253],[-72.071656,41.360292],[-72.071784,41.360342],[-72.071921,41.360394],[-72.072199,41.36049],[-72.072413,41.360563],[-72.072644,41.36064],[-72.073086,41.360784],[-72.074124,41.361126],[-72.074496,41.361249],[-72.074995,41.361413],[-72.075527,41.361589],[-72.075888,41.361707],[-72.076542,41.361924],[-72.077436,41.362216]]}},{"type":"Feature","properties":{"agency":"CTrail","color":"#ED0A28","description":"Shore Line East","route":"Shore Line East","routeId":"SLE","shapeId":"osm-4433102-218731376","source":"OpenStreetMap","sourceUrl":"https://www.openstreetmap.org/copyright"},"geometry":{"type":"LineString","coordinates":[[-72.449732,41.289098],[-72.449874,41.289108]]}},{"type":"Feature","properties":{"agency":"CTrail","color":"#ED0A28","description":"Shore Line East","route":"Shore Line East","routeId":"SLE","shapeId":"osm-4433102-218731377","source":"OpenStreetMap","sourceUrl":"https://www.openstreetmap.org/copyright"},"geometry":{"type":"LineString","coordinates":[[-72.451945,41.289263],[-72.452152,41.289275]]}},{"type":"Feature","properties":{"agency":"CTrail","color":"#ED0A28","description":"Shore Line East","route":"Shore Line East","routeId":"SLE","shapeId":"osm-4433102-218731378","source":"OpenStreetMap","sourceUrl":"https://www.openstreetmap.org/copyright"},"geometry":{"type":"LineString","coordinates":[[-72.473967,41.281144],[-72.473799,41.281194]]}},{"type":"Feature","properties":{"agency":"CTrail","color":"#ED0A28","description":"Shore Line East","route":"Shore Line East","routeId":"SLE","shapeId":"osm-4433102-218731380","source":"OpenStreetMap","sourceUrl":"https://www.openstreetmap.org/copyright"},"geometry":{"type":"LineString","coordinates":[[-72.475626,41.280669],[-72.477963,41.279946],[-72.483689,41.278176],[-72.485417,41.277638],[-72.487745,41.276918],[-72.488494,41.276682],[-72.489297,41.27646],[-72.489718,41.276348],[-72.490351,41.276182],[-72.491277,41.275974],[-72.492146,41.275804],[-72.49254,41.275743],[-72.493075,41.275665],[-72.493762,41.275596],[-72.494319,41.275545],[-72.495193,41.275503],[-72.495943,41.275494],[-72.496942,41.275494],[-72.497733,41.275521],[-72.498291,41.275556],[-72.49897,41.275624],[-72.499484,41.275682],[-72.499733,41.275712],[-72.500153,41.275773],[-72.50092,41.275897],[-72.501458,41.276002],[-72.502591,41.276239],[-72.504136,41.276575],[-72.509399,41.277722],[-72.511543,41.278194],[-72.512771,41.278451],[-72.513532,41.278589],[-72.513956,41.278659],[-72.514361,41.278711],[-72.514885,41.278772],[-72.515479,41.278835],[-72.516469,41.278902],[-72.516979,41.27894],[-72.517696,41.278982],[-72.519428,41.279079],[-72.523762,41.279322],[-72.523812,41.279325]]}},{"type":"Feature","properties":{"agency":"CTrail","color":"#ED0A28","description":"Shore Line East","route":"Shore Line East","routeId":"SLE","shapeId":"osm-4433102-218731381","source":"OpenStreetMap","sourceUrl":"https://www.openstreetmap.org/copyright"},"geometry":{"type":"LineString","coordinates":[[-72.449872,41.289062],[-72.449663,41.289049]]}},{"type":"Feature","properties":{"agency":"CTrail","color":"#ED0A28","description":"Shore Line East","route":"Shore Line East","routeId":"SLE","shapeId":"osm-4433102-218731382","source":"OpenStreetMap","sourceUrl":"https://www.openstreetmap.org/copyright"},"geometry":{"type":"LineString","coordinates":[[-72.452152,41.289275],[-72.452453,41.289296],[-72.453064,41.289333],[-72.453602,41.289349],[-72.454128,41.289362],[-72.454611,41.289364],[-72.455146,41.289358],[-72.455725,41.28934],[-72.457021,41.289268],[-72.457587,41.289209],[-72.458181,41.289133],[-72.458638,41.289061],[-72.459407,41.288915],[-72.460029,41.288748],[-72.460378,41.288648],[-72.46077,41.288515],[-72.461129,41.288386],[-72.46141,41.288274],[-72.461757,41.288121],[-72.462205,41.287913],[-72.46251,41.287759],[-72.46278,41.287608],[-72.463055,41.287439],[-72.463584,41.287109],[-72.464242,41.28663],[-72.465965,41.285344],[-72.467605,41.284101],[-72.468346,41.283566],[-72.468779,41.28328],[-72.469163,41.28304],[-72.469528,41.282828],[-72.469974,41.282593],[-72.470102,41.282532],[-72.470578,41.282312],[-72.471098,41.2821],[-72.471857,41.281834],[-72.472224,41.281717]]}},{"type":"Feature","properties":{"agency":"CTrail","color":"#ED0A28","description":"Shore Line East","route":"Shore Line East","routeId":"SLE","shapeId":"osm-4433102-218731383","source":"OpenStreetMap","sourceUrl":"https://www.openstreetmap.org/copyright"},"geometry":{"type":"LineString","coordinates":[[-72.473821,41.281225],[-72.473976,41.281177]]}},{"type":"Feature","properties":{"agency":"CTrail","color":"#ED0A28","description":"Shore Line East","route":"Shore Line East","routeId":"SLE","shapeId":"osm-4433102-218731384","source":"OpenStreetMap","sourceUrl":"https://www.openstreetmap.org/copyright"},"geometry":{"type":"LineString","coordinates":[[-72.452179,41.289235],[-72.45197,41.289221]]}},{"type":"Feature","properties":{"agency":"CTrail","color":"#ED0A28","description":"Shore Line East","route":"Shore Line East","routeId":"SLE","shapeId":"osm-4433102-218731386","source":"OpenStreetMap","sourceUrl":"https://www.openstreetmap.org/copyright"},"geometry":{"type":"LineString","coordinates":[[-72.449874,41.289108],[-72.450412,41.289141],[-72.451945,41.289263]]}},{"type":"Feature","properties":{"agency":"CTrail","color":"#ED0A28","description":"Shore Line East","route":"Shore Line East","routeId":"SLE","shapeId":"osm-4433102-218731387","source":"OpenStreetMap","sourceUrl":"https://www.openstreetmap.org/copyright"},"geometry":{"type":"LineString","coordinates":[[-72.473799,41.281194],[-72.472207,41.281688]]}},{"type":"Feature","properties":{"agency":"CTrail","color":"#ED0A28","description":"Shore Line East","route":"Shore Line East","routeId":"SLE","shapeId":"osm-4433102-218731388","source":"OpenStreetMap","sourceUrl":"https://www.openstreetmap.org/copyright"},"geometry":{"type":"LineString","coordinates":[[-72.45197,41.289221],[-72.450346,41.289095],[-72.449872,41.289062]]}},{"type":"Feature","properties":{"agency":"CTrail","color":"#ED0A28","description":"Shore Line East","route":"Shore Line East","routeId":"SLE","shapeId":"osm-4433102-218731389","source":"OpenStreetMap","sourceUrl":"https://www.openstreetmap.org/copyright"},"geometry":{"type":"LineString","coordinates":[[-72.449663,41.289049],[-72.448548,41.288961],[-72.448478,41.288956],[-72.447841,41.288903],[-72.44718,41.288855],[-72.446519,41.288792],[-72.442584,41.288495],[-72.440595,41.28834],[-72.43926,41.288234],[-72.43808,41.28814],[-72.435593,41.287947],[-72.432321,41.287687]]}},{"type":"Feature","properties":{"agency":"CTrail","color":"#ED0A28","description":"Shore Line East","route":"Shore Line East","routeId":"SLE","shapeId":"osm-4433102-218733135","source":"OpenStreetMap","sourceUrl":"https://www.openstreetmap.org/copyright"},"geometry":{"type":"LineString","coordinates":[[-72.525137,41.279369],[-72.52496,41.279358]]}},{"type":"Feature","properties":{"agency":"CTrail","color":"#ED0A28","description":"Shore Line East","route":"Shore Line East","routeId":"SLE","shapeId":"osm-4433102-218733144","source":"OpenStreetMap","sourceUrl":"https://www.openstreetmap.org/copyright"},"geometry":{"type":"LineString","coordinates":[[-72.527761,41.279546],[-72.527984,41.279558]]}},{"type":"Feature","properties":{"agency":"CTrail","color":"#ED0A28","description":"Shore Line East","route":"Shore Line East","routeId":"SLE","shapeId":"osm-4433102-218733146","source":"OpenStreetMap","sourceUrl":"https://www.openstreetmap.org/copyright"},"geometry":{"type":"LineString","coordinates":[[-72.525142,41.279399],[-72.525355,41.279415],[-72.525646,41.279426],[-72.527029,41.279504],[-72.527761,41.279546]]}},{"type":"Feature","properties":{"agency":"CTrail","color":"#ED0A28","description":"Shore Line East","route":"Shore Line East","routeId":"SLE","shapeId":"osm-4433102-218733161","source":"OpenStreetMap","sourceUrl":"https://www.openstreetmap.org/copyright"},"geometry":{"type":"LineString","coordinates":[[-72.533571,41.279907],[-72.533741,41.279932]]}},{"type":"Feature","properties":{"agency":"CTrail","color":"#ED0A28","description":"Shore Line East","route":"Shore Line East","routeId":"SLE","shapeId":"osm-4433102-218733165","source":"OpenStreetMap","sourceUrl":"https://www.openstreetmap.org/copyright"},"geometry":{"type":"LineString","coordinates":[[-72.524963,41.279386],[-72.525142,41.279399]]}},{"type":"Feature","properties":{"agency":"CTrail","color":"#ED0A28","description":"Shore Line East","route":"Shore Line East","routeId":"SLE","shapeId":"osm-4433102-218733177","source":"OpenStreetMap","sourceUrl":"https://www.openstreetmap.org/copyright"},"geometry":{"type":"LineString","coordinates":[[-72.523815,41.27929],[-72.523766,41.279287],[-72.51943,41.279051],[-72.517699,41.278954],[-72.516982,41.278912],[-72.516336,41.278864],[-72.515483,41.278807],[-72.51489,41.278744],[-72.514367,41.278683],[-72.513963,41.278632],[-72.51354,41.278561],[-72.512781,41.278424],[-72.511554,41.278166],[-72.509409,41.277695],[-72.504146,41.276548],[-72.502602,41.276211],[-72.501468,41.275974],[-72.500929,41.27587],[-72.50016,41.275745],[-72.49974,41.275684],[-72.49949,41.275654],[-72.498975,41.275596],[-72.498295,41.275528],[-72.497736,41.275493],[-72.496943,41.275466],[-72.495943,41.275466],[-72.495191,41.275475],[-72.494315,41.275517],[-72.493757,41.275568],[-72.493069,41.275637],[-72.492533,41.275715],[-72.492137,41.275776],[-72.491267,41.275947],[-72.490339,41.276155],[-72.489705,41.276321],[-72.489284,41.276434],[-72.488496,41.276651],[-72.487689,41.276902],[-72.486289,41.277333],[-72.485894,41.277453],[-72.485418,41.277604],[-72.48366,41.27814],[-72.477926,41.27992],[-72.475592,41.280639]]}},{"type":"Feature","properties":{"agency":"CTrail","color":"#ED0A28","description":"Shore Line East","route":"Shore Line East","routeId":"SLE","shapeId":"osm-4433102-218734209","source":"OpenStreetMap","sourceUrl":"https://www.openstreetmap.org/copyright"},"geometry":{"type":"LineString","coordinates":[[-72.537873,41.280941],[-72.538658,41.281194],[-72.539344,41.28142],[-72.540038,41.281649],[-72.54074,41.28188],[-72.541939,41.282276],[-72.542937,41.2826],[-72.543931,41.282924],[-72.545566,41.283458],[-72.548148,41.2843],[-72.55029,41.285007],[-72.552935,41.285873],[-72.555398,41.286675],[-72.556415,41.28701],[-72.557045,41.287215],[-72.557874,41.287485],[-72.558899,41.287818],[-72.559014,41.287855],[-72.559966,41.28817],[-72.561207,41.288572],[-72.562606,41.289019]]}},{"type":"Feature","properties":{"agency":"CTrail","color":"#ED0A28","description":"Shore Line East","route":"Shore Line East","routeId":"SLE","shapeId":"osm-4433102-218734210","source":"OpenStreetMap","sourceUrl":"https://www.openstreetmap.org/copyright"},"geometry":{"type":"LineString","coordinates":[[-72.562625,41.288986],[-72.561226,41.288539],[-72.559985,41.288137],[-72.559033,41.287821],[-72.558919,41.287784],[-72.557894,41.287452],[-72.557064,41.287182],[-72.556434,41.286977],[-72.555417,41.286642],[-72.552954,41.28584],[-72.550309,41.284974],[-72.548168,41.284267],[-72.545585,41.283424],[-72.54395,41.282891],[-72.542957,41.282567],[-72.541959,41.282242],[-72.540759,41.281847],[-72.540057,41.281616],[-72.539363,41.281387],[-72.538677,41.28116],[-72.537892,41.280908]]}},{"type":"Feature","properties":{"agency":"CTrail","color":"#ED0A28","description":"Shore Line East","route":"Shore Line East","routeId":"SLE","shapeId":"osm-4433102-218734216","source":"OpenStreetMap","sourceUrl":"https://www.openstreetmap.org/copyright"},"geometry":{"type":"LineString","coordinates":[[-72.533749,41.279896],[-72.533576,41.279878]]}},{"type":"Feature","properties":{"agency":"CTrail","color":"#ED0A28","description":"Shore Line East","route":"Shore Line East","routeId":"SLE","shapeId":"osm-4433102-218734217","source":"OpenStreetMap","sourceUrl":"https://www.openstreetmap.org/copyright"},"geometry":{"type":"LineString","coordinates":[[-72.527984,41.279558],[-72.528077,41.279563],[-72.528798,41.279603],[-72.52966,41.27965],[-72.532187,41.279789],[-72.532491,41.279809]]}},{"type":"Feature","properties":{"agency":"CTrail","color":"#ED0A28","description":"Shore Line East","route":"Shore Line East","routeId":"SLE","shapeId":"osm-4433102-218734218","source":"OpenStreetMap","sourceUrl":"https://www.openstreetmap.org/copyright"},"geometry":{"type":"LineString","coordinates":[[-72.527764,41.279515],[-72.527032,41.279474],[-72.525648,41.279395],[-72.525358,41.279384],[-72.525137,41.279369]]}},{"type":"Feature","properties":{"agency":"CTrail","color":"#ED0A28","description":"Shore Line East","route":"Shore Line East","routeId":"SLE","shapeId":"osm-4433102-218734219","source":"OpenStreetMap","sourceUrl":"https://www.openstreetmap.org/copyright"},"geometry":{"type":"LineString","coordinates":[[-72.527987,41.279529],[-72.527764,41.279515]]}},{"type":"Feature","properties":{"agency":"CTrail","color":"#ED0A28","description":"Shore Line East","route":"Shore Line East","routeId":"SLE","shapeId":"osm-4433102-218734220","source":"OpenStreetMap","sourceUrl":"https://www.openstreetmap.org/copyright"},"geometry":{"type":"LineString","coordinates":[[-72.532496,41.27978],[-72.53219,41.27976],[-72.531005,41.279695],[-72.529663,41.279621],[-72.529646,41.27962],[-72.528802,41.279574],[-72.528078,41.279535],[-72.527987,41.279529]]}},{"type":"Feature","properties":{"agency":"CTrail","color":"#ED0A28","description":"Shore Line East","route":"Shore Line East","routeId":"SLE","shapeId":"osm-4433102-218734222","source":"OpenStreetMap","sourceUrl":"https://www.openstreetmap.org/copyright"},"geometry":{"type":"LineString","coordinates":[[-72.564403,41.289524],[-72.564514,41.289542]]}},{"type":"Feature","properties":{"agency":"CTrail","color":"#ED0A28","description":"Shore Line East","route":"Shore Line East","routeId":"SLE","shapeId":"osm-4433102-218735668","source":"OpenStreetMap","sourceUrl":"https://www.openstreetmap.org/copyright"},"geometry":{"type":"LineString","coordinates":[[-72.633684,41.283061],[-72.638197,41.282502],[-72.639875,41.282283],[-72.64141,41.282087]]}},{"type":"Feature","properties":{"agency":"CTrail","color":"#ED0A28","description":"Shore Line East","route":"Shore Line East","routeId":"SLE","shapeId":"osm-4433102-218735669","source":"OpenStreetMap","sourceUrl":"https://www.openstreetmap.org/copyright"},"geometry":{"type":"LineString","coordinates":[[-72.571062,41.289035],[-72.569969,41.289288],[-72.569089,41.289494],[-72.568507,41.289596],[-72.568179,41.289637],[-72.567885,41.28966],[-72.567229,41.289708],[-72.566487,41.289716],[-72.5658,41.289677],[-72.565183,41.289611],[-72.564838,41.289564]]}},{"type":"Feature","properties":{"agency":"CTrail","color":"#ED0A28","description":"Shore Line East","route":"Shore Line East","routeId":"SLE","shapeId":"osm-4433102-218735670","source":"OpenStreetMap","sourceUrl":"https://www.openstreetmap.org/copyright"},"geometry":{"type":"LineString","coordinates":[[-72.633325,41.283075],[-72.629931,41.28353],[-72.628459,41.283712],[-72.628354,41.283725]]}},{"type":"Feature","properties":{"agency":"CTrail","color":"#ED0A28","description":"Shore Line East","route":"Shore Line East","routeId":"SLE","shapeId":"osm-4433102-218735672","source":"OpenStreetMap","sourceUrl":"https://www.openstreetmap.org/copyright"},"geometry":{"type":"LineString","coordinates":[[-72.56483,41.289594],[-72.565177,41.289641],[-72.565796,41.289707],[-72.566486,41.289747],[-72.567231,41.289738],[-72.56789,41.28969],[-72.568184,41.289667],[-72.568515,41.289626],[-72.569099,41.289523],[-72.569981,41.289317],[-72.571075,41.289064]]}},{"type":"Feature","properties":{"agency":"CTrail","color":"#ED0A28","description":"Shore Line East","route":"Shore Line East","routeId":"SLE","shapeId":"osm-4433102-218735675","source":"OpenStreetMap","sourceUrl":"https://www.openstreetmap.org/copyright"},"geometry":{"type":"LineString","coordinates":[[-72.564838,41.289564],[-72.564523,41.289512],[-72.564418,41.28949]]}},{"type":"Feature","properties":{"agency":"CTrail","color":"#ED0A28","description":"Shore Line East","route":"Shore Line East","routeId":"SLE","shapeId":"osm-4433102-218735679","source":"OpenStreetMap","sourceUrl":"https://www.openstreetmap.org/copyright"},"geometry":{"type":"LineString","coordinates":[[-72.628354,41.283725],[-72.628157,41.283748]]}},{"type":"Feature","properties":{"agency":"CTrail","color":"#ED0A28","description":"Shore Line East","route":"Shore Line East","routeId":"SLE","shapeId":"osm-4433102-218735680","source":"OpenStreetMap","sourceUrl":"https://www.openstreetmap.org/copyright"},"geometry":{"type":"LineString","coordinates":[[-72.644216,41.281663],[-72.642203,41.281942],[-72.640892,41.28211],[-72.639874,41.282237],[-72.638496,41.282424]]}},{"type":"Feature","properties":{"agency":"CTrail","color":"#ED0A28","description":"Shore Line East","route":"Shore Line East","routeId":"SLE","shapeId":"osm-4433102-218735688","source":"OpenStreetMap","sourceUrl":"https://www.openstreetmap.org/copyright"},"geometry":{"type":"LineString","coordinates":[[-72.644211,41.281714],[-72.644583,41.281668]]}},{"type":"Feature","properties":{"agency":"CTrail","color":"#ED0A28","description":"Shore Line East","route":"Shore Line East","routeId":"SLE","shapeId":"osm-4433102-218735693","source":"OpenStreetMap","sourceUrl":"https://www.openstreetmap.org/copyright"},"geometry":{"type":"LineString","coordinates":[[-72.628332,41.28376],[-72.628392,41.283753],[-72.629938,41.28356],[-72.633386,41.283099]]}},{"type":"Feature","properties":{"agency":"CTrail","color":"#ED0A28","description":"Shore Line East","route":"Shore Line East","routeId":"SLE","shapeId":"osm-4433102-218735694","source":"OpenStreetMap","sourceUrl":"https://www.openstreetmap.org/copyright"},"geometry":{"type":"LineString","coordinates":[[-72.628143,41.283783],[-72.628332,41.28376]]}},{"type":"Feature","properties":{"agency":"CTrail","color":"#ED0A28","description":"Shore Line East","route":"Shore Line East","routeId":"SLE","shapeId":"osm-4433102-218735696","source":"OpenStreetMap","sourceUrl":"https://www.openstreetmap.org/copyright"},"geometry":{"type":"LineString","coordinates":[[-72.633386,41.283099],[-72.633684,41.283061]]}},{"type":"Feature","properties":{"agency":"CTrail","color":"#ED0A28","description":"Shore Line East","route":"Shore Line East","routeId":"SLE","shapeId":"osm-4433102-218735701","source":"OpenStreetMap","sourceUrl":"https://www.openstreetmap.org/copyright"},"geometry":{"type":"LineString","coordinates":[[-72.633631,41.283034],[-72.633325,41.283075]]}},{"type":"Feature","properties":{"agency":"CTrail","color":"#ED0A28","description":"Shore Line East","route":"Shore Line East","routeId":"SLE","shapeId":"osm-4433102-222575983","source":"OpenStreetMap","sourceUrl":"https://www.openstreetmap.org/copyright"},"geometry":{"type":"LineString","coordinates":[[-72.644574,41.281619],[-72.644216,41.281663]]}},{"type":"Feature","properties":{"agency":"CTrail","color":"#ED0A28","description":"Shore Line East","route":"Shore Line East","routeId":"SLE","shapeId":"osm-4433102-222575985","source":"OpenStreetMap","sourceUrl":"https://www.openstreetmap.org/copyright"},"geometry":{"type":"LineString","coordinates":[[-72.684479,41.273606],[-72.684218,41.273656]]}},{"type":"Feature","properties":{"agency":"CTrail","color":"#ED0A28","description":"Shore Line East","route":"Shore Line East","routeId":"SLE","shapeId":"osm-4433102-222575989","source":"OpenStreetMap","sourceUrl":"https://www.openstreetmap.org/copyright"},"geometry":{"type":"LineString","coordinates":[[-72.695679,41.269099],[-72.696998,41.268498],[-72.69787,41.268091]]}},{"type":"Feature","properties":{"agency":"CTrail","color":"#ED0A28","description":"Shore Line East","route":"Shore Line East","routeId":"SLE","shapeId":"osm-4433102-222575990","source":"OpenStreetMap","sourceUrl":"https://www.openstreetmap.org/copyright"},"geometry":{"type":"LineString","coordinates":[[-72.684234,41.273696],[-72.684486,41.273644]]}},{"type":"Feature","properties":{"agency":"CTrail","color":"#ED0A28","description":"Shore Line East","route":"Shore Line East","routeId":"SLE","shapeId":"osm-4433102-222575991","source":"OpenStreetMap","sourceUrl":"https://www.openstreetmap.org/copyright"},"geometry":{"type":"LineString","coordinates":[[-72.644583,41.281668],[-72.644979,41.281613],[-72.645649,41.281512],[-72.646226,41.28142],[-72.646718,41.281341],[-72.647451,41.281207],[-72.647958,41.281107],[-72.649553,41.280773]]}},{"type":"Feature","properties":{"agency":"CTrail","color":"#ED0A28","description":"Shore Line East","route":"Shore Line East","routeId":"SLE","shapeId":"osm-4433102-222575994","source":"OpenStreetMap","sourceUrl":"https://www.openstreetmap.org/copyright"},"geometry":{"type":"LineString","coordinates":[[-72.6523,41.280152],[-72.650433,41.280555],[-72.649542,41.280741],[-72.647946,41.281075],[-72.647441,41.281176],[-72.646708,41.281309],[-72.646217,41.281388],[-72.645641,41.28148],[-72.644977,41.28157],[-72.644574,41.281619]]}},{"type":"Feature","properties":{"agency":"CTrail","color":"#ED0A28","description":"Shore Line East","route":"Shore Line East","routeId":"SLE","shapeId":"osm-4433102-222575995","source":"OpenStreetMap","sourceUrl":"https://www.openstreetmap.org/copyright"},"geometry":{"type":"LineString","coordinates":[[-72.686003,41.273278],[-72.68655,41.273114],[-72.687018,41.272963],[-72.687441,41.272818],[-72.687744,41.272708],[-72.688109,41.27257],[-72.688421,41.272449],[-72.688795,41.272292],[-72.689248,41.272093],[-72.690354,41.271573],[-72.691397,41.271099],[-72.69282,41.270435],[-72.69458,41.269617],[-72.695547,41.269156]]}},{"type":"Feature","properties":{"agency":"CTrail","color":"#ED0A28","description":"Shore Line East","route":"Shore Line East","routeId":"SLE","shapeId":"osm-4433102-222575999","source":"OpenStreetMap","sourceUrl":"https://www.openstreetmap.org/copyright"},"geometry":{"type":"LineString","coordinates":[[-72.695547,41.269156],[-72.695679,41.269099]]}},{"type":"Feature","properties":{"agency":"CTrail","color":"#ED0A28","description":"Shore Line East","route":"Shore Line East","routeId":"SLE","shapeId":"osm-4433102-222576000","source":"OpenStreetMap","sourceUrl":"https://www.openstreetmap.org/copyright"},"geometry":{"type":"LineString","coordinates":[[-72.680809,41.274331],[-72.679348,41.274617],[-72.675197,41.275413],[-72.673933,41.275669],[-72.672684,41.275926],[-72.67217,41.276019],[-72.671408,41.276164],[-72.670629,41.276323]]}},{"type":"Feature","properties":{"agency":"CTrail","color":"#ED0A28","description":"Shore Line East","route":"Shore Line East","routeId":"SLE","shapeId":"osm-4433102-222578355","source":"OpenStreetMap","sourceUrl":"https://www.openstreetmap.org/copyright"},"geometry":{"type":"LineString","coordinates":[[-72.704116,41.266756],[-72.704226,41.26675]]}},{"type":"Feature","properties":{"agency":"CTrail","color":"#ED0A28","description":"Shore Line East","route":"Shore Line East","routeId":"SLE","shapeId":"osm-4433102-222578359","source":"OpenStreetMap","sourceUrl":"https://www.openstreetmap.org/copyright"},"geometry":{"type":"LineString","coordinates":[[-72.704226,41.26675],[-72.704935,41.266723],[-72.705881,41.26668],[-72.708357,41.266568],[-72.711003,41.266446],[-72.71194,41.266403],[-72.712929,41.266374],[-72.714274,41.266346],[-72.716642,41.266284],[-72.717874,41.26625],[-72.718272,41.26624],[-72.71963,41.266122],[-72.721734,41.265929],[-72.723633,41.265754]]}},{"type":"Feature","properties":{"agency":"CTrail","color":"#ED0A28","description":"Shore Line East","route":"Shore Line East","routeId":"SLE","shapeId":"osm-4433102-222578360","source":"OpenStreetMap","sourceUrl":"https://www.openstreetmap.org/copyright"},"geometry":{"type":"LineString","coordinates":[[-72.697846,41.268062],[-72.696974,41.268468],[-72.695655,41.269069]]}},{"type":"Feature","properties":{"agency":"CTrail","color":"#ED0A28","description":"Shore Line East","route":"Shore Line East","routeId":"SLE","shapeId":"osm-4433102-222578363","source":"OpenStreetMap","sourceUrl":"https://www.openstreetmap.org/copyright"},"geometry":{"type":"LineString","coordinates":[[-72.695522,41.269127],[-72.694556,41.269587],[-72.692796,41.270405],[-72.691373,41.271069],[-72.69033,41.271543],[-72.689224,41.272063],[-72.688772,41.272261],[-72.688399,41.272419],[-72.688088,41.272539],[-72.687723,41.272677],[-72.687421,41.272787],[-72.687,41.272931],[-72.686533,41.273082],[-72.685987,41.273245]]}},{"type":"Feature","properties":{"agency":"CTrail","color":"#ED0A28","description":"Shore Line East","route":"Shore Line East","routeId":"SLE","shapeId":"osm-4433102-222578364","source":"OpenStreetMap","sourceUrl":"https://www.openstreetmap.org/copyright"},"geometry":{"type":"LineString","coordinates":[[-72.695655,41.269069],[-72.695522,41.269127]]}},{"type":"Feature","properties":{"agency":"CTrail","color":"#ED0A28","description":"Shore Line East","route":"Shore Line East","routeId":"SLE","shapeId":"osm-4433102-222581110","source":"OpenStreetMap","sourceUrl":"https://www.openstreetmap.org/copyright"},"geometry":{"type":"LineString","coordinates":[[-72.725671,41.265521],[-72.725486,41.265539]]}},{"type":"Feature","properties":{"agency":"CTrail","color":"#ED0A28","description":"Shore Line East","route":"Shore Line East","routeId":"SLE","shapeId":"osm-4433102-222581111","source":"OpenStreetMap","sourceUrl":"https://www.openstreetmap.org/copyright"},"geometry":{"type":"LineString","coordinates":[[-72.739857,41.267406],[-72.739568,41.267332]]}},{"type":"Feature","properties":{"agency":"CTrail","color":"#ED0A28","description":"Shore Line East","route":"Shore Line East","routeId":"SLE","shapeId":"osm-4433102-222581112","source":"OpenStreetMap","sourceUrl":"https://www.openstreetmap.org/copyright"},"geometry":{"type":"LineString","coordinates":[[-72.739842,41.267438],[-72.741408,41.267808],[-72.742939,41.268176],[-72.743359,41.268276],[-72.744462,41.268539],[-72.74597,41.268906],[-72.74742,41.269254],[-72.748859,41.269599],[-72.750189,41.26992],[-72.751139,41.270142],[-72.75168,41.270285]]}},{"type":"Feature","properties":{"agency":"CTrail","color":"#ED0A28","description":"Shore Line East","route":"Shore Line East","routeId":"SLE","shapeId":"osm-4433102-222581114","source":"OpenStreetMap","sourceUrl":"https://www.openstreetmap.org/copyright"},"geometry":{"type":"LineString","coordinates":[[-72.767862,41.274151],[-72.768997,41.274427],[-72.76963,41.274564],[-72.770194,41.274677],[-72.770759,41.274773],[-72.771454,41.274873],[-72.771993,41.27494],[-72.772621,41.275005],[-72.773137,41.27504]]}},{"type":"Feature","properties":{"agency":"CTrail","color":"#ED0A28","description":"Shore Line East","route":"Shore Line East","routeId":"SLE","shapeId":"osm-4433102-222581115","source":"OpenStreetMap","sourceUrl":"https://www.openstreetmap.org/copyright"},"geometry":{"type":"LineString","coordinates":[[-72.731543,41.265473],[-72.732127,41.265591],[-72.733386,41.265888],[-72.734736,41.266226],[-72.736234,41.266564],[-72.737401,41.266852],[-72.739554,41.267364]]}},{"type":"Feature","properties":{"agency":"CTrail","color":"#ED0A28","description":"Shore Line East","route":"Shore Line East","routeId":"SLE","shapeId":"osm-4433102-222581118","source":"OpenStreetMap","sourceUrl":"https://www.openstreetmap.org/copyright"},"geometry":{"type":"LineString","coordinates":[[-72.723626,41.265717],[-72.721728,41.265889],[-72.719624,41.266082],[-72.718268,41.2662],[-72.717872,41.26621],[-72.71664,41.266243],[-72.714272,41.266306],[-72.712928,41.266333],[-72.711938,41.266363],[-72.710999,41.266406],[-72.708354,41.266528],[-72.705878,41.26664],[-72.704932,41.266683],[-72.704223,41.266715]]}},{"type":"Feature","properties":{"agency":"CTrail","color":"#ED0A28","description":"Shore Line East","route":"Shore Line East","routeId":"SLE","shapeId":"osm-4433102-222581121","source":"OpenStreetMap","sourceUrl":"https://www.openstreetmap.org/copyright"},"geometry":{"type":"LineString","coordinates":[[-72.75187,41.270328],[-72.752378,41.270451],[-72.753243,41.270656],[-72.754153,41.270873],[-72.75551,41.271202],[-72.756762,41.2715],[-72.75785,41.271756]]}},{"type":"Feature","properties":{"agency":"CTrail","color":"#ED0A28","description":"Shore Line East","route":"Shore Line East","routeId":"SLE","shapeId":"osm-4433102-222581122","source":"OpenStreetMap","sourceUrl":"https://www.openstreetmap.org/copyright"},"geometry":{"type":"LineString","coordinates":[[-72.725677,41.265561],[-72.726645,41.265457],[-72.727234,41.265401],[-72.728008,41.265332],[-72.72852,41.265294],[-72.728917,41.265279],[-72.729325,41.265275],[-72.72973,41.265287]]}},{"type":"Feature","properties":{"agency":"CTrail","color":"#ED0A28","description":"Shore Line East","route":"Shore Line East","routeId":"SLE","shapeId":"osm-4433102-222581123","source":"OpenStreetMap","sourceUrl":"https://www.openstreetmap.org/copyright"},"geometry":{"type":"LineString","coordinates":[[-72.773137,41.27504],[-72.773308,41.275055]]}},{"type":"Feature","properties":{"agency":"CTrail","color":"#ED0A28","description":"Shore Line East","route":"Shore Line East","routeId":"SLE","shapeId":"osm-4433102-222581124","source":"OpenStreetMap","sourceUrl":"https://www.openstreetmap.org/copyright"},"geometry":{"type":"LineString","coordinates":[[-72.758193,41.271805],[-72.757868,41.271728]]}},{"type":"Feature","properties":{"agency":"CTrail","color":"#ED0A28","description":"Shore Line East","route":"Shore Line East","routeId":"SLE","shapeId":"osm-4433102-222581126","source":"OpenStreetMap","sourceUrl":"https://www.openstreetmap.org/copyright"},"geometry":{"type":"LineString","coordinates":[[-72.751878,41.270291],[-72.751685,41.270244]]}},{"type":"Feature","properties":{"agency":"CTrail","color":"#ED0A28","description":"Shore Line East","route":"Shore Line East","routeId":"SLE","shapeId":"osm-4433102-222581127","source":"OpenStreetMap","sourceUrl":"https://www.openstreetmap.org/copyright"},"geometry":{"type":"LineString","coordinates":[[-72.767887,41.274117],[-72.767726,41.274077]]}},{"type":"Feature","properties":{"agency":"CTrail","color":"#ED0A28","description":"Shore Line East","route":"Shore Line East","routeId":"SLE","shapeId":"osm-4433102-222581128","source":"OpenStreetMap","sourceUrl":"https://www.openstreetmap.org/copyright"},"geometry":{"type":"LineString","coordinates":[[-72.72973,41.265287],[-72.729904,41.265291]]}},{"type":"Feature","properties":{"agency":"CTrail","color":"#ED0A28","description":"Shore Line East","route":"Shore Line East","routeId":"SLE","shapeId":"osm-4433102-222581129","source":"OpenStreetMap","sourceUrl":"https://www.openstreetmap.org/copyright"},"geometry":{"type":"LineString","coordinates":[[-72.767726,41.274077],[-72.762401,41.272803],[-72.760502,41.272345],[-72.759676,41.272151],[-72.758193,41.271805]]}},{"type":"Feature","properties":{"agency":"CTrail","color":"#ED0A28","description":"Shore Line East","route":"Shore Line East","routeId":"SLE","shapeId":"osm-4433102-222581130","source":"OpenStreetMap","sourceUrl":"https://www.openstreetmap.org/copyright"},"geometry":{"type":"LineString","coordinates":[[-72.725506,41.265577],[-72.725677,41.265561]]}},{"type":"Feature","properties":{"agency":"CTrail","color":"#ED0A28","description":"Shore Line East","route":"Shore Line East","routeId":"SLE","shapeId":"osm-4433102-222581131","source":"OpenStreetMap","sourceUrl":"https://www.openstreetmap.org/copyright"},"geometry":{"type":"LineString","coordinates":[[-72.75818,41.271839],[-72.75966,41.272187],[-72.760486,41.272382],[-72.762385,41.27284],[-72.767702,41.274112]]}},{"type":"Feature","properties":{"agency":"CTrail","color":"#ED0A28","description":"Shore Line East","route":"Shore Line East","routeId":"SLE","shapeId":"osm-4433102-222581132","source":"OpenStreetMap","sourceUrl":"https://www.openstreetmap.org/copyright"},"geometry":{"type":"LineString","coordinates":[[-72.729732,41.265251],[-72.729326,41.265235],[-72.728916,41.265239],[-72.728516,41.265254],[-72.728002,41.265292],[-72.727228,41.265361],[-72.726638,41.265417],[-72.725671,41.265521]]}},{"type":"Feature","properties":{"agency":"CTrail","color":"#ED0A28","description":"Shore Line East","route":"Shore Line East","routeId":"SLE","shapeId":"osm-4433102-222581134","source":"OpenStreetMap","sourceUrl":"https://www.openstreetmap.org/copyright"},"geometry":{"type":"LineString","coordinates":[[-72.773141,41.275008],[-72.772626,41.274973],[-72.771999,41.274908],[-72.771461,41.274841],[-72.770768,41.274741],[-72.770204,41.274645],[-72.769642,41.274533],[-72.76901,41.274396],[-72.767887,41.274117]]}},{"type":"Feature","properties":{"agency":"CTrail","color":"#ED0A28","description":"Shore Line East","route":"Shore Line East","routeId":"SLE","shapeId":"osm-4433102-222581135","source":"OpenStreetMap","sourceUrl":"https://www.openstreetmap.org/copyright"},"geometry":{"type":"LineString","coordinates":[[-72.739568,41.267332],[-72.737415,41.26682],[-72.736248,41.266532],[-72.73475,41.266193],[-72.7334,41.265856],[-72.732139,41.265558],[-72.731554,41.26544]]}},{"type":"Feature","properties":{"agency":"CTrail","color":"#ED0A28","description":"Shore Line East","route":"Shore Line East","routeId":"SLE","shapeId":"osm-4433102-222581138","source":"OpenStreetMap","sourceUrl":"https://www.openstreetmap.org/copyright"},"geometry":{"type":"LineString","coordinates":[[-72.729908,41.265257],[-72.729732,41.265251]]}},{"type":"Feature","properties":{"agency":"CTrail","color":"#ED0A28","description":"Shore Line East","route":"Shore Line East","routeId":"SLE","shapeId":"osm-4433102-222581140","source":"OpenStreetMap","sourceUrl":"https://www.openstreetmap.org/copyright"},"geometry":{"type":"LineString","coordinates":[[-72.75168,41.270285],[-72.75187,41.270328]]}},{"type":"Feature","properties":{"agency":"CTrail","color":"#ED0A28","description":"Shore Line East","route":"Shore Line East","routeId":"SLE","shapeId":"osm-4433102-222581142","source":"OpenStreetMap","sourceUrl":"https://www.openstreetmap.org/copyright"},"geometry":{"type":"LineString","coordinates":[[-72.773308,41.275055],[-72.773855,41.275096],[-72.774319,41.275108],[-72.774789,41.275124],[-72.775214,41.275125],[-72.775879,41.275114],[-72.77643,41.275092],[-72.776997,41.275063],[-72.777815,41.275]]}},{"type":"Feature","properties":{"agency":"CTrail","color":"#ED0A28","description":"Shore Line East","route":"Shore Line East","routeId":"SLE","shapeId":"osm-4433102-222581143","source":"OpenStreetMap","sourceUrl":"https://www.openstreetmap.org/copyright"},"geometry":{"type":"LineString","coordinates":[[-72.75785,41.271756],[-72.75818,41.271839]]}},{"type":"Feature","properties":{"agency":"CTrail","color":"#ED0A28","description":"Shore Line East","route":"Shore Line East","routeId":"SLE","shapeId":"osm-4433102-222581144","source":"OpenStreetMap","sourceUrl":"https://www.openstreetmap.org/copyright"},"geometry":{"type":"LineString","coordinates":[[-72.767702,41.274112],[-72.767862,41.274151]]}},{"type":"Feature","properties":{"agency":"CTrail","color":"#ED0A28","description":"Shore Line East","route":"Shore Line East","routeId":"SLE","shapeId":"osm-4433102-222581145","source":"OpenStreetMap","sourceUrl":"https://www.openstreetmap.org/copyright"},"geometry":{"type":"LineString","coordinates":[[-72.751685,41.270244],[-72.751152,41.27011],[-72.750203,41.269888],[-72.748873,41.269567],[-72.747433,41.269221],[-72.745984,41.268873],[-72.744476,41.268507],[-72.743375,41.268245],[-72.742953,41.268144],[-72.741422,41.267776],[-72.739857,41.267406]]}},{"type":"Feature","properties":{"agency":"CTrail","color":"#ED0A28","description":"Shore Line East","route":"Shore Line East","routeId":"SLE","shapeId":"osm-4433102-222581146","source":"OpenStreetMap","sourceUrl":"https://www.openstreetmap.org/copyright"},"geometry":{"type":"LineString","coordinates":[[-72.704223,41.266715],[-72.704113,41.266721]]}},{"type":"Feature","properties":{"agency":"CTrail","color":"#ED0A28","description":"Shore Line East","route":"Shore Line East","routeId":"SLE","shapeId":"osm-4433102-222581152","source":"OpenStreetMap","sourceUrl":"https://www.openstreetmap.org/copyright"},"geometry":{"type":"LineString","coordinates":[[-72.739554,41.267364],[-72.739842,41.267438]]}},{"type":"Feature","properties":{"agency":"CTrail","color":"#ED0A28","description":"Shore Line East","route":"Shore Line East","routeId":"SLE","shapeId":"osm-4433102-222581157","source":"OpenStreetMap","sourceUrl":"https://www.openstreetmap.org/copyright"},"geometry":{"type":"LineString","coordinates":[[-72.757868,41.271728],[-72.75724,41.271579],[-72.755846,41.271244],[-72.754555,41.270936],[-72.754052,41.270815],[-72.752989,41.270559],[-72.752387,41.270414],[-72.751878,41.270291]]}},{"type":"Feature","properties":{"agency":"CTrail","color":"#ED0A28","description":"Shore Line East","route":"Shore Line East","routeId":"SLE","shapeId":"osm-4433102-222582724","source":"OpenStreetMap","sourceUrl":"https://www.openstreetmap.org/copyright"},"geometry":{"type":"LineString","coordinates":[[-72.813034,41.275481],[-72.813167,41.275431]]}},{"type":"Feature","properties":{"agency":"CTrail","color":"#ED0A28","description":"Shore Line East","route":"Shore Line East","routeId":"SLE","shapeId":"osm-4433102-222582725","source":"OpenStreetMap","sourceUrl":"https://www.openstreetmap.org/copyright"},"geometry":{"type":"LineString","coordinates":[[-72.813167,41.275431],[-72.813835,41.275175],[-72.814227,41.275046],[-72.814596,41.274944],[-72.815077,41.274842],[-72.815375,41.274793],[-72.815732,41.274747],[-72.816183,41.274709],[-72.816607,41.274695],[-72.817032,41.274698]]}},{"type":"Feature","properties":{"agency":"CTrail","color":"#ED0A28","description":"Shore Line East","route":"Shore Line East","routeId":"SLE","shapeId":"osm-4433102-222582726","source":"OpenStreetMap","sourceUrl":"https://www.openstreetmap.org/copyright"},"geometry":{"type":"LineString","coordinates":[[-72.829164,41.275638],[-72.829595,41.275754]]}},{"type":"Feature","properties":{"agency":"CTrail","color":"#ED0A28","description":"Shore Line East","route":"Shore Line East","routeId":"SLE","shapeId":"osm-4433102-222584008","source":"OpenStreetMap","sourceUrl":"https://www.openstreetmap.org/copyright"},"geometry":{"type":"LineString","coordinates":[[-72.80359,41.27607],[-72.803963,41.276181],[-72.805128,41.276511],[-72.805616,41.276654]]}},{"type":"Feature","properties":{"agency":"CTrail","color":"#ED0A28","description":"Shore Line East","route":"Shore Line East","routeId":"SLE","shapeId":"osm-4433102-222584009","source":"OpenStreetMap","sourceUrl":"https://www.openstreetmap.org/copyright"},"geometry":{"type":"LineString","coordinates":[[-72.866105,41.281534],[-72.866446,41.281584],[-72.866906,41.281653],[-72.867442,41.281764],[-72.868264,41.281969],[-72.870573,41.282576],[-72.871313,41.282792],[-72.871562,41.282882],[-72.871927,41.283026],[-72.872312,41.283212]]}},{"type":"Feature","properties":{"agency":"CTrail","color":"#ED0A28","description":"Shore Line East","route":"Shore Line East","routeId":"SLE","shapeId":"osm-4433102-222584010","source":"OpenStreetMap","sourceUrl":"https://www.openstreetmap.org/copyright"},"geometry":{"type":"LineString","coordinates":[[-72.80585,41.276677],[-72.805603,41.276608]]}},{"type":"Feature","properties":{"agency":"CTrail","color":"#ED0A28","description":"Shore Line East","route":"Shore Line East","routeId":"SLE","shapeId":"osm-4433102-222584014","source":"OpenStreetMap","sourceUrl":"https://www.openstreetmap.org/copyright"},"geometry":{"type":"LineString","coordinates":[[-72.829247,41.275587],[-72.828249,41.275339],[-72.827735,41.275236],[-72.827461,41.275184],[-72.826801,41.275081],[-72.825926,41.274975],[-72.824645,41.274895],[-72.823051,41.274837],[-72.822213,41.274819],[-72.821197,41.274787],[-72.819224,41.274726]]}},{"type":"Feature","properties":{"agency":"CTrail","color":"#ED0A28","description":"Shore Line East","route":"Shore Line East","routeId":"SLE","shapeId":"osm-4433102-222584015","source":"OpenStreetMap","sourceUrl":"https://www.openstreetmap.org/copyright"},"geometry":{"type":"LineString","coordinates":[[-72.806543,41.276887],[-72.806962,41.276961],[-72.807334,41.276991],[-72.807808,41.27701],[-72.808159,41.276999],[-72.808623,41.276966],[-72.809019,41.276908],[-72.809385,41.276847],[-72.809703,41.276761],[-72.810091,41.27664],[-72.810349,41.276549],[-72.810934,41.27632],[-72.811184,41.27622]]}},{"type":"Feature","properties":{"agency":"CTrail","color":"#ED0A28","description":"Shore Line East","route":"Shore Line East","routeId":"SLE","shapeId":"osm-4433102-222584018","source":"OpenStreetMap","sourceUrl":"https://www.openstreetmap.org/copyright"},"geometry":{"type":"LineString","coordinates":[[-72.773317,41.275023],[-72.773141,41.275008]]}},{"type":"Feature","properties":{"agency":"CTrail","color":"#ED0A28","description":"Shore Line East","route":"Shore Line East","routeId":"SLE","shapeId":"osm-4433102-222584019","source":"OpenStreetMap","sourceUrl":"https://www.openstreetmap.org/copyright"},"geometry":{"type":"LineString","coordinates":[[-72.805616,41.276654],[-72.805858,41.276719]]}},{"type":"Feature","properties":{"agency":"CTrail","color":"#ED0A28","description":"Shore Line East","route":"Shore Line East","routeId":"SLE","shapeId":"osm-4433102-222584020","source":"OpenStreetMap","sourceUrl":"https://www.openstreetmap.org/copyright"},"geometry":{"type":"LineString","coordinates":[[-72.777811,41.274963],[-72.776994,41.275026],[-72.776427,41.275055],[-72.775878,41.275076],[-72.775214,41.275087],[-72.77479,41.275086],[-72.77432,41.275071],[-72.773858,41.275058],[-72.773317,41.275023]]}},{"type":"Feature","properties":{"agency":"CTrail","color":"#ED0A28","description":"Shore Line East","route":"Shore Line East","routeId":"SLE","shapeId":"osm-4433102-222584022","source":"OpenStreetMap","sourceUrl":"https://www.openstreetmap.org/copyright"},"geometry":{"type":"LineString","coordinates":[[-72.865933,41.28148],[-72.865516,41.281449],[-72.864913,41.281431],[-72.864657,41.281432],[-72.864129,41.281451],[-72.863311,41.281517],[-72.862763,41.281586],[-72.861515,41.281739],[-72.860296,41.281903],[-72.857795,41.282231],[-72.857115,41.282312],[-72.856424,41.282399],[-72.855507,41.282525],[-72.854207,41.282686],[-72.853302,41.282811],[-72.852119,41.282972],[-72.851788,41.283011],[-72.85078,41.283127],[-72.850381,41.283158],[-72.850044,41.283181],[-72.849599,41.283195],[-72.849276,41.283195],[-72.848702,41.28317],[-72.848311,41.283138],[-72.847829,41.28309],[-72.847423,41.283034],[-72.846649,41.28289],[-72.845777,41.28269],[-72.845017,41.282493],[-72.844378,41.282303],[-72.843178,41.281886],[-72.842549,41.28165],[-72.841982,41.281412],[-72.841461,41.281177],[-72.840526,41.280717],[-72.840061,41.280463],[-72.839362,41.280022],[-72.839287,41.279969],[-72.838808,41.279624]]}},{"type":"Feature","properties":{"agency":"CTrail","color":"#ED0A28","description":"Shore Line East","route":"Shore Line East","routeId":"SLE","shapeId":"osm-4433102-222584023","source":"OpenStreetMap","sourceUrl":"https://www.openstreetmap.org/copyright"},"geometry":{"type":"LineString","coordinates":[[-72.879255,41.302469],[-72.879967,41.299074],[-72.880412,41.29667],[-72.880482,41.296047],[-72.880506,41.295606],[-72.8805,41.295139],[-72.880474,41.294461],[-72.880297,41.293393],[-72.880176,41.292912],[-72.880093,41.292597],[-72.879744,41.2916],[-72.879438,41.290909]]}},{"type":"Feature","properties":{"agency":"CTrail","color":"#ED0A28","description":"Shore Line East","route":"Shore Line East","routeId":"SLE","shapeId":"osm-4433102-222584024","source":"OpenStreetMap","sourceUrl":"https://www.openstreetmap.org/copyright"},"geometry":{"type":"LineString","coordinates":[[-72.805603,41.276608],[-72.805146,41.276475],[-72.803981,41.276145],[-72.803608,41.276035]]}},{"type":"Feature","properties":{"agency":"CTrail","color":"#ED0A28","description":"Shore Line East","route":"Shore Line East","routeId":"SLE","shapeId":"osm-4433102-222584025","source":"OpenStreetMap","sourceUrl":"https://www.openstreetmap.org/copyright"},"geometry":{"type":"LineString","coordinates":[[-72.872337,41.283182],[-72.87195,41.282996],[-72.871583,41.282851],[-72.871332,41.282761],[-72.870589,41.282543],[-72.868279,41.281936],[-72.867455,41.281731],[-72.866917,41.28162],[-72.866455,41.28155],[-72.866114,41.2815]]}},{"type":"Feature","properties":{"agency":"CTrail","color":"#ED0A28","description":"Shore Line East","route":"Shore Line East","routeId":"SLE","shapeId":"osm-4433102-222584026","source":"OpenStreetMap","sourceUrl":"https://www.openstreetmap.org/copyright"},"geometry":{"type":"LineString","coordinates":[[-72.829678,41.275704],[-72.829321,41.275607],[-72.829247,41.275587]]}},{"type":"Feature","properties":{"agency":"CTrail","color":"#ED0A28","description":"Shore Line East","route":"Shore Line East","routeId":"SLE","shapeId":"osm-4433102-222584029","source":"OpenStreetMap","sourceUrl":"https://www.openstreetmap.org/copyright"},"geometry":{"type":"LineString","coordinates":[[-72.803608,41.276035],[-72.803223,41.27592]]}},{"type":"Feature","properties":{"agency":"CTrail","color":"#ED0A28","description":"Shore Line East","route":"Shore Line East","routeId":"SLE","shapeId":"osm-4433102-222584031","source":"OpenStreetMap","sourceUrl":"https://www.openstreetmap.org/copyright"},"geometry":{"type":"LineString","coordinates":[[-72.813142,41.275394],[-72.813009,41.275446]]}},{"type":"Feature","properties":{"agency":"CTrail","color":"#ED0A28","description":"Shore Line East","route":"Shore Line East","routeId":"SLE","shapeId":"osm-4433102-222584033","source":"OpenStreetMap","sourceUrl":"https://www.openstreetmap.org/copyright"},"geometry":{"type":"LineString","coordinates":[[-72.803223,41.27592],[-72.802049,41.275585],[-72.800999,41.275301],[-72.800431,41.275176],[-72.799666,41.275044],[-72.798714,41.274905],[-72.797928,41.274807],[-72.796985,41.274702],[-72.796181,41.274633],[-72.79534,41.274574]]}},{"type":"Feature","properties":{"agency":"CTrail","color":"#ED0A28","description":"Shore Line East","route":"Shore Line East","routeId":"SLE","shapeId":"osm-4433102-222584034","source":"OpenStreetMap","sourceUrl":"https://www.openstreetmap.org/copyright"},"geometry":{"type":"LineString","coordinates":[[-72.879395,41.290933],[-72.879699,41.291604],[-72.880045,41.292605],[-72.880141,41.29292],[-72.880259,41.293426],[-72.88042,41.294469],[-72.880463,41.295612],[-72.880439,41.296035],[-72.880356,41.296674],[-72.879919,41.299066],[-72.879565,41.30069],[-72.879193,41.302463]]}},{"type":"Feature","properties":{"agency":"CTrail","color":"#ED0A28","description":"Shore Line East","route":"Shore Line East","routeId":"SLE","shapeId":"osm-4433102-222584035","source":"OpenStreetMap","sourceUrl":"https://www.openstreetmap.org/copyright"},"geometry":{"type":"LineString","coordinates":[[-72.803205,41.275955],[-72.80359,41.27607]]}},{"type":"Feature","properties":{"agency":"CTrail","color":"#ED0A28","description":"Shore Line East","route":"Shore Line East","routeId":"SLE","shapeId":"osm-4433102-222584037","source":"OpenStreetMap","sourceUrl":"https://www.openstreetmap.org/copyright"},"geometry":{"type":"LineString","coordinates":[[-72.866114,41.2815],[-72.865933,41.28148]]}},{"type":"Feature","properties":{"agency":"CTrail","color":"#ED0A28","description":"Shore Line East","route":"Shore Line East","routeId":"SLE","shapeId":"osm-4433102-222584040","source":"OpenStreetMap","sourceUrl":"https://www.openstreetmap.org/copyright"},"geometry":{"type":"LineString","coordinates":[[-72.865929,41.281516],[-72.866105,41.281534]]}},{"type":"Feature","properties":{"agency":"CTrail","color":"#ED0A28","description":"Shore Line East","route":"Shore Line East","routeId":"SLE","shapeId":"osm-4433102-222584042","source":"OpenStreetMap","sourceUrl":"https://www.openstreetmap.org/copyright"},"geometry":{"type":"LineString","coordinates":[[-72.812014,41.275844],[-72.81091,41.276285],[-72.810326,41.276515],[-72.81007,41.276604],[-72.809685,41.276725],[-72.80937,41.27681],[-72.809008,41.27687],[-72.808616,41.276927],[-72.808155,41.276961],[-72.807808,41.276971],[-72.807339,41.276952],[-72.80697,41.276923],[-72.806556,41.27685]]}},{"type":"Feature","properties":{"agency":"CTrail","color":"#ED0A28","description":"Shore Line East","route":"Shore Line East","routeId":"SLE","shapeId":"osm-4433102-222718379","source":"OpenStreetMap","sourceUrl":"https://www.openstreetmap.org/copyright"},"geometry":{"type":"LineString","coordinates":[[-72.891947,41.322376],[-72.891548,41.322463],[-72.891213,41.322531]]}},{"type":"Feature","properties":{"agency":"CTrail","color":"#ED0A28","description":"Shore Line East","route":"Shore Line East","routeId":"SLE","shapeId":"osm-4433102-222718380","source":"OpenStreetMap","sourceUrl":"https://www.openstreetmap.org/copyright"},"geometry":{"type":"LineString","coordinates":[[-72.897221,41.319417],[-72.895783,41.320664],[-72.895432,41.320932],[-72.894858,41.321297],[-72.89422,41.321625],[-72.893628,41.321862],[-72.892948,41.322098],[-72.892435,41.322249],[-72.891947,41.322376]]}},{"type":"Feature","properties":{"agency":"CTrail","color":"#ED0A28","description":"Shore Line East","route":"Shore Line East","routeId":"SLE","shapeId":"osm-4433102-222718381","source":"OpenStreetMap","sourceUrl":"https://www.openstreetmap.org/copyright"},"geometry":{"type":"LineString","coordinates":[[-72.891227,41.322566],[-72.891961,41.322409]]}},{"type":"Feature","properties":{"agency":"CTrail","color":"#ED0A28","description":"Shore Line East","route":"Shore Line East","routeId":"SLE","shapeId":"osm-4433102-222718382","source":"OpenStreetMap","sourceUrl":"https://www.openstreetmap.org/copyright"},"geometry":{"type":"LineString","coordinates":[[-72.891961,41.322409],[-72.892488,41.322274],[-72.892957,41.322129],[-72.89324,41.322044],[-72.893566,41.321923],[-72.894154,41.321694],[-72.894692,41.321428],[-72.895159,41.321164],[-72.895475,41.320962],[-72.895802,41.320712],[-72.896397,41.320198],[-72.897288,41.319421],[-72.897863,41.318887],[-72.898514,41.318334],[-72.899028,41.317925],[-72.899623,41.317493],[-72.900525,41.316885],[-72.901478,41.316293]]}},{"type":"Feature","properties":{"agency":"CTrail","color":"#ED0A28","description":"Shore Line East","route":"Shore Line East","routeId":"SLE","shapeId":"osm-4433102-253132739","source":"OpenStreetMap","sourceUrl":"https://www.openstreetmap.org/copyright"},"geometry":{"type":"LineString","coordinates":[[-72.913766,41.311251],[-72.91395,41.311217],[-72.914616,41.311042],[-72.914962,41.310923],[-72.915179,41.31084],[-72.917408,41.309882],[-72.917837,41.309694],[-72.918111,41.309549],[-72.918341,41.30941],[-72.91854,41.309285],[-72.918784,41.309101],[-72.919081,41.308862],[-72.919176,41.308773],[-72.919294,41.308654],[-72.919409,41.30853],[-72.919542,41.308372],[-72.919702,41.308152],[-72.919804,41.307998]]}},{"type":"Feature","properties":{"agency":"CTrail","color":"#ED0A28","description":"Shore Line East","route":"Shore Line East","routeId":"SLE","shapeId":"osm-4433102-253132740","source":"OpenStreetMap","sourceUrl":"https://www.openstreetmap.org/copyright"},"geometry":{"type":"LineString","coordinates":[[-72.91965,41.307948],[-72.919494,41.308178],[-72.919368,41.308344],[-72.919247,41.308495],[-72.919164,41.308588],[-72.919051,41.308704],[-72.918932,41.308818],[-72.918684,41.309032],[-72.918381,41.309241],[-72.917986,41.309481],[-72.917474,41.309733],[-72.916012,41.310365],[-72.914658,41.310913],[-72.913947,41.311113],[-72.913731,41.311146]]}},{"type":"Feature","properties":{"agency":"CTrail","color":"#ED0A28","description":"Shore Line East","route":"Shore Line East","routeId":"SLE","shapeId":"osm-4433102-253132741","source":"OpenStreetMap","sourceUrl":"https://www.openstreetmap.org/copyright"},"geometry":{"type":"LineString","coordinates":[[-72.909334,41.311608],[-72.908963,41.311735],[-72.908513,41.311933],[-72.90821,41.312096]]}},{"type":"Feature","properties":{"agency":"CTrail","color":"#ED0A28","description":"Shore Line East","route":"Shore Line East","routeId":"SLE","shapeId":"osm-4433102-253132742","source":"OpenStreetMap","sourceUrl":"https://www.openstreetmap.org/copyright"},"geometry":{"type":"LineString","coordinates":[[-72.919692,41.307963],[-72.919523,41.308207],[-72.919455,41.308303],[-72.919294,41.30851],[-72.919208,41.308605],[-72.919114,41.308703],[-72.919004,41.308814],[-72.918708,41.309054],[-72.918434,41.309257],[-72.918153,41.309432],[-72.917759,41.309642],[-72.916264,41.310299],[-72.915154,41.310766],[-72.914655,41.31095],[-72.913939,41.311145],[-72.913741,41.311178]]}},{"type":"Feature","properties":{"agency":"CTrail","color":"#ED0A28","description":"Shore Line East","route":"Shore Line East","routeId":"SLE","shapeId":"osm-4433102-253133265","source":"OpenStreetMap","sourceUrl":"https://www.openstreetmap.org/copyright"},"geometry":{"type":"LineString","coordinates":[[-72.919757,41.307982],[-72.919639,41.308157],[-72.919541,41.308298],[-72.919463,41.308397],[-72.919346,41.308533],[-72.919263,41.308627],[-72.919158,41.308734],[-72.919046,41.308841],[-72.918818,41.30903],[-72.918456,41.309297],[-72.918177,41.309467],[-72.917799,41.309668],[-72.91627,41.310333],[-72.915224,41.310778],[-72.914644,41.31099],[-72.91391,41.311189],[-72.913753,41.311215]]}},{"type":"Feature","properties":{"agency":"CTrail","color":"#ED0A28","description":"Shore Line East","route":"Shore Line East","routeId":"SLE","shapeId":"osm-4433102-327518239","source":"OpenStreetMap","sourceUrl":"https://www.openstreetmap.org/copyright"},"geometry":{"type":"LineString","coordinates":[[-72.907363,41.312605],[-72.907047,41.312826]]}},{"type":"Feature","properties":{"agency":"CTrail","color":"#ED0A28","description":"Shore Line East","route":"Shore Line East","routeId":"SLE","shapeId":"osm-4433102-337445483","source":"OpenStreetMap","sourceUrl":"https://www.openstreetmap.org/copyright"},"geometry":{"type":"LineString","coordinates":[[-72.398624,41.29225],[-72.398303,41.292344],[-72.397777,41.292506],[-72.396497,41.292988],[-72.394629,41.29372],[-72.393849,41.294025],[-72.393323,41.294222],[-72.391753,41.294844],[-72.390724,41.295244],[-72.389637,41.29566],[-72.388996,41.295915]]}},{"type":"Feature","properties":{"agency":"CTrail","color":"#ED0A28","description":"Shore Line East","route":"Shore Line East","routeId":"SLE","shapeId":"osm-4433102-337445486","source":"OpenStreetMap","sourceUrl":"https://www.openstreetmap.org/copyright"},"geometry":{"type":"LineString","coordinates":[[-72.398649,41.292285],[-72.3985,41.292327],[-72.398349,41.29237],[-72.3978,41.292543],[-72.396513,41.293036],[-72.394653,41.293756],[-72.393873,41.294061],[-72.393347,41.294258],[-72.391778,41.294879],[-72.390742,41.295278],[-72.389662,41.295696],[-72.38902,41.295948]]}},{"type":"Feature","properties":{"agency":"CTrail","color":"#ED0A28","description":"Shore Line East","route":"Shore Line East","routeId":"SLE","shapeId":"osm-4433102-337445488","source":"OpenStreetMap","sourceUrl":"https://www.openstreetmap.org/copyright"},"geometry":{"type":"LineString","coordinates":[[-72.819222,41.274767],[-72.821193,41.274828],[-72.822211,41.27486],[-72.823049,41.274878],[-72.824641,41.274936],[-72.82592,41.275016],[-72.826536,41.275097],[-72.826882,41.275146],[-72.827405,41.275236],[-72.82803,41.275351],[-72.829164,41.275638]]}},{"type":"Feature","properties":{"agency":"CTrail","color":"#ED0A28","description":"Shore Line East","route":"Shore Line East","routeId":"SLE","shapeId":"osm-4433102-337445496","source":"OpenStreetMap","sourceUrl":"https://www.openstreetmap.org/copyright"},"geometry":{"type":"LineString","coordinates":[[-72.70193,41.266851],[-72.701318,41.266924],[-72.700898,41.266999],[-72.70052,41.267084],[-72.700118,41.267185],[-72.699833,41.267266],[-72.699553,41.267352],[-72.699144,41.2675],[-72.698521,41.267748],[-72.697846,41.268062]]}},{"type":"Feature","properties":{"agency":"CTrail","color":"#ED0A28","description":"Shore Line East","route":"Shore Line East","routeId":"SLE","shapeId":"osm-4433102-337445498","source":"OpenStreetMap","sourceUrl":"https://www.openstreetmap.org/copyright"},"geometry":{"type":"LineString","coordinates":[[-72.69787,41.268091],[-72.698544,41.267778],[-72.699165,41.267531],[-72.699572,41.267383],[-72.69985,41.267299],[-72.700133,41.267218],[-72.700534,41.267117],[-72.70091,41.267032],[-72.701327,41.266958],[-72.701936,41.266885]]}},{"type":"Feature","properties":{"agency":"CTrail","color":"#ED0A28","description":"Shore Line East","route":"Shore Line East","routeId":"SLE","shapeId":"osm-4433102-337445511","source":"OpenStreetMap","sourceUrl":"https://www.openstreetmap.org/copyright"},"geometry":{"type":"LineString","coordinates":[[-72.472224,41.281717],[-72.473821,41.281225]]}},{"type":"Feature","properties":{"agency":"CTrail","color":"#ED0A28","description":"Shore Line East","route":"Shore Line East","routeId":"SLE","shapeId":"osm-4433102-337445528","source":"OpenStreetMap","sourceUrl":"https://www.openstreetmap.org/copyright"},"geometry":{"type":"LineString","coordinates":[[-72.628157,41.283748],[-72.627267,41.283851],[-72.626793,41.283899],[-72.626278,41.283943],[-72.625858,41.283967],[-72.625384,41.283985],[-72.62475,41.284005],[-72.623772,41.284013],[-72.622805,41.283997],[-72.619438,41.283968],[-72.615337,41.283904],[-72.612793,41.28387],[-72.611464,41.283851],[-72.607733,41.283812],[-72.60408,41.283764],[-72.600062,41.283717],[-72.600021,41.283715],[-72.599364,41.283706],[-72.597135,41.283675]]}},{"type":"Feature","properties":{"agency":"CTrail","color":"#ED0A28","description":"Shore Line East","route":"Shore Line East","routeId":"SLE","shapeId":"osm-4433102-337445531","source":"OpenStreetMap","sourceUrl":"https://www.openstreetmap.org/copyright"},"geometry":{"type":"LineString","coordinates":[[-72.580843,41.286661],[-72.581129,41.286592],[-72.58178,41.286432],[-72.582475,41.286242],[-72.586031,41.285379],[-72.58846,41.284766],[-72.589903,41.284421],[-72.591049,41.284149]]}},{"type":"Feature","properties":{"agency":"CTrail","color":"#ED0A28","description":"Shore Line East","route":"Shore Line East","routeId":"SLE","shapeId":"osm-4433102-337445533","source":"OpenStreetMap","sourceUrl":"https://www.openstreetmap.org/copyright"},"geometry":{"type":"LineString","coordinates":[[-72.472207,41.281688],[-72.471842,41.281803],[-72.471074,41.282075],[-72.47047,41.282317],[-72.470052,41.282509],[-72.469945,41.282564],[-72.4695,41.282802],[-72.468879,41.28317],[-72.468631,41.28333],[-72.468295,41.283549],[-72.467578,41.284072],[-72.465934,41.285309],[-72.464213,41.286597],[-72.463543,41.28708],[-72.463014,41.287417],[-72.462753,41.287573],[-72.462468,41.28773],[-72.462156,41.287895],[-72.461732,41.288091],[-72.461401,41.288232],[-72.461108,41.288349],[-72.460724,41.288492],[-72.460365,41.288609],[-72.459908,41.288742],[-72.45937,41.288877],[-72.458592,41.289029],[-72.458147,41.2891],[-72.457567,41.289167],[-72.456975,41.289225],[-72.456242,41.289274],[-72.455701,41.289302],[-72.455139,41.289316],[-72.454595,41.289322],[-72.454177,41.289334],[-72.453598,41.289314],[-72.452922,41.289285],[-72.452179,41.289235]]}},{"type":"Feature","properties":{"agency":"CTrail","color":"#ED0A28","description":"Shore Line East","route":"Shore Line East","routeId":"SLE","shapeId":"osm-4433102-337445550","source":"OpenStreetMap","sourceUrl":"https://www.openstreetmap.org/copyright"},"geometry":{"type":"LineString","coordinates":[[-72.309039,41.297191],[-72.308495,41.297146],[-72.306424,41.296954],[-72.304951,41.296825]]}},{"type":"Feature","properties":{"agency":"CTrail","color":"#ED0A28","description":"Shore Line East","route":"Shore Line East","routeId":"SLE","shapeId":"osm-4433102-337445551","source":"OpenStreetMap","sourceUrl":"https://www.openstreetmap.org/copyright"},"geometry":{"type":"LineString","coordinates":[[-72.304946,41.296857],[-72.306419,41.296984],[-72.30849,41.297176],[-72.309034,41.297225]]}},{"type":"Feature","properties":{"agency":"CTrail","color":"#ED0A28","description":"Shore Line East","route":"Shore Line East","routeId":"SLE","shapeId":"osm-4433102-337445554","source":"OpenStreetMap","sourceUrl":"https://www.openstreetmap.org/copyright"},"geometry":{"type":"LineString","coordinates":[[-72.398674,41.292317],[-72.398875,41.292263],[-72.399076,41.292213],[-72.399287,41.292165],[-72.399503,41.29212],[-72.399717,41.292078],[-72.399936,41.29203],[-72.400411,41.291956]]}},{"type":"Feature","properties":{"agency":"CTrail","color":"#ED0A28","description":"Shore Line East","route":"Shore Line East","routeId":"SLE","shapeId":"osm-4433102-340753190","source":"OpenStreetMap","sourceUrl":"https://www.openstreetmap.org/copyright"},"geometry":{"type":"LineString","coordinates":[[-72.07633,41.361816],[-72.075908,41.361676],[-72.075009,41.361379],[-72.074516,41.361217],[-72.074144,41.361095],[-72.073622,41.360923],[-72.073095,41.360749],[-72.072659,41.360607],[-72.07244,41.360533],[-72.072219,41.360457],[-72.071927,41.360354],[-72.071681,41.36026],[-72.071484,41.36018],[-72.071295,41.360101],[-72.071192,41.360057],[-72.070966,41.359955],[-72.070564,41.35977],[-72.070217,41.359593],[-72.069841,41.359386],[-72.069585,41.359242],[-72.069243,41.359038],[-72.068911,41.358814],[-72.068553,41.358579],[-72.06797,41.358128],[-72.067911,41.358078],[-72.06756,41.357779],[-72.067025,41.35729],[-72.066572,41.356812],[-72.06619,41.356359],[-72.065918,41.356003],[-72.06574,41.355759],[-72.065573,41.35551],[-72.065436,41.355277],[-72.065249,41.354941],[-72.065037,41.354467],[-72.064926,41.354169]]}},{"type":"Feature","properties":{"agency":"CTrail","color":"#ED0A28","description":"Shore Line East","route":"Shore Line East","routeId":"SLE","shapeId":"osm-4433102-340753191","source":"OpenStreetMap","sourceUrl":"https://www.openstreetmap.org/copyright"},"geometry":{"type":"LineString","coordinates":[[-72.136282,41.335698],[-72.137164,41.335349],[-72.13829,41.334895],[-72.13931,41.334499],[-72.140212,41.334136],[-72.14041,41.334058],[-72.141894,41.333478],[-72.142704,41.333128],[-72.143229,41.332831],[-72.143657,41.332546],[-72.143897,41.332369],[-72.144265,41.332043],[-72.144479,41.331833],[-72.144703,41.331588],[-72.144951,41.331278],[-72.145142,41.331012],[-72.145319,41.330745],[-72.145474,41.330488],[-72.145644,41.330186],[-72.145766,41.329916],[-72.145903,41.329608],[-72.146026,41.329242],[-72.146172,41.328826],[-72.146308,41.328427],[-72.146532,41.32779],[-72.146681,41.327351],[-72.146833,41.326985],[-72.146938,41.326748],[-72.147058,41.326531],[-72.147167,41.326347],[-72.147252,41.326229],[-72.147662,41.325658]]}},{"type":"Feature","properties":{"agency":"CTrail","color":"#ED0A28","description":"Shore Line East","route":"Shore Line East","routeId":"SLE","shapeId":"osm-4433102-340753192","source":"OpenStreetMap","sourceUrl":"https://www.openstreetmap.org/copyright"},"geometry":{"type":"LineString","coordinates":[[-72.119251,41.335057],[-72.120065,41.335179],[-72.120671,41.335271],[-72.120852,41.335296],[-72.12214,41.335499],[-72.123088,41.335639],[-72.12384,41.335753],[-72.125378,41.335987],[-72.126308,41.33613],[-72.127239,41.336265],[-72.128072,41.336393],[-72.128682,41.336487],[-72.130121,41.336692],[-72.130468,41.336733],[-72.130825,41.336759],[-72.131203,41.336781],[-72.131586,41.336784],[-72.131798,41.336779],[-72.132016,41.336772],[-72.132281,41.336755],[-72.132509,41.336737],[-72.132711,41.336716],[-72.132936,41.336688],[-72.133118,41.336662],[-72.133308,41.336632],[-72.13354,41.336589],[-72.13366,41.336566],[-72.133773,41.336541],[-72.133916,41.336509],[-72.134064,41.336473],[-72.134163,41.336448],[-72.13428,41.336417],[-72.134439,41.336371],[-72.134536,41.336343],[-72.134661,41.336305],[-72.134886,41.33623],[-72.134998,41.336192],[-72.135109,41.336152],[-72.135272,41.336092],[-72.135431,41.336031],[-72.135672,41.335938],[-72.13592,41.33584],[-72.136098,41.335771]]}},{"type":"Feature","properties":{"agency":"CTrail","color":"#ED0A28","description":"Shore Line East","route":"Shore Line East","routeId":"SLE","shapeId":"osm-4433102-341273823","source":"OpenStreetMap","sourceUrl":"https://www.openstreetmap.org/copyright"},"geometry":{"type":"LineString","coordinates":[[-72.356547,41.31041],[-72.356302,41.310525],[-72.356063,41.31063],[-72.355824,41.310724],[-72.355573,41.310814],[-72.355316,41.310893],[-72.355064,41.310961],[-72.354793,41.311024],[-72.35451,41.311081],[-72.354197,41.311128],[-72.353986,41.311153]]}},{"type":"Feature","properties":{"agency":"CTrail","color":"#ED0A28","description":"Shore Line East","route":"Shore Line East","routeId":"SLE","shapeId":"osm-4433102-341273824","source":"OpenStreetMap","sourceUrl":"https://www.openstreetmap.org/copyright"},"geometry":{"type":"LineString","coordinates":[[-72.375117,41.301349],[-72.37462,41.301545],[-72.37386,41.30184],[-72.37321,41.302092],[-72.372589,41.302337],[-72.372304,41.302455],[-72.372035,41.302568],[-72.371576,41.302766],[-72.371188,41.302944],[-72.370783,41.303139],[-72.370221,41.30342],[-72.36977,41.303651],[-72.36905,41.30402],[-72.368268,41.304417],[-72.366801,41.305162],[-72.366449,41.305338],[-72.365905,41.305619],[-72.365747,41.305698],[-72.365707,41.305718],[-72.365229,41.305961]]}},{"type":"Feature","properties":{"agency":"CTrail","color":"#ED0A28","description":"Shore Line East","route":"Shore Line East","routeId":"SLE","shapeId":"osm-4433102-341273826","source":"OpenStreetMap","sourceUrl":"https://www.openstreetmap.org/copyright"},"geometry":{"type":"LineString","coordinates":[[-72.423193,41.28844],[-72.419612,41.288948],[-72.417856,41.289196],[-72.415221,41.289567],[-72.411463,41.290102],[-72.409614,41.290374],[-72.404237,41.291269],[-72.403827,41.291336],[-72.402413,41.291579],[-72.40225,41.291607]]}},{"type":"Feature","properties":{"agency":"CTrail","color":"#ED0A28","description":"Shore Line East","route":"Shore Line East","routeId":"SLE","shapeId":"osm-4433102-699236914","source":"OpenStreetMap","sourceUrl":"https://www.openstreetmap.org/copyright"},"geometry":{"type":"LineString","coordinates":[[-72.907032,41.312891],[-72.907367,41.312678]]}},{"type":"Feature","properties":{"agency":"CTrail","color":"#ED0A28","description":"Shore Line East","route":"Shore Line East","routeId":"SLE","shapeId":"osm-4433102-699236915","source":"OpenStreetMap","sourceUrl":"https://www.openstreetmap.org/copyright"},"geometry":{"type":"LineString","coordinates":[[-72.905843,41.313647],[-72.906444,41.313262],[-72.907032,41.312891]]}},{"type":"Feature","properties":{"agency":"CTrail","color":"#ED0A28","description":"Shore Line East","route":"Shore Line East","routeId":"SLE","shapeId":"osm-4433102-704479795","source":"OpenStreetMap","sourceUrl":"https://www.openstreetmap.org/copyright"},"geometry":{"type":"LineString","coordinates":[[-72.907047,41.312826],[-72.906755,41.313018]]}},{"type":"Feature","properties":{"agency":"CTrail","color":"#ED0A28","description":"Shore Line East","route":"Shore Line East","routeId":"SLE","shapeId":"osm-4433102-760432058","source":"OpenStreetMap","sourceUrl":"https://www.openstreetmap.org/copyright"},"geometry":{"type":"LineString","coordinates":[[-72.098351,41.344654],[-72.098453,41.344372]]}},{"type":"Feature","properties":{"agency":"CTrail","color":"#ED0A28","description":"Shore Line East","route":"Shore Line East","routeId":"SLE","shapeId":"osm-4433102-760432059","source":"OpenStreetMap","sourceUrl":"https://www.openstreetmap.org/copyright"},"geometry":{"type":"LineString","coordinates":[[-72.098408,41.344365],[-72.098311,41.344626],[-72.0982,41.34494],[-72.097931,41.345648]]}},{"type":"Feature","properties":{"agency":"CTrail","color":"#ED0A28","description":"Shore Line East","route":"Shore Line East","routeId":"SLE","shapeId":"osm-4433102-760432061","source":"OpenStreetMap","sourceUrl":"https://www.openstreetmap.org/copyright"},"geometry":{"type":"LineString","coordinates":[[-72.096717,41.34975],[-72.09669,41.349845],[-72.096632,41.350046],[-72.09659,41.350171],[-72.096544,41.350295],[-72.096493,41.350421],[-72.096439,41.350536],[-72.096394,41.350623],[-72.096326,41.350742],[-72.096245,41.350871],[-72.096191,41.350947],[-72.096131,41.351032],[-72.096065,41.351113],[-72.096013,41.35118]]}},{"type":"Feature","properties":{"agency":"CTrail","color":"#ED0A28","description":"Shore Line East","route":"Shore Line East","routeId":"SLE","shapeId":"osm-4433102-760432062","source":"OpenStreetMap","sourceUrl":"https://www.openstreetmap.org/copyright"},"geometry":{"type":"LineString","coordinates":[[-72.094598,41.352385],[-72.094813,41.352236],[-72.095003,41.3521],[-72.095164,41.351986],[-72.095225,41.351942],[-72.095338,41.351858],[-72.095474,41.351752],[-72.095564,41.351678],[-72.09564,41.351615],[-72.095688,41.351572],[-72.095731,41.351534],[-72.095804,41.351464],[-72.095888,41.351382],[-72.095966,41.3513],[-72.096003,41.351257],[-72.096057,41.351193]]}},{"type":"Feature","properties":{"agency":"CTrail","color":"#ED0A28","description":"Shore Line East","route":"Shore Line East","routeId":"SLE","shapeId":"osm-4433102-760432064","source":"OpenStreetMap","sourceUrl":"https://www.openstreetmap.org/copyright"},"geometry":{"type":"LineString","coordinates":[[-72.094521,41.356794],[-72.094721,41.356941],[-72.094776,41.35698],[-72.095068,41.357192],[-72.09536,41.357405],[-72.095633,41.357594],[-72.095867,41.357793],[-72.096112,41.358032],[-72.096327,41.358263],[-72.096487,41.358479],[-72.096656,41.358752],[-72.09673,41.358972],[-72.096783,41.359133],[-72.096807,41.359263],[-72.096837,41.359437],[-72.096852,41.359589],[-72.096841,41.359746],[-72.096807,41.360034],[-72.096722,41.360303]]}},{"type":"Feature","properties":{"agency":"CTrail","color":"#ED0A28","description":"Shore Line East","route":"Shore Line East","routeId":"SLE","shapeId":"osm-4433102-760432065","source":"OpenStreetMap","sourceUrl":"https://www.openstreetmap.org/copyright"},"geometry":{"type":"LineString","coordinates":[[-72.359634,41.308833],[-72.35903,41.309137]]}},{"type":"Feature","properties":{"agency":"CTrail","color":"#ED0A28","description":"Shore Line East","route":"Shore Line East","routeId":"SLE","shapeId":"osm-4433102-760432066","source":"OpenStreetMap","sourceUrl":"https://www.openstreetmap.org/copyright"},"geometry":{"type":"LineString","coordinates":[[-72.361345,41.308004],[-72.362178,41.307583]]}},{"type":"Feature","properties":{"agency":"CTrail","color":"#ED0A28","description":"Shore Line East","route":"Shore Line East","routeId":"SLE","shapeId":"osm-4433102-760432067","source":"OpenStreetMap","sourceUrl":"https://www.openstreetmap.org/copyright"},"geometry":{"type":"LineString","coordinates":[[-72.354001,41.311188],[-72.354209,41.311165],[-72.354523,41.311122],[-72.354807,41.311066],[-72.355078,41.311003],[-72.355337,41.310933],[-72.355589,41.310855],[-72.355845,41.310766],[-72.356087,41.310668],[-72.356325,41.310564],[-72.35657,41.310449]]}},{"type":"Feature","properties":{"agency":"CTrail","color":"#ED0A28","description":"Shore Line East","route":"Shore Line East","routeId":"SLE","shapeId":"osm-4433102-760432068","source":"OpenStreetMap","sourceUrl":"https://www.openstreetmap.org/copyright"},"geometry":{"type":"LineString","coordinates":[[-72.365229,41.305961],[-72.363948,41.306621],[-72.363288,41.30696],[-72.362149,41.307543],[-72.361288,41.307984],[-72.360819,41.308224],[-72.359634,41.308833]]}},{"type":"Feature","properties":{"agency":"CTrail","color":"#ED0A28","description":"Shore Line East","route":"Shore Line East","routeId":"SLE","shapeId":"osm-4433102-760432070","source":"OpenStreetMap","sourceUrl":"https://www.openstreetmap.org/copyright"},"geometry":{"type":"LineString","coordinates":[[-72.665226,41.27744],[-72.664541,41.277585]]}},{"type":"Feature","properties":{"agency":"CTrail","color":"#ED0A28","description":"Shore Line East","route":"Shore Line East","routeId":"SLE","shapeId":"osm-4433102-760432071","source":"OpenStreetMap","sourceUrl":"https://www.openstreetmap.org/copyright"},"geometry":{"type":"LineString","coordinates":[[-72.684218,41.273656],[-72.680809,41.274331]]}},{"type":"Feature","properties":{"agency":"CTrail","color":"#ED0A28","description":"Shore Line East","route":"Shore Line East","routeId":"SLE","shapeId":"osm-4433102-760439316","source":"OpenStreetMap","sourceUrl":"https://www.openstreetmap.org/copyright"},"geometry":{"type":"LineString","coordinates":[[-72.095261,41.351866],[-72.094809,41.352188]]}},{"type":"Feature","properties":{"agency":"CTrail","color":"#ED0A28","description":"Shore Line East","route":"Shore Line East","routeId":"SLE","shapeId":"osm-4433102-760439339","source":"OpenStreetMap","sourceUrl":"https://www.openstreetmap.org/copyright"},"geometry":{"type":"LineString","coordinates":[[-72.905681,41.31375],[-72.905843,41.313647]]}},{"type":"Feature","properties":{"agency":"CTrail","color":"#ED0A28","description":"Shore Line East","route":"Shore Line East","routeId":"SLE","shapeId":"osm-4433102-760439340","source":"OpenStreetMap","sourceUrl":"https://www.openstreetmap.org/copyright"},"geometry":{"type":"LineString","coordinates":[[-72.905271,41.31396],[-72.905149,41.314037]]}},{"type":"Feature","properties":{"agency":"CTrail","color":"#ED0A28","description":"Shore Line East","route":"Shore Line East","routeId":"SLE","shapeId":"osm-4433102-760439341","source":"OpenStreetMap","sourceUrl":"https://www.openstreetmap.org/copyright"},"geometry":{"type":"LineString","coordinates":[[-72.905256,41.313963],[-72.905149,41.314037]]}},{"type":"Feature","properties":{"agency":"CTrail","color":"#ED0A28","description":"Shore Line East","route":"Shore Line East","routeId":"SLE","shapeId":"osm-4433102-792637522","source":"OpenStreetMap","sourceUrl":"https://www.openstreetmap.org/copyright"},"geometry":{"type":"LineString","coordinates":[[-72.88318,41.321857],[-72.883354,41.32192]]}},{"type":"Feature","properties":{"agency":"CTrail","color":"#ED0A28","description":"Shore Line East","route":"Shore Line East","routeId":"SLE","shapeId":"osm-4433102-792637523","source":"OpenStreetMap","sourceUrl":"https://www.openstreetmap.org/copyright"},"geometry":{"type":"LineString","coordinates":[[-72.88337,41.321887],[-72.8832,41.321821],[-72.883129,41.321794],[-72.882531,41.321537]]}},{"type":"Feature","properties":{"agency":"CTrail","color":"#ED0A28","description":"Shore Line East","route":"Shore Line East","routeId":"SLE","shapeId":"osm-4433102-792637524","source":"OpenStreetMap","sourceUrl":"https://www.openstreetmap.org/copyright"},"geometry":{"type":"LineString","coordinates":[[-72.903032,41.315435],[-72.90322,41.315326],[-72.903513,41.315158],[-72.903972,41.314852]]}},{"type":"Feature","properties":{"agency":"CTrail","color":"#ED0A28","description":"Shore Line East","route":"Shore Line East","routeId":"SLE","shapeId":"osm-4433102-792637525","source":"OpenStreetMap","sourceUrl":"https://www.openstreetmap.org/copyright"},"geometry":{"type":"LineString","coordinates":[[-72.903951,41.314826],[-72.903494,41.315115],[-72.903189,41.315299],[-72.902589,41.315629],[-72.901906,41.316009]]}},{"type":"Feature","properties":{"agency":"CTrail","color":"#ED0A28","description":"Shore Line East","route":"Shore Line East","routeId":"SLE","shapeId":"osm-4433102-792637526","source":"OpenStreetMap","sourceUrl":"https://www.openstreetmap.org/copyright"},"geometry":{"type":"LineString","coordinates":[[-72.812328,41.275719],[-72.812014,41.275844]]}},{"type":"Feature","properties":{"agency":"CTrail","color":"#ED0A28","description":"Shore Line East","route":"Shore Line East","routeId":"SLE","shapeId":"osm-4433102-792637527","source":"OpenStreetMap","sourceUrl":"https://www.openstreetmap.org/copyright"},"geometry":{"type":"LineString","coordinates":[[-72.813009,41.275446],[-72.812328,41.275719]]}},{"type":"Feature","properties":{"agency":"CTrail","color":"#ED0A28","description":"Shore Line East","route":"Shore Line East","routeId":"SLE","shapeId":"osm-4433102-792637528","source":"OpenStreetMap","sourceUrl":"https://www.openstreetmap.org/copyright"},"geometry":{"type":"LineString","coordinates":[[-72.812916,41.275528],[-72.813034,41.275481]]}},{"type":"Feature","properties":{"agency":"CTrail","color":"#ED0A28","description":"Shore Line East","route":"Shore Line East","routeId":"SLE","shapeId":"osm-4433102-792637529","source":"OpenStreetMap","sourceUrl":"https://www.openstreetmap.org/copyright"},"geometry":{"type":"LineString","coordinates":[[-72.811184,41.27622],[-72.812916,41.275528]]}},{"type":"Feature","properties":{"agency":"CTrail","color":"#ED0A28","description":"Shore Line East","route":"Shore Line East","routeId":"SLE","shapeId":"osm-4433102-792637532","source":"OpenStreetMap","sourceUrl":"https://www.openstreetmap.org/copyright"},"geometry":{"type":"LineString","coordinates":[[-72.778617,41.274939],[-72.781986,41.274696],[-72.785357,41.274452]]}},{"type":"Feature","properties":{"agency":"CTrail","color":"#ED0A28","description":"Shore Line East","route":"Shore Line East","routeId":"SLE","shapeId":"osm-4433102-792637533","source":"OpenStreetMap","sourceUrl":"https://www.openstreetmap.org/copyright"},"geometry":{"type":"LineString","coordinates":[[-72.785357,41.274452],[-72.786912,41.274337],[-72.787474,41.274319]]}},{"type":"Feature","properties":{"agency":"CTrail","color":"#ED0A28","description":"Shore Line East","route":"Shore Line East","routeId":"SLE","shapeId":"osm-4433102-792637535","source":"OpenStreetMap","sourceUrl":"https://www.openstreetmap.org/copyright"},"geometry":{"type":"LineString","coordinates":[[-72.638496,41.282424],[-72.638188,41.282463],[-72.634937,41.282863],[-72.633631,41.283034]]}},{"type":"Feature","properties":{"agency":"CTrail","color":"#ED0A28","description":"Shore Line East","route":"Shore Line East","routeId":"SLE","shapeId":"osm-4433102-792637536","source":"OpenStreetMap","sourceUrl":"https://www.openstreetmap.org/copyright"},"geometry":{"type":"LineString","coordinates":[[-72.64141,41.282087],[-72.64221,41.281972],[-72.644211,41.281714]]}},{"type":"Feature","properties":{"agency":"CTrail","color":"#ED0A28","description":"Shore Line East","route":"Shore Line East","routeId":"SLE","shapeId":"osm-4433102-792637537","source":"OpenStreetMap","sourceUrl":"https://www.openstreetmap.org/copyright"},"geometry":{"type":"LineString","coordinates":[[-72.649553,41.280773],[-72.652301,41.280198],[-72.656751,41.27926],[-72.657386,41.279125],[-72.660466,41.278471],[-72.661335,41.278287],[-72.662113,41.278131]]}},{"type":"Feature","properties":{"agency":"CTrail","color":"#ED0A28","description":"Shore Line East","route":"Shore Line East","routeId":"SLE","shapeId":"osm-4433102-792637538","source":"OpenStreetMap","sourceUrl":"https://www.openstreetmap.org/copyright"},"geometry":{"type":"LineString","coordinates":[[-72.664541,41.277585],[-72.662483,41.278009]]}},{"type":"Feature","properties":{"agency":"CTrail","color":"#ED0A28","description":"Shore Line East","route":"Shore Line East","routeId":"SLE","shapeId":"osm-4433102-792637539","source":"OpenStreetMap","sourceUrl":"https://www.openstreetmap.org/copyright"},"geometry":{"type":"LineString","coordinates":[[-72.387166,41.296627],[-72.386958,41.296706],[-72.386479,41.296893],[-72.386119,41.297032],[-72.385627,41.297222],[-72.385299,41.297348],[-72.384973,41.297475],[-72.384581,41.297623],[-72.384423,41.297688]]}},{"type":"Feature","properties":{"agency":"CTrail","color":"#ED0A28","description":"Shore Line East","route":"Shore Line East","routeId":"SLE","shapeId":"osm-4433102-792637540","source":"OpenStreetMap","sourceUrl":"https://www.openstreetmap.org/copyright"},"geometry":{"type":"LineString","coordinates":[[-72.383091,41.298251],[-72.382508,41.298479],[-72.382109,41.298634],[-72.381692,41.2988],[-72.380941,41.299092],[-72.380699,41.299186],[-72.380446,41.299283],[-72.379665,41.299583]]}},{"type":"Feature","properties":{"agency":"CTrail","color":"#ED0A28","description":"Shore Line East","route":"Shore Line East","routeId":"SLE","shapeId":"osm-4433102-792637541","source":"OpenStreetMap","sourceUrl":"https://www.openstreetmap.org/copyright"},"geometry":{"type":"LineString","coordinates":[[-72.383413,41.298126],[-72.383091,41.298251]]}},{"type":"Feature","properties":{"agency":"CTrail","color":"#ED0A28","description":"Shore Line East","route":"Shore Line East","routeId":"SLE","shapeId":"osm-4433102-792637542","source":"OpenStreetMap","sourceUrl":"https://www.openstreetmap.org/copyright"},"geometry":{"type":"LineString","coordinates":[[-72.381739,41.298814],[-72.382496,41.298523],[-72.382879,41.298373],[-72.383432,41.298162],[-72.38408,41.297912],[-72.384629,41.297691],[-72.385013,41.297546],[-72.385341,41.297417],[-72.385671,41.297288],[-72.386163,41.297099],[-72.38654,41.296953],[-72.386961,41.296789],[-72.387212,41.296694]]}},{"type":"Feature","properties":{"agency":"CTrail","color":"#ED0A28","description":"Shore Line East","route":"Shore Line East","routeId":"SLE","shapeId":"osm-4433102-792637543","source":"OpenStreetMap","sourceUrl":"https://www.openstreetmap.org/copyright"},"geometry":{"type":"LineString","coordinates":[[-72.381479,41.298916],[-72.38165,41.29885],[-72.381739,41.298814]]}},{"type":"Feature","properties":{"agency":"CTrail","color":"#ED0A28","description":"Shore Line East","route":"Shore Line East","routeId":"SLE","shapeId":"osm-4433102-792637544","source":"OpenStreetMap","sourceUrl":"https://www.openstreetmap.org/copyright"},"geometry":{"type":"LineString","coordinates":[[-72.362178,41.307583],[-72.363116,41.307099]]}},{"type":"Feature","properties":{"agency":"CTrail","color":"#ED0A28","description":"Shore Line East","route":"Shore Line East","routeId":"SLE","shapeId":"osm-4433102-792637545","source":"OpenStreetMap","sourceUrl":"https://www.openstreetmap.org/copyright"},"geometry":{"type":"LineString","coordinates":[[-72.208434,41.315656],[-72.207401,41.31613],[-72.207082,41.316276]]}},{"type":"Feature","properties":{"agency":"CTrail","color":"#ED0A28","description":"Shore Line East","route":"Shore Line East","routeId":"SLE","shapeId":"osm-4433102-792637546","source":"OpenStreetMap","sourceUrl":"https://www.openstreetmap.org/copyright"},"geometry":{"type":"LineString","coordinates":[[-72.205835,41.316894],[-72.207128,41.3163],[-72.207425,41.316161],[-72.208457,41.315686]]}},{"type":"Feature","properties":{"agency":"CTrail","color":"#ED0A28","description":"Shore Line East","route":"Shore Line East","routeId":"SLE","shapeId":"osm-4433102-792637547","source":"OpenStreetMap","sourceUrl":"https://www.openstreetmap.org/copyright"},"geometry":{"type":"LineString","coordinates":[[-72.207082,41.316276],[-72.206172,41.316696],[-72.205803,41.316865],[-72.205502,41.317004],[-72.205186,41.317152],[-72.203911,41.317738]]}},{"type":"Feature","properties":{"agency":"CTrail","color":"#ED0A28","description":"Shore Line East","route":"Shore Line East","routeId":"SLE","shapeId":"osm-4433102-792637548","source":"OpenStreetMap","sourceUrl":"https://www.openstreetmap.org/copyright"},"geometry":{"type":"LineString","coordinates":[[-72.205208,41.317183],[-72.205543,41.31703],[-72.205835,41.316894]]}},{"type":"Feature","properties":{"agency":"CTrail","color":"#ED0A28","description":"Shore Line East","route":"Shore Line East","routeId":"SLE","shapeId":"osm-4433102-792637549","source":"OpenStreetMap","sourceUrl":"https://www.openstreetmap.org/copyright"},"geometry":{"type":"LineString","coordinates":[[-72.348557,41.310871],[-72.351959,41.311155]]}},{"type":"Feature","properties":{"agency":"CTrail","color":"#ED0A28","description":"Shore Line East","route":"Shore Line East","routeId":"SLE","shapeId":"osm-4433102-792637550","source":"OpenStreetMap","sourceUrl":"https://www.openstreetmap.org/copyright"},"geometry":{"type":"LineString","coordinates":[[-72.347981,41.310823],[-72.348557,41.310871]]}},{"type":"Feature","properties":{"agency":"CTrail","color":"#ED0A28","description":"Shore Line East","route":"Shore Line East","routeId":"SLE","shapeId":"osm-4433102-792637551","source":"OpenStreetMap","sourceUrl":"https://www.openstreetmap.org/copyright"},"geometry":{"type":"LineString","coordinates":[[-72.347986,41.310788],[-72.346232,41.310641]]}},{"type":"Feature","properties":{"agency":"CTrail","color":"#ED0A28","description":"Shore Line East","route":"Shore Line East","routeId":"SLE","shapeId":"osm-4433102-792637552","source":"OpenStreetMap","sourceUrl":"https://www.openstreetmap.org/copyright"},"geometry":{"type":"LineString","coordinates":[[-72.348565,41.310836],[-72.347986,41.310788]]}},{"type":"Feature","properties":{"agency":"CTrail","color":"#ED0A28","description":"Shore Line East","route":"Shore Line East","routeId":"SLE","shapeId":"osm-4433102-792637553","source":"OpenStreetMap","sourceUrl":"https://www.openstreetmap.org/copyright"},"geometry":{"type":"LineString","coordinates":[[-72.078703,41.362634],[-72.079116,41.362771],[-72.079435,41.362876],[-72.079665,41.362949],[-72.079889,41.363022],[-72.080151,41.363105],[-72.080337,41.36316],[-72.080514,41.363211],[-72.08071,41.363264],[-72.080863,41.363303],[-72.080997,41.363333],[-72.081034,41.363342],[-72.081183,41.363374],[-72.081329,41.363403],[-72.081444,41.363424],[-72.081605,41.363451],[-72.081758,41.363473],[-72.081839,41.363483],[-72.081979,41.363498],[-72.082093,41.363507],[-72.082218,41.363517],[-72.082392,41.363527],[-72.082426,41.363528]]}},{"type":"Feature","properties":{"agency":"CTrail","color":"#ED0A28","description":"Shore Line East","route":"Shore Line East","routeId":"SLE","shapeId":"osm-4433102-792637555","source":"OpenStreetMap","sourceUrl":"https://www.openstreetmap.org/copyright"},"geometry":{"type":"LineString","coordinates":[[-72.084893,41.363342],[-72.084845,41.363345]]}},{"type":"Feature","properties":{"agency":"CTrail","color":"#ED0A28","description":"Shore Line East","route":"Shore Line East","routeId":"SLE","shapeId":"osm-4433102-792637556","source":"OpenStreetMap","sourceUrl":"https://www.openstreetmap.org/copyright"},"geometry":{"type":"LineString","coordinates":[[-72.083864,41.363464],[-72.084139,41.36344],[-72.084654,41.363397],[-72.084897,41.363376]]}},{"type":"Feature","properties":{"agency":"CTrail","color":"#ED0A28","description":"Shore Line East","route":"Shore Line East","routeId":"SLE","shapeId":"osm-4433102-792637558","source":"OpenStreetMap","sourceUrl":"https://www.openstreetmap.org/copyright"},"geometry":{"type":"LineString","coordinates":[[-72.087398,41.363133],[-72.084893,41.363342]]}},{"type":"Feature","properties":{"agency":"CTrail","color":"#ED0A28","description":"Shore Line East","route":"Shore Line East","routeId":"SLE","shapeId":"osm-4433102-792637559","source":"OpenStreetMap","sourceUrl":"https://www.openstreetmap.org/copyright"},"geometry":{"type":"LineString","coordinates":[[-72.087963,41.363089],[-72.087398,41.363133]]}},{"type":"Feature","properties":{"agency":"CTrail","color":"#ED0A28","description":"Shore Line East","route":"Shore Line East","routeId":"SLE","shapeId":"osm-4433102-792637560","source":"OpenStreetMap","sourceUrl":"https://www.openstreetmap.org/copyright"},"geometry":{"type":"LineString","coordinates":[[-72.087394,41.363173],[-72.08796,41.363126]]}},{"type":"Feature","properties":{"agency":"CTrail","color":"#ED0A28","description":"Shore Line East","route":"Shore Line East","routeId":"SLE","shapeId":"osm-4433102-792637561","source":"OpenStreetMap","sourceUrl":"https://www.openstreetmap.org/copyright"},"geometry":{"type":"LineString","coordinates":[[-72.08796,41.363126],[-72.089981,41.36296]]}},{"type":"Feature","properties":{"agency":"CTrail","color":"#ED0A28","description":"Shore Line East","route":"Shore Line East","routeId":"SLE","shapeId":"osm-4433102-792637562","source":"OpenStreetMap","sourceUrl":"https://www.openstreetmap.org/copyright"},"geometry":{"type":"LineString","coordinates":[[-72.09677,41.349579],[-72.096717,41.34975]]}},{"type":"Feature","properties":{"agency":"CTrail","color":"#ED0A28","description":"Shore Line East","route":"Shore Line East","routeId":"SLE","shapeId":"osm-4433102-792637563","source":"OpenStreetMap","sourceUrl":"https://www.openstreetmap.org/copyright"},"geometry":{"type":"LineString","coordinates":[[-72.096929,41.349021],[-72.09677,41.349579]]}},{"type":"Feature","properties":{"agency":"CTrail","color":"#ED0A28","description":"Shore Line East","route":"Shore Line East","routeId":"SLE","shapeId":"osm-4433102-792637564","source":"OpenStreetMap","sourceUrl":"https://www.openstreetmap.org/copyright"},"geometry":{"type":"LineString","coordinates":[[-72.096824,41.349586],[-72.096975,41.349028]]}},{"type":"Feature","properties":{"agency":"CTrail","color":"#ED0A28","description":"Shore Line East","route":"Shore Line East","routeId":"SLE","shapeId":"osm-4433102-792637565","source":"OpenStreetMap","sourceUrl":"https://www.openstreetmap.org/copyright"},"geometry":{"type":"LineString","coordinates":[[-72.096771,41.349758],[-72.096824,41.349586]]}},{"type":"Feature","properties":{"agency":"CTrail","color":"#ED0A28","description":"Shore Line East","route":"Shore Line East","routeId":"SLE","shapeId":"osm-4433102-792637566","source":"OpenStreetMap","sourceUrl":"https://www.openstreetmap.org/copyright"},"geometry":{"type":"LineString","coordinates":[[-72.17686,41.322469],[-72.176456,41.322288]]}},{"type":"Feature","properties":{"agency":"CTrail","color":"#ED0A28","description":"Shore Line East","route":"Shore Line East","routeId":"SLE","shapeId":"osm-4433102-792637567","source":"OpenStreetMap","sourceUrl":"https://www.openstreetmap.org/copyright"},"geometry":{"type":"LineString","coordinates":[[-72.176831,41.322505],[-72.177289,41.32271]]}},{"type":"Feature","properties":{"agency":"CTrail","color":"#ED0A28","description":"Shore Line East","route":"Shore Line East","routeId":"SLE","shapeId":"osm-4433102-792637568","source":"OpenStreetMap","sourceUrl":"https://www.openstreetmap.org/copyright"},"geometry":{"type":"LineString","coordinates":[[-72.177313,41.322673],[-72.17686,41.322469]]}},{"type":"Feature","properties":{"agency":"CTrail","color":"#ED0A28","description":"Shore Line East","route":"Shore Line East","routeId":"SLE","shapeId":"osm-4433102-792637569","source":"OpenStreetMap","sourceUrl":"https://www.openstreetmap.org/copyright"},"geometry":{"type":"LineString","coordinates":[[-72.177289,41.32271],[-72.177601,41.32285]]}},{"type":"Feature","properties":{"agency":"CTrail","color":"#ED0A28","description":"Shore Line East","route":"Shore Line East","routeId":"SLE","shapeId":"osm-4433102-802681115","source":"OpenStreetMap","sourceUrl":"https://www.openstreetmap.org/copyright"},"geometry":{"type":"LineString","coordinates":[[-72.662107,41.278087],[-72.661323,41.278256],[-72.660454,41.27844],[-72.657375,41.279094],[-72.656736,41.279227],[-72.653101,41.279982],[-72.6523,41.280152]]}},{"type":"Feature","properties":{"agency":"CTrail","color":"#ED0A28","description":"Shore Line East","route":"Shore Line East","routeId":"SLE","shapeId":"osm-4433102-802681116","source":"OpenStreetMap","sourceUrl":"https://www.openstreetmap.org/copyright"},"geometry":{"type":"LineString","coordinates":[[-72.662483,41.278009],[-72.662107,41.278087]]}},{"type":"Feature","properties":{"agency":"CTrail","color":"#ED0A28","description":"Shore Line East","route":"Shore Line East","routeId":"SLE","shapeId":"osm-4433102-802681117","source":"OpenStreetMap","sourceUrl":"https://www.openstreetmap.org/copyright"},"geometry":{"type":"LineString","coordinates":[[-72.662497,41.27805],[-72.664552,41.277616]]}},{"type":"Feature","properties":{"agency":"CTrail","color":"#ED0A28","description":"Shore Line East","route":"Shore Line East","routeId":"SLE","shapeId":"osm-4433102-802681118","source":"OpenStreetMap","sourceUrl":"https://www.openstreetmap.org/copyright"},"geometry":{"type":"LineString","coordinates":[[-72.662113,41.278131],[-72.662497,41.27805]]}},{"type":"Feature","properties":{"agency":"CTrail","color":"#ED0A28","description":"Shore Line East","route":"Shore Line East","routeId":"SLE","shapeId":"osm-4433102-802681124","source":"OpenStreetMap","sourceUrl":"https://www.openstreetmap.org/copyright"},"geometry":{"type":"LineString","coordinates":[[-72.670629,41.276323],[-72.668548,41.276745],[-72.668423,41.276771],[-72.667579,41.276942],[-72.665226,41.27744]]}},{"type":"Feature","properties":{"agency":"CTrail","color":"#ED0A28","description":"Shore Line East","route":"Shore Line East","routeId":"SLE","shapeId":"osm-4433102-875257156","source":"OpenStreetMap","sourceUrl":"https://www.openstreetmap.org/copyright"},"geometry":{"type":"LineString","coordinates":[[-72.902337,41.31599],[-72.90308,41.315499],[-72.903698,41.31508],[-72.903988,41.314895]]}},{"type":"Feature","properties":{"agency":"CTrail","color":"#ED0A28","description":"Shore Line East","route":"Shore Line East","routeId":"SLE","shapeId":"osm-4433102-875257157","source":"OpenStreetMap","sourceUrl":"https://www.openstreetmap.org/copyright"},"geometry":{"type":"LineString","coordinates":[[-72.901356,41.316682],[-72.902356,41.316037],[-72.902713,41.315798],[-72.904,41.314943]]}},{"type":"Feature","properties":{"agency":"CTrail","color":"#ED0A28","description":"Shore Line East","route":"Shore Line East","routeId":"SLE","shapeId":"osm-4433102-905095670","source":"OpenStreetMap","sourceUrl":"https://www.openstreetmap.org/copyright"},"geometry":{"type":"LineString","coordinates":[[-72.817033,41.274657],[-72.816607,41.274654],[-72.816179,41.274668],[-72.815724,41.274706],[-72.815364,41.274753],[-72.815064,41.274802],[-72.814579,41.274905],[-72.814206,41.275007],[-72.813812,41.275138],[-72.813142,41.275394]]}},{"type":"Feature","properties":{"agency":"CTrail","color":"#ED0A28","description":"Shore Line East","route":"Shore Line East","routeId":"SLE","shapeId":"osm-4433102-1021164082","source":"OpenStreetMap","sourceUrl":"https://www.openstreetmap.org/copyright"},"geometry":{"type":"LineString","coordinates":[[-72.378452,41.300212],[-72.378801,41.300073],[-72.378916,41.300028],[-72.379063,41.299966],[-72.379236,41.299892],[-72.379396,41.299817]]}},{"type":"Feature","properties":{"agency":"CTrail","color":"#ED0A28","description":"Shore Line East","route":"Shore Line East","routeId":"SLE","shapeId":"osm-4433102-1021164083","source":"OpenStreetMap","sourceUrl":"https://www.openstreetmap.org/copyright"},"geometry":{"type":"LineString","coordinates":[[-72.378449,41.300207],[-72.3788,41.300071],[-72.378914,41.300026],[-72.379062,41.299964],[-72.379234,41.299889],[-72.379396,41.299817]]}},{"type":"Feature","properties":{"agency":"CTrail","color":"#ED0A28","description":"Shore Line East","route":"Shore Line East","routeId":"SLE","shapeId":"osm-4433102-1021164084","source":"OpenStreetMap","sourceUrl":"https://www.openstreetmap.org/copyright"},"geometry":{"type":"LineString","coordinates":[[-72.379396,41.299817],[-72.379603,41.29973],[-72.379946,41.299579],[-72.380334,41.299405]]}},{"type":"Feature","properties":{"agency":"CTrail","color":"#ED0A28","description":"Shore Line East","route":"Shore Line East","routeId":"SLE","shapeId":"osm-4433102-1021760905","source":"OpenStreetMap","sourceUrl":"https://www.openstreetmap.org/copyright"},"geometry":{"type":"LineString","coordinates":[[-72.351959,41.311155],[-72.352167,41.311181],[-72.352465,41.311205],[-72.352756,41.311222],[-72.352989,41.311231],[-72.353215,41.311233],[-72.353412,41.311231],[-72.353681,41.31122],[-72.354001,41.311188]]}},{"type":"Feature","properties":{"agency":"CTrail","color":"#ED0A28","description":"Shore Line East","route":"Shore Line East","routeId":"SLE","shapeId":"osm-4433102-1021760906","source":"OpenStreetMap","sourceUrl":"https://www.openstreetmap.org/copyright"},"geometry":{"type":"LineString","coordinates":[[-72.353986,41.311153],[-72.353677,41.31118],[-72.353413,41.311192],[-72.353217,41.311196],[-72.352992,41.311194],[-72.352759,41.311186],[-72.352473,41.311169],[-72.352174,41.311147],[-72.351964,41.311119]]}},{"type":"Feature","properties":{"agency":"CTrail","color":"#ED0A28","description":"Shore Line East","route":"Shore Line East","routeId":"SLE","shapeId":"osm-4433102-1021760907","source":"OpenStreetMap","sourceUrl":"https://www.openstreetmap.org/copyright"},"geometry":{"type":"LineString","coordinates":[[-72.35657,41.310449],[-72.356824,41.310325],[-72.357336,41.310062],[-72.358091,41.309677],[-72.358883,41.30927],[-72.359377,41.309016],[-72.360103,41.308643],[-72.361306,41.308027],[-72.361345,41.308004]]}},{"type":"Feature","properties":{"agency":"CTrail","color":"#ED0A28","description":"Shore Line East","route":"Shore Line East","routeId":"SLE","shapeId":"osm-4433102-1021760908","source":"OpenStreetMap","sourceUrl":"https://www.openstreetmap.org/copyright"},"geometry":{"type":"LineString","coordinates":[[-72.35903,41.309137],[-72.35885,41.309233],[-72.358064,41.309635],[-72.357306,41.310024],[-72.356791,41.310285],[-72.356547,41.31041]]}},{"type":"Feature","properties":{"agency":"CTrail","color":"#ED0A28","description":"Shore Line East","route":"Shore Line East","routeId":"SLE","shapeId":"osm-4433102-1021760909","source":"OpenStreetMap","sourceUrl":"https://www.openstreetmap.org/copyright"},"geometry":{"type":"LineString","coordinates":[[-72.339724,41.309915],[-72.339316,41.309808],[-72.338891,41.309679],[-72.3385,41.309538],[-72.338173,41.309406],[-72.338034,41.30935]]}},{"type":"Feature","properties":{"agency":"CTrail","color":"#ED0A28","description":"Shore Line East","route":"Shore Line East","routeId":"SLE","shapeId":"osm-4433102-1021760910","source":"OpenStreetMap","sourceUrl":"https://www.openstreetmap.org/copyright"},"geometry":{"type":"LineString","coordinates":[[-72.338009,41.309383],[-72.338477,41.309572],[-72.33887,41.309714],[-72.339297,41.309843],[-72.339709,41.309952]]}},{"type":"Feature","properties":{"agency":"CTrail","color":"#ED0A28","description":"Shore Line East","route":"Shore Line East","routeId":"SLE","shapeId":"osm-4433102-1021760911","source":"OpenStreetMap","sourceUrl":"https://www.openstreetmap.org/copyright"},"geometry":{"type":"LineString","coordinates":[[-72.344278,41.310512],[-72.345524,41.310613],[-72.346226,41.310677]]}},{"type":"Feature","properties":{"agency":"CTrail","color":"#ED0A28","description":"Shore Line East","route":"Shore Line East","routeId":"SLE","shapeId":"osm-4433102-1021760912","source":"OpenStreetMap","sourceUrl":"https://www.openstreetmap.org/copyright"},"geometry":{"type":"LineString","coordinates":[[-72.346232,41.310641],[-72.345529,41.310577],[-72.344282,41.310475]]}},{"type":"Feature","properties":{"agency":"CTrail","color":"#ED0A28","description":"Shore Line East","route":"Shore Line East","routeId":"SLE","shapeId":"osm-4433102-1021760913","source":"OpenStreetMap","sourceUrl":"https://www.openstreetmap.org/copyright"},"geometry":{"type":"LineString","coordinates":[[-72.239406,41.300849],[-72.239087,41.300882],[-72.23877,41.300914],[-72.237462,41.30105]]}},{"type":"Feature","properties":{"agency":"CTrail","color":"#ED0A28","description":"Shore Line East","route":"Shore Line East","routeId":"SLE","shapeId":"osm-4433102-1021760914","source":"OpenStreetMap","sourceUrl":"https://www.openstreetmap.org/copyright"},"geometry":{"type":"LineString","coordinates":[[-72.237469,41.301084],[-72.23878,41.300948],[-72.239101,41.300915],[-72.239421,41.300881]]}},{"type":"Feature","properties":{"agency":"CTrail","color":"#ED0A28","description":"Shore Line East","route":"Shore Line East","routeId":"SLE","shapeId":"osm-4433102-1021760915","source":"OpenStreetMap","sourceUrl":"https://www.openstreetmap.org/copyright"},"geometry":{"type":"LineString","coordinates":[[-72.257795,41.297044],[-72.256957,41.297352],[-72.254579,41.298223],[-72.252874,41.298848]]}},{"type":"Feature","properties":{"agency":"CTrail","color":"#ED0A28","description":"Shore Line East","route":"Shore Line East","routeId":"SLE","shapeId":"osm-4433102-1021760916","source":"OpenStreetMap","sourceUrl":"https://www.openstreetmap.org/copyright"},"geometry":{"type":"LineString","coordinates":[[-72.252895,41.298881],[-72.2546,41.298256],[-72.256936,41.297399],[-72.257816,41.297077]]}},{"type":"Feature","properties":{"agency":"CTrail","color":"#ED0A28","description":"Shore Line East","route":"Shore Line East","routeId":"SLE","shapeId":"osm-4433102-1021760917","source":"OpenStreetMap","sourceUrl":"https://www.openstreetmap.org/copyright"},"geometry":{"type":"LineString","coordinates":[[-72.098453,41.344372],[-72.098728,41.343638]]}},{"type":"Feature","properties":{"agency":"CTrail","color":"#ED0A28","description":"Shore Line East","route":"Shore Line East","routeId":"SLE","shapeId":"osm-4433102-1021760918","source":"OpenStreetMap","sourceUrl":"https://www.openstreetmap.org/copyright"},"geometry":{"type":"LineString","coordinates":[[-72.098683,41.343629],[-72.098408,41.344365]]}},{"type":"Feature","properties":{"agency":"CTrail","color":"#ED0A28","description":"Shore Line East","route":"Shore Line East","routeId":"SLE","shapeId":"osm-4433102-1021760919","source":"OpenStreetMap","sourceUrl":"https://www.openstreetmap.org/copyright"},"geometry":{"type":"LineString","coordinates":[[-72.104933,41.334723],[-72.105046,41.334697],[-72.105255,41.334652],[-72.105582,41.334584],[-72.105852,41.33453],[-72.106129,41.334476],[-72.106691,41.334375],[-72.107351,41.334274],[-72.107521,41.33425],[-72.107693,41.334228],[-72.107862,41.334206],[-72.108035,41.334187],[-72.108337,41.334157],[-72.108536,41.334139],[-72.108717,41.334125],[-72.109033,41.334106],[-72.109278,41.334094]]}},{"type":"Feature","properties":{"agency":"CTrail","color":"#ED0A28","description":"Shore Line East","route":"Shore Line East","routeId":"SLE","shapeId":"osm-4433102-1021760920","source":"OpenStreetMap","sourceUrl":"https://www.openstreetmap.org/copyright"},"geometry":{"type":"LineString","coordinates":[[-72.102406,41.335867],[-72.102275,41.335983],[-72.102161,41.336084],[-72.102032,41.336216],[-72.101908,41.336351],[-72.101817,41.336459],[-72.101734,41.336568],[-72.101642,41.336698],[-72.101576,41.336796],[-72.101485,41.336951],[-72.101439,41.337034],[-72.101401,41.3371],[-72.101367,41.337167],[-72.101335,41.337231],[-72.10127,41.337369],[-72.10121,41.337497],[-72.101153,41.337624],[-72.101086,41.337781],[-72.10102,41.33793],[-72.100959,41.338074],[-72.100873,41.338272],[-72.100598,41.338902],[-72.100486,41.33916],[-72.100385,41.339394],[-72.100296,41.339596],[-72.100231,41.339748],[-72.100165,41.339899],[-72.100049,41.340168],[-72.099976,41.340334],[-72.099864,41.340601],[-72.099778,41.340796],[-72.099746,41.340868],[-72.099692,41.340994],[-72.099652,41.341086],[-72.099598,41.341214],[-72.099532,41.341369],[-72.099495,41.34146],[-72.099428,41.341628],[-72.099368,41.341782],[-72.09932,41.341906],[-72.099282,41.342006],[-72.09923,41.342134]]}},{"type":"Feature","properties":{"agency":"CTrail","color":"#ED0A28","description":"Shore Line East","route":"Shore Line East","routeId":"SLE","shapeId":"osm-4433102-1021760921","source":"OpenStreetMap","sourceUrl":"https://www.openstreetmap.org/copyright"},"geometry":{"type":"LineString","coordinates":[[-72.109278,41.334094],[-72.109447,41.334087],[-72.109663,41.334079],[-72.109823,41.334075],[-72.110076,41.33407],[-72.110346,41.334067],[-72.110574,41.334068],[-72.110813,41.334071],[-72.111133,41.334076],[-72.111461,41.334086],[-72.111623,41.334093],[-72.111785,41.334102],[-72.112069,41.334115],[-72.112436,41.334136],[-72.112792,41.33416],[-72.113177,41.334188],[-72.113395,41.334208],[-72.113585,41.334226],[-72.113749,41.334243],[-72.113909,41.334261],[-72.114054,41.334277],[-72.114206,41.334296],[-72.11436,41.334316],[-72.114508,41.334336],[-72.114662,41.334359],[-72.114804,41.33438],[-72.115102,41.334424],[-72.115401,41.334471],[-72.115975,41.334558],[-72.116548,41.334645],[-72.11707,41.334724],[-72.118012,41.334869],[-72.118484,41.334939],[-72.119251,41.335057]]}},{"type":"Feature","properties":{"agency":"CTrail","color":"#ED0A28","description":"Shore Line East","route":"Shore Line East","routeId":"SLE","shapeId":"osm-4433102-1021760922","source":"OpenStreetMap","sourceUrl":"https://www.openstreetmap.org/copyright"},"geometry":{"type":"LineString","coordinates":[[-72.119262,41.335023],[-72.118493,41.334907],[-72.118024,41.334836],[-72.117074,41.334691],[-72.116557,41.334611],[-72.115987,41.334524],[-72.115411,41.334437],[-72.115164,41.3344],[-72.114994,41.334374],[-72.114819,41.334347],[-72.114674,41.334327],[-72.11453,41.334306],[-72.114373,41.334285],[-72.11421,41.334263],[-72.114063,41.334244],[-72.113919,41.334227],[-72.113758,41.334209],[-72.11359,41.334192],[-72.113404,41.334175],[-72.113181,41.334155],[-72.112794,41.334126],[-72.112439,41.334102],[-72.112071,41.334081],[-72.111787,41.334066],[-72.111396,41.334049],[-72.111145,41.334043],[-72.110819,41.334035],[-72.110579,41.334034],[-72.110344,41.334034],[-72.110075,41.334036],[-72.109792,41.334042],[-72.10953,41.33405],[-72.109273,41.334059],[-72.109,41.334075],[-72.108715,41.334092],[-72.1085,41.334108],[-72.10834,41.334122],[-72.108031,41.334152],[-72.107868,41.334171],[-72.107693,41.334193],[-72.107339,41.334241],[-72.107009,41.334291],[-72.106682,41.334342],[-72.106287,41.33441],[-72.105922,41.33448],[-72.105746,41.334514],[-72.105565,41.334552],[-72.105242,41.334618],[-72.104919,41.334691]]}},{"type":"Feature","properties":{"agency":"CTrail","color":"#ED0A28","description":"Shore Line East","route":"Shore Line East","routeId":"SLE","shapeId":"osm-4433102-1021760923","source":"OpenStreetMap","sourceUrl":"https://www.openstreetmap.org/copyright"},"geometry":{"type":"LineString","coordinates":[[-72.176456,41.322288],[-72.175975,41.322073],[-72.175202,41.321694]]}},{"type":"Feature","properties":{"agency":"CTrail","color":"#ED0A28","description":"Shore Line East","route":"Shore Line East","routeId":"SLE","shapeId":"osm-4433102-1021760924","source":"OpenStreetMap","sourceUrl":"https://www.openstreetmap.org/copyright"},"geometry":{"type":"LineString","coordinates":[[-72.175175,41.321726],[-72.175948,41.322106],[-72.176428,41.322324]]}},{"type":"Feature","properties":{"agency":"CTrail","color":"#ED0A28","description":"Shore Line East","route":"Shore Line East","routeId":"SLE","shapeId":"osm-4433102-1021760925","source":"OpenStreetMap","sourceUrl":"https://www.openstreetmap.org/copyright"},"geometry":{"type":"LineString","coordinates":[[-72.179088,41.323441],[-72.178517,41.32321],[-72.178225,41.323083],[-72.178002,41.322983],[-72.177629,41.322815]]}},{"type":"Feature","properties":{"agency":"CTrail","color":"#ED0A28","description":"Shore Line East","route":"Shore Line East","routeId":"SLE","shapeId":"osm-4433102-1021760926","source":"OpenStreetMap","sourceUrl":"https://www.openstreetmap.org/copyright"},"geometry":{"type":"LineString","coordinates":[[-72.177601,41.32285],[-72.177976,41.32302],[-72.17819,41.323116],[-72.178491,41.323247],[-72.179048,41.323475]]}},{"type":"Feature","properties":{"agency":"CTrail","color":"#ED0A28","description":"Shore Line East","route":"Shore Line East","routeId":"SLE","shapeId":"osm-4433102-1021760927","source":"OpenStreetMap","sourceUrl":"https://www.openstreetmap.org/copyright"},"geometry":{"type":"LineString","coordinates":[[-72.094302,41.356639],[-72.094521,41.356794]]}},{"type":"Feature","properties":{"agency":"CTrail","color":"#ED0A28","description":"Shore Line East","route":"Shore Line East","routeId":"SLE","shapeId":"osm-4433102-1021760928","source":"OpenStreetMap","sourceUrl":"https://www.openstreetmap.org/copyright"},"geometry":{"type":"LineString","coordinates":[[-72.096762,41.360335],[-72.096856,41.36004],[-72.09689,41.359748],[-72.096902,41.359588],[-72.096886,41.359433],[-72.096856,41.359258],[-72.096831,41.359127],[-72.096778,41.358963],[-72.096702,41.358739],[-72.096531,41.358462],[-72.096369,41.358244],[-72.096151,41.35801],[-72.095905,41.35777],[-72.095669,41.357569],[-72.095394,41.357382],[-72.095102,41.35717],[-72.094811,41.356958],[-72.094755,41.356917],[-72.094551,41.356771]]}},{"type":"Feature","properties":{"agency":"CTrail","color":"#ED0A28","description":"Shore Line East","route":"Shore Line East","routeId":"SLE","shapeId":"osm-4433102-1021760929","source":"OpenStreetMap","sourceUrl":"https://www.openstreetmap.org/copyright"},"geometry":{"type":"LineString","coordinates":[[-72.078725,41.362602],[-72.078336,41.362474],[-72.078131,41.362408],[-72.077404,41.362167],[-72.076905,41.362005],[-72.07633,41.361816]]}},{"type":"Feature","properties":{"agency":"CTrail","color":"#ED0A28","description":"Shore Line East","route":"Shore Line East","routeId":"SLE","shapeId":"osm-4433102-1021760930","source":"OpenStreetMap","sourceUrl":"https://www.openstreetmap.org/copyright"},"geometry":{"type":"LineString","coordinates":[[-72.077436,41.362216],[-72.077501,41.362238],[-72.078125,41.362445],[-72.078703,41.362634]]}},{"type":"Feature","properties":{"agency":"CTrail","color":"#ED0A28","description":"Shore Line East","route":"Shore Line East","routeId":"SLE","shapeId":"osm-4433102-1021760931","source":"OpenStreetMap","sourceUrl":"https://www.openstreetmap.org/copyright"},"geometry":{"type":"LineString","coordinates":[[-72.062287,41.350891],[-72.062549,41.351023],[-72.06275,41.351136],[-72.062945,41.351256],[-72.063092,41.351357],[-72.063215,41.351449],[-72.063487,41.351666],[-72.063677,41.351865],[-72.063848,41.352063],[-72.064107,41.352431],[-72.064331,41.352849],[-72.064381,41.352958],[-72.064425,41.353064],[-72.064482,41.353198]]}},{"type":"Feature","properties":{"agency":"CTrail","color":"#ED0A28","description":"Shore Line East","route":"Shore Line East","routeId":"SLE","shapeId":"osm-4433102-1021760932","source":"OpenStreetMap","sourceUrl":"https://www.openstreetmap.org/copyright"},"geometry":{"type":"LineString","coordinates":[[-72.064926,41.354169],[-72.064746,41.353704],[-72.06463,41.353419],[-72.064606,41.353359]]}},{"type":"Feature","properties":{"agency":"CTrail","color":"#ED0A28","description":"Shore Line East","route":"Shore Line East","routeId":"SLE","shapeId":"osm-4433102-1021760933","source":"OpenStreetMap","sourceUrl":"https://www.openstreetmap.org/copyright"},"geometry":{"type":"LineString","coordinates":[[-72.05292,41.346077],[-72.05339,41.346457],[-72.0543,41.347205],[-72.054728,41.347538],[-72.054985,41.347723],[-72.055176,41.347851],[-72.05548,41.348041],[-72.055947,41.348301],[-72.056388,41.34852],[-72.056997,41.348773],[-72.057363,41.348932],[-72.057764,41.349088],[-72.058808,41.349497],[-72.059426,41.349738],[-72.060054,41.349985],[-72.060669,41.350227],[-72.061286,41.350469],[-72.062005,41.350764],[-72.062287,41.350891]]}},{"type":"Feature","properties":{"agency":"CTrail","color":"#ED0A28","description":"Shore Line East","route":"Shore Line East","routeId":"SLE","shapeId":"osm-4433102-1021760934","source":"OpenStreetMap","sourceUrl":"https://www.openstreetmap.org/copyright"},"geometry":{"type":"LineString","coordinates":[[-72.064544,41.353216],[-72.064475,41.353053],[-72.064378,41.352839],[-72.064152,41.352415],[-72.063889,41.352041],[-72.06372,41.351844],[-72.063513,41.35164],[-72.063255,41.351425],[-72.063126,41.351329],[-72.062986,41.351232],[-72.062799,41.351117],[-72.062584,41.350996],[-72.062311,41.350858]]}},{"type":"Feature","properties":{"agency":"CTrail","color":"#ED0A28","description":"Shore Line East","route":"Shore Line East","routeId":"SLE","shapeId":"osm-4433102-1021789735","source":"OpenStreetMap","sourceUrl":"https://www.openstreetmap.org/copyright"},"geometry":{"type":"LineString","coordinates":[[-72.901004,41.316913],[-72.901356,41.316682]]}},{"type":"Feature","properties":{"agency":"CTrail","color":"#ED0A28","description":"Shore Line East","route":"Shore Line East","routeId":"SLE","shapeId":"osm-4433102-1021789736","source":"OpenStreetMap","sourceUrl":"https://www.openstreetmap.org/copyright"},"geometry":{"type":"LineString","coordinates":[[-72.900975,41.316883],[-72.901134,41.31677],[-72.902113,41.316139],[-72.902337,41.31599]]}},{"type":"Feature","properties":{"agency":"CTrail","color":"#ED0A28","description":"Shore Line East","route":"Shore Line East","routeId":"SLE","shapeId":"osm-4433102-1021789737","source":"OpenStreetMap","sourceUrl":"https://www.openstreetmap.org/copyright"},"geometry":{"type":"LineString","coordinates":[[-72.90308,41.315499],[-72.902194,41.316027],[-72.901137,41.316718],[-72.900941,41.316857]]}},{"type":"Feature","properties":{"agency":"CTrail","color":"#ED0A28","description":"Shore Line East","route":"Shore Line East","routeId":"SLE","shapeId":"osm-4433102-1021789738","source":"OpenStreetMap","sourceUrl":"https://www.openstreetmap.org/copyright"},"geometry":{"type":"LineString","coordinates":[[-72.907891,41.312339],[-72.908235,41.312127]]}},{"type":"Feature","properties":{"agency":"CTrail","color":"#ED0A28","description":"Shore Line East","route":"Shore Line East","routeId":"SLE","shapeId":"osm-4433102-1021789739","source":"OpenStreetMap","sourceUrl":"https://www.openstreetmap.org/copyright"},"geometry":{"type":"LineString","coordinates":[[-72.90821,41.312096],[-72.907878,41.3123]]}},{"type":"Feature","properties":{"agency":"CTrail","color":"#ED0A28","description":"Shore Line East","route":"Shore Line East","routeId":"SLE","shapeId":"osm-4433102-1021789740","source":"OpenStreetMap","sourceUrl":"https://www.openstreetmap.org/copyright"},"geometry":{"type":"LineString","coordinates":[[-72.90818,41.312063],[-72.907864,41.312261]]}},{"type":"Feature","properties":{"agency":"CTrail","color":"#ED0A28","description":"Shore Line East","route":"Shore Line East","routeId":"SLE","shapeId":"osm-4433102-1021789741","source":"OpenStreetMap","sourceUrl":"https://www.openstreetmap.org/copyright"},"geometry":{"type":"LineString","coordinates":[[-72.908154,41.312035],[-72.907851,41.312221]]}},{"type":"Feature","properties":{"agency":"CTrail","color":"#ED0A28","description":"Shore Line East","route":"Shore Line East","routeId":"SLE","shapeId":"osm-4433102-1021789742","source":"OpenStreetMap","sourceUrl":"https://www.openstreetmap.org/copyright"},"geometry":{"type":"LineString","coordinates":[[-72.901478,41.316293],[-72.902358,41.315803],[-72.903032,41.315435]]}},{"type":"Feature","properties":{"agency":"CTrail","color":"#ED0A28","description":"Shore Line East","route":"Shore Line East","routeId":"SLE","shapeId":"osm-4433102-1021789743","source":"OpenStreetMap","sourceUrl":"https://www.openstreetmap.org/copyright"},"geometry":{"type":"LineString","coordinates":[[-72.901906,41.316009],[-72.901448,41.316263]]}},{"type":"Feature","properties":{"agency":"CTrail","color":"#ED0A28","description":"Shore Line East","route":"Shore Line East","routeId":"SLE","shapeId":"osm-4433102-1021789744","source":"OpenStreetMap","sourceUrl":"https://www.openstreetmap.org/copyright"},"geometry":{"type":"LineString","coordinates":[[-72.882531,41.321537],[-72.882287,41.321418]]}},{"type":"Feature","properties":{"agency":"CTrail","color":"#ED0A28","description":"Shore Line East","route":"Shore Line East","routeId":"SLE","shapeId":"osm-4433102-1021789745","source":"OpenStreetMap","sourceUrl":"https://www.openstreetmap.org/copyright"},"geometry":{"type":"LineString","coordinates":[[-72.882262,41.321446],[-72.882625,41.321621],[-72.88318,41.321857]]}},{"type":"Feature","properties":{"agency":"CTrail","color":"#ED0A28","description":"Shore Line East","route":"Shore Line East","routeId":"SLE","shapeId":"osm-4433102-1021789746","source":"OpenStreetMap","sourceUrl":"https://www.openstreetmap.org/copyright"},"geometry":{"type":"LineString","coordinates":[[-72.886671,41.322676],[-72.886055,41.322592]]}},{"type":"Feature","properties":{"agency":"CTrail","color":"#ED0A28","description":"Shore Line East","route":"Shore Line East","routeId":"SLE","shapeId":"osm-4433102-1021789747","source":"OpenStreetMap","sourceUrl":"https://www.openstreetmap.org/copyright"},"geometry":{"type":"LineString","coordinates":[[-72.886044,41.322629],[-72.886641,41.32271]]}},{"type":"Feature","properties":{"agency":"CTrail","color":"#ED0A28","description":"Shore Line East","route":"Shore Line East","routeId":"SLE","shapeId":"osm-4433102-1021789748","source":"OpenStreetMap","sourceUrl":"https://www.openstreetmap.org/copyright"},"geometry":{"type":"LineString","coordinates":[[-72.879438,41.290909],[-72.879036,41.290197],[-72.878612,41.289558],[-72.878124,41.288905],[-72.874755,41.285177],[-72.874141,41.284491],[-72.873841,41.284199],[-72.873484,41.283903],[-72.873202,41.283691],[-72.872931,41.283512],[-72.872337,41.283182]]}},{"type":"Feature","properties":{"agency":"CTrail","color":"#ED0A28","description":"Shore Line East","route":"Shore Line East","routeId":"SLE","shapeId":"osm-4433102-1021789749","source":"OpenStreetMap","sourceUrl":"https://www.openstreetmap.org/copyright"},"geometry":{"type":"LineString","coordinates":[[-72.872312,41.283212],[-72.872888,41.283534],[-72.873157,41.283713],[-72.873428,41.283915],[-72.873674,41.284109],[-72.874028,41.284443],[-72.874712,41.285193],[-72.878076,41.288915],[-72.878484,41.289457],[-72.878977,41.290195],[-72.879395,41.290933]]}},{"type":"Feature","properties":{"agency":"CTrail","color":"#ED0A28","description":"Shore Line East","route":"Shore Line East","routeId":"SLE","shapeId":"osm-4433102-1021789750","source":"OpenStreetMap","sourceUrl":"https://www.openstreetmap.org/copyright"},"geometry":{"type":"LineString","coordinates":[[-72.834214,41.276946],[-72.833493,41.276751],[-72.832404,41.276449],[-72.83124,41.276132],[-72.830532,41.275937],[-72.829678,41.275704]]}},{"type":"Feature","properties":{"agency":"CTrail","color":"#ED0A28","description":"Shore Line East","route":"Shore Line East","routeId":"SLE","shapeId":"osm-4433102-1021789751","source":"OpenStreetMap","sourceUrl":"https://www.openstreetmap.org/copyright"},"geometry":{"type":"LineString","coordinates":[[-72.829595,41.275754],[-72.831166,41.276174],[-72.83238,41.276498],[-72.833476,41.276785],[-72.834197,41.276979]]}},{"type":"Feature","properties":{"agency":"CTrail","color":"#ED0A28","description":"Shore Line East","route":"Shore Line East","routeId":"SLE","shapeId":"osm-4433102-1021789752","source":"OpenStreetMap","sourceUrl":"https://www.openstreetmap.org/copyright"},"geometry":{"type":"LineString","coordinates":[[-72.834197,41.276979],[-72.834795,41.277166],[-72.835055,41.277253],[-72.835428,41.277392],[-72.83592,41.277617],[-72.836192,41.277758],[-72.836583,41.277978],[-72.837016,41.278293],[-72.837506,41.278655],[-72.83842,41.279379],[-72.838774,41.279649]]}},{"type":"Feature","properties":{"agency":"CTrail","color":"#ED0A28","description":"Shore Line East","route":"Shore Line East","routeId":"SLE","shapeId":"osm-4433102-1021789753","source":"OpenStreetMap","sourceUrl":"https://www.openstreetmap.org/copyright"},"geometry":{"type":"LineString","coordinates":[[-72.838808,41.279624],[-72.838454,41.279354],[-72.837641,41.278706],[-72.837049,41.278267],[-72.836614,41.277951],[-72.83622,41.277729],[-72.835946,41.277587],[-72.835451,41.277361],[-72.835075,41.277221],[-72.834814,41.277133],[-72.834214,41.276946]]}},{"type":"Feature","properties":{"agency":"CTrail","color":"#ED0A28","description":"Shore Line East","route":"Shore Line East","routeId":"SLE","shapeId":"osm-4433102-1021789754","source":"OpenStreetMap","sourceUrl":"https://www.openstreetmap.org/copyright"},"geometry":{"type":"LineString","coordinates":[[-72.819224,41.274726],[-72.817869,41.274683],[-72.81715,41.274661],[-72.817033,41.274657]]}},{"type":"Feature","properties":{"agency":"CTrail","color":"#ED0A28","description":"Shore Line East","route":"Shore Line East","routeId":"SLE","shapeId":"osm-4433102-1021789755","source":"OpenStreetMap","sourceUrl":"https://www.openstreetmap.org/copyright"},"geometry":{"type":"LineString","coordinates":[[-72.817032,41.274698],[-72.8172,41.274702],[-72.818005,41.274729],[-72.819222,41.274767]]}},{"type":"Feature","properties":{"agency":"CTrail","color":"#ED0A28","description":"Shore Line East","route":"Shore Line East","routeId":"SLE","shapeId":"osm-4433102-1021789756","source":"OpenStreetMap","sourceUrl":"https://www.openstreetmap.org/copyright"},"geometry":{"type":"LineString","coordinates":[[-72.805858,41.276719],[-72.806257,41.27682],[-72.806543,41.276887]]}},{"type":"Feature","properties":{"agency":"CTrail","color":"#ED0A28","description":"Shore Line East","route":"Shore Line East","routeId":"SLE","shapeId":"osm-4433102-1021789757","source":"OpenStreetMap","sourceUrl":"https://www.openstreetmap.org/copyright"},"geometry":{"type":"LineString","coordinates":[[-72.806556,41.27685],[-72.806273,41.276784],[-72.80585,41.276677]]}},{"type":"Feature","properties":{"agency":"CTrail","color":"#ED0A28","description":"Shore Line East","route":"Shore Line East","routeId":"SLE","shapeId":"osm-4433102-1021789758","source":"OpenStreetMap","sourceUrl":"https://www.openstreetmap.org/copyright"},"geometry":{"type":"LineString","coordinates":[[-72.795336,41.274612],[-72.796175,41.27467],[-72.796979,41.27474],[-72.79792,41.274844],[-72.798705,41.274942],[-72.799655,41.275081],[-72.800419,41.275212],[-72.800984,41.275337],[-72.802032,41.27562],[-72.803205,41.275955]]}},{"type":"Feature","properties":{"agency":"CTrail","color":"#ED0A28","description":"Shore Line East","route":"Shore Line East","routeId":"SLE","shapeId":"osm-4433102-1021789759","source":"OpenStreetMap","sourceUrl":"https://www.openstreetmap.org/copyright"},"geometry":{"type":"LineString","coordinates":[[-72.79534,41.274574],[-72.794659,41.274529],[-72.794158,41.274497],[-72.792635,41.274422],[-72.791526,41.274357],[-72.790192,41.274286],[-72.789635,41.274263],[-72.789045,41.274256],[-72.788323,41.274259],[-72.787472,41.274281]]}},{"type":"Feature","properties":{"agency":"CTrail","color":"#ED0A28","description":"Shore Line East","route":"Shore Line East","routeId":"SLE","shapeId":"osm-4433102-1021789760","source":"OpenStreetMap","sourceUrl":"https://www.openstreetmap.org/copyright"},"geometry":{"type":"LineString","coordinates":[[-72.777815,41.275],[-72.778617,41.274939]]}},{"type":"Feature","properties":{"agency":"CTrail","color":"#ED0A28","description":"Shore Line East","route":"Shore Line East","routeId":"SLE","shapeId":"osm-4433102-1021789761","source":"OpenStreetMap","sourceUrl":"https://www.openstreetmap.org/copyright"},"geometry":{"type":"LineString","coordinates":[[-72.787472,41.274281],[-72.786909,41.274299],[-72.785353,41.274415],[-72.781978,41.274659],[-72.778613,41.274902],[-72.777811,41.274963]]}},{"type":"Feature","properties":{"agency":"CTrail","color":"#ED0A28","description":"Shore Line East","route":"Shore Line East","routeId":"SLE","shapeId":"osm-4433102-1021789762","source":"OpenStreetMap","sourceUrl":"https://www.openstreetmap.org/copyright"},"geometry":{"type":"LineString","coordinates":[[-72.729904,41.265291],[-72.73067,41.265343],[-72.731195,41.265414],[-72.731543,41.265473]]}},{"type":"Feature","properties":{"agency":"CTrail","color":"#ED0A28","description":"Shore Line East","route":"Shore Line East","routeId":"SLE","shapeId":"osm-4433102-1021789763","source":"OpenStreetMap","sourceUrl":"https://www.openstreetmap.org/copyright"},"geometry":{"type":"LineString","coordinates":[[-72.731554,41.26544],[-72.731205,41.265381],[-72.730676,41.26531],[-72.729908,41.265257]]}},{"type":"Feature","properties":{"agency":"CTrail","color":"#ED0A28","description":"Shore Line East","route":"Shore Line East","routeId":"SLE","shapeId":"osm-4433102-1021789764","source":"OpenStreetMap","sourceUrl":"https://www.openstreetmap.org/copyright"},"geometry":{"type":"LineString","coordinates":[[-72.725486,41.265539],[-72.723626,41.265717]]}},{"type":"Feature","properties":{"agency":"CTrail","color":"#ED0A28","description":"Shore Line East","route":"Shore Line East","routeId":"SLE","shapeId":"osm-4433102-1021789765","source":"OpenStreetMap","sourceUrl":"https://www.openstreetmap.org/copyright"},"geometry":{"type":"LineString","coordinates":[[-72.723633,41.265754],[-72.725506,41.265577]]}},{"type":"Feature","properties":{"agency":"CTrail","color":"#ED0A28","description":"Shore Line East","route":"Shore Line East","routeId":"SLE","shapeId":"osm-4433102-1021789766","source":"OpenStreetMap","sourceUrl":"https://www.openstreetmap.org/copyright"},"geometry":{"type":"LineString","coordinates":[[-72.704113,41.266721],[-72.702617,41.266799],[-72.70193,41.266851]]}},{"type":"Feature","properties":{"agency":"CTrail","color":"#ED0A28","description":"Shore Line East","route":"Shore Line East","routeId":"SLE","shapeId":"osm-4433102-1021789767","source":"OpenStreetMap","sourceUrl":"https://www.openstreetmap.org/copyright"},"geometry":{"type":"LineString","coordinates":[[-72.701936,41.266885],[-72.702621,41.266833],[-72.704116,41.266756]]}},{"type":"Feature","properties":{"agency":"CTrail","color":"#ED0A28","description":"Shore Line East","route":"Shore Line East","routeId":"SLE","shapeId":"osm-4433102-1021789768","source":"OpenStreetMap","sourceUrl":"https://www.openstreetmap.org/copyright"},"geometry":{"type":"LineString","coordinates":[[-72.684486,41.273644],[-72.685238,41.273473],[-72.685648,41.273375],[-72.686003,41.273278]]}},{"type":"Feature","properties":{"agency":"CTrail","color":"#ED0A28","description":"Shore Line East","route":"Shore Line East","routeId":"SLE","shapeId":"osm-4433102-1021789769","source":"OpenStreetMap","sourceUrl":"https://www.openstreetmap.org/copyright"},"geometry":{"type":"LineString","coordinates":[[-72.685987,41.273245],[-72.685633,41.273342],[-72.685224,41.27344],[-72.684479,41.273606]]}},{"type":"Feature","properties":{"agency":"CTrail","color":"#ED0A28","description":"Shore Line East","route":"Shore Line East","routeId":"SLE","shapeId":"osm-4433102-1021789770","source":"OpenStreetMap","sourceUrl":"https://www.openstreetmap.org/copyright"},"geometry":{"type":"LineString","coordinates":[[-72.591049,41.284149],[-72.591566,41.284035],[-72.592098,41.283934],[-72.592841,41.283819],[-72.593738,41.283735],[-72.594315,41.2837],[-72.595133,41.283684],[-72.597135,41.283705]]}},{"type":"Feature","properties":{"agency":"CTrail","color":"#ED0A28","description":"Shore Line East","route":"Shore Line East","routeId":"SLE","shapeId":"osm-4433102-1021789771","source":"OpenStreetMap","sourceUrl":"https://www.openstreetmap.org/copyright"},"geometry":{"type":"LineString","coordinates":[[-72.597135,41.283675],[-72.595132,41.283653],[-72.594313,41.28367],[-72.593733,41.283705],[-72.592834,41.283789],[-72.592089,41.283904],[-72.591556,41.284005],[-72.591038,41.28412]]}},{"type":"Feature","properties":{"agency":"CTrail","color":"#ED0A28","description":"Shore Line East","route":"Shore Line East","routeId":"SLE","shapeId":"osm-4433102-1021789772","source":"OpenStreetMap","sourceUrl":"https://www.openstreetmap.org/copyright"},"geometry":{"type":"LineString","coordinates":[[-72.597135,41.283705],[-72.60002,41.283745],[-72.604079,41.283795],[-72.607732,41.283842],[-72.611463,41.283882],[-72.612793,41.2839],[-72.615336,41.283934],[-72.619437,41.283998],[-72.622804,41.284027],[-72.623772,41.284043],[-72.624751,41.284035],[-72.625386,41.284015],[-72.625861,41.283997],[-72.626282,41.283974],[-72.626798,41.28393],[-72.627273,41.283881],[-72.628143,41.283783]]}},{"type":"Feature","properties":{"agency":"CTrail","color":"#ED0A28","description":"Shore Line East","route":"Shore Line East","routeId":"SLE","shapeId":"osm-4433102-1021789773","source":"OpenStreetMap","sourceUrl":"https://www.openstreetmap.org/copyright"},"geometry":{"type":"LineString","coordinates":[[-72.591038,41.28412],[-72.589891,41.284392],[-72.588447,41.284737],[-72.586022,41.285345],[-72.582462,41.286213],[-72.581763,41.286399],[-72.581114,41.28656],[-72.580828,41.286629]]}},{"type":"Feature","properties":{"agency":"CTrail","color":"#ED0A28","description":"Shore Line East","route":"Shore Line East","routeId":"SLE","shapeId":"osm-4433102-1021789774","source":"OpenStreetMap","sourceUrl":"https://www.openstreetmap.org/copyright"},"geometry":{"type":"LineString","coordinates":[[-72.571075,41.289064],[-72.572037,41.288817],[-72.57356,41.288439],[-72.575548,41.287948],[-72.576904,41.287616]]}},{"type":"Feature","properties":{"agency":"CTrail","color":"#ED0A28","description":"Shore Line East","route":"Shore Line East","routeId":"SLE","shapeId":"osm-4433102-1021789775","source":"OpenStreetMap","sourceUrl":"https://www.openstreetmap.org/copyright"},"geometry":{"type":"LineString","coordinates":[[-72.57689,41.287587],[-72.575536,41.287919],[-72.573547,41.28841],[-72.572024,41.288788],[-72.571062,41.289035]]}},{"type":"Feature","properties":{"agency":"CTrail","color":"#ED0A28","description":"Shore Line East","route":"Shore Line East","routeId":"SLE","shapeId":"osm-4433102-1021789776","source":"OpenStreetMap","sourceUrl":"https://www.openstreetmap.org/copyright"},"geometry":{"type":"LineString","coordinates":[[-72.564418,41.28949],[-72.563798,41.28934],[-72.563217,41.28918],[-72.562625,41.288986]]}},{"type":"Feature","properties":{"agency":"CTrail","color":"#ED0A28","description":"Shore Line East","route":"Shore Line East","routeId":"SLE","shapeId":"osm-4433102-1021789777","source":"OpenStreetMap","sourceUrl":"https://www.openstreetmap.org/copyright"},"geometry":{"type":"LineString","coordinates":[[-72.562606,41.289019],[-72.563199,41.289214],[-72.563782,41.289375],[-72.564403,41.289524]]}},{"type":"Feature","properties":{"agency":"CTrail","color":"#ED0A28","description":"Shore Line East","route":"Shore Line East","routeId":"SLE","shapeId":"osm-4433102-1021789778","source":"OpenStreetMap","sourceUrl":"https://www.openstreetmap.org/copyright"},"geometry":{"type":"LineString","coordinates":[[-72.537892,41.280908],[-72.537015,41.280619],[-72.536411,41.280436],[-72.53582,41.280274],[-72.535251,41.280147],[-72.534525,41.280003],[-72.534075,41.279932],[-72.533749,41.279896]]}},{"type":"Feature","properties":{"agency":"CTrail","color":"#ED0A28","description":"Shore Line East","route":"Shore Line East","routeId":"SLE","shapeId":"osm-4433102-1021789779","source":"OpenStreetMap","sourceUrl":"https://www.openstreetmap.org/copyright"},"geometry":{"type":"LineString","coordinates":[[-72.533741,41.279932],[-72.534067,41.279968],[-72.534514,41.280038],[-72.535238,41.280182],[-72.535805,41.280309],[-72.536393,41.28047],[-72.536997,41.280652],[-72.537873,41.280941]]}},{"type":"Feature","properties":{"agency":"CTrail","color":"#ED0A28","description":"Shore Line East","route":"Shore Line East","routeId":"SLE","shapeId":"osm-4433102-1021789780","source":"OpenStreetMap","sourceUrl":"https://www.openstreetmap.org/copyright"},"geometry":{"type":"LineString","coordinates":[[-72.532491,41.279809],[-72.532791,41.279829],[-72.533571,41.279907]]}},{"type":"Feature","properties":{"agency":"CTrail","color":"#ED0A28","description":"Shore Line East","route":"Shore Line East","routeId":"SLE","shapeId":"osm-4433102-1021789781","source":"OpenStreetMap","sourceUrl":"https://www.openstreetmap.org/copyright"},"geometry":{"type":"LineString","coordinates":[[-72.533576,41.279878],[-72.532795,41.279799],[-72.532496,41.27978]]}},{"type":"Feature","properties":{"agency":"CTrail","color":"#ED0A28","description":"Shore Line East","route":"Shore Line East","routeId":"SLE","shapeId":"osm-4433102-1021789782","source":"OpenStreetMap","sourceUrl":"https://www.openstreetmap.org/copyright"},"geometry":{"type":"LineString","coordinates":[[-72.475592,41.280639],[-72.473967,41.281144]]}},{"type":"Feature","properties":{"agency":"CTrail","color":"#ED0A28","description":"Shore Line East","route":"Shore Line East","routeId":"SLE","shapeId":"osm-4433102-1021789783","source":"OpenStreetMap","sourceUrl":"https://www.openstreetmap.org/copyright"},"geometry":{"type":"LineString","coordinates":[[-72.473976,41.281177],[-72.475626,41.280669]]}},{"type":"Feature","properties":{"agency":"CTrail","color":"#ED0A28","description":"Shore Line East","route":"Shore Line East","routeId":"SLE","shapeId":"osm-4433102-1021789784","source":"OpenStreetMap","sourceUrl":"https://www.openstreetmap.org/copyright"},"geometry":{"type":"LineString","coordinates":[[-72.400411,41.291956],[-72.401472,41.291771],[-72.402143,41.291665]]}},{"type":"Feature","properties":{"agency":"CTrail","color":"#ED0A28","description":"Shore Line East","route":"Shore Line East","routeId":"SLE","shapeId":"osm-4433102-1021789785","source":"OpenStreetMap","sourceUrl":"https://www.openstreetmap.org/copyright"},"geometry":{"type":"LineString","coordinates":[[-72.40225,41.291607],[-72.4004,41.291915]]}},{"type":"Feature","properties":{"agency":"CTrail","color":"#ED0A28","description":"Shore Line East","route":"Shore Line East","routeId":"SLE","shapeId":"osm-4433102-1021789786","source":"OpenStreetMap","sourceUrl":"https://www.openstreetmap.org/copyright"},"geometry":{"type":"LineString","coordinates":[[-72.428116,41.287777],[-72.42913,41.287654],[-72.429733,41.287606],[-72.430295,41.287601],[-72.43109,41.287638],[-72.431636,41.287674],[-72.432325,41.287729]]}},{"type":"Feature","properties":{"agency":"CTrail","color":"#ED0A28","description":"Shore Line East","route":"Shore Line East","routeId":"SLE","shapeId":"osm-4433102-1021789787","source":"OpenStreetMap","sourceUrl":"https://www.openstreetmap.org/copyright"},"geometry":{"type":"LineString","coordinates":[[-72.432321,41.287687],[-72.431635,41.287632],[-72.430705,41.287575],[-72.430105,41.287561],[-72.429521,41.287582],[-72.429121,41.287614],[-72.4281,41.287742]]}},{"type":"Feature","properties":{"agency":"CTrail","color":"#ED0A28","description":"Shore Line East","route":"Shore Line East","routeId":"SLE","shapeId":"osm-4433102-1021789788","source":"OpenStreetMap","sourceUrl":"https://www.openstreetmap.org/copyright"},"geometry":{"type":"LineString","coordinates":[[-72.402143,41.291665],[-72.402429,41.291618],[-72.402591,41.291592],[-72.404203,41.291322],[-72.409629,41.290418],[-72.411478,41.290142],[-72.415243,41.28961],[-72.417887,41.289229],[-72.419632,41.288987],[-72.422888,41.288524],[-72.423339,41.288465],[-72.427046,41.287929],[-72.428116,41.287777]]}},{"type":"Feature","properties":{"agency":"CTrail","color":"#ED0A28","description":"Shore Line East","route":"Shore Line East","routeId":"SLE","shapeId":"osm-4433102-1021789789","source":"OpenStreetMap","sourceUrl":"https://www.openstreetmap.org/copyright"},"geometry":{"type":"LineString","coordinates":[[-72.4281,41.287742],[-72.427012,41.287892],[-72.426042,41.288039],[-72.423193,41.28844]]}},{"type":"Feature","properties":{"agency":"CTrail","color":"#ED0A28","description":"Shore Line East","route":"Shore Line East","routeId":"SLE","shapeId":"osm-4433102-1021789791","source":"OpenStreetMap","sourceUrl":"https://www.openstreetmap.org/copyright"},"geometry":{"type":"LineString","coordinates":[[-72.376206,41.301066],[-72.376547,41.300948],[-72.376767,41.300866],[-72.378245,41.30029],[-72.378452,41.300212]]}},{"type":"Feature","properties":{"agency":"CTrail","color":"#ED0A28","description":"Shore Line East","route":"Shore Line East","routeId":"SLE","shapeId":"osm-4433102-1021789792","source":"OpenStreetMap","sourceUrl":"https://www.openstreetmap.org/copyright"},"geometry":{"type":"LineString","coordinates":[[-72.376206,41.301066],[-72.376546,41.300945],[-72.376765,41.300863],[-72.378243,41.300288],[-72.378449,41.300207]]}},{"type":"Feature","properties":{"agency":"CTrail","color":"#ED0A28","description":"Shore Line East","route":"Shore Line East","routeId":"SLE","shapeId":"osm-4433102-1068706744","source":"OpenStreetMap","sourceUrl":"https://www.openstreetmap.org/copyright"},"geometry":{"type":"LineString","coordinates":[[-72.580741,41.286652],[-72.58054,41.2867],[-72.579152,41.287033],[-72.577508,41.287434],[-72.57689,41.287587]]}},{"type":"Feature","properties":{"agency":"CTrail","color":"#ED0A28","description":"Shore Line East","route":"Shore Line East","routeId":"SLE","shapeId":"osm-4433102-1068706745","source":"OpenStreetMap","sourceUrl":"https://www.openstreetmap.org/copyright"},"geometry":{"type":"LineString","coordinates":[[-72.580828,41.286629],[-72.580741,41.286652]]}},{"type":"Feature","properties":{"agency":"CTrail","color":"#ED0A28","description":"Shore Line East","route":"Shore Line East","routeId":"SLE","shapeId":"osm-4433102-1068706746","source":"OpenStreetMap","sourceUrl":"https://www.openstreetmap.org/copyright"},"geometry":{"type":"LineString","coordinates":[[-72.580756,41.286684],[-72.580843,41.286661]]}},{"type":"Feature","properties":{"agency":"CTrail","color":"#ED0A28","description":"Shore Line East","route":"Shore Line East","routeId":"SLE","shapeId":"osm-4433102-1068706747","source":"OpenStreetMap","sourceUrl":"https://www.openstreetmap.org/copyright"},"geometry":{"type":"LineString","coordinates":[[-72.576904,41.287616],[-72.577521,41.287463],[-72.579165,41.287062],[-72.580555,41.286732],[-72.580756,41.286684]]}},{"type":"Feature","properties":{"agency":"CTrail","color":"#ED0A28","description":"Shore Line East","route":"Shore Line East","routeId":"SLE","shapeId":"osm-4433102-1068706980","source":"OpenStreetMap","sourceUrl":"https://www.openstreetmap.org/copyright"},"geometry":{"type":"LineString","coordinates":[[-72.523863,41.279327],[-72.524963,41.279386]]}},{"type":"Feature","properties":{"agency":"CTrail","color":"#ED0A28","description":"Shore Line East","route":"Shore Line East","routeId":"SLE","shapeId":"osm-4433102-1068706981","source":"OpenStreetMap","sourceUrl":"https://www.openstreetmap.org/copyright"},"geometry":{"type":"LineString","coordinates":[[-72.523812,41.279325],[-72.523863,41.279327]]}},{"type":"Feature","properties":{"agency":"CTrail","color":"#ED0A28","description":"Shore Line East","route":"Shore Line East","routeId":"SLE","shapeId":"osm-4433102-1068706982","source":"OpenStreetMap","sourceUrl":"https://www.openstreetmap.org/copyright"},"geometry":{"type":"LineString","coordinates":[[-72.523866,41.279293],[-72.523815,41.27929]]}},{"type":"Feature","properties":{"agency":"CTrail","color":"#ED0A28","description":"Shore Line East","route":"Shore Line East","routeId":"SLE","shapeId":"osm-4433102-1068706983","source":"OpenStreetMap","sourceUrl":"https://www.openstreetmap.org/copyright"},"geometry":{"type":"LineString","coordinates":[[-72.52496,41.279358],[-72.523866,41.279293]]}},{"type":"Feature","properties":{"agency":"CTrail","color":"#ED0A28","description":"Shore Line East","route":"Shore Line East","routeId":"SLE","shapeId":"osm-4433102-1068707131","source":"OpenStreetMap","sourceUrl":"https://www.openstreetmap.org/copyright"},"geometry":{"type":"LineString","coordinates":[[-72.235543,41.301254],[-72.235437,41.301264]]}},{"type":"Feature","properties":{"agency":"CTrail","color":"#ED0A28","description":"Shore Line East","route":"Shore Line East","routeId":"SLE","shapeId":"osm-4433102-1068707132","source":"OpenStreetMap","sourceUrl":"https://www.openstreetmap.org/copyright"},"geometry":{"type":"LineString","coordinates":[[-72.237312,41.301065],[-72.235712,41.301237],[-72.235543,41.301254]]}},{"type":"Feature","properties":{"agency":"CTrail","color":"#ED0A28","description":"Shore Line East","route":"Shore Line East","routeId":"SLE","shapeId":"osm-4433102-1068707133","source":"OpenStreetMap","sourceUrl":"https://www.openstreetmap.org/copyright"},"geometry":{"type":"LineString","coordinates":[[-72.235549,41.301288],[-72.235718,41.301271],[-72.237318,41.301099]]}},{"type":"Feature","properties":{"agency":"CTrail","color":"#ED0A28","description":"Shore Line East","route":"Shore Line East","routeId":"SLE","shapeId":"osm-4433102-1068707134","source":"OpenStreetMap","sourceUrl":"https://www.openstreetmap.org/copyright"},"geometry":{"type":"LineString","coordinates":[[-72.235443,41.301298],[-72.235549,41.301288]]}},{"type":"Feature","properties":{"agency":"CTrail","color":"#ED0A28","description":"Shore Line East","route":"Shore Line East","routeId":"SLE","shapeId":"osm-4433102-1222350717","source":"OpenStreetMap","sourceUrl":"https://www.openstreetmap.org/copyright"},"geometry":{"type":"LineString","coordinates":[[-72.878818,41.304275],[-72.878521,41.305714]]}},{"type":"Feature","properties":{"agency":"CTrail","color":"#ED0A28","description":"Shore Line East","route":"Shore Line East","routeId":"SLE","shapeId":"osm-4433102-1222350718","source":"OpenStreetMap","sourceUrl":"https://www.openstreetmap.org/copyright"},"geometry":{"type":"LineString","coordinates":[[-72.878862,41.304064],[-72.878818,41.304275]]}},{"type":"Feature","properties":{"agency":"CTrail","color":"#ED0A28","description":"Shore Line East","route":"Shore Line East","routeId":"SLE","shapeId":"osm-4433102-1222350719","source":"OpenStreetMap","sourceUrl":"https://www.openstreetmap.org/copyright"},"geometry":{"type":"LineString","coordinates":[[-72.878909,41.304069],[-72.879096,41.303211],[-72.879114,41.303121]]}},{"type":"Feature","properties":{"agency":"CTrail","color":"#ED0A28","description":"Shore Line East","route":"Shore Line East","routeId":"SLE","shapeId":"osm-4433102-1222350720","source":"OpenStreetMap","sourceUrl":"https://www.openstreetmap.org/copyright"},"geometry":{"type":"LineString","coordinates":[[-72.878865,41.30428],[-72.878909,41.304069]]}},{"type":"Feature","properties":{"agency":"CTrail","color":"#ED0A28","description":"Shore Line East","route":"Shore Line East","routeId":"SLE","shapeId":"osm-4433102-1222350722","source":"OpenStreetMap","sourceUrl":"https://www.openstreetmap.org/copyright"},"geometry":{"type":"LineString","coordinates":[[-72.879193,41.302463],[-72.879095,41.302951],[-72.879075,41.303051]]}},{"type":"Feature","properties":{"agency":"CTrail","color":"#ED0A28","description":"Shore Line East","route":"Shore Line East","routeId":"SLE","shapeId":"osm-4433102-1222350723","source":"OpenStreetMap","sourceUrl":"https://www.openstreetmap.org/copyright"},"geometry":{"type":"LineString","coordinates":[[-72.879075,41.303051],[-72.879062,41.303117]]}},{"type":"Feature","properties":{"agency":"CTrail","color":"#ED0A28","description":"Shore Line East","route":"Shore Line East","routeId":"SLE","shapeId":"osm-4433102-1222350724","source":"OpenStreetMap","sourceUrl":"https://www.openstreetmap.org/copyright"},"geometry":{"type":"LineString","coordinates":[[-72.879127,41.303055],[-72.879147,41.302956],[-72.879255,41.302469]]}},{"type":"Feature","properties":{"agency":"CTrail","color":"#ED0A28","description":"Shore Line East","route":"Shore Line East","routeId":"SLE","shapeId":"osm-4433102-1222350725","source":"OpenStreetMap","sourceUrl":"https://www.openstreetmap.org/copyright"},"geometry":{"type":"LineString","coordinates":[[-72.879114,41.303121],[-72.879127,41.303055]]}},{"type":"Feature","properties":{"agency":"CTrail","color":"#ED0A28","description":"Shore Line East","route":"Shore Line East","routeId":"SLE","shapeId":"osm-4433102-1386008342","source":"OpenStreetMap","sourceUrl":"https://www.openstreetmap.org/copyright"},"geometry":{"type":"LineString","coordinates":[[-72.199565,41.319744],[-72.19821,41.32037],[-72.197091,41.320871],[-72.19603,41.321371],[-72.195676,41.321534]]}},{"type":"Feature","properties":{"agency":"CTrail","color":"#ED0A28","description":"Shore Line East","route":"Shore Line East","routeId":"SLE","shapeId":"osm-4433102-1386008343","source":"OpenStreetMap","sourceUrl":"https://www.openstreetmap.org/copyright"},"geometry":{"type":"LineString","coordinates":[[-72.195676,41.321534],[-72.195579,41.321579]]}},{"type":"Feature","properties":{"agency":"CTrail","color":"#ED0A28","description":"Shore Line East","route":"Shore Line East","routeId":"SLE","shapeId":"osm-4433102-1386008344","source":"OpenStreetMap","sourceUrl":"https://www.openstreetmap.org/copyright"},"geometry":{"type":"LineString","coordinates":[[-72.195693,41.321563],[-72.195932,41.321458],[-72.19712,41.320906],[-72.198238,41.320405],[-72.199575,41.319779]]}},{"type":"Feature","properties":{"agency":"CTrail","color":"#ED0A28","description":"Shore Line East","route":"Shore Line East","routeId":"SLE","shapeId":"osm-4433102-1386008345","source":"OpenStreetMap","sourceUrl":"https://www.openstreetmap.org/copyright"},"geometry":{"type":"LineString","coordinates":[[-72.195595,41.321609],[-72.195693,41.321563]]}},{"type":"Feature","properties":{"agency":"CTrail","color":"#ED0A28","description":"Shore Line East","route":"Shore Line East","routeId":"SLE","shapeId":"osm-4433102-1457606523","source":"OpenStreetMap","sourceUrl":"https://www.openstreetmap.org/copyright"},"geometry":{"type":"LineString","coordinates":[[-72.339709,41.309952],[-72.339849,41.309987],[-72.340164,41.310055]]}},{"type":"Feature","properties":{"agency":"CTrail","color":"#ED0A28","description":"Shore Line East","route":"Shore Line East","routeId":"SLE","shapeId":"osm-4433102-1458538876","source":"OpenStreetMap","sourceUrl":"https://www.openstreetmap.org/copyright"},"geometry":{"type":"LineString","coordinates":[[-72.096057,41.351193],[-72.096108,41.351131],[-72.09616,41.351067],[-72.09622,41.350989],[-72.096289,41.350888],[-72.096331,41.350825],[-72.096371,41.350761],[-72.096441,41.350638],[-72.096483,41.350561],[-72.096511,41.350503],[-72.096557,41.350401],[-72.096598,41.350305],[-72.096621,41.350237],[-72.096643,41.35017],[-72.096679,41.350057],[-72.096771,41.349758]]}},{"type":"Feature","properties":{"agency":"CTrail","color":"#ED0A28","description":"Shore Line East","route":"Shore Line East","routeId":"SLE","shapeId":"osm-4433102-1459832651","source":"OpenStreetMap","sourceUrl":"https://www.openstreetmap.org/copyright"},"geometry":{"type":"LineString","coordinates":[[-72.096013,41.35118],[-72.09598,41.351218],[-72.095924,41.351279],[-72.095846,41.351364],[-72.095779,41.351431],[-72.095717,41.35149],[-72.095639,41.351565],[-72.095512,41.351671],[-72.095434,41.351733],[-72.095356,41.351794],[-72.095261,41.351866]]}},{"type":"Feature","properties":{"agency":"CTrail","color":"#ED0A28","description":"Shore Line East","route":"Shore Line East","routeId":"SLE","shapeId":"osm-4433102-1486360212","source":"OpenStreetMap","sourceUrl":"https://www.openstreetmap.org/copyright"},"geometry":{"type":"LineString","coordinates":[[-72.909278,41.311671],[-72.909632,41.311571],[-72.909647,41.311567],[-72.909702,41.311551],[-72.910099,41.311462],[-72.910611,41.311398],[-72.911174,41.311362],[-72.912789,41.311344],[-72.91286,41.31134]]}},{"type":"Feature","properties":{"agency":"CTrail","color":"#ED0A28","description":"Shore Line East","route":"Shore Line East","routeId":"SLE","shapeId":"osm-4433102-1486360213","source":"OpenStreetMap","sourceUrl":"https://www.openstreetmap.org/copyright"},"geometry":{"type":"LineString","coordinates":[[-72.912851,41.311272],[-72.912719,41.31128],[-72.911318,41.311284],[-72.910653,41.31131],[-72.910165,41.311373],[-72.909782,41.311447],[-72.909653,41.311481],[-72.90963,41.311487],[-72.909323,41.311566]]}},{"type":"Feature","properties":{"agency":"CTrail","color":"#ED0A28","description":"Shore Line East","route":"Shore Line East","routeId":"SLE","shapeId":"osm-4433102-1486360214","source":"OpenStreetMap","sourceUrl":"https://www.openstreetmap.org/copyright"},"geometry":{"type":"LineString","coordinates":[[-72.912857,41.311305],[-72.912721,41.311314],[-72.911201,41.311322],[-72.910659,41.311346],[-72.910141,41.311415],[-72.909699,41.311519],[-72.909643,41.311531],[-72.909334,41.311608]]}},{"type":"Feature","properties":{"agency":"CTrail","color":"#ED0A28","description":"Shore Line East","route":"Shore Line East","routeId":"SLE","shapeId":"osm-4433102-1486360215","source":"OpenStreetMap","sourceUrl":"https://www.openstreetmap.org/copyright"},"geometry":{"type":"LineString","coordinates":[[-72.91285,41.311231],[-72.912582,41.311238],[-72.91134,41.311246],[-72.910661,41.311278],[-72.910098,41.311351],[-72.909685,41.311427],[-72.909657,41.311435],[-72.909635,41.311441],[-72.909304,41.311534]]}},{"type":"Feature","properties":{"agency":"CTrail","color":"#ED0A28","description":"Shore Line East","route":"Shore Line East","routeId":"SLE","shapeId":"osm-4433102-1486360216","source":"OpenStreetMap","sourceUrl":"https://www.openstreetmap.org/copyright"},"geometry":{"type":"LineString","coordinates":[[-72.913731,41.311146],[-72.913336,41.311202],[-72.912973,41.311228],[-72.91285,41.311231]]}},{"type":"Feature","properties":{"agency":"CTrail","color":"#ED0A28","description":"Shore Line East","route":"Shore Line East","routeId":"SLE","shapeId":"osm-4433102-1486360217","source":"OpenStreetMap","sourceUrl":"https://www.openstreetmap.org/copyright"},"geometry":{"type":"LineString","coordinates":[[-72.913741,41.311178],[-72.913695,41.311185],[-72.913223,41.31125],[-72.912851,41.311272]]}},{"type":"Feature","properties":{"agency":"CTrail","color":"#ED0A28","description":"Shore Line East","route":"Shore Line East","routeId":"SLE","shapeId":"osm-4433102-1486360218","source":"OpenStreetMap","sourceUrl":"https://www.openstreetmap.org/copyright"},"geometry":{"type":"LineString","coordinates":[[-72.913753,41.311215],[-72.913614,41.311238],[-72.913242,41.31128],[-72.912857,41.311305]]}},{"type":"Feature","properties":{"agency":"CTrail","color":"#ED0A28","description":"Shore Line East","route":"Shore Line East","routeId":"SLE","shapeId":"osm-4433102-1486360219","source":"OpenStreetMap","sourceUrl":"https://www.openstreetmap.org/copyright"},"geometry":{"type":"LineString","coordinates":[[-72.91286,41.31134],[-72.913272,41.311318],[-72.913669,41.311269],[-72.913766,41.311251]]}},{"type":"Feature","properties":{"agency":"CTrail","color":"#ED0A28","description":"Shore Line East","route":"Shore Line East","routeId":"SLE","shapeId":"osm-4433102-1500112155","source":"OpenStreetMap","sourceUrl":"https://www.openstreetmap.org/copyright"},"geometry":{"type":"LineString","coordinates":[[-72.104779,41.33473],[-72.104534,41.334798],[-72.104378,41.334844],[-72.104206,41.334899],[-72.10401,41.334967],[-72.103773,41.335062]]}},{"type":"Feature","properties":{"agency":"CTrail","color":"#ED0A28","description":"Shore Line East","route":"Shore Line East","routeId":"SLE","shapeId":"osm-4433102-1500112156","source":"OpenStreetMap","sourceUrl":"https://www.openstreetmap.org/copyright"},"geometry":{"type":"LineString","coordinates":[[-72.104919,41.334691],[-72.104779,41.33473]]}},{"type":"Feature","properties":{"agency":"CTrail","color":"#ED0A28","description":"Shore Line East","route":"Shore Line East","routeId":"SLE","shapeId":"osm-4433102-1500112157","source":"OpenStreetMap","sourceUrl":"https://www.openstreetmap.org/copyright"},"geometry":{"type":"LineString","coordinates":[[-72.103805,41.335089],[-72.104004,41.33501],[-72.104189,41.334942],[-72.104349,41.33489],[-72.104549,41.334829],[-72.104792,41.33476]]}},{"type":"Feature","properties":{"agency":"CTrail","color":"#ED0A28","description":"Shore Line East","route":"Shore Line East","routeId":"SLE","shapeId":"osm-4433102-1500112158","source":"OpenStreetMap","sourceUrl":"https://www.openstreetmap.org/copyright"},"geometry":{"type":"LineString","coordinates":[[-72.104792,41.33476],[-72.104933,41.334723]]}},{"type":"Feature","properties":{"agency":"CTrail","color":"#ED0A28","description":"Shore Line East","route":"Shore Line East","routeId":"SLE","shapeId":"osm-4433102-1500112159","source":"OpenStreetMap","sourceUrl":"https://www.openstreetmap.org/copyright"},"geometry":{"type":"LineString","coordinates":[[-72.102611,41.335757],[-72.102711,41.335686],[-72.102858,41.335584],[-72.102979,41.335507],[-72.103074,41.33545],[-72.103206,41.335376],[-72.103398,41.335274],[-72.10351,41.33522],[-72.10361,41.335174],[-72.103704,41.335131],[-72.103805,41.335089]]}},{"type":"Feature","properties":{"agency":"CTrail","color":"#ED0A28","description":"Shore Line East","route":"Shore Line East","routeId":"SLE","shapeId":"osm-4433102-1500112160","source":"OpenStreetMap","sourceUrl":"https://www.openstreetmap.org/copyright"},"geometry":{"type":"LineString","coordinates":[[-72.102434,41.335898],[-72.10252,41.335826],[-72.102611,41.335757]]}},{"type":"Feature","properties":{"agency":"CTrail","color":"#ED0A28","description":"Shore Line East","route":"Shore Line East","routeId":"SLE","shapeId":"osm-4433102-1500112161","source":"OpenStreetMap","sourceUrl":"https://www.openstreetmap.org/copyright"},"geometry":{"type":"LineString","coordinates":[[-72.103773,41.335062],[-72.103675,41.335104],[-72.103578,41.335148],[-72.103476,41.335195],[-72.103372,41.335247],[-72.103263,41.335304],[-72.103137,41.335368],[-72.103023,41.335437],[-72.10292,41.335498],[-72.102781,41.33559],[-72.102669,41.335665],[-72.102585,41.335728]]}},{"type":"Feature","properties":{"agency":"CTrail","color":"#ED0A28","description":"Shore Line East","route":"Shore Line East","routeId":"SLE","shapeId":"osm-4433102-1500112162","source":"OpenStreetMap","sourceUrl":"https://www.openstreetmap.org/copyright"},"geometry":{"type":"LineString","coordinates":[[-72.102585,41.335728],[-72.102486,41.335803],[-72.102406,41.335867]]}},{"type":"Feature","properties":{"agency":"CTrail","color":"#ED0A28","description":"Shore Line East","route":"Shore Line East","routeId":"SLE","shapeId":"osm-4433102-1500112177","source":"OpenStreetMap","sourceUrl":"https://www.openstreetmap.org/copyright"},"geometry":{"type":"LineString","coordinates":[[-72.136098,41.335771],[-72.136282,41.335698]]}},{"type":"Feature","properties":{"agency":"CTrail","color":"#ED0A28","description":"Shore Line East","route":"Shore Line East","routeId":"SLE","shapeId":"osm-4433102-1500112178","source":"OpenStreetMap","sourceUrl":"https://www.openstreetmap.org/copyright"},"geometry":{"type":"LineString","coordinates":[[-72.136085,41.335736],[-72.135907,41.335807],[-72.135649,41.335909],[-72.135415,41.336],[-72.135273,41.336054],[-72.135137,41.336103],[-72.13494,41.336173],[-72.134713,41.33625],[-72.134576,41.336293],[-72.134449,41.336331],[-72.13435,41.336361],[-72.134248,41.336388],[-72.134151,41.336414],[-72.134052,41.336439],[-72.133909,41.336474],[-72.133763,41.336506],[-72.133635,41.336534],[-72.133474,41.336566],[-72.1333,41.336597],[-72.133122,41.336625],[-72.132937,41.336652],[-72.132723,41.336679],[-72.132609,41.336691],[-72.132509,41.3367],[-72.132261,41.336721],[-72.132009,41.336736],[-72.131803,41.336745],[-72.131588,41.336752],[-72.131204,41.336754],[-72.130828,41.336732],[-72.130473,41.336706],[-72.130127,41.336665],[-72.128689,41.336461],[-72.128079,41.336366],[-72.127246,41.336238],[-72.126315,41.336103],[-72.125388,41.335953],[-72.123837,41.335718],[-72.123097,41.335606],[-72.120863,41.335266],[-72.12068,41.335238],[-72.120072,41.335146],[-72.119262,41.335023]]}},{"type":"Feature","properties":{"agency":"CTrail","color":"#ED0A28","description":"Shore Line East","route":"Shore Line East","routeId":"SLE","shapeId":"osm-4433102-1500112179","source":"OpenStreetMap","sourceUrl":"https://www.openstreetmap.org/copyright"},"geometry":{"type":"LineString","coordinates":[[-72.136269,41.335665],[-72.136085,41.335736]]}},{"type":"Feature","properties":{"agency":"CTrail","color":"#ED0A28","description":"Shore Line East","route":"Shore Line East","routeId":"SLE","shapeId":"osm-4433102-1500112191","source":"OpenStreetMap","sourceUrl":"https://www.openstreetmap.org/copyright"},"geometry":{"type":"LineString","coordinates":[[-72.203911,41.317738],[-72.203545,41.317906],[-72.203178,41.318075],[-72.203053,41.318134],[-72.202794,41.318252]]}},{"type":"Feature","properties":{"agency":"CTrail","color":"#ED0A28","description":"Shore Line East","route":"Shore Line East","routeId":"SLE","shapeId":"osm-4433102-1500112192","source":"OpenStreetMap","sourceUrl":"https://www.openstreetmap.org/copyright"},"geometry":{"type":"LineString","coordinates":[[-72.202815,41.318285],[-72.203035,41.318183],[-72.203203,41.318106],[-72.203568,41.317939],[-72.204145,41.317669],[-72.205208,41.317183]]}},{"type":"Feature","properties":{"agency":"CTrail","color":"#ED0A28","description":"Shore Line East","route":"Shore Line East","routeId":"SLE","shapeId":"osm-4433102-1500112194","source":"OpenStreetMap","sourceUrl":"https://www.openstreetmap.org/copyright"},"geometry":{"type":"LineString","coordinates":[[-72.202794,41.318252],[-72.199688,41.319686]]}},{"type":"Feature","properties":{"agency":"CTrail","color":"#ED0A28","description":"Shore Line East","route":"Shore Line East","routeId":"SLE","shapeId":"osm-4433102-1500112195","source":"OpenStreetMap","sourceUrl":"https://www.openstreetmap.org/copyright"},"geometry":{"type":"LineString","coordinates":[[-72.199697,41.319723],[-72.202815,41.318285]]}},{"type":"Feature","properties":{"agency":"CTrail","color":"#ED0A28","description":"Shore Line East","route":"Shore Line East","routeId":"SLE","shapeId":"osm-4433102-1500112196","source":"OpenStreetMap","sourceUrl":"https://www.openstreetmap.org/copyright"},"geometry":{"type":"LineString","coordinates":[[-72.199575,41.319779],[-72.199697,41.319723]]}},{"type":"Feature","properties":{"agency":"CTrail","color":"#ED0A28","description":"Shore Line East","route":"Shore Line East","routeId":"SLE","shapeId":"osm-4433102-1500112197","source":"OpenStreetMap","sourceUrl":"https://www.openstreetmap.org/copyright"},"geometry":{"type":"LineString","coordinates":[[-72.199688,41.319686],[-72.199565,41.319744]]}},{"type":"Feature","properties":{"agency":"CTrail","color":"#ED0A28","description":"Shore Line East","route":"Shore Line East","routeId":"SLE","shapeId":"osm-4433102-1501232407","source":"OpenStreetMap","sourceUrl":"https://www.openstreetmap.org/copyright"},"geometry":{"type":"LineString","coordinates":[[-72.064538,41.353338],[-72.064586,41.35345],[-72.064692,41.353716],[-72.064877,41.35418]]}},{"type":"Feature","properties":{"agency":"CTrail","color":"#ED0A28","description":"Shore Line East","route":"Shore Line East","routeId":"SLE","shapeId":"osm-4433102-1501232408","source":"OpenStreetMap","sourceUrl":"https://www.openstreetmap.org/copyright"},"geometry":{"type":"LineString","coordinates":[[-72.064482,41.353198],[-72.064538,41.353338]]}},{"type":"Feature","properties":{"agency":"CTrail","color":"#ED0A28","description":"Shore Line East","route":"Shore Line East","routeId":"SLE","shapeId":"osm-4433102-1501232411","source":"OpenStreetMap","sourceUrl":"https://www.openstreetmap.org/copyright"},"geometry":{"type":"LineString","coordinates":[[-72.064606,41.353359],[-72.064544,41.353216]]}},{"type":"Feature","properties":{"agency":"CTrail","color":"#ED0A28","description":"Shore Line East","route":"Shore Line East","routeId":"SLE","shapeId":"osm-4433102-1512385891","source":"OpenStreetMap","sourceUrl":"https://www.openstreetmap.org/copyright"},"geometry":{"type":"LineString","coordinates":[[-72.245582,41.299652],[-72.245689,41.299638],[-72.245924,41.299611],[-72.246198,41.299589],[-72.24648,41.299572],[-72.246658,41.299568],[-72.246834,41.299564],[-72.247158,41.299563],[-72.247489,41.299565],[-72.247839,41.299569],[-72.248285,41.299574],[-72.248589,41.299579]]}},{"type":"Feature","properties":{"agency":"CTrail","color":"#ED0A28","description":"Shore Line East","route":"Shore Line East","routeId":"SLE","shapeId":"osm-4433102-1512385892","source":"OpenStreetMap","sourceUrl":"https://www.openstreetmap.org/copyright"},"geometry":{"type":"LineString","coordinates":[[-72.244002,41.300011],[-72.244073,41.299991]]}},{"type":"Feature","properties":{"agency":"CTrail","color":"#ED0A28","description":"Shore Line East","route":"Shore Line East","routeId":"SLE","shapeId":"osm-4433102-1512385893","source":"OpenStreetMap","sourceUrl":"https://www.openstreetmap.org/copyright"},"geometry":{"type":"LineString","coordinates":[[-72.24859,41.299544],[-72.248286,41.299538],[-72.247842,41.299535],[-72.247484,41.299531],[-72.246834,41.299528],[-72.246483,41.299538],[-72.246194,41.299553],[-72.246043,41.299565],[-72.24592,41.299576],[-72.245807,41.299588],[-72.24568,41.299603],[-72.245576,41.299618]]}},{"type":"Feature","properties":{"agency":"CTrail","color":"#ED0A28","description":"Shore Line East","route":"Shore Line East","routeId":"SLE","shapeId":"osm-4433102-1512385894","source":"OpenStreetMap","sourceUrl":"https://www.openstreetmap.org/copyright"},"geometry":{"type":"LineString","coordinates":[[-72.244055,41.299959],[-72.243984,41.29998]]}},{"type":"Feature","properties":{"agency":"CTrail","color":"#ED0A28","description":"Shore Line East","route":"Shore Line East","routeId":"SLE","shapeId":"osm-4433102-1512385896","source":"OpenStreetMap","sourceUrl":"https://www.openstreetmap.org/copyright"},"geometry":{"type":"LineString","coordinates":[[-72.245516,41.299625],[-72.245417,41.299641],[-72.245251,41.299667],[-72.245075,41.299699],[-72.244752,41.299767],[-72.244355,41.29987],[-72.244055,41.299959]]}},{"type":"Feature","properties":{"agency":"CTrail","color":"#ED0A28","description":"Shore Line East","route":"Shore Line East","routeId":"SLE","shapeId":"osm-4433102-1512385897","source":"OpenStreetMap","sourceUrl":"https://www.openstreetmap.org/copyright"},"geometry":{"type":"LineString","coordinates":[[-72.245576,41.299618],[-72.245516,41.299625]]}},{"type":"Feature","properties":{"agency":"CTrail","color":"#ED0A28","description":"Shore Line East","route":"Shore Line East","routeId":"SLE","shapeId":"osm-4433102-1512385898","source":"OpenStreetMap","sourceUrl":"https://www.openstreetmap.org/copyright"},"geometry":{"type":"LineString","coordinates":[[-72.244073,41.299991],[-72.244372,41.299904],[-72.244767,41.299801],[-72.245105,41.299732],[-72.245274,41.299699],[-72.245428,41.299674],[-72.245522,41.29966]]}},{"type":"Feature","properties":{"agency":"CTrail","color":"#ED0A28","description":"Shore Line East","route":"Shore Line East","routeId":"SLE","shapeId":"osm-4433102-1512385899","source":"OpenStreetMap","sourceUrl":"https://www.openstreetmap.org/copyright"},"geometry":{"type":"LineString","coordinates":[[-72.245522,41.29966],[-72.245582,41.299652]]}},{"type":"Feature","properties":{"agency":"CTrail","color":"#ED0A28","description":"Shore Line East","route":"Shore Line East","routeId":"SLE","shapeId":"osm-4433102-1512385905","source":"OpenStreetMap","sourceUrl":"https://www.openstreetmap.org/copyright"},"geometry":{"type":"LineString","coordinates":[[-72.265211,41.294322],[-72.264608,41.294533],[-72.26161,41.295641],[-72.260238,41.296146],[-72.259002,41.296601],[-72.257927,41.296996]]}},{"type":"Feature","properties":{"agency":"CTrail","color":"#ED0A28","description":"Shore Line East","route":"Shore Line East","routeId":"SLE","shapeId":"osm-4433102-1512385906","source":"OpenStreetMap","sourceUrl":"https://www.openstreetmap.org/copyright"},"geometry":{"type":"LineString","coordinates":[[-72.265439,41.294232],[-72.265211,41.294322]]}},{"type":"Feature","properties":{"agency":"CTrail","color":"#ED0A28","description":"Shore Line East","route":"Shore Line East","routeId":"SLE","shapeId":"osm-4433102-1512385907","source":"OpenStreetMap","sourceUrl":"https://www.openstreetmap.org/copyright"},"geometry":{"type":"LineString","coordinates":[[-72.257947,41.297027],[-72.259041,41.296625],[-72.260259,41.296178],[-72.261631,41.295674],[-72.26463,41.294566],[-72.265182,41.294369]]}},{"type":"Feature","properties":{"agency":"CTrail","color":"#ED0A28","description":"Shore Line East","route":"Shore Line East","routeId":"SLE","shapeId":"osm-4433102-1512385908","source":"OpenStreetMap","sourceUrl":"https://www.openstreetmap.org/copyright"},"geometry":{"type":"LineString","coordinates":[[-72.265182,41.294369],[-72.265409,41.294286]]}},{"type":"Feature","properties":{"agency":"CTrail","color":"#ED0A28","description":"Shore Line East","route":"Shore Line East","routeId":"SLE","shapeId":"osm-4433102-1512385910","source":"OpenStreetMap","sourceUrl":"https://www.openstreetmap.org/copyright"},"geometry":{"type":"LineString","coordinates":[[-72.277168,41.291531],[-72.278309,41.291518],[-72.280034,41.291498],[-72.280612,41.291491],[-72.281357,41.291485]]}},{"type":"Feature","properties":{"agency":"CTrail","color":"#ED0A28","description":"Shore Line East","route":"Shore Line East","routeId":"SLE","shapeId":"osm-4433102-1512385911","source":"OpenStreetMap","sourceUrl":"https://www.openstreetmap.org/copyright"},"geometry":{"type":"LineString","coordinates":[[-72.277081,41.291532],[-72.277168,41.291531]]}},{"type":"Feature","properties":{"agency":"CTrail","color":"#ED0A28","description":"Shore Line East","route":"Shore Line East","routeId":"SLE","shapeId":"osm-4433102-1512385912","source":"OpenStreetMap","sourceUrl":"https://www.openstreetmap.org/copyright"},"geometry":{"type":"LineString","coordinates":[[-72.281357,41.291452],[-72.280611,41.291455],[-72.280034,41.291466],[-72.278308,41.291482],[-72.277167,41.291496]]}},{"type":"Feature","properties":{"agency":"CTrail","color":"#ED0A28","description":"Shore Line East","route":"Shore Line East","routeId":"SLE","shapeId":"osm-4433102-1512385913","source":"OpenStreetMap","sourceUrl":"https://www.openstreetmap.org/copyright"},"geometry":{"type":"LineString","coordinates":[[-72.277167,41.291496],[-72.277079,41.291498]]}},{"type":"Feature","properties":{"agency":"CTrail","color":"#ED0A28","description":"Shore Line East","route":"Shore Line East","routeId":"SLE","shapeId":"osm-4433102-1512385916","source":"OpenStreetMap","sourceUrl":"https://www.openstreetmap.org/copyright"},"geometry":{"type":"LineString","coordinates":[[-72.30486,41.296818],[-72.304027,41.296748]]}},{"type":"Feature","properties":{"agency":"CTrail","color":"#ED0A28","description":"Shore Line East","route":"Shore Line East","routeId":"SLE","shapeId":"osm-4433102-1512385917","source":"OpenStreetMap","sourceUrl":"https://www.openstreetmap.org/copyright"},"geometry":{"type":"LineString","coordinates":[[-72.304951,41.296825],[-72.30486,41.296818]]}},{"type":"Feature","properties":{"agency":"CTrail","color":"#ED0A28","description":"Shore Line East","route":"Shore Line East","routeId":"SLE","shapeId":"osm-4433102-1512385918","source":"OpenStreetMap","sourceUrl":"https://www.openstreetmap.org/copyright"},"geometry":{"type":"LineString","coordinates":[[-72.304022,41.296779],[-72.304855,41.296849]]}},{"type":"Feature","properties":{"agency":"CTrail","color":"#ED0A28","description":"Shore Line East","route":"Shore Line East","routeId":"SLE","shapeId":"osm-4433102-1512385919","source":"OpenStreetMap","sourceUrl":"https://www.openstreetmap.org/copyright"},"geometry":{"type":"LineString","coordinates":[[-72.304855,41.296849],[-72.304946,41.296857]]}},{"type":"Feature","properties":{"agency":"CTrail","color":"#ED0A28","description":"Shore Line East","route":"Shore Line East","routeId":"SLE","shapeId":"osm-4433102-1512385923","source":"OpenStreetMap","sourceUrl":"https://www.openstreetmap.org/copyright"},"geometry":{"type":"LineString","coordinates":[[-72.321788,41.300753],[-72.320901,41.30032],[-72.32005,41.299929],[-72.319267,41.299598],[-72.318919,41.299458],[-72.318557,41.29933],[-72.317925,41.299094],[-72.317545,41.29898]]}},{"type":"Feature","properties":{"agency":"CTrail","color":"#ED0A28","description":"Shore Line East","route":"Shore Line East","routeId":"SLE","shapeId":"osm-4433102-1512385924","source":"OpenStreetMap","sourceUrl":"https://www.openstreetmap.org/copyright"},"geometry":{"type":"LineString","coordinates":[[-72.321826,41.300773],[-72.321788,41.300753]]}},{"type":"Feature","properties":{"agency":"CTrail","color":"#ED0A28","description":"Shore Line East","route":"Shore Line East","routeId":"SLE","shapeId":"osm-4433102-1512385925","source":"OpenStreetMap","sourceUrl":"https://www.openstreetmap.org/copyright"},"geometry":{"type":"LineString","coordinates":[[-72.317482,41.298996],[-72.317905,41.299128],[-72.318536,41.299363],[-72.318896,41.299491],[-72.319243,41.299631],[-72.320025,41.299961],[-72.320875,41.300352],[-72.321761,41.300783]]}},{"type":"Feature","properties":{"agency":"CTrail","color":"#ED0A28","description":"Shore Line East","route":"Shore Line East","routeId":"SLE","shapeId":"osm-4433102-1512385926","source":"OpenStreetMap","sourceUrl":"https://www.openstreetmap.org/copyright"},"geometry":{"type":"LineString","coordinates":[[-72.321761,41.300783],[-72.321799,41.300802]]}},{"type":"Feature","properties":{"agency":"CTrail","color":"#ED0A28","description":"Shore Line East","route":"Shore Line East","routeId":"SLE","shapeId":"osm-4433102-1512385931","source":"OpenStreetMap","sourceUrl":"https://www.openstreetmap.org/copyright"},"geometry":{"type":"LineString","coordinates":[[-72.330459,41.305371],[-72.329715,41.304975],[-72.329446,41.304831]]}},{"type":"Feature","properties":{"agency":"CTrail","color":"#ED0A28","description":"Shore Line East","route":"Shore Line East","routeId":"SLE","shapeId":"osm-4433102-1512385932","source":"OpenStreetMap","sourceUrl":"https://www.openstreetmap.org/copyright"},"geometry":{"type":"LineString","coordinates":[[-72.329446,41.304831],[-72.329222,41.304707]]}},{"type":"Feature","properties":{"agency":"CTrail","color":"#ED0A28","description":"Shore Line East","route":"Shore Line East","routeId":"SLE","shapeId":"osm-4433102-1512385933","source":"OpenStreetMap","sourceUrl":"https://www.openstreetmap.org/copyright"},"geometry":{"type":"LineString","coordinates":[[-72.329469,41.304887],[-72.329684,41.305002],[-72.330428,41.305402]]}},{"type":"Feature","properties":{"agency":"CTrail","color":"#ED0A28","description":"Shore Line East","route":"Shore Line East","routeId":"SLE","shapeId":"osm-4433102-1512385934","source":"OpenStreetMap","sourceUrl":"https://www.openstreetmap.org/copyright"},"geometry":{"type":"LineString","coordinates":[[-72.329246,41.304768],[-72.329469,41.304887]]}},{"type":"Feature","properties":{"agency":"CTrail","color":"#ED0A28","description":"Shore Line East","route":"Shore Line East","routeId":"SLE","shapeId":"osm-4433102-1512385942","source":"OpenStreetMap","sourceUrl":"https://www.openstreetmap.org/copyright"},"geometry":{"type":"LineString","coordinates":[[-72.375359,41.301366],[-72.375553,41.301297],[-72.375911,41.301173],[-72.376206,41.301066]]}},{"type":"Feature","properties":{"agency":"CTrail","color":"#ED0A28","description":"Shore Line East","route":"Shore Line East","routeId":"SLE","shapeId":"osm-4433102-1512385943","source":"OpenStreetMap","sourceUrl":"https://www.openstreetmap.org/copyright"},"geometry":{"type":"LineString","coordinates":[[-72.375147,41.301443],[-72.375359,41.301366]]}},{"type":"Feature","properties":{"agency":"CTrail","color":"#ED0A28","description":"Shore Line East","route":"Shore Line East","routeId":"SLE","shapeId":"osm-4433102-1512385944","source":"OpenStreetMap","sourceUrl":"https://www.openstreetmap.org/copyright"},"geometry":{"type":"LineString","coordinates":[[-72.379665,41.299583],[-72.379467,41.299661],[-72.378723,41.299952],[-72.378185,41.30016],[-72.377516,41.300418],[-72.377369,41.300474],[-72.376862,41.300674],[-72.376688,41.300744],[-72.376602,41.300777],[-72.375982,41.301017],[-72.375329,41.301268]]}},{"type":"Feature","properties":{"agency":"CTrail","color":"#ED0A28","description":"Shore Line East","route":"Shore Line East","routeId":"SLE","shapeId":"osm-4433102-1512385945","source":"OpenStreetMap","sourceUrl":"https://www.openstreetmap.org/copyright"},"geometry":{"type":"LineString","coordinates":[[-72.375329,41.301268],[-72.375117,41.301349]]}},{"type":"Feature","properties":{"agency":"CTrail","color":"#ED0A28","description":"Shore Line East","route":"Shore Line East","routeId":"SLE","shapeId":"osm-4433102-1512385946","source":"OpenStreetMap","sourceUrl":"https://www.openstreetmap.org/copyright"},"geometry":{"type":"LineString","coordinates":[[-72.375338,41.301302],[-72.376004,41.301047],[-72.376622,41.300807],[-72.376707,41.300774],[-72.376906,41.300696],[-72.377125,41.300612],[-72.377391,41.300509],[-72.378185,41.300201],[-72.378203,41.300194],[-72.378743,41.299983],[-72.379308,41.299758],[-72.379488,41.29969],[-72.37987,41.299545],[-72.380311,41.299375],[-72.380507,41.299298],[-72.380711,41.299219],[-72.380978,41.299117],[-72.381479,41.298916]]}},{"type":"Feature","properties":{"agency":"CTrail","color":"#ED0A28","description":"Shore Line East","route":"Shore Line East","routeId":"SLE","shapeId":"osm-4433102-1512385947","source":"OpenStreetMap","sourceUrl":"https://www.openstreetmap.org/copyright"},"geometry":{"type":"LineString","coordinates":[[-72.375128,41.301384],[-72.375338,41.301302]]}},{"type":"Feature","properties":{"agency":"CTrail","color":"#ED0A28","description":"Shore Line East","route":"Shore Line East","routeId":"SLE","shapeId":"osm-4433102-1520181484","source":"OpenStreetMap","sourceUrl":"https://www.openstreetmap.org/copyright"},"geometry":{"type":"LineString","coordinates":[[-72.09281,41.354642],[-72.092823,41.354749],[-72.092843,41.354854],[-72.092858,41.354928],[-72.092877,41.355002],[-72.092928,41.355149],[-72.092965,41.355246],[-72.093009,41.355343],[-72.093046,41.355413],[-72.093087,41.355487],[-72.093168,41.355614],[-72.093243,41.355722],[-72.093329,41.35583],[-72.09341,41.355921],[-72.093495,41.356007],[-72.09358,41.356088],[-72.093672,41.356169],[-72.093752,41.356234],[-72.093842,41.356303],[-72.094009,41.356426],[-72.094302,41.356639]]}}]}
