{"type":"FeatureCollection","metadata":{"generatedAt":"2026-09-24T22:53:43.229Z","source":"MTA Long Island Rail Road and Metro-North Railroad GTFS","termsUrl":"https://www.mta.info/developers/terms-and-conditions","supplementalSources":[{"name":"OpenStreetMap contributors","url":"https://www.openstreetmap.org/copyright","use":"Belmont Park, Harlem, and Waterbury track geometry"}],"usedCachedOsmGeometry":true,"feeds":[{"agency":"LIRR","name":"Long Island Rail Road","url":"https://rrgtfsfeeds.s3.amazonaws.com/gtfslirr.zip","feedVersion":"GO202_26","validFrom":null,"validTo":null},{"agency":"MNR","name":"Metro-North Railroad","url":"https://rrgtfsfeeds.s3.amazonaws.com/gtfsmnr.zip","feedVersion":null,"validFrom":null,"validTo":null}],"routeCount":19},"features":[{"type":"Feature","properties":{"agency":"LIRR","color":"#00985F","description":"Babylon Branch","route":"1","routeId":"1","shapeId":"0EA08BA1"},"geometry":{"type":"LineString","coordinates":[[-73.993087,40.750743],[-73.991162,40.749989],[-73.989791,40.749681],[-73.989142,40.749449],[-73.976479,40.744178],[-73.974499,40.743519],[-73.97311,40.743223],[-73.972398,40.743134],[-73.959549,40.741676],[-73.954539,40.741198],[-73.953097,40.741234],[-73.951666,40.74137],[-73.950263,40.741623],[-73.948906,40.741996],[-73.945627,40.74314],[-73.938651,40.746021],[-73.937339,40.746479],[-73.935295,40.747018],[-73.931806,40.74772],[-73.91427,40.750956],[-73.91284,40.751096],[-73.912119,40.751085],[-73.911405,40.751011],[-73.910039,40.750666],[-73.908128,40.749895],[-73.906952,40.74926],[-73.905869,40.748535],[-73.903005,40.746066],[-73.89618,40.739676],[-73.895166,40.738896],[-73.894611,40.738546],[-73.893412,40.737936],[-73.883303,40.733693],[-73.843649,40.719159],[-73.84238,40.718637],[-73.840575,40.71773],[-73.838905,40.716684],[-73.83739,40.715509],[-73.821543,40.701264],[-73.820025,40.700091],[-73.818895,40.69941],[-73.818286,40.699117],[-73.81699,40.69864],[-73.816301,40.698478],[-73.815591,40.698388],[-73.814154,40.698424],[-73.812057,40.698826],[-73.809334,40.699547],[-73.808221,40.699764],[-73.804175,40.700924],[-73.803464,40.701003],[-73.802747,40.700966],[-73.802055,40.700823],[-73.801421,40.700566],[-73.79802,40.69853],[-73.796972,40.697778],[-73.796146,40.696881],[-73.793306,40.693059],[-73.79246,40.692171],[-73.791457,40.691384],[-73.774012,40.680743],[-73.763961,40.674492],[-73.756917,40.670668],[-73.755104,40.669772],[-73.751216,40.668329],[-73.747376,40.666813],[-73.74605,40.666383],[-73.744661,40.666095],[-73.742513,40.66593],[-73.723048,40.665954],[-73.721609,40.665897],[-73.720186,40.665724],[-73.718114,40.665259],[-73.70118,40.660562],[-73.694362,40.658786],[-73.692259,40.658408],[-73.680881,40.656973],[-73.673846,40.655776],[-73.672424,40.655603],[-73.670984,40.655588],[-73.670267,40.655641],[-73.654026,40.658174],[-73.651884,40.65839],[-73.650444,40.658438],[-73.646841,40.658364],[-73.632453,40.657686],[-73.617332,40.657137],[-73.610857,40.656839],[-73.60293,40.6567],[-73.594281,40.656676],[-73.587086,40.657005],[-73.584936,40.657176],[-73.5828,40.65743],[-73.577165,40.658363],[-73.561774,40.661274],[-73.514823,40.672009],[-73.509909,40.67288]]}},{"type":"Feature","properties":{"agency":"LIRR","color":"#00985F","description":"Babylon Branch","route":"1","routeId":"1","shapeId":"0EA08BA1W"},"geometry":{"type":"LineString","coordinates":[[-73.509909,40.67288],[-73.514823,40.672009],[-73.561774,40.661274],[-73.577165,40.658363],[-73.5828,40.65743],[-73.584936,40.657176],[-73.587086,40.657005],[-73.594281,40.656676],[-73.60293,40.6567],[-73.610857,40.656839],[-73.617332,40.657137],[-73.632453,40.657686],[-73.646841,40.658364],[-73.650444,40.658438],[-73.651884,40.65839],[-73.654026,40.658174],[-73.670267,40.655641],[-73.670984,40.655588],[-73.672424,40.655603],[-73.673846,40.655776],[-73.680881,40.656973],[-73.692259,40.658408],[-73.694362,40.658786],[-73.70118,40.660562],[-73.718114,40.665259],[-73.720186,40.665724],[-73.721609,40.665897],[-73.723048,40.665954],[-73.742513,40.66593],[-73.744661,40.666095],[-73.74605,40.666383],[-73.747376,40.666813],[-73.751216,40.668329],[-73.755104,40.669772],[-73.756917,40.670668],[-73.763961,40.674492],[-73.774012,40.680743],[-73.791457,40.691384],[-73.79246,40.692171],[-73.793306,40.693059],[-73.796146,40.696881],[-73.796972,40.697778],[-73.79802,40.69853],[-73.801421,40.700566],[-73.802055,40.700823],[-73.802747,40.700966],[-73.803464,40.701003],[-73.804175,40.700924],[-73.808221,40.699764],[-73.809334,40.699547],[-73.812057,40.698826],[-73.814154,40.698424],[-73.815591,40.698388],[-73.816301,40.698478],[-73.81699,40.69864],[-73.818286,40.699117],[-73.818895,40.69941],[-73.820025,40.700091],[-73.821543,40.701264],[-73.83739,40.715509],[-73.838905,40.716684],[-73.840575,40.71773],[-73.84238,40.718637],[-73.843649,40.719159],[-73.883303,40.733693],[-73.893412,40.737936],[-73.894611,40.738546],[-73.895166,40.738896],[-73.89618,40.739676],[-73.903005,40.746066],[-73.905869,40.748535],[-73.906952,40.74926],[-73.908128,40.749895],[-73.910039,40.750666],[-73.911405,40.751011],[-73.912119,40.751085],[-73.91284,40.751096],[-73.91427,40.750956],[-73.931806,40.74772],[-73.935295,40.747018],[-73.937339,40.746479],[-73.938651,40.746021],[-73.945627,40.74314],[-73.948906,40.741996],[-73.950263,40.741623],[-73.951666,40.74137],[-73.953097,40.741234],[-73.954539,40.741198],[-73.959549,40.741676],[-73.972398,40.743134],[-73.97311,40.743223],[-73.974499,40.743519],[-73.976479,40.744178],[-73.989142,40.749449],[-73.989791,40.749681],[-73.991162,40.749989],[-73.993087,40.750743]]}},{"type":"Feature","properties":{"agency":"LIRR","color":"#00985F","description":"Babylon Branch","route":"1","routeId":"1","shapeId":"1B63AE37"},"geometry":{"type":"LineString","coordinates":[[-73.975648,40.755062],[-73.974353,40.756838],[-73.973418,40.757989],[-73.971292,40.760961],[-73.970715,40.761474],[-73.969985,40.761859],[-73.966787,40.763049],[-73.965949,40.763273],[-73.965073,40.763388],[-73.964184,40.763389],[-73.963305,40.763283],[-73.962455,40.763085],[-73.961653,40.762792],[-73.948514,40.757086],[-73.941107,40.753334],[-73.936008,40.750612],[-73.932487,40.748622],[-73.931711,40.748293],[-73.930866,40.748084],[-73.929984,40.748004],[-73.929098,40.748057],[-73.924774,40.748855],[-73.91876,40.750087],[-73.916159,40.750546],[-73.914403,40.750762],[-73.913516,40.750808],[-73.911738,40.750762],[-73.910003,40.750473],[-73.909178,40.750219],[-73.907653,40.749525],[-73.906268,40.748676],[-73.905634,40.748201],[-73.902206,40.745088],[-73.903005,40.746066],[-73.89618,40.739676],[-73.895166,40.738896],[-73.894611,40.738546],[-73.893412,40.737936],[-73.883303,40.733693],[-73.843649,40.719159],[-73.84238,40.718637],[-73.840575,40.71773],[-73.838905,40.716684],[-73.83739,40.715509],[-73.821055,40.700859],[-73.820025,40.700091],[-73.818895,40.69941],[-73.817651,40.698857],[-73.81699,40.69864],[-73.815591,40.698388],[-73.814154,40.698424],[-73.811367,40.698985],[-73.809334,40.699547],[-73.807998,40.699379],[-73.80332,40.700824],[-73.801417,40.701604],[-73.800754,40.701817],[-73.793898,40.70352],[-73.783568,40.70596],[-73.782852,40.706003],[-73.781419,40.705902],[-73.78005,40.705566],[-73.778811,40.705009],[-73.77826,40.704655],[-73.777297,40.70384],[-73.775009,40.701718],[-73.766541,40.69283],[-73.765833,40.691875],[-73.765543,40.691365],[-73.763536,40.687249],[-73.762684,40.685736],[-73.751265,40.669843],[-73.750533,40.668898],[-73.749585,40.668075],[-73.748455,40.667394],[-73.747846,40.667102],[-73.74588,40.666423],[-73.744485,40.66615],[-73.742334,40.666009],[-73.722869,40.666033],[-73.720718,40.665883],[-73.719312,40.665642],[-73.717943,40.665298],[-73.704725,40.661627],[-73.704567,40.661501],[-73.70118,40.660562],[-73.694362,40.658786],[-73.692259,40.658408],[-73.680881,40.656973],[-73.673846,40.655776],[-73.672424,40.655603],[-73.670984,40.655588],[-73.670267,40.655641],[-73.654026,40.658174],[-73.651884,40.65839],[-73.650444,40.658438],[-73.646841,40.658364],[-73.632453,40.657686],[-73.617332,40.657137],[-73.610857,40.656839],[-73.60293,40.6567],[-73.595723,40.656653],[-73.593561,40.656702],[-73.585651,40.657108],[-73.5828,40.65743],[-73.578568,40.658109],[-73.560382,40.66156],[-73.53141,40.668258],[-73.514128,40.672154],[-73.509204,40.672997],[-73.495055,40.67511],[-73.487165,40.675716]]}},{"type":"Feature","properties":{"agency":"LIRR","color":"#00985F","description":"Babylon Branch","route":"1","routeId":"1","shapeId":"4BD1FCF2"},"geometry":{"type":"LineString","coordinates":[[-73.977365,40.684751],[-73.976331,40.683988],[-73.975733,40.683683],[-73.975068,40.683478],[-73.972263,40.682969],[-73.967473,40.681762],[-73.952869,40.678714],[-73.952161,40.678616],[-73.905414,40.676062],[-73.903978,40.675964],[-73.901127,40.675636],[-73.897526,40.675717],[-73.894661,40.675962],[-73.890423,40.676617],[-73.886955,40.677368],[-73.883563,40.678297],[-73.817356,40.697117],[-73.813407,40.698462],[-73.810645,40.699089],[-73.808758,40.699614],[-73.807998,40.699379],[-73.80332,40.700824],[-73.801417,40.701604],[-73.800754,40.701817],[-73.793898,40.70352],[-73.783568,40.70596],[-73.782132,40.705981],[-73.780722,40.705764],[-73.78005,40.705566],[-73.778811,40.705009],[-73.777762,40.704259],[-73.774576,40.701279],[-73.766951,40.693282],[-73.766165,40.692362],[-73.765543,40.691365],[-73.763536,40.687249],[-73.762684,40.685736],[-73.750913,40.669364],[-73.750089,40.668466],[-73.749036,40.66772],[-73.747846,40.667102],[-73.74588,40.666423],[-73.744485,40.66615],[-73.743054,40.666022],[-73.722869,40.666033],[-73.720718,40.665883],[-73.719312,40.665642],[-73.717943,40.665298],[-73.704725,40.661627],[-73.704567,40.661501],[-73.70118,40.660562],[-73.694362,40.658786],[-73.692259,40.658408],[-73.680881,40.656973],[-73.673846,40.655776],[-73.672424,40.655603],[-73.670984,40.655588],[-73.669557,40.655734],[-73.654026,40.658174],[-73.651164,40.658423],[-73.646841,40.658364],[-73.632453,40.657686],[-73.617332,40.657137],[-73.610857,40.656839],[-73.603651,40.656708],[-73.594281,40.656676],[-73.587086,40.657005],[-73.584936,40.657176],[-73.5828,40.65743]]}},{"type":"Feature","properties":{"agency":"LIRR","color":"#00985F","description":"Babylon Branch","route":"1","routeId":"1","shapeId":"68EA9362"},"geometry":{"type":"LineString","coordinates":[[-73.975648,40.755062],[-73.974353,40.756838],[-73.973418,40.757989],[-73.971292,40.760961],[-73.970715,40.761474],[-73.969985,40.761859],[-73.966787,40.763049],[-73.965949,40.763273],[-73.965073,40.763388],[-73.964184,40.763389],[-73.963305,40.763283],[-73.962455,40.763085],[-73.961653,40.762792],[-73.948514,40.757086],[-73.941107,40.753334],[-73.936008,40.750612],[-73.932487,40.748622],[-73.931711,40.748293],[-73.930866,40.748084],[-73.929984,40.748004],[-73.929098,40.748057],[-73.924774,40.748855],[-73.91876,40.750087],[-73.916159,40.750546],[-73.914403,40.750762],[-73.913516,40.750808],[-73.911738,40.750762],[-73.910003,40.750473],[-73.909178,40.750219],[-73.907653,40.749525],[-73.906268,40.748676],[-73.905634,40.748201],[-73.902206,40.745088],[-73.903005,40.746066],[-73.89618,40.739676],[-73.895166,40.738896],[-73.894611,40.738546],[-73.893412,40.737936],[-73.883303,40.733693],[-73.843649,40.719159],[-73.84238,40.718637],[-73.840575,40.71773],[-73.838905,40.716684],[-73.83739,40.715509],[-73.821055,40.700859],[-73.820025,40.700091],[-73.818895,40.69941],[-73.817651,40.698857],[-73.81699,40.69864],[-73.815591,40.698388],[-73.814154,40.698424],[-73.811367,40.698985],[-73.809334,40.699547],[-73.807998,40.699379],[-73.80332,40.700824],[-73.801417,40.701604],[-73.800754,40.701817],[-73.793898,40.70352],[-73.783568,40.70596],[-73.782852,40.706003],[-73.781419,40.705902],[-73.78005,40.705566],[-73.778811,40.705009],[-73.77826,40.704655],[-73.777297,40.70384],[-73.775009,40.701718],[-73.766541,40.69283],[-73.765833,40.691875],[-73.765543,40.691365],[-73.763536,40.687249],[-73.762684,40.685736],[-73.751265,40.669843],[-73.750533,40.668898],[-73.749585,40.668075],[-73.748455,40.667394],[-73.747211,40.666842],[-73.74588,40.666423],[-73.745188,40.66627],[-73.743772,40.666067],[-73.742334,40.666009],[-73.72359,40.666037],[-73.722149,40.666011],[-73.720718,40.665883],[-73.719312,40.665642],[-73.717943,40.665298],[-73.704725,40.661627],[-73.704567,40.661501],[-73.70118,40.660562],[-73.694362,40.658786],[-73.692259,40.658408],[-73.680881,40.656973],[-73.673846,40.655776],[-73.672424,40.655603],[-73.670984,40.655588],[-73.670267,40.655641],[-73.654026,40.658174],[-73.651884,40.65839],[-73.650444,40.658438],[-73.646841,40.658364],[-73.632453,40.657686],[-73.617332,40.657137],[-73.610857,40.656839],[-73.60293,40.6567],[-73.594281,40.656676],[-73.587086,40.657005],[-73.584936,40.657176],[-73.5828,40.65743],[-73.577165,40.658363],[-73.561774,40.661274],[-73.514823,40.672009],[-73.509909,40.67288]]}},{"type":"Feature","properties":{"agency":"LIRR","color":"#00985F","description":"Babylon Branch","route":"1","routeId":"1","shapeId":"68EA9362W"},"geometry":{"type":"LineString","coordinates":[[-73.509909,40.67288],[-73.514823,40.672009],[-73.561774,40.661274],[-73.577165,40.658363],[-73.5828,40.65743],[-73.584936,40.657176],[-73.587086,40.657005],[-73.594281,40.656676],[-73.60293,40.6567],[-73.610857,40.656839],[-73.617332,40.657137],[-73.632453,40.657686],[-73.646841,40.658364],[-73.650444,40.658438],[-73.651884,40.65839],[-73.654026,40.658174],[-73.670267,40.655641],[-73.670984,40.655588],[-73.672424,40.655603],[-73.673846,40.655776],[-73.680881,40.656973],[-73.692259,40.658408],[-73.694362,40.658786],[-73.70118,40.660562],[-73.704567,40.661501],[-73.704725,40.661627],[-73.717943,40.665298],[-73.719312,40.665642],[-73.720718,40.665883],[-73.722149,40.666011],[-73.72359,40.666037],[-73.742334,40.666009],[-73.743772,40.666067],[-73.745188,40.66627],[-73.74588,40.666423],[-73.747211,40.666842],[-73.748455,40.667394],[-73.749585,40.668075],[-73.750533,40.668898],[-73.751265,40.669843],[-73.762684,40.685736],[-73.763536,40.687249],[-73.765543,40.691365],[-73.765833,40.691875],[-73.766541,40.69283],[-73.775009,40.701718],[-73.777297,40.70384],[-73.77826,40.704655],[-73.778811,40.705009],[-73.78005,40.705566],[-73.781419,40.705902],[-73.782852,40.706003],[-73.783568,40.70596],[-73.793898,40.70352],[-73.800754,40.701817],[-73.801417,40.701604],[-73.80332,40.700824],[-73.807998,40.699379],[-73.809334,40.699547],[-73.811367,40.698985],[-73.814154,40.698424],[-73.815591,40.698388],[-73.81699,40.69864],[-73.817651,40.698857],[-73.818895,40.69941],[-73.820025,40.700091],[-73.821055,40.700859],[-73.83739,40.715509],[-73.838905,40.716684],[-73.840575,40.71773],[-73.84238,40.718637],[-73.843649,40.719159],[-73.883303,40.733693],[-73.893412,40.737936],[-73.894611,40.738546],[-73.895166,40.738896],[-73.89618,40.739676],[-73.903005,40.746066],[-73.902206,40.745088],[-73.905634,40.748201],[-73.906268,40.748676],[-73.907653,40.749525],[-73.909178,40.750219],[-73.910003,40.750473],[-73.911738,40.750762],[-73.913516,40.750808],[-73.914403,40.750762],[-73.916159,40.750546],[-73.91876,40.750087],[-73.924774,40.748855],[-73.929098,40.748057],[-73.929984,40.748004],[-73.930866,40.748084],[-73.931711,40.748293],[-73.932487,40.748622],[-73.936008,40.750612],[-73.941107,40.753334],[-73.948514,40.757086],[-73.961653,40.762792],[-73.962455,40.763085],[-73.963305,40.763283],[-73.964184,40.763389],[-73.965073,40.763388],[-73.965949,40.763273],[-73.966787,40.763049],[-73.969985,40.761859],[-73.970715,40.761474],[-73.971292,40.760961],[-73.973418,40.757989],[-73.974353,40.756838],[-73.975648,40.755062]]}},{"type":"Feature","properties":{"agency":"LIRR","color":"#00985F","description":"Babylon Branch","route":"1","routeId":"1","shapeId":"724A9954"},"geometry":{"type":"LineString","coordinates":[[-73.975648,40.755062],[-73.974353,40.756838],[-73.973418,40.757989],[-73.971292,40.760961],[-73.970715,40.761474],[-73.969985,40.761859],[-73.966787,40.763049],[-73.965949,40.763273],[-73.965073,40.763388],[-73.964184,40.763389],[-73.963305,40.763283],[-73.962455,40.763085],[-73.961653,40.762792],[-73.948514,40.757086],[-73.941107,40.753334],[-73.936008,40.750612],[-73.932487,40.748622],[-73.931711,40.748293],[-73.930866,40.748084],[-73.929984,40.748004],[-73.929098,40.748057],[-73.924774,40.748855],[-73.91876,40.750087],[-73.916159,40.750546],[-73.914403,40.750762],[-73.913516,40.750808],[-73.911738,40.750762],[-73.910003,40.750473],[-73.909178,40.750219],[-73.907653,40.749525],[-73.906268,40.748676],[-73.905634,40.748201],[-73.902206,40.745088],[-73.903005,40.746066],[-73.89618,40.739676],[-73.895166,40.738896],[-73.894611,40.738546],[-73.893412,40.737936],[-73.883303,40.733693],[-73.843649,40.719159],[-73.84238,40.718637],[-73.840575,40.71773],[-73.838905,40.716684],[-73.83739,40.715509],[-73.821055,40.700859],[-73.820025,40.700091],[-73.818895,40.69941],[-73.817651,40.698857],[-73.81699,40.69864],[-73.815591,40.698388],[-73.814154,40.698424],[-73.811367,40.698985],[-73.809334,40.699547],[-73.807998,40.699379],[-73.80332,40.700824],[-73.801417,40.701604],[-73.800754,40.701817],[-73.793898,40.70352],[-73.783568,40.70596],[-73.782852,40.706003],[-73.781419,40.705902],[-73.78005,40.705566],[-73.778811,40.705009],[-73.77826,40.704655],[-73.777297,40.70384],[-73.775009,40.701718],[-73.766541,40.69283],[-73.765833,40.691875],[-73.765543,40.691365],[-73.763536,40.687249],[-73.762684,40.685736],[-73.751265,40.669843],[-73.750533,40.668898],[-73.749585,40.668075],[-73.748455,40.667394],[-73.747846,40.667102],[-73.74588,40.666423],[-73.744485,40.66615],[-73.742334,40.666009],[-73.722869,40.666033],[-73.720718,40.665883],[-73.719312,40.665642],[-73.717943,40.665298],[-73.704725,40.661627],[-73.704567,40.661501],[-73.70118,40.660562],[-73.694362,40.658786],[-73.692259,40.658408],[-73.680881,40.656973],[-73.673846,40.655776],[-73.672424,40.655603],[-73.670984,40.655588],[-73.670267,40.655641],[-73.654026,40.658174],[-73.651884,40.65839],[-73.650444,40.658438],[-73.646841,40.658364],[-73.632453,40.657686],[-73.617332,40.657137],[-73.610857,40.656839],[-73.60293,40.6567],[-73.595723,40.656653],[-73.593561,40.656702],[-73.586368,40.657052],[-73.5828,40.65743],[-73.577165,40.658363],[-73.561774,40.661274],[-73.514823,40.672009],[-73.509204,40.672997],[-73.494342,40.675193],[-73.469931,40.676907]]}},{"type":"Feature","properties":{"agency":"LIRR","color":"#00985F","description":"Babylon Branch","route":"1","routeId":"1","shapeId":"724A9954W"},"geometry":{"type":"LineString","coordinates":[[-73.469931,40.676907],[-73.494342,40.675193],[-73.509204,40.672997],[-73.514823,40.672009],[-73.561774,40.661274],[-73.577165,40.658363],[-73.5828,40.65743],[-73.586368,40.657052],[-73.593561,40.656702],[-73.595723,40.656653],[-73.60293,40.6567],[-73.610857,40.656839],[-73.617332,40.657137],[-73.632453,40.657686],[-73.646841,40.658364],[-73.650444,40.658438],[-73.651884,40.65839],[-73.654026,40.658174],[-73.670267,40.655641],[-73.670984,40.655588],[-73.672424,40.655603],[-73.673846,40.655776],[-73.680881,40.656973],[-73.692259,40.658408],[-73.694362,40.658786],[-73.70118,40.660562],[-73.704567,40.661501],[-73.704725,40.661627],[-73.717943,40.665298],[-73.719312,40.665642],[-73.720718,40.665883],[-73.722869,40.666033],[-73.742334,40.666009],[-73.744485,40.66615],[-73.74588,40.666423],[-73.747846,40.667102],[-73.748455,40.667394],[-73.749585,40.668075],[-73.750533,40.668898],[-73.751265,40.669843],[-73.762684,40.685736],[-73.763536,40.687249],[-73.765543,40.691365],[-73.765833,40.691875],[-73.766541,40.69283],[-73.775009,40.701718],[-73.777297,40.70384],[-73.77826,40.704655],[-73.778811,40.705009],[-73.78005,40.705566],[-73.781419,40.705902],[-73.782852,40.706003],[-73.783568,40.70596],[-73.793898,40.70352],[-73.800754,40.701817],[-73.801417,40.701604],[-73.80332,40.700824],[-73.807998,40.699379],[-73.809334,40.699547],[-73.811367,40.698985],[-73.814154,40.698424],[-73.815591,40.698388],[-73.81699,40.69864],[-73.817651,40.698857],[-73.818895,40.69941],[-73.820025,40.700091],[-73.821055,40.700859],[-73.83739,40.715509],[-73.838905,40.716684],[-73.840575,40.71773],[-73.84238,40.718637],[-73.843649,40.719159],[-73.883303,40.733693],[-73.893412,40.737936],[-73.894611,40.738546],[-73.895166,40.738896],[-73.89618,40.739676],[-73.903005,40.746066],[-73.902206,40.745088],[-73.905634,40.748201],[-73.906268,40.748676],[-73.907653,40.749525],[-73.909178,40.750219],[-73.910003,40.750473],[-73.911738,40.750762],[-73.913516,40.750808],[-73.914403,40.750762],[-73.916159,40.750546],[-73.91876,40.750087],[-73.924774,40.748855],[-73.929098,40.748057],[-73.929984,40.748004],[-73.930866,40.748084],[-73.931711,40.748293],[-73.932487,40.748622],[-73.936008,40.750612],[-73.941107,40.753334],[-73.948514,40.757086],[-73.961653,40.762792],[-73.962455,40.763085],[-73.963305,40.763283],[-73.964184,40.763389],[-73.965073,40.763388],[-73.965949,40.763273],[-73.966787,40.763049],[-73.969985,40.761859],[-73.970715,40.761474],[-73.971292,40.760961],[-73.973418,40.757989],[-73.974353,40.756838],[-73.975648,40.755062]]}},{"type":"Feature","properties":{"agency":"LIRR","color":"#00985F","description":"Babylon Branch","route":"1","routeId":"1","shapeId":"830EA221W"},"geometry":{"type":"LineString","coordinates":[[-73.5828,40.65743],[-73.584936,40.657176],[-73.587086,40.657005],[-73.594281,40.656676],[-73.603651,40.656708],[-73.610857,40.656839],[-73.617332,40.657137],[-73.632453,40.657686],[-73.646841,40.658364],[-73.651164,40.658423],[-73.654026,40.658174],[-73.669557,40.655734],[-73.670984,40.655588],[-73.672424,40.655603],[-73.673846,40.655776],[-73.680881,40.656973],[-73.692259,40.658408],[-73.694362,40.658786],[-73.70118,40.660562],[-73.704567,40.661501],[-73.704725,40.661627],[-73.717943,40.665298],[-73.719312,40.665642],[-73.720718,40.665883],[-73.722869,40.666033],[-73.743054,40.666022],[-73.744485,40.66615],[-73.74588,40.666423],[-73.747211,40.666842],[-73.748455,40.667394],[-73.749585,40.668075],[-73.750533,40.668898],[-73.751265,40.669843],[-73.762684,40.685736],[-73.763536,40.687249],[-73.765543,40.691365],[-73.765833,40.691875],[-73.766541,40.69283],[-73.775009,40.701718],[-73.777297,40.70384],[-73.77826,40.704655],[-73.778811,40.705009],[-73.78005,40.705566],[-73.781419,40.705902],[-73.782852,40.706003],[-73.783568,40.70596],[-73.793898,40.70352],[-73.800754,40.701817],[-73.801417,40.701604],[-73.80332,40.700824],[-73.807998,40.699379],[-73.809334,40.699547],[-73.811367,40.698985],[-73.814154,40.698424],[-73.815591,40.698388],[-73.81699,40.69864],[-73.817651,40.698857],[-73.818895,40.69941],[-73.820025,40.700091],[-73.821055,40.700859],[-73.83739,40.715509],[-73.838905,40.716684],[-73.840575,40.71773],[-73.84238,40.718637],[-73.843649,40.719159],[-73.883303,40.733693],[-73.893412,40.737936],[-73.894611,40.738546],[-73.895166,40.738896],[-73.89618,40.739676],[-73.903005,40.746066],[-73.902206,40.745088],[-73.905634,40.748201],[-73.906268,40.748676],[-73.907653,40.749525],[-73.909178,40.750219],[-73.910003,40.750473],[-73.911738,40.750762],[-73.913516,40.750808],[-73.914403,40.750762],[-73.916159,40.750546],[-73.91876,40.750087],[-73.924774,40.748855],[-73.929098,40.748057],[-73.929984,40.748004],[-73.930866,40.748084],[-73.931711,40.748293],[-73.932487,40.748622],[-73.936008,40.750612],[-73.941107,40.753334],[-73.948514,40.757086],[-73.961653,40.762792],[-73.962455,40.763085],[-73.963305,40.763283],[-73.964184,40.763389],[-73.965073,40.763388],[-73.965949,40.763273],[-73.966787,40.763049],[-73.969985,40.761859],[-73.970715,40.761474],[-73.971292,40.760961],[-73.973418,40.757989],[-73.974353,40.756838],[-73.975648,40.755062]]}},{"type":"Feature","properties":{"agency":"LIRR","color":"#00985F","description":"Babylon Branch","route":"1","routeId":"1","shapeId":"8885A953"},"geometry":{"type":"LineString","coordinates":[[-73.807998,40.699379],[-73.80332,40.700824],[-73.801417,40.701604],[-73.800754,40.701817],[-73.793898,40.70352],[-73.783568,40.70596],[-73.782852,40.706003],[-73.781419,40.705902],[-73.78005,40.705566],[-73.778811,40.705009],[-73.77826,40.704655],[-73.777297,40.70384],[-73.775009,40.701718],[-73.766541,40.69283],[-73.765833,40.691875],[-73.765543,40.691365],[-73.763536,40.687249],[-73.762684,40.685736],[-73.751265,40.669843],[-73.750533,40.668898],[-73.750089,40.668466],[-73.749036,40.66772],[-73.747846,40.667102],[-73.74588,40.666423],[-73.744485,40.66615],[-73.743054,40.666022],[-73.722869,40.666033],[-73.721431,40.665961],[-73.720011,40.665776],[-73.717943,40.665298],[-73.704725,40.661627],[-73.704567,40.661501],[-73.70118,40.660562],[-73.694362,40.658786],[-73.692259,40.658408],[-73.680881,40.656973],[-73.673139,40.655672],[-73.671705,40.655575],[-73.670984,40.655588],[-73.669557,40.655734],[-73.654026,40.658174],[-73.651884,40.65839],[-73.650444,40.658438],[-73.646841,40.658364],[-73.632453,40.657686],[-73.610137,40.656818],[-73.60293,40.6567],[-73.595002,40.65666],[-73.585651,40.657108],[-73.5828,40.65743],[-73.578568,40.658109],[-73.560382,40.66156],[-73.53141,40.668258],[-73.514128,40.672154],[-73.509204,40.672997],[-73.495055,40.67511],[-73.492909,40.67531],[-73.474242,40.676626],[-73.428985,40.679613],[-73.419661,40.680344],[-73.416783,40.680485],[-73.39661,40.681121],[-73.393742,40.681342],[-73.391632,40.681699],[-73.389579,40.682217],[-73.374122,40.686794],[-73.369444,40.688238],[-73.362019,40.690364],[-73.328053,40.699584],[-73.324704,40.700599]]}},{"type":"Feature","properties":{"agency":"LIRR","color":"#00985F","description":"Babylon Branch","route":"1","routeId":"1","shapeId":"8885A953W"},"geometry":{"type":"LineString","coordinates":[[-73.324704,40.700599],[-73.328053,40.699584],[-73.362019,40.690364],[-73.369444,40.688238],[-73.374122,40.686794],[-73.389579,40.682217],[-73.391632,40.681699],[-73.393742,40.681342],[-73.39661,40.681121],[-73.416783,40.680485],[-73.419661,40.680344],[-73.428985,40.679613],[-73.474242,40.676626],[-73.492909,40.67531],[-73.495055,40.67511],[-73.509204,40.672997],[-73.514128,40.672154],[-73.53141,40.668258],[-73.560382,40.66156],[-73.578568,40.658109],[-73.5828,40.65743],[-73.585651,40.657108],[-73.595002,40.65666],[-73.60293,40.6567],[-73.610137,40.656818],[-73.632453,40.657686],[-73.646841,40.658364],[-73.650444,40.658438],[-73.651884,40.65839],[-73.654026,40.658174],[-73.669557,40.655734],[-73.670984,40.655588],[-73.671705,40.655575],[-73.673139,40.655672],[-73.680881,40.656973],[-73.692259,40.658408],[-73.694362,40.658786],[-73.70118,40.660562],[-73.704567,40.661501],[-73.704725,40.661627],[-73.717943,40.665298],[-73.720011,40.665776],[-73.721431,40.665961],[-73.722869,40.666033],[-73.743054,40.666022],[-73.744485,40.66615],[-73.74588,40.666423],[-73.747846,40.667102],[-73.749036,40.66772],[-73.750089,40.668466],[-73.750533,40.668898],[-73.751265,40.669843],[-73.762684,40.685736],[-73.763536,40.687249],[-73.765543,40.691365],[-73.765833,40.691875],[-73.766541,40.69283],[-73.775009,40.701718],[-73.777297,40.70384],[-73.77826,40.704655],[-73.778811,40.705009],[-73.78005,40.705566],[-73.781419,40.705902],[-73.782852,40.706003],[-73.783568,40.70596],[-73.793898,40.70352],[-73.800754,40.701817],[-73.801417,40.701604],[-73.80332,40.700824],[-73.807998,40.699379]]}},{"type":"Feature","properties":{"agency":"LIRR","color":"#00985F","description":"Babylon Branch","route":"1","routeId":"1","shapeId":"88D56B42"},"geometry":{"type":"LineString","coordinates":[[-73.975648,40.755062],[-73.974353,40.756838],[-73.973418,40.757989],[-73.971292,40.760961],[-73.970715,40.761474],[-73.969985,40.761859],[-73.966787,40.763049],[-73.965949,40.763273],[-73.965073,40.763388],[-73.964184,40.763389],[-73.963305,40.763283],[-73.962455,40.763085],[-73.961653,40.762792],[-73.948514,40.757086],[-73.941107,40.753334],[-73.936008,40.750612],[-73.932487,40.748622],[-73.931711,40.748293],[-73.930866,40.748084],[-73.929984,40.748004],[-73.929098,40.748057],[-73.924774,40.748855],[-73.91876,40.750087],[-73.916159,40.750546],[-73.914403,40.750762],[-73.913516,40.750808],[-73.911738,40.750762],[-73.910003,40.750473],[-73.909178,40.750219],[-73.907653,40.749525],[-73.906268,40.748676],[-73.905634,40.748201],[-73.902206,40.745088],[-73.903005,40.746066],[-73.89618,40.739676],[-73.895166,40.738896],[-73.894611,40.738546],[-73.893412,40.737936],[-73.883303,40.733693],[-73.843649,40.719159],[-73.84238,40.718637],[-73.840575,40.71773],[-73.838905,40.716684],[-73.83739,40.715509],[-73.821055,40.700859],[-73.819475,40.699736],[-73.818895,40.69941],[-73.817651,40.698857],[-73.816301,40.698478],[-73.814871,40.698372],[-73.814154,40.698424],[-73.812057,40.698826],[-73.809334,40.699547],[-73.807998,40.699379],[-73.80332,40.700824],[-73.801417,40.701604],[-73.800754,40.701817],[-73.793898,40.70352],[-73.783568,40.70596],[-73.782132,40.705981],[-73.780722,40.705764],[-73.78005,40.705566],[-73.778811,40.705009],[-73.777762,40.704259],[-73.775009,40.701718],[-73.766541,40.69283],[-73.765833,40.691875],[-73.765543,40.691365],[-73.763536,40.687249],[-73.762684,40.685736],[-73.750913,40.669364],[-73.750089,40.668466],[-73.749585,40.668075],[-73.748455,40.667394],[-73.747211,40.666842],[-73.74588,40.666423],[-73.745188,40.66627],[-73.743054,40.666022],[-73.722869,40.666033],[-73.720718,40.665883],[-73.719312,40.665642],[-73.717943,40.665298],[-73.704725,40.661627],[-73.704567,40.661501],[-73.70118,40.660562],[-73.694362,40.658786],[-73.692259,40.658408],[-73.680881,40.656973],[-73.673846,40.655776],[-73.672424,40.655603],[-73.670984,40.655588],[-73.670267,40.655641],[-73.654026,40.658174],[-73.651884,40.65839],[-73.650444,40.658438],[-73.646841,40.658364],[-73.632453,40.657686],[-73.610137,40.656818],[-73.60293,40.6567],[-73.595002,40.65666],[-73.585651,40.657108],[-73.5828,40.65743],[-73.578568,40.658109],[-73.560382,40.66156],[-73.53141,40.668258],[-73.514128,40.672154],[-73.509204,40.672997],[-73.495055,40.67511],[-73.492909,40.67531],[-73.474242,40.676626],[-73.428985,40.679613],[-73.419661,40.680344],[-73.416783,40.680485],[-73.39661,40.681121],[-73.393742,40.681342],[-73.391632,40.681699],[-73.389579,40.682217],[-73.374122,40.686794],[-73.369444,40.688238],[-73.362019,40.690364],[-73.328053,40.699584],[-73.324704,40.700599]]}},{"type":"Feature","properties":{"agency":"LIRR","color":"#00985F","description":"Babylon Branch","route":"1","routeId":"1","shapeId":"88D56B42W"},"geometry":{"type":"LineString","coordinates":[[-73.324704,40.700599],[-73.328053,40.699584],[-73.362019,40.690364],[-73.369444,40.688238],[-73.374122,40.686794],[-73.389579,40.682217],[-73.391632,40.681699],[-73.393742,40.681342],[-73.39661,40.681121],[-73.416783,40.680485],[-73.419661,40.680344],[-73.428985,40.679613],[-73.474242,40.676626],[-73.492909,40.67531],[-73.495055,40.67511],[-73.509204,40.672997],[-73.514128,40.672154],[-73.53141,40.668258],[-73.560382,40.66156],[-73.578568,40.658109],[-73.5828,40.65743],[-73.585651,40.657108],[-73.595002,40.65666],[-73.60293,40.6567],[-73.610137,40.656818],[-73.632453,40.657686],[-73.646841,40.658364],[-73.650444,40.658438],[-73.651884,40.65839],[-73.654026,40.658174],[-73.670267,40.655641],[-73.670984,40.655588],[-73.672424,40.655603],[-73.673846,40.655776],[-73.680881,40.656973],[-73.692259,40.658408],[-73.694362,40.658786],[-73.70118,40.660562],[-73.704567,40.661501],[-73.704725,40.661627],[-73.717943,40.665298],[-73.719312,40.665642],[-73.720718,40.665883],[-73.722869,40.666033],[-73.743054,40.666022],[-73.745188,40.66627],[-73.74588,40.666423],[-73.747211,40.666842],[-73.748455,40.667394],[-73.749585,40.668075],[-73.750089,40.668466],[-73.750913,40.669364],[-73.762684,40.685736],[-73.763536,40.687249],[-73.765543,40.691365],[-73.765833,40.691875],[-73.766541,40.69283],[-73.775009,40.701718],[-73.777762,40.704259],[-73.778811,40.705009],[-73.78005,40.705566],[-73.780722,40.705764],[-73.782132,40.705981],[-73.783568,40.70596],[-73.793898,40.70352],[-73.800754,40.701817],[-73.801417,40.701604],[-73.80332,40.700824],[-73.807998,40.699379],[-73.809334,40.699547],[-73.812057,40.698826],[-73.814154,40.698424],[-73.814871,40.698372],[-73.816301,40.698478],[-73.817651,40.698857],[-73.818895,40.69941],[-73.819475,40.699736],[-73.821055,40.700859],[-73.83739,40.715509],[-73.838905,40.716684],[-73.840575,40.71773],[-73.84238,40.718637],[-73.843649,40.719159],[-73.883303,40.733693],[-73.893412,40.737936],[-73.894611,40.738546],[-73.895166,40.738896],[-73.89618,40.739676],[-73.903005,40.746066],[-73.902206,40.745088],[-73.905634,40.748201],[-73.906268,40.748676],[-73.907653,40.749525],[-73.909178,40.750219],[-73.910003,40.750473],[-73.911738,40.750762],[-73.913516,40.750808],[-73.914403,40.750762],[-73.916159,40.750546],[-73.91876,40.750087],[-73.924774,40.748855],[-73.929098,40.748057],[-73.929984,40.748004],[-73.930866,40.748084],[-73.931711,40.748293],[-73.932487,40.748622],[-73.936008,40.750612],[-73.941107,40.753334],[-73.948514,40.757086],[-73.961653,40.762792],[-73.962455,40.763085],[-73.963305,40.763283],[-73.964184,40.763389],[-73.965073,40.763388],[-73.965949,40.763273],[-73.966787,40.763049],[-73.969985,40.761859],[-73.970715,40.761474],[-73.971292,40.760961],[-73.973418,40.757989],[-73.974353,40.756838],[-73.975648,40.755062]]}},{"type":"Feature","properties":{"agency":"LIRR","color":"#00985F","description":"Babylon Branch","route":"1","routeId":"1","shapeId":"9D7E0462"},"geometry":{"type":"LineString","coordinates":[[-73.993087,40.750743],[-73.991162,40.749989],[-73.989791,40.749681],[-73.989142,40.749449],[-73.976479,40.744178],[-73.974499,40.743519],[-73.97311,40.743223],[-73.972398,40.743134],[-73.959549,40.741676],[-73.954539,40.741198],[-73.953097,40.741234],[-73.951666,40.74137],[-73.950263,40.741623],[-73.948906,40.741996],[-73.945627,40.74314],[-73.938651,40.746021],[-73.937339,40.746479],[-73.935295,40.747018],[-73.931806,40.74772],[-73.91427,40.750956],[-73.91284,40.751096],[-73.912119,40.751085],[-73.91071,40.750866],[-73.909384,40.750436],[-73.908128,40.749895],[-73.906952,40.74926],[-73.905869,40.748535],[-73.903005,40.746066],[-73.89618,40.739676],[-73.895166,40.738896],[-73.894611,40.738546],[-73.893412,40.737936],[-73.883303,40.733693],[-73.843649,40.719159],[-73.84238,40.718637],[-73.840575,40.71773],[-73.838905,40.716684],[-73.83739,40.715509],[-73.821543,40.701264],[-73.820025,40.700091],[-73.818895,40.69941],[-73.818286,40.699117],[-73.81699,40.69864],[-73.816301,40.698478],[-73.815591,40.698388],[-73.814154,40.698424],[-73.812057,40.698826],[-73.809334,40.699547],[-73.808221,40.699764],[-73.804175,40.700924],[-73.803464,40.701003],[-73.802747,40.700966],[-73.802055,40.700823],[-73.801421,40.700566],[-73.79802,40.69853],[-73.796972,40.697778],[-73.796146,40.696881],[-73.793306,40.693059],[-73.79246,40.692171],[-73.791457,40.691384],[-73.774012,40.680743],[-73.763393,40.674153],[-73.756325,40.670354],[-73.755104,40.669772],[-73.746721,40.666583],[-73.745362,40.666221],[-73.743951,40.666002],[-73.742513,40.66593],[-73.723048,40.665954],[-73.721609,40.665897],[-73.720186,40.665724],[-73.718114,40.665259],[-73.70118,40.660562],[-73.694362,40.658786],[-73.692259,40.658408],[-73.680881,40.656973],[-73.673139,40.655672],[-73.671705,40.655575],[-73.670267,40.655641],[-73.654026,40.658174],[-73.651884,40.65839],[-73.650444,40.658438],[-73.646841,40.658364],[-73.631733,40.657656],[-73.609416,40.656804],[-73.595002,40.65666],[-73.587086,40.657005],[-73.584222,40.65725],[-73.582092,40.657534],[-73.577866,40.658235],[-73.560382,40.66156],[-73.527266,40.669201],[-73.514823,40.672009],[-73.512724,40.672404],[-73.508498,40.673105],[-73.494342,40.675193],[-73.469931,40.676907]]}},{"type":"Feature","properties":{"agency":"LIRR","color":"#00985F","description":"Babylon Branch","route":"1","routeId":"1","shapeId":"9D7E0462W"},"geometry":{"type":"LineString","coordinates":[[-73.469931,40.676907],[-73.494342,40.675193],[-73.508498,40.673105],[-73.512724,40.672404],[-73.514823,40.672009],[-73.527266,40.669201],[-73.560382,40.66156],[-73.577866,40.658235],[-73.582092,40.657534],[-73.584222,40.65725],[-73.587086,40.657005],[-73.595002,40.65666],[-73.609416,40.656804],[-73.631733,40.657656],[-73.646841,40.658364],[-73.650444,40.658438],[-73.651884,40.65839],[-73.654026,40.658174],[-73.670267,40.655641],[-73.671705,40.655575],[-73.673139,40.655672],[-73.680881,40.656973],[-73.692259,40.658408],[-73.694362,40.658786],[-73.70118,40.660562],[-73.718114,40.665259],[-73.720186,40.665724],[-73.721609,40.665897],[-73.723048,40.665954],[-73.742513,40.66593],[-73.743951,40.666002],[-73.745362,40.666221],[-73.746721,40.666583],[-73.755104,40.669772],[-73.756325,40.670354],[-73.763393,40.674153],[-73.774012,40.680743],[-73.791457,40.691384],[-73.79246,40.692171],[-73.793306,40.693059],[-73.796146,40.696881],[-73.796972,40.697778],[-73.79802,40.69853],[-73.801421,40.700566],[-73.802055,40.700823],[-73.802747,40.700966],[-73.803464,40.701003],[-73.804175,40.700924],[-73.808221,40.699764],[-73.809334,40.699547],[-73.812057,40.698826],[-73.814154,40.698424],[-73.815591,40.698388],[-73.816301,40.698478],[-73.81699,40.69864],[-73.818286,40.699117],[-73.818895,40.69941],[-73.820025,40.700091],[-73.821543,40.701264],[-73.83739,40.715509],[-73.838905,40.716684],[-73.840575,40.71773],[-73.84238,40.718637],[-73.843649,40.719159],[-73.883303,40.733693],[-73.893412,40.737936],[-73.894611,40.738546],[-73.895166,40.738896],[-73.89618,40.739676],[-73.903005,40.746066],[-73.905869,40.748535],[-73.906952,40.74926],[-73.908128,40.749895],[-73.909384,40.750436],[-73.91071,40.750866],[-73.912119,40.751085],[-73.91284,40.751096],[-73.91427,40.750956],[-73.931806,40.74772],[-73.935295,40.747018],[-73.937339,40.746479],[-73.938651,40.746021],[-73.945627,40.74314],[-73.948906,40.741996],[-73.950263,40.741623],[-73.951666,40.74137],[-73.953097,40.741234],[-73.954539,40.741198],[-73.959549,40.741676],[-73.972398,40.743134],[-73.97311,40.743223],[-73.974499,40.743519],[-73.976479,40.744178],[-73.989142,40.749449],[-73.989791,40.749681],[-73.991162,40.749989],[-73.993087,40.750743]]}},{"type":"Feature","properties":{"agency":"LIRR","color":"#00985F","description":"Babylon Branch","route":"1","routeId":"1","shapeId":"A8F61878"},"geometry":{"type":"LineString","coordinates":[[-73.993087,40.750743],[-73.991162,40.749989],[-73.989791,40.749681],[-73.989142,40.749449],[-73.976479,40.744178],[-73.974499,40.743519],[-73.97311,40.743223],[-73.972398,40.743134],[-73.959549,40.741676],[-73.954539,40.741198],[-73.953097,40.741234],[-73.951666,40.74137],[-73.950263,40.741623],[-73.948906,40.741996],[-73.945627,40.74314],[-73.938651,40.746021],[-73.937339,40.746479],[-73.935295,40.747018],[-73.931806,40.74772],[-73.91427,40.750956],[-73.91284,40.751096],[-73.912119,40.751085],[-73.91071,40.750866],[-73.909384,40.750436],[-73.908128,40.749895],[-73.906952,40.74926],[-73.905869,40.748535],[-73.903005,40.746066],[-73.89618,40.739676],[-73.895166,40.738896],[-73.894611,40.738546],[-73.893412,40.737936],[-73.883303,40.733693],[-73.843649,40.719159],[-73.84238,40.718637],[-73.840575,40.71773],[-73.838905,40.716684],[-73.83739,40.715509],[-73.821055,40.700859],[-73.819475,40.699736],[-73.818895,40.69941],[-73.817651,40.698857],[-73.816301,40.698478],[-73.814871,40.698372],[-73.814154,40.698424],[-73.812057,40.698826],[-73.809334,40.699547],[-73.807998,40.699379],[-73.80332,40.700824],[-73.801417,40.701604],[-73.800754,40.701817],[-73.793898,40.70352],[-73.783568,40.70596],[-73.782132,40.705981],[-73.780722,40.705764],[-73.78005,40.705566],[-73.778811,40.705009],[-73.777762,40.704259],[-73.775009,40.701718],[-73.766541,40.69283],[-73.765833,40.691875],[-73.765543,40.691365],[-73.763536,40.687249],[-73.762684,40.685736],[-73.750913,40.669364],[-73.750089,40.668466],[-73.749585,40.668075],[-73.748455,40.667394],[-73.747211,40.666842],[-73.74588,40.666423],[-73.745188,40.66627],[-73.743054,40.666022],[-73.722869,40.666033],[-73.720718,40.665883],[-73.719312,40.665642],[-73.717943,40.665298],[-73.704725,40.661627],[-73.704567,40.661501],[-73.70118,40.660562],[-73.694362,40.658786],[-73.692259,40.658408],[-73.680881,40.656973],[-73.673846,40.655776],[-73.672424,40.655603],[-73.670984,40.655588],[-73.670267,40.655641],[-73.654026,40.658174],[-73.651884,40.65839],[-73.650444,40.658438],[-73.646841,40.658364],[-73.632453,40.657686],[-73.610137,40.656818],[-73.60293,40.6567],[-73.595002,40.65666],[-73.585651,40.657108],[-73.5828,40.65743],[-73.578568,40.658109],[-73.560382,40.66156],[-73.53141,40.668258],[-73.514128,40.672154],[-73.509204,40.672997],[-73.495055,40.67511],[-73.492909,40.67531],[-73.474242,40.676626],[-73.428985,40.679613],[-73.419661,40.680344],[-73.416783,40.680485],[-73.39661,40.681121],[-73.393742,40.681342],[-73.391632,40.681699],[-73.389579,40.682217],[-73.374122,40.686794],[-73.369444,40.688238],[-73.362019,40.690364],[-73.328053,40.699584],[-73.324704,40.700599]]}},{"type":"Feature","properties":{"agency":"LIRR","color":"#00985F","description":"Babylon Branch","route":"1","routeId":"1","shapeId":"A8F61878W"},"geometry":{"type":"LineString","coordinates":[[-73.324704,40.700599],[-73.328053,40.699584],[-73.362019,40.690364],[-73.369444,40.688238],[-73.374122,40.686794],[-73.389579,40.682217],[-73.391632,40.681699],[-73.393742,40.681342],[-73.39661,40.681121],[-73.416783,40.680485],[-73.419661,40.680344],[-73.428985,40.679613],[-73.474242,40.676626],[-73.492909,40.67531],[-73.495055,40.67511],[-73.509204,40.672997],[-73.514128,40.672154],[-73.53141,40.668258],[-73.560382,40.66156],[-73.578568,40.658109],[-73.5828,40.65743],[-73.585651,40.657108],[-73.595002,40.65666],[-73.60293,40.6567],[-73.610137,40.656818],[-73.632453,40.657686],[-73.646841,40.658364],[-73.650444,40.658438],[-73.651884,40.65839],[-73.654026,40.658174],[-73.670267,40.655641],[-73.670984,40.655588],[-73.672424,40.655603],[-73.673846,40.655776],[-73.680881,40.656973],[-73.692259,40.658408],[-73.694362,40.658786],[-73.70118,40.660562],[-73.704567,40.661501],[-73.704725,40.661627],[-73.717943,40.665298],[-73.719312,40.665642],[-73.720718,40.665883],[-73.722869,40.666033],[-73.743054,40.666022],[-73.745188,40.66627],[-73.74588,40.666423],[-73.747211,40.666842],[-73.748455,40.667394],[-73.749585,40.668075],[-73.750089,40.668466],[-73.750913,40.669364],[-73.762684,40.685736],[-73.763536,40.687249],[-73.765543,40.691365],[-73.765833,40.691875],[-73.766541,40.69283],[-73.775009,40.701718],[-73.777762,40.704259],[-73.778811,40.705009],[-73.78005,40.705566],[-73.780722,40.705764],[-73.782132,40.705981],[-73.783568,40.70596],[-73.793898,40.70352],[-73.800754,40.701817],[-73.801417,40.701604],[-73.80332,40.700824],[-73.807998,40.699379],[-73.809334,40.699547],[-73.812057,40.698826],[-73.814154,40.698424],[-73.814871,40.698372],[-73.816301,40.698478],[-73.817651,40.698857],[-73.818895,40.69941],[-73.819475,40.699736],[-73.821055,40.700859],[-73.83739,40.715509],[-73.838905,40.716684],[-73.840575,40.71773],[-73.84238,40.718637],[-73.843649,40.719159],[-73.883303,40.733693],[-73.893412,40.737936],[-73.894611,40.738546],[-73.895166,40.738896],[-73.89618,40.739676],[-73.903005,40.746066],[-73.905869,40.748535],[-73.906952,40.74926],[-73.908128,40.749895],[-73.909384,40.750436],[-73.91071,40.750866],[-73.912119,40.751085],[-73.91284,40.751096],[-73.91427,40.750956],[-73.931806,40.74772],[-73.935295,40.747018],[-73.937339,40.746479],[-73.938651,40.746021],[-73.945627,40.74314],[-73.948906,40.741996],[-73.950263,40.741623],[-73.951666,40.74137],[-73.953097,40.741234],[-73.954539,40.741198],[-73.959549,40.741676],[-73.972398,40.743134],[-73.97311,40.743223],[-73.974499,40.743519],[-73.976479,40.744178],[-73.989142,40.749449],[-73.989791,40.749681],[-73.991162,40.749989],[-73.993087,40.750743]]}},{"type":"Feature","properties":{"agency":"LIRR","color":"#00985F","description":"Babylon Branch","route":"1","routeId":"1","shapeId":"C85CC273"},"geometry":{"type":"LineString","coordinates":[[-73.977365,40.684751],[-73.976331,40.683988],[-73.975733,40.683683],[-73.975068,40.683478],[-73.972263,40.682969],[-73.967473,40.681762],[-73.952869,40.678714],[-73.952161,40.678616],[-73.905414,40.676062],[-73.903978,40.675964],[-73.901127,40.675636],[-73.897526,40.675717],[-73.894661,40.675962],[-73.890423,40.676617],[-73.886955,40.677368],[-73.883563,40.678297],[-73.817356,40.697117],[-73.813407,40.698462],[-73.810645,40.699089],[-73.808758,40.699614],[-73.807998,40.699379],[-73.80332,40.700824],[-73.801417,40.701604],[-73.800754,40.701817],[-73.793898,40.70352],[-73.783568,40.70596],[-73.782132,40.705981],[-73.780722,40.705764],[-73.78005,40.705566],[-73.778811,40.705009],[-73.777762,40.704259],[-73.774576,40.701279],[-73.766951,40.693282],[-73.766165,40.692362],[-73.765543,40.691365],[-73.763536,40.687249],[-73.762684,40.685736],[-73.750913,40.669364],[-73.750089,40.668466],[-73.749036,40.66772],[-73.747846,40.667102],[-73.74588,40.666423],[-73.744485,40.66615],[-73.743054,40.666022],[-73.722869,40.666033],[-73.720718,40.665883],[-73.719312,40.665642],[-73.717943,40.665298],[-73.704725,40.661627],[-73.704567,40.661501],[-73.70118,40.660562],[-73.694362,40.658786],[-73.692259,40.658408],[-73.680881,40.656973],[-73.673846,40.655776],[-73.672424,40.655603],[-73.670984,40.655588],[-73.670267,40.655641],[-73.654026,40.658174],[-73.651884,40.65839],[-73.650444,40.658438],[-73.646841,40.658364],[-73.632453,40.657686],[-73.617332,40.657137],[-73.610857,40.656839],[-73.60293,40.6567],[-73.594281,40.656676],[-73.587805,40.656966],[-73.584936,40.657176],[-73.582092,40.657534],[-73.576465,40.658493],[-73.560382,40.66156],[-73.53141,40.668258],[-73.514128,40.672154],[-73.509204,40.672997],[-73.495055,40.67511],[-73.492909,40.67531],[-73.474242,40.676626],[-73.428985,40.679613],[-73.419661,40.680344],[-73.416783,40.680485],[-73.39661,40.681121],[-73.394456,40.681261],[-73.393033,40.681441],[-73.391632,40.681699],[-73.389579,40.682217],[-73.374122,40.686794],[-73.369444,40.688238],[-73.361343,40.690555],[-73.328053,40.699584],[-73.324704,40.700599]]}},{"type":"Feature","properties":{"agency":"LIRR","color":"#00985F","description":"Babylon Branch","route":"1","routeId":"1","shapeId":"C85CC273W"},"geometry":{"type":"LineString","coordinates":[[-73.324704,40.700599],[-73.328053,40.699584],[-73.361343,40.690555],[-73.369444,40.688238],[-73.374122,40.686794],[-73.389579,40.682217],[-73.391632,40.681699],[-73.393033,40.681441],[-73.394456,40.681261],[-73.39661,40.681121],[-73.416783,40.680485],[-73.419661,40.680344],[-73.428985,40.679613],[-73.474242,40.676626],[-73.492909,40.67531],[-73.495055,40.67511],[-73.509204,40.672997],[-73.514128,40.672154],[-73.53141,40.668258],[-73.560382,40.66156],[-73.576465,40.658493],[-73.582092,40.657534],[-73.584936,40.657176],[-73.587805,40.656966],[-73.594281,40.656676],[-73.60293,40.6567],[-73.610857,40.656839],[-73.617332,40.657137],[-73.632453,40.657686],[-73.646841,40.658364],[-73.650444,40.658438],[-73.651884,40.65839],[-73.654026,40.658174],[-73.670267,40.655641],[-73.670984,40.655588],[-73.672424,40.655603],[-73.673846,40.655776],[-73.680881,40.656973],[-73.692259,40.658408],[-73.694362,40.658786],[-73.70118,40.660562],[-73.704567,40.661501],[-73.704725,40.661627],[-73.717943,40.665298],[-73.719312,40.665642],[-73.720718,40.665883],[-73.722869,40.666033],[-73.743054,40.666022],[-73.744485,40.66615],[-73.74588,40.666423],[-73.747846,40.667102],[-73.749036,40.66772],[-73.750089,40.668466],[-73.750913,40.669364],[-73.762684,40.685736],[-73.763536,40.687249],[-73.765543,40.691365],[-73.766165,40.692362],[-73.766951,40.693282],[-73.774576,40.701279],[-73.777762,40.704259],[-73.778811,40.705009],[-73.78005,40.705566],[-73.780722,40.705764],[-73.782132,40.705981],[-73.783568,40.70596],[-73.793898,40.70352],[-73.800754,40.701817],[-73.801417,40.701604],[-73.80332,40.700824],[-73.807998,40.699379],[-73.808758,40.699614],[-73.810645,40.699089],[-73.813407,40.698462],[-73.817356,40.697117],[-73.883563,40.678297],[-73.886955,40.677368],[-73.890423,40.676617],[-73.894661,40.675962],[-73.897526,40.675717],[-73.901127,40.675636],[-73.903978,40.675964],[-73.905414,40.676062],[-73.952161,40.678616],[-73.952869,40.678714],[-73.967473,40.681762],[-73.972263,40.682969],[-73.975068,40.683478],[-73.975733,40.683683],[-73.976331,40.683988],[-73.977365,40.684751]]}},{"type":"Feature","properties":{"agency":"LIRR","color":"#00985F","description":"Babylon Branch","route":"1","routeId":"1","shapeId":"CC742A90"},"geometry":{"type":"LineString","coordinates":[[-73.975648,40.755062],[-73.974353,40.756838],[-73.973418,40.757989],[-73.971292,40.760961],[-73.970715,40.761474],[-73.969985,40.761859],[-73.966787,40.763049],[-73.965949,40.763273],[-73.965073,40.763388],[-73.964184,40.763389],[-73.963305,40.763283],[-73.962455,40.763085],[-73.961653,40.762792],[-73.948514,40.757086],[-73.941107,40.753334],[-73.936008,40.750612],[-73.932487,40.748622],[-73.931711,40.748293],[-73.930866,40.748084],[-73.929984,40.748004],[-73.929098,40.748057],[-73.924774,40.748855],[-73.91876,40.750087],[-73.916159,40.750546],[-73.914403,40.750762],[-73.913516,40.750808],[-73.911738,40.750762],[-73.910003,40.750473],[-73.909178,40.750219],[-73.907653,40.749525],[-73.906268,40.748676],[-73.905634,40.748201],[-73.902206,40.745088],[-73.903005,40.746066],[-73.89618,40.739676],[-73.895166,40.738896],[-73.894611,40.738546],[-73.893412,40.737936],[-73.883303,40.733693],[-73.843649,40.719159],[-73.84238,40.718637],[-73.840575,40.71773],[-73.838905,40.716684],[-73.83739,40.715509],[-73.821543,40.701264],[-73.820025,40.700091],[-73.818895,40.69941],[-73.818286,40.699117],[-73.81699,40.69864],[-73.816301,40.698478],[-73.815591,40.698388],[-73.814154,40.698424],[-73.812057,40.698826],[-73.809334,40.699547],[-73.808221,40.699764],[-73.804175,40.700924],[-73.803464,40.701003],[-73.802747,40.700966],[-73.802055,40.700823],[-73.801421,40.700566],[-73.79802,40.69853],[-73.796972,40.697778],[-73.796146,40.696881],[-73.793306,40.693059],[-73.79246,40.692171],[-73.791457,40.691384],[-73.774012,40.680743],[-73.763961,40.674492],[-73.756917,40.670668],[-73.755104,40.669772],[-73.751216,40.668329],[-73.747376,40.666813],[-73.74605,40.666383],[-73.744661,40.666095],[-73.742513,40.66593],[-73.723048,40.665954],[-73.721609,40.665897],[-73.720186,40.665724],[-73.718114,40.665259],[-73.70118,40.660562],[-73.694362,40.658786],[-73.692259,40.658408],[-73.680881,40.656973],[-73.673846,40.655776],[-73.672424,40.655603],[-73.670984,40.655588],[-73.670267,40.655641],[-73.654026,40.658174],[-73.651884,40.65839],[-73.650444,40.658438],[-73.646841,40.658364],[-73.632453,40.657686],[-73.617332,40.657137],[-73.610857,40.656839],[-73.60293,40.6567],[-73.594281,40.656676],[-73.587086,40.657005],[-73.584936,40.657176],[-73.5828,40.65743],[-73.577165,40.658363],[-73.561774,40.661274],[-73.514823,40.672009],[-73.509909,40.67288]]}},{"type":"Feature","properties":{"agency":"LIRR","color":"#00985F","description":"Babylon Branch","route":"1","routeId":"1","shapeId":"DF671E6C"},"geometry":{"type":"LineString","coordinates":[[-73.993087,40.750743],[-73.991162,40.749989],[-73.989791,40.749681],[-73.989142,40.749449],[-73.976479,40.744178],[-73.974499,40.743519],[-73.97311,40.743223],[-73.972398,40.743134],[-73.959549,40.741676],[-73.954539,40.741198],[-73.953097,40.741234],[-73.951666,40.74137],[-73.950263,40.741623],[-73.948906,40.741996],[-73.945627,40.74314],[-73.938651,40.746021],[-73.937339,40.746479],[-73.935295,40.747018],[-73.931806,40.74772],[-73.91427,40.750956],[-73.91284,40.751096],[-73.912119,40.751085],[-73.91071,40.750866],[-73.909384,40.750436],[-73.908128,40.749895],[-73.906952,40.74926],[-73.905869,40.748535],[-73.903005,40.746066],[-73.89618,40.739676],[-73.895166,40.738896],[-73.894611,40.738546],[-73.893412,40.737936],[-73.883303,40.733693],[-73.843649,40.719159],[-73.84238,40.718637],[-73.840575,40.71773],[-73.838905,40.716684],[-73.83739,40.715509],[-73.821543,40.701264],[-73.820025,40.700091],[-73.818895,40.69941],[-73.818286,40.699117],[-73.81699,40.69864],[-73.816301,40.698478],[-73.815591,40.698388],[-73.814154,40.698424],[-73.812057,40.698826],[-73.809334,40.699547],[-73.808221,40.699764],[-73.804175,40.700924],[-73.803464,40.701003],[-73.802747,40.700966],[-73.802055,40.700823],[-73.801421,40.700566],[-73.79802,40.69853],[-73.796972,40.697778],[-73.796146,40.696881],[-73.793306,40.693059],[-73.79246,40.692171],[-73.791457,40.691384],[-73.774012,40.680743],[-73.763393,40.674153],[-73.756325,40.670354],[-73.755104,40.669772],[-73.746721,40.666583],[-73.745362,40.666221],[-73.743951,40.666002],[-73.742513,40.66593],[-73.723048,40.665954],[-73.721609,40.665897],[-73.720186,40.665724],[-73.718114,40.665259],[-73.70118,40.660562],[-73.694362,40.658786],[-73.692259,40.658408],[-73.680881,40.656973],[-73.673846,40.655776],[-73.672424,40.655603],[-73.670984,40.655588],[-73.670267,40.655641],[-73.654026,40.658174],[-73.651884,40.65839],[-73.650444,40.658438],[-73.646841,40.658364],[-73.632453,40.657686],[-73.610137,40.656818],[-73.60293,40.6567],[-73.595002,40.65666],[-73.585651,40.657108],[-73.5828,40.65743],[-73.578568,40.658109],[-73.560382,40.66156],[-73.53141,40.668258],[-73.514128,40.672154],[-73.509204,40.672997],[-73.495055,40.67511],[-73.492909,40.67531],[-73.474242,40.676626],[-73.428985,40.679613],[-73.419661,40.680344],[-73.416783,40.680485],[-73.39661,40.681121],[-73.393742,40.681342],[-73.391632,40.681699],[-73.389579,40.682217],[-73.374122,40.686794],[-73.369444,40.688238],[-73.362019,40.690364],[-73.328053,40.699584],[-73.324704,40.700599]]}},{"type":"Feature","properties":{"agency":"LIRR","color":"#00985F","description":"Babylon Branch","route":"1","routeId":"1","shapeId":"DF671E6CW"},"geometry":{"type":"LineString","coordinates":[[-73.324704,40.700599],[-73.328053,40.699584],[-73.362019,40.690364],[-73.369444,40.688238],[-73.374122,40.686794],[-73.389579,40.682217],[-73.391632,40.681699],[-73.393742,40.681342],[-73.39661,40.681121],[-73.416783,40.680485],[-73.419661,40.680344],[-73.428985,40.679613],[-73.474242,40.676626],[-73.492909,40.67531],[-73.495055,40.67511],[-73.509204,40.672997],[-73.514128,40.672154],[-73.53141,40.668258],[-73.560382,40.66156],[-73.578568,40.658109],[-73.5828,40.65743],[-73.585651,40.657108],[-73.595002,40.65666],[-73.60293,40.6567],[-73.610137,40.656818],[-73.632453,40.657686],[-73.646841,40.658364],[-73.650444,40.658438],[-73.651884,40.65839],[-73.654026,40.658174],[-73.670267,40.655641],[-73.670984,40.655588],[-73.672424,40.655603],[-73.673846,40.655776],[-73.680881,40.656973],[-73.692259,40.658408],[-73.694362,40.658786],[-73.70118,40.660562],[-73.718114,40.665259],[-73.720186,40.665724],[-73.721609,40.665897],[-73.723048,40.665954],[-73.742513,40.66593],[-73.743951,40.666002],[-73.745362,40.666221],[-73.746721,40.666583],[-73.755104,40.669772],[-73.756325,40.670354],[-73.763393,40.674153],[-73.774012,40.680743],[-73.791457,40.691384],[-73.79246,40.692171],[-73.793306,40.693059],[-73.796146,40.696881],[-73.796972,40.697778],[-73.79802,40.69853],[-73.801421,40.700566],[-73.802055,40.700823],[-73.802747,40.700966],[-73.803464,40.701003],[-73.804175,40.700924],[-73.808221,40.699764],[-73.809334,40.699547],[-73.812057,40.698826],[-73.814154,40.698424],[-73.815591,40.698388],[-73.816301,40.698478],[-73.81699,40.69864],[-73.818286,40.699117],[-73.818895,40.69941],[-73.820025,40.700091],[-73.821543,40.701264],[-73.83739,40.715509],[-73.838905,40.716684],[-73.840575,40.71773],[-73.84238,40.718637],[-73.843649,40.719159],[-73.883303,40.733693],[-73.893412,40.737936],[-73.894611,40.738546],[-73.895166,40.738896],[-73.89618,40.739676],[-73.903005,40.746066],[-73.905869,40.748535],[-73.906952,40.74926],[-73.908128,40.749895],[-73.909384,40.750436],[-73.91071,40.750866],[-73.912119,40.751085],[-73.91284,40.751096],[-73.91427,40.750956],[-73.931806,40.74772],[-73.935295,40.747018],[-73.937339,40.746479],[-73.938651,40.746021],[-73.945627,40.74314],[-73.948906,40.741996],[-73.950263,40.741623],[-73.951666,40.74137],[-73.953097,40.741234],[-73.954539,40.741198],[-73.959549,40.741676],[-73.972398,40.743134],[-73.97311,40.743223],[-73.974499,40.743519],[-73.976479,40.744178],[-73.989142,40.749449],[-73.989791,40.749681],[-73.991162,40.749989],[-73.993087,40.750743]]}},{"type":"Feature","properties":{"agency":"LIRR","color":"#00985F","description":"Babylon Branch","route":"1","routeId":"1","shapeId":"E1F5E47F"},"geometry":{"type":"LineString","coordinates":[[-73.993087,40.750743],[-73.991162,40.749989],[-73.989791,40.749681],[-73.989142,40.749449],[-73.976479,40.744178],[-73.974499,40.743519],[-73.97311,40.743223],[-73.972398,40.743134],[-73.959549,40.741676],[-73.954539,40.741198],[-73.953097,40.741234],[-73.951666,40.74137],[-73.950263,40.741623],[-73.948906,40.741996],[-73.945627,40.74314],[-73.938651,40.746021],[-73.937339,40.746479],[-73.935295,40.747018],[-73.931806,40.74772],[-73.91427,40.750956],[-73.91284,40.751096],[-73.912119,40.751085],[-73.911405,40.751011],[-73.910039,40.750666],[-73.908128,40.749895],[-73.906952,40.74926],[-73.905869,40.748535],[-73.903005,40.746066],[-73.89618,40.739676],[-73.895166,40.738896],[-73.894611,40.738546],[-73.893412,40.737936],[-73.883303,40.733693],[-73.843649,40.719159],[-73.84238,40.718637],[-73.840575,40.71773],[-73.838905,40.716684],[-73.83739,40.715509],[-73.821055,40.700859],[-73.819475,40.699736],[-73.818895,40.69941],[-73.817651,40.698857],[-73.816301,40.698478],[-73.814871,40.698372],[-73.814154,40.698424],[-73.812057,40.698826],[-73.809334,40.699547],[-73.807998,40.699379],[-73.80332,40.700824],[-73.801417,40.701604],[-73.800754,40.701817],[-73.793898,40.70352],[-73.783568,40.70596],[-73.782132,40.705981],[-73.780722,40.705764],[-73.78005,40.705566],[-73.778811,40.705009],[-73.777762,40.704259],[-73.775009,40.701718],[-73.767372,40.693727],[-73.766165,40.692362],[-73.765543,40.691365],[-73.763536,40.687249],[-73.762684,40.685736],[-73.751265,40.669843],[-73.750533,40.668898],[-73.749585,40.668075],[-73.748455,40.667394],[-73.747846,40.667102],[-73.74588,40.666423],[-73.744485,40.66615],[-73.742334,40.666009],[-73.722869,40.666033],[-73.720718,40.665883],[-73.719312,40.665642],[-73.717943,40.665298],[-73.704725,40.661627],[-73.704567,40.661501],[-73.70118,40.660562],[-73.694362,40.658786],[-73.692259,40.658408],[-73.680881,40.656973],[-73.673846,40.655776],[-73.672424,40.655603],[-73.670984,40.655588],[-73.670267,40.655641],[-73.654026,40.658174],[-73.651884,40.65839],[-73.650444,40.658438],[-73.646841,40.658364],[-73.632453,40.657686],[-73.617332,40.657137],[-73.610857,40.656839],[-73.60293,40.6567],[-73.594281,40.656676],[-73.587086,40.657005],[-73.584936,40.657176],[-73.5828,40.65743],[-73.577165,40.658363],[-73.561774,40.661274],[-73.514823,40.672009],[-73.509909,40.67288]]}},{"type":"Feature","properties":{"agency":"LIRR","color":"#00985F","description":"Babylon Branch","route":"1","routeId":"1","shapeId":"E1F5E47FW"},"geometry":{"type":"LineString","coordinates":[[-73.509909,40.67288],[-73.514823,40.672009],[-73.561774,40.661274],[-73.577165,40.658363],[-73.5828,40.65743],[-73.584936,40.657176],[-73.587086,40.657005],[-73.594281,40.656676],[-73.60293,40.6567],[-73.610857,40.656839],[-73.617332,40.657137],[-73.632453,40.657686],[-73.646841,40.658364],[-73.650444,40.658438],[-73.651884,40.65839],[-73.654026,40.658174],[-73.670267,40.655641],[-73.670984,40.655588],[-73.672424,40.655603],[-73.673846,40.655776],[-73.680881,40.656973],[-73.692259,40.658408],[-73.694362,40.658786],[-73.70118,40.660562],[-73.704567,40.661501],[-73.704725,40.661627],[-73.717943,40.665298],[-73.719312,40.665642],[-73.720718,40.665883],[-73.722869,40.666033],[-73.742334,40.666009],[-73.744485,40.66615],[-73.74588,40.666423],[-73.747846,40.667102],[-73.748455,40.667394],[-73.749585,40.668075],[-73.750533,40.668898],[-73.751265,40.669843],[-73.762684,40.685736],[-73.763536,40.687249],[-73.765543,40.691365],[-73.766165,40.692362],[-73.767372,40.693727],[-73.775009,40.701718],[-73.777762,40.704259],[-73.778811,40.705009],[-73.78005,40.705566],[-73.780722,40.705764],[-73.782132,40.705981],[-73.783568,40.70596],[-73.793898,40.70352],[-73.800754,40.701817],[-73.801417,40.701604],[-73.80332,40.700824],[-73.807998,40.699379],[-73.809334,40.699547],[-73.812057,40.698826],[-73.814154,40.698424],[-73.814871,40.698372],[-73.816301,40.698478],[-73.817651,40.698857],[-73.818895,40.69941],[-73.819475,40.699736],[-73.821055,40.700859],[-73.83739,40.715509],[-73.838905,40.716684],[-73.840575,40.71773],[-73.84238,40.718637],[-73.843649,40.719159],[-73.883303,40.733693],[-73.893412,40.737936],[-73.894611,40.738546],[-73.895166,40.738896],[-73.89618,40.739676],[-73.903005,40.746066],[-73.905869,40.748535],[-73.906952,40.74926],[-73.908128,40.749895],[-73.910039,40.750666],[-73.911405,40.751011],[-73.912119,40.751085],[-73.91284,40.751096],[-73.91427,40.750956],[-73.931806,40.74772],[-73.935295,40.747018],[-73.937339,40.746479],[-73.938651,40.746021],[-73.945627,40.74314],[-73.948906,40.741996],[-73.950263,40.741623],[-73.951666,40.74137],[-73.953097,40.741234],[-73.954539,40.741198],[-73.959549,40.741676],[-73.972398,40.743134],[-73.97311,40.743223],[-73.974499,40.743519],[-73.976479,40.744178],[-73.989142,40.749449],[-73.989791,40.749681],[-73.991162,40.749989],[-73.993087,40.750743]]}},{"type":"Feature","properties":{"agency":"LIRR","color":"#006EC7","description":"Port Jefferson Branch","route":"10","routeId":"10","shapeId":"119ED8FB"},"geometry":{"type":"LineString","coordinates":[[-73.975648,40.755062],[-73.974353,40.756838],[-73.973418,40.757989],[-73.971292,40.760961],[-73.970715,40.761474],[-73.969985,40.761859],[-73.966787,40.763049],[-73.965949,40.763273],[-73.965073,40.763388],[-73.964184,40.763389],[-73.963305,40.763283],[-73.962455,40.763085],[-73.961653,40.762792],[-73.948514,40.757086],[-73.941107,40.753334],[-73.936008,40.750612],[-73.932487,40.748622],[-73.931711,40.748293],[-73.930866,40.748084],[-73.929984,40.748004],[-73.929098,40.748057],[-73.924774,40.748855],[-73.91876,40.750087],[-73.916159,40.750546],[-73.914403,40.750762],[-73.913516,40.750808],[-73.911738,40.750762],[-73.910003,40.750473],[-73.909178,40.750219],[-73.907653,40.749525],[-73.906268,40.748676],[-73.905634,40.748201],[-73.902206,40.745088],[-73.903005,40.746066],[-73.89618,40.739676],[-73.895166,40.738896],[-73.894611,40.738546],[-73.893412,40.737936],[-73.883303,40.733693],[-73.844297,40.719401],[-73.84238,40.718637],[-73.841162,40.718049],[-73.840002,40.717397],[-73.838905,40.716684],[-73.83739,40.715509],[-73.822016,40.701678],[-73.821055,40.700859],[-73.820025,40.700091],[-73.818895,40.69941],[-73.818286,40.699117],[-73.81699,40.69864],[-73.816301,40.698478],[-73.814871,40.698372],[-73.813452,40.698545],[-73.810687,40.699168],[-73.804366,40.700938],[-73.801013,40.701942],[-73.786417,40.705479],[-73.704947,40.725068],[-73.660188,40.735738],[-73.656717,40.736486],[-73.642977,40.739847],[-73.617498,40.74593],[-73.536878,40.765079],[-73.534127,40.765747],[-73.530752,40.76672],[-73.528236,40.767333],[-73.524762,40.768077],[-73.523424,40.768483],[-73.52283,40.768792],[-73.522299,40.769163],[-73.521357,40.769993],[-73.52095,40.770446],[-73.520301,40.771425],[-73.519883,40.772474],[-73.51267,40.809952],[-73.512225,40.811562],[-73.511732,40.812593],[-73.511099,40.81358],[-73.505664,40.821332],[-73.504862,40.822242],[-73.504366,40.82264],[-73.50094,40.824655],[-73.499638,40.825124],[-73.498245,40.825411],[-73.472561,40.828559],[-73.466088,40.829033],[-73.462477,40.829051],[-73.459625,40.829401],[-73.458223,40.82966],[-73.457562,40.82988],[-73.456348,40.830473],[-73.455177,40.831117],[-73.454128,40.831868],[-73.4533,40.832766],[-73.450408,40.836568],[-73.449583,40.837466],[-73.449064,40.837847],[-73.448479,40.838168],[-73.447162,40.83861],[-73.446456,40.838721],[-73.445016,40.838713],[-73.442904,40.838356],[-73.442244,40.838133],[-73.438472,40.836509],[-73.437104,40.836169],[-73.435665,40.836102],[-73.434949,40.836168],[-73.433582,40.836512],[-73.432959,40.836788],[-73.431865,40.837503],[-73.412724,40.851688],[-73.412168,40.852038],[-73.411555,40.852327],[-73.410239,40.852782]]}},{"type":"Feature","properties":{"agency":"LIRR","color":"#006EC7","description":"Port Jefferson Branch","route":"10","routeId":"10","shapeId":"119ED8FBW"},"geometry":{"type":"LineString","coordinates":[[-73.410239,40.852782],[-73.411555,40.852327],[-73.412168,40.852038],[-73.412724,40.851688],[-73.431865,40.837503],[-73.432959,40.836788],[-73.433582,40.836512],[-73.434949,40.836168],[-73.435665,40.836102],[-73.437104,40.836169],[-73.438472,40.836509],[-73.442244,40.838133],[-73.442904,40.838356],[-73.445016,40.838713],[-73.446456,40.838721],[-73.447162,40.83861],[-73.448479,40.838168],[-73.449064,40.837847],[-73.449583,40.837466],[-73.450408,40.836568],[-73.4533,40.832766],[-73.454128,40.831868],[-73.455177,40.831117],[-73.456348,40.830473],[-73.457562,40.82988],[-73.458223,40.82966],[-73.459625,40.829401],[-73.462477,40.829051],[-73.466088,40.829033],[-73.472561,40.828559],[-73.498245,40.825411],[-73.499638,40.825124],[-73.50094,40.824655],[-73.504366,40.82264],[-73.504862,40.822242],[-73.505664,40.821332],[-73.511099,40.81358],[-73.511732,40.812593],[-73.512225,40.811562],[-73.51267,40.809952],[-73.519883,40.772474],[-73.520301,40.771425],[-73.52095,40.770446],[-73.521357,40.769993],[-73.522299,40.769163],[-73.52283,40.768792],[-73.523424,40.768483],[-73.524762,40.768077],[-73.528236,40.767333],[-73.530752,40.76672],[-73.534127,40.765747],[-73.536878,40.765079],[-73.617498,40.74593],[-73.642977,40.739847],[-73.656717,40.736486],[-73.660188,40.735738],[-73.704947,40.725068],[-73.786417,40.705479],[-73.801013,40.701942],[-73.804366,40.700938],[-73.810687,40.699168],[-73.813452,40.698545],[-73.814871,40.698372],[-73.816301,40.698478],[-73.81699,40.69864],[-73.818286,40.699117],[-73.818895,40.69941],[-73.820025,40.700091],[-73.821055,40.700859],[-73.822016,40.701678],[-73.83739,40.715509],[-73.838905,40.716684],[-73.840002,40.717397],[-73.841162,40.718049],[-73.84238,40.718637],[-73.844297,40.719401],[-73.883303,40.733693],[-73.893412,40.737936],[-73.894611,40.738546],[-73.895166,40.738896],[-73.89618,40.739676],[-73.903005,40.746066],[-73.902206,40.745088],[-73.905634,40.748201],[-73.906268,40.748676],[-73.907653,40.749525],[-73.909178,40.750219],[-73.910003,40.750473],[-73.911738,40.750762],[-73.913516,40.750808],[-73.914403,40.750762],[-73.916159,40.750546],[-73.91876,40.750087],[-73.924774,40.748855],[-73.929098,40.748057],[-73.929984,40.748004],[-73.930866,40.748084],[-73.931711,40.748293],[-73.932487,40.748622],[-73.936008,40.750612],[-73.941107,40.753334],[-73.948514,40.757086],[-73.961653,40.762792],[-73.962455,40.763085],[-73.963305,40.763283],[-73.964184,40.763389],[-73.965073,40.763388],[-73.965949,40.763273],[-73.966787,40.763049],[-73.969985,40.761859],[-73.970715,40.761474],[-73.971292,40.760961],[-73.973418,40.757989],[-73.974353,40.756838],[-73.975648,40.755062]]}},{"type":"Feature","properties":{"agency":"LIRR","color":"#006EC7","description":"Port Jefferson Branch","route":"10","routeId":"10","shapeId":"38E56A97W"},"geometry":{"type":"LineString","coordinates":[[-73.12898,40.919659],[-73.13006,40.918232],[-73.131754,40.916453],[-73.132825,40.915718],[-73.136226,40.913673],[-73.1367,40.91326],[-73.137072,40.912791],[-73.137333,40.91228],[-73.137471,40.911743],[-73.137488,40.911196],[-73.137387,40.910653],[-73.136573,40.907981],[-73.136554,40.907434],[-73.136662,40.906892],[-73.136893,40.906374],[-73.13724,40.905894],[-73.139515,40.903761],[-73.140253,40.90282],[-73.144356,40.894024],[-73.144629,40.893516],[-73.144982,40.893039],[-73.145421,40.892603],[-73.185803,40.862708],[-73.187391,40.861586],[-73.192354,40.858391],[-73.193557,40.857786],[-73.194894,40.857373],[-73.202386,40.855348],[-73.203084,40.85521],[-73.204523,40.855148],[-73.206685,40.85527],[-73.207384,40.855405],[-73.208677,40.855887],[-73.214028,40.858695],[-73.214683,40.858926],[-73.217414,40.859648],[-73.218081,40.859858],[-73.218695,40.860144],[-73.219228,40.860513],[-73.219695,40.860932],[-73.222852,40.863934],[-73.223966,40.864629],[-73.227593,40.866436],[-73.228139,40.866794],[-73.228616,40.867205],[-73.229012,40.867663],[-73.229331,40.868156],[-73.23169,40.872165],[-73.232496,40.873073],[-73.23299,40.873473],[-73.234111,40.874165],[-73.24978,40.883009],[-73.251073,40.883495],[-73.252476,40.883749],[-73.253197,40.883785],[-73.331913,40.880497],[-73.333353,40.880399],[-73.334763,40.880161],[-73.336766,40.879536],[-73.338553,40.878608],[-73.344944,40.874153],[-73.346364,40.87291],[-73.346897,40.872542],[-73.347506,40.872248],[-73.348171,40.872035],[-73.348871,40.8719],[-73.35528,40.871043],[-73.356675,40.87076],[-73.386389,40.860693],[-73.409576,40.853001]]}},{"type":"Feature","properties":{"agency":"LIRR","color":"#006EC7","description":"Port Jefferson Branch","route":"10","routeId":"10","shapeId":"457A40DCW"},"geometry":{"type":"LineString","coordinates":[[-73.529378,40.767058],[-73.534127,40.765747],[-73.536878,40.765079],[-73.617498,40.74593],[-73.642977,40.739847],[-73.656717,40.736486],[-73.660188,40.735738],[-73.704947,40.725068],[-73.786417,40.705479],[-73.801013,40.701942],[-73.804366,40.700938],[-73.811367,40.698985],[-73.813452,40.698545],[-73.814871,40.698372],[-73.816301,40.698478],[-73.817651,40.698857],[-73.818895,40.69941],[-73.820549,40.700468],[-73.822016,40.701678],[-73.83739,40.715509],[-73.838905,40.716684],[-73.840575,40.71773],[-73.84238,40.718637],[-73.843649,40.719159],[-73.883303,40.733693],[-73.893412,40.737936],[-73.894611,40.738546],[-73.895166,40.738896],[-73.89618,40.739676],[-73.903005,40.746066],[-73.902206,40.745088],[-73.905634,40.748201],[-73.906268,40.748676],[-73.907653,40.749525],[-73.909178,40.750219],[-73.910003,40.750473],[-73.911738,40.750762],[-73.913516,40.750808],[-73.914403,40.750762],[-73.916159,40.750546],[-73.91876,40.750087],[-73.924774,40.748855],[-73.929098,40.748057],[-73.929984,40.748004],[-73.930866,40.748084],[-73.931711,40.748293],[-73.932487,40.748622],[-73.936008,40.750612],[-73.941107,40.753334],[-73.948514,40.757086],[-73.961653,40.762792],[-73.962455,40.763085],[-73.963305,40.763283],[-73.964184,40.763389],[-73.965073,40.763388],[-73.965949,40.763273],[-73.966787,40.763049],[-73.969985,40.761859],[-73.970715,40.761474],[-73.971292,40.760961],[-73.973418,40.757989],[-73.974353,40.756838],[-73.975648,40.755062]]}},{"type":"Feature","properties":{"agency":"LIRR","color":"#006EC7","description":"Port Jefferson Branch","route":"10","routeId":"10","shapeId":"4C209B4E"},"geometry":{"type":"LineString","coordinates":[[-73.957076,40.741507],[-73.955327,40.741119],[-73.952513,40.74063],[-73.951803,40.740587],[-73.951125,40.740758],[-73.94988,40.741312],[-73.947264,40.742238],[-73.942817,40.744059],[-73.939582,40.745275],[-73.935636,40.74663],[-73.932922,40.747374],[-73.925221,40.748842],[-73.920257,40.749547],[-73.914641,40.750567],[-73.913207,40.750686],[-73.911765,40.750675],[-73.910347,40.750482],[-73.909662,40.750309],[-73.909,40.750092],[-73.907773,40.749517],[-73.906106,40.74847],[-73.903005,40.746066],[-73.89618,40.739676],[-73.895166,40.738896],[-73.894611,40.738546],[-73.893412,40.737936],[-73.883303,40.733693],[-73.844297,40.719401],[-73.84238,40.718637],[-73.841162,40.718049],[-73.840002,40.717397],[-73.838905,40.716684],[-73.83739,40.715509],[-73.822016,40.701678],[-73.821055,40.700859],[-73.820025,40.700091],[-73.818895,40.69941],[-73.818286,40.699117],[-73.81699,40.69864],[-73.816301,40.698478],[-73.815591,40.698388],[-73.814154,40.698424],[-73.812057,40.698826],[-73.804366,40.700938],[-73.801013,40.701942],[-73.786417,40.705479],[-73.704947,40.725068],[-73.660188,40.735738],[-73.656717,40.736486],[-73.642977,40.739847],[-73.617498,40.74593],[-73.536878,40.765079],[-73.534127,40.765747],[-73.530752,40.76672],[-73.528236,40.767333],[-73.524762,40.768077],[-73.523424,40.768483],[-73.52283,40.768792],[-73.522299,40.769163],[-73.521357,40.769993],[-73.52095,40.770446],[-73.520301,40.771425],[-73.519883,40.772474],[-73.51267,40.809952],[-73.512225,40.811562],[-73.511732,40.812593],[-73.511099,40.81358],[-73.505664,40.821332],[-73.504862,40.822242],[-73.503819,40.822998],[-73.50094,40.824655],[-73.499638,40.825124],[-73.498245,40.825411],[-73.472561,40.828559],[-73.466088,40.829033],[-73.462477,40.829051],[-73.459625,40.829401],[-73.458223,40.82966],[-73.457562,40.82988],[-73.456348,40.830473],[-73.455177,40.831117],[-73.454128,40.831868],[-73.4533,40.832766],[-73.450408,40.836568],[-73.449583,40.837466],[-73.449064,40.837847],[-73.448479,40.838168],[-73.447162,40.83861],[-73.446456,40.838721],[-73.445016,40.838713],[-73.442904,40.838356],[-73.442244,40.838133],[-73.438472,40.836509],[-73.437104,40.836169],[-73.435665,40.836102],[-73.434949,40.836168],[-73.433582,40.836512],[-73.432959,40.836788],[-73.431865,40.837503],[-73.412724,40.851688],[-73.412168,40.852038],[-73.411555,40.852327],[-73.386389,40.860693],[-73.356675,40.87076],[-73.35528,40.871043],[-73.348871,40.8719],[-73.348171,40.872035],[-73.347506,40.872248],[-73.346897,40.872542],[-73.346364,40.87291],[-73.344944,40.874153],[-73.338553,40.878608],[-73.336766,40.879536],[-73.335449,40.879989],[-73.334064,40.880299],[-73.331913,40.880497],[-73.254642,40.883746],[-73.253197,40.883785],[-73.251765,40.883652],[-73.25041,40.883278],[-73.249185,40.882698],[-73.234111,40.874165],[-73.23299,40.873473],[-73.232496,40.873073],[-73.23169,40.872165],[-73.229331,40.868156],[-73.229012,40.867663],[-73.228616,40.867205],[-73.228139,40.866794],[-73.227593,40.866436],[-73.223966,40.864629],[-73.222852,40.863934],[-73.219695,40.860932],[-73.219228,40.860513],[-73.218695,40.860144],[-73.218081,40.859858],[-73.217414,40.859648],[-73.214683,40.858926],[-73.214028,40.858695],[-73.208677,40.855887],[-73.208052,40.855613],[-73.207384,40.855405],[-73.205967,40.855206],[-73.203801,40.855145],[-73.203084,40.85521],[-73.20102,40.855707],[-73.193557,40.857786],[-73.192354,40.858391],[-73.187939,40.861228],[-73.185803,40.862708],[-73.145421,40.892603],[-73.144982,40.893039],[-73.144629,40.893516],[-73.144356,40.894024],[-73.140253,40.90282],[-73.139515,40.903761],[-73.13724,40.905894],[-73.136893,40.906374],[-73.136662,40.906892],[-73.136554,40.907434],[-73.136573,40.907981],[-73.137387,40.910653],[-73.137488,40.911196],[-73.137471,40.911743],[-73.137333,40.91228],[-73.137072,40.912791],[-73.1367,40.91326],[-73.136226,40.913673],[-73.132825,40.915718],[-73.131754,40.916453],[-73.130885,40.91733],[-73.129672,40.918695],[-73.127262,40.922074],[-73.125907,40.923358],[-73.125393,40.923743],[-73.124806,40.924062],[-73.122149,40.924926],[-73.12007,40.92539],[-73.118782,40.925889],[-73.118177,40.926189],[-73.117057,40.926883],[-73.114539,40.928853],[-73.113975,40.929195],[-73.113355,40.929476],[-73.112689,40.929689],[-73.11199,40.929829],[-73.108392,40.930101],[-73.104084,40.930512],[-73.102663,40.930718],[-73.089743,40.934287],[-73.086897,40.934643],[-73.085591,40.935109],[-73.083783,40.936018],[-73.083122,40.936238],[-73.082418,40.936359],[-73.081698,40.936393],[-73.080982,40.936325],[-73.078933,40.935785],[-73.077034,40.934994],[-73.074791,40.933607],[-73.074181,40.933314],[-73.073507,40.933121],[-73.072794,40.933039],[-73.072075,40.933076],[-73.07138,40.933222],[-73.069488,40.934025],[-73.068821,40.934236],[-73.067403,40.934433],[-73.065962,40.934357],[-73.06316,40.933811],[-73.061729,40.933678],[-73.058854,40.933925],[-73.05384,40.934475],[-73.052628,40.934488]]}},{"type":"Feature","properties":{"agency":"LIRR","color":"#006EC7","description":"Port Jefferson Branch","route":"10","routeId":"10","shapeId":"4C209B4EW"},"geometry":{"type":"LineString","coordinates":[[-73.052628,40.934488],[-73.05384,40.934475],[-73.058854,40.933925],[-73.061729,40.933678],[-73.06316,40.933811],[-73.065962,40.934357],[-73.067403,40.934433],[-73.068821,40.934236],[-73.069488,40.934025],[-73.07138,40.933222],[-73.072075,40.933076],[-73.072794,40.933039],[-73.073507,40.933121],[-73.074181,40.933314],[-73.074791,40.933607],[-73.077034,40.934994],[-73.078933,40.935785],[-73.080982,40.936325],[-73.081698,40.936393],[-73.082418,40.936359],[-73.083122,40.936238],[-73.083783,40.936018],[-73.085591,40.935109],[-73.086897,40.934643],[-73.089743,40.934287],[-73.102663,40.930718],[-73.104084,40.930512],[-73.108392,40.930101],[-73.11199,40.929829],[-73.112689,40.929689],[-73.113355,40.929476],[-73.113975,40.929195],[-73.114539,40.928853],[-73.117057,40.926883],[-73.118177,40.926189],[-73.118782,40.925889],[-73.12007,40.92539],[-73.122149,40.924926],[-73.124806,40.924062],[-73.125393,40.923743],[-73.125907,40.923358],[-73.127262,40.922074],[-73.129672,40.918695],[-73.130885,40.91733],[-73.131754,40.916453],[-73.132825,40.915718],[-73.136226,40.913673],[-73.1367,40.91326],[-73.137072,40.912791],[-73.137333,40.91228],[-73.137471,40.911743],[-73.137488,40.911196],[-73.137387,40.910653],[-73.136573,40.907981],[-73.136554,40.907434],[-73.136662,40.906892],[-73.136893,40.906374],[-73.13724,40.905894],[-73.139515,40.903761],[-73.140253,40.90282],[-73.144356,40.894024],[-73.144629,40.893516],[-73.144982,40.893039],[-73.145421,40.892603],[-73.185803,40.862708],[-73.187939,40.861228],[-73.192354,40.858391],[-73.193557,40.857786],[-73.20102,40.855707],[-73.203084,40.85521],[-73.203801,40.855145],[-73.205967,40.855206],[-73.207384,40.855405],[-73.208052,40.855613],[-73.208677,40.855887],[-73.214028,40.858695],[-73.214683,40.858926],[-73.217414,40.859648],[-73.218081,40.859858],[-73.218695,40.860144],[-73.219228,40.860513],[-73.219695,40.860932],[-73.222852,40.863934],[-73.223966,40.864629],[-73.227593,40.866436],[-73.228139,40.866794],[-73.228616,40.867205],[-73.229012,40.867663],[-73.229331,40.868156],[-73.23169,40.872165],[-73.232496,40.873073],[-73.23299,40.873473],[-73.234111,40.874165],[-73.249185,40.882698],[-73.25041,40.883278],[-73.251765,40.883652],[-73.253197,40.883785],[-73.254642,40.883746],[-73.331913,40.880497],[-73.334064,40.880299],[-73.335449,40.879989],[-73.336766,40.879536],[-73.338553,40.878608],[-73.344944,40.874153],[-73.346364,40.87291],[-73.346897,40.872542],[-73.347506,40.872248],[-73.348171,40.872035],[-73.348871,40.8719],[-73.35528,40.871043],[-73.356675,40.87076],[-73.386389,40.860693],[-73.411555,40.852327],[-73.412168,40.852038],[-73.412724,40.851688],[-73.431865,40.837503],[-73.432959,40.836788],[-73.433582,40.836512],[-73.434949,40.836168],[-73.435665,40.836102],[-73.437104,40.836169],[-73.438472,40.836509],[-73.442244,40.838133],[-73.442904,40.838356],[-73.445016,40.838713],[-73.446456,40.838721],[-73.447162,40.83861],[-73.448479,40.838168],[-73.449064,40.837847],[-73.449583,40.837466],[-73.450408,40.836568],[-73.4533,40.832766],[-73.454128,40.831868],[-73.455177,40.831117],[-73.456348,40.830473],[-73.457562,40.82988],[-73.458223,40.82966],[-73.459625,40.829401],[-73.462477,40.829051],[-73.466088,40.829033],[-73.472561,40.828559],[-73.498245,40.825411],[-73.499638,40.825124],[-73.50094,40.824655],[-73.503819,40.822998],[-73.504862,40.822242],[-73.505664,40.821332],[-73.511099,40.81358],[-73.511732,40.812593],[-73.512225,40.811562],[-73.51267,40.809952],[-73.519883,40.772474],[-73.520301,40.771425],[-73.52095,40.770446],[-73.521357,40.769993],[-73.522299,40.769163],[-73.52283,40.768792],[-73.523424,40.768483],[-73.524762,40.768077],[-73.528236,40.767333],[-73.530752,40.76672],[-73.534127,40.765747],[-73.536878,40.765079],[-73.617498,40.74593],[-73.642977,40.739847],[-73.656717,40.736486],[-73.660188,40.735738],[-73.704947,40.725068],[-73.786417,40.705479],[-73.801013,40.701942],[-73.804366,40.700938],[-73.812057,40.698826],[-73.814154,40.698424],[-73.815591,40.698388],[-73.816301,40.698478],[-73.81699,40.69864],[-73.818286,40.699117],[-73.818895,40.69941],[-73.820025,40.700091],[-73.821055,40.700859],[-73.822016,40.701678],[-73.83739,40.715509],[-73.838905,40.716684],[-73.840002,40.717397],[-73.841162,40.718049],[-73.84238,40.718637],[-73.844297,40.719401],[-73.883303,40.733693],[-73.893412,40.737936],[-73.894611,40.738546],[-73.895166,40.738896],[-73.89618,40.739676],[-73.903005,40.746066],[-73.906106,40.74847],[-73.907773,40.749517],[-73.909,40.750092],[-73.909662,40.750309],[-73.910347,40.750482],[-73.911765,40.750675],[-73.913207,40.750686],[-73.914641,40.750567],[-73.920257,40.749547],[-73.925221,40.748842],[-73.932922,40.747374],[-73.935636,40.74663],[-73.939582,40.745275],[-73.942817,40.744059],[-73.947264,40.742238],[-73.94988,40.741312],[-73.951125,40.740758],[-73.951803,40.740587],[-73.952513,40.74063],[-73.955327,40.741119],[-73.957076,40.741507]]}},{"type":"Feature","properties":{"agency":"LIRR","color":"#006EC7","description":"Port Jefferson Branch","route":"10","routeId":"10","shapeId":"5556C818W"},"geometry":{"type":"LineString","coordinates":[[-73.5865,40.753314],[-73.642289,40.740013],[-73.656028,40.73665],[-73.660188,40.735738],[-73.709077,40.724079],[-73.801013,40.701942],[-73.808595,40.699755],[-73.808758,40.699614],[-73.810645,40.699089],[-73.813407,40.698462],[-73.817356,40.697117],[-73.882886,40.678486],[-73.886955,40.677368],[-73.891125,40.676494],[-73.893949,40.67605],[-73.896808,40.675762],[-73.899686,40.675632],[-73.901127,40.675636],[-73.903978,40.675964],[-73.905414,40.676062],[-73.952161,40.678616],[-73.952869,40.678714],[-73.967473,40.681762],[-73.972263,40.682969],[-73.975068,40.683478],[-73.975733,40.683683],[-73.976331,40.683988],[-73.977365,40.684751]]}},{"type":"Feature","properties":{"agency":"LIRR","color":"#006EC7","description":"Port Jefferson Branch","route":"10","routeId":"10","shapeId":"6503B9AB"},"geometry":{"type":"LineString","coordinates":[[-73.808595,40.699755],[-73.801013,40.701942],[-73.786417,40.705479],[-73.704947,40.725068],[-73.660188,40.735738],[-73.656717,40.736486],[-73.642977,40.739847],[-73.617498,40.74593],[-73.536878,40.765079],[-73.534127,40.765747],[-73.530752,40.76672],[-73.528236,40.767333],[-73.524762,40.768077],[-73.523424,40.768483],[-73.52283,40.768792],[-73.522299,40.769163],[-73.521357,40.769993],[-73.52095,40.770446],[-73.520301,40.771425],[-73.519883,40.772474],[-73.51267,40.809952],[-73.512225,40.811562],[-73.511732,40.812593],[-73.511099,40.81358],[-73.505664,40.821332],[-73.504862,40.822242],[-73.503819,40.822998],[-73.50094,40.824655],[-73.499638,40.825124],[-73.498245,40.825411],[-73.472561,40.828559],[-73.466088,40.829033],[-73.462477,40.829051],[-73.459625,40.829401],[-73.458223,40.82966],[-73.457562,40.82988],[-73.456348,40.830473],[-73.455177,40.831117],[-73.454128,40.831868],[-73.4533,40.832766],[-73.450408,40.836568],[-73.449583,40.837466],[-73.449064,40.837847],[-73.448479,40.838168],[-73.447162,40.83861],[-73.446456,40.838721],[-73.445016,40.838713],[-73.442904,40.838356],[-73.442244,40.838133],[-73.438472,40.836509],[-73.437104,40.836169],[-73.435665,40.836102],[-73.434949,40.836168],[-73.433582,40.836512],[-73.432959,40.836788],[-73.431865,40.837503],[-73.412724,40.851688],[-73.412168,40.852038],[-73.411555,40.852327],[-73.386389,40.860693],[-73.356675,40.87076],[-73.35528,40.871043],[-73.348871,40.8719],[-73.348171,40.872035],[-73.347506,40.872248],[-73.346897,40.872542],[-73.346364,40.87291],[-73.344944,40.874153],[-73.338553,40.878608],[-73.336766,40.879536],[-73.335449,40.879989],[-73.334064,40.880299],[-73.331913,40.880497],[-73.254642,40.883746],[-73.253197,40.883785],[-73.251765,40.883652],[-73.25041,40.883278],[-73.249185,40.882698],[-73.234111,40.874165],[-73.23299,40.873473],[-73.232496,40.873073],[-73.23169,40.872165],[-73.229331,40.868156],[-73.229012,40.867663],[-73.228616,40.867205],[-73.228139,40.866794],[-73.227593,40.866436],[-73.223966,40.864629],[-73.222852,40.863934],[-73.219695,40.860932],[-73.219228,40.860513],[-73.218695,40.860144],[-73.218081,40.859858],[-73.217414,40.859648],[-73.214683,40.858926],[-73.214028,40.858695],[-73.208677,40.855887],[-73.208052,40.855613],[-73.207384,40.855405],[-73.205967,40.855206],[-73.203801,40.855145],[-73.203084,40.85521],[-73.20102,40.855707],[-73.193557,40.857786],[-73.192354,40.858391],[-73.187939,40.861228],[-73.185803,40.862708],[-73.145421,40.892603],[-73.144982,40.893039],[-73.144629,40.893516],[-73.144356,40.894024],[-73.140253,40.90282],[-73.139515,40.903761],[-73.13724,40.905894],[-73.136893,40.906374],[-73.136662,40.906892],[-73.136554,40.907434],[-73.136573,40.907981],[-73.137387,40.910653],[-73.137488,40.911196],[-73.137471,40.911743],[-73.137333,40.91228],[-73.137072,40.912791],[-73.1367,40.91326],[-73.136226,40.913673],[-73.132825,40.915718],[-73.131754,40.916453],[-73.130885,40.91733],[-73.129672,40.918695],[-73.127262,40.922074],[-73.125907,40.923358],[-73.125393,40.923743],[-73.124806,40.924062],[-73.122149,40.924926],[-73.12007,40.92539],[-73.118782,40.925889],[-73.118177,40.926189],[-73.117057,40.926883],[-73.114539,40.928853],[-73.113975,40.929195],[-73.113355,40.929476],[-73.112689,40.929689],[-73.11199,40.929829],[-73.108392,40.930101],[-73.104084,40.930512],[-73.102663,40.930718],[-73.089743,40.934287],[-73.086897,40.934643],[-73.085591,40.935109],[-73.083783,40.936018],[-73.083122,40.936238],[-73.082418,40.936359],[-73.081698,40.936393],[-73.080982,40.936325],[-73.078933,40.935785],[-73.077034,40.934994],[-73.074791,40.933607],[-73.074181,40.933314],[-73.073507,40.933121],[-73.072794,40.933039],[-73.072075,40.933076],[-73.07138,40.933222],[-73.069488,40.934025],[-73.068821,40.934236],[-73.067403,40.934433],[-73.065962,40.934357],[-73.06316,40.933811],[-73.061729,40.933678],[-73.058854,40.933925],[-73.05384,40.934475],[-73.052628,40.934488]]}},{"type":"Feature","properties":{"agency":"LIRR","color":"#006EC7","description":"Port Jefferson Branch","route":"10","routeId":"10","shapeId":"6503B9ABW"},"geometry":{"type":"LineString","coordinates":[[-73.052628,40.934488],[-73.05384,40.934475],[-73.058854,40.933925],[-73.061729,40.933678],[-73.06316,40.933811],[-73.065962,40.934357],[-73.067403,40.934433],[-73.068821,40.934236],[-73.069488,40.934025],[-73.07138,40.933222],[-73.072075,40.933076],[-73.072794,40.933039],[-73.073507,40.933121],[-73.074181,40.933314],[-73.074791,40.933607],[-73.077034,40.934994],[-73.078933,40.935785],[-73.080982,40.936325],[-73.081698,40.936393],[-73.082418,40.936359],[-73.083122,40.936238],[-73.083783,40.936018],[-73.085591,40.935109],[-73.086897,40.934643],[-73.089743,40.934287],[-73.102663,40.930718],[-73.104084,40.930512],[-73.108392,40.930101],[-73.11199,40.929829],[-73.112689,40.929689],[-73.113355,40.929476],[-73.113975,40.929195],[-73.114539,40.928853],[-73.117057,40.926883],[-73.118177,40.926189],[-73.118782,40.925889],[-73.12007,40.92539],[-73.122149,40.924926],[-73.124806,40.924062],[-73.125393,40.923743],[-73.125907,40.923358],[-73.127262,40.922074],[-73.129672,40.918695],[-73.130885,40.91733],[-73.131754,40.916453],[-73.132825,40.915718],[-73.136226,40.913673],[-73.1367,40.91326],[-73.137072,40.912791],[-73.137333,40.91228],[-73.137471,40.911743],[-73.137488,40.911196],[-73.137387,40.910653],[-73.136573,40.907981],[-73.136554,40.907434],[-73.136662,40.906892],[-73.136893,40.906374],[-73.13724,40.905894],[-73.139515,40.903761],[-73.140253,40.90282],[-73.144356,40.894024],[-73.144629,40.893516],[-73.144982,40.893039],[-73.145421,40.892603],[-73.185803,40.862708],[-73.187939,40.861228],[-73.192354,40.858391],[-73.193557,40.857786],[-73.20102,40.855707],[-73.203084,40.85521],[-73.203801,40.855145],[-73.205967,40.855206],[-73.207384,40.855405],[-73.208052,40.855613],[-73.208677,40.855887],[-73.214028,40.858695],[-73.214683,40.858926],[-73.217414,40.859648],[-73.218081,40.859858],[-73.218695,40.860144],[-73.219228,40.860513],[-73.219695,40.860932],[-73.222852,40.863934],[-73.223966,40.864629],[-73.227593,40.866436],[-73.228139,40.866794],[-73.228616,40.867205],[-73.229012,40.867663],[-73.229331,40.868156],[-73.23169,40.872165],[-73.232496,40.873073],[-73.23299,40.873473],[-73.234111,40.874165],[-73.249185,40.882698],[-73.25041,40.883278],[-73.251765,40.883652],[-73.253197,40.883785],[-73.254642,40.883746],[-73.331913,40.880497],[-73.334064,40.880299],[-73.335449,40.879989],[-73.336766,40.879536],[-73.338553,40.878608],[-73.344944,40.874153],[-73.346364,40.87291],[-73.346897,40.872542],[-73.347506,40.872248],[-73.348171,40.872035],[-73.348871,40.8719],[-73.35528,40.871043],[-73.356675,40.87076],[-73.386389,40.860693],[-73.411555,40.852327],[-73.412168,40.852038],[-73.412724,40.851688],[-73.431865,40.837503],[-73.432959,40.836788],[-73.433582,40.836512],[-73.434949,40.836168],[-73.435665,40.836102],[-73.437104,40.836169],[-73.438472,40.836509],[-73.442244,40.838133],[-73.442904,40.838356],[-73.445016,40.838713],[-73.446456,40.838721],[-73.447162,40.83861],[-73.448479,40.838168],[-73.449064,40.837847],[-73.449583,40.837466],[-73.450408,40.836568],[-73.4533,40.832766],[-73.454128,40.831868],[-73.455177,40.831117],[-73.456348,40.830473],[-73.457562,40.82988],[-73.458223,40.82966],[-73.459625,40.829401],[-73.462477,40.829051],[-73.466088,40.829033],[-73.472561,40.828559],[-73.498245,40.825411],[-73.499638,40.825124],[-73.50094,40.824655],[-73.503819,40.822998],[-73.504862,40.822242],[-73.505664,40.821332],[-73.511099,40.81358],[-73.511732,40.812593],[-73.512225,40.811562],[-73.51267,40.809952],[-73.519883,40.772474],[-73.520301,40.771425],[-73.52095,40.770446],[-73.521357,40.769993],[-73.522299,40.769163],[-73.52283,40.768792],[-73.523424,40.768483],[-73.524762,40.768077],[-73.528236,40.767333],[-73.530752,40.76672],[-73.534127,40.765747],[-73.536878,40.765079],[-73.617498,40.74593],[-73.642977,40.739847],[-73.656717,40.736486],[-73.660188,40.735738],[-73.704947,40.725068],[-73.786417,40.705479],[-73.801013,40.701942],[-73.808595,40.699755]]}},{"type":"Feature","properties":{"agency":"LIRR","color":"#006EC7","description":"Port Jefferson Branch","route":"10","routeId":"10","shapeId":"701CC182"},"geometry":{"type":"LineString","coordinates":[[-73.808595,40.699755],[-73.801013,40.701942],[-73.786417,40.705479],[-73.704947,40.725068],[-73.660188,40.735738],[-73.656717,40.736486],[-73.642977,40.739847],[-73.617498,40.74593],[-73.536878,40.765079],[-73.534127,40.765747],[-73.530752,40.76672],[-73.528236,40.767333],[-73.524762,40.768077],[-73.523424,40.768483],[-73.52283,40.768792],[-73.522299,40.769163],[-73.521357,40.769993],[-73.52095,40.770446],[-73.520301,40.771425],[-73.519883,40.772474],[-73.51267,40.809952],[-73.512225,40.811562],[-73.511732,40.812593],[-73.511099,40.81358],[-73.505664,40.821332],[-73.504862,40.822242],[-73.504366,40.82264],[-73.50094,40.824655],[-73.499638,40.825124],[-73.498245,40.825411],[-73.472561,40.828559],[-73.466088,40.829033],[-73.462477,40.829051],[-73.459625,40.829401],[-73.458223,40.82966],[-73.457562,40.82988],[-73.456348,40.830473],[-73.455177,40.831117],[-73.454128,40.831868],[-73.4533,40.832766],[-73.450408,40.836568],[-73.449583,40.837466],[-73.449064,40.837847],[-73.448479,40.838168],[-73.447162,40.83861],[-73.446456,40.838721],[-73.445016,40.838713],[-73.442904,40.838356],[-73.442244,40.838133],[-73.438472,40.836509],[-73.437104,40.836169],[-73.435665,40.836102],[-73.434949,40.836168],[-73.433582,40.836512],[-73.432959,40.836788],[-73.431865,40.837503],[-73.412724,40.851688],[-73.412168,40.852038],[-73.411555,40.852327],[-73.410239,40.852782]]}},{"type":"Feature","properties":{"agency":"LIRR","color":"#006EC7","description":"Port Jefferson Branch","route":"10","routeId":"10","shapeId":"857C5943W"},"geometry":{"type":"LineString","coordinates":[[-73.410239,40.852782],[-73.411555,40.852327],[-73.412168,40.852038],[-73.412724,40.851688],[-73.431865,40.837503],[-73.432959,40.836788],[-73.433582,40.836512],[-73.434949,40.836168],[-73.435665,40.836102],[-73.437104,40.836169],[-73.438472,40.836509],[-73.442244,40.838133],[-73.442904,40.838356],[-73.445016,40.838713],[-73.446456,40.838721],[-73.447162,40.83861],[-73.448479,40.838168],[-73.449064,40.837847],[-73.449583,40.837466],[-73.450408,40.836568],[-73.4533,40.832766],[-73.454128,40.831868],[-73.455177,40.831117],[-73.456348,40.830473],[-73.457562,40.82988],[-73.458223,40.82966],[-73.459625,40.829401],[-73.462477,40.829051],[-73.466088,40.829033],[-73.472561,40.828559],[-73.498245,40.825411],[-73.499638,40.825124],[-73.50094,40.824655],[-73.504366,40.82264],[-73.504862,40.822242],[-73.505664,40.821332],[-73.511099,40.81358],[-73.511732,40.812593],[-73.512225,40.811562],[-73.51267,40.809952],[-73.519883,40.772474],[-73.520301,40.771425],[-73.520596,40.770925],[-73.521357,40.769993],[-73.522299,40.769163],[-73.52283,40.768792],[-73.523424,40.768483],[-73.524078,40.768253],[-73.530066,40.766891],[-73.534127,40.765747],[-73.536878,40.765079],[-73.617498,40.74593],[-73.642977,40.739847],[-73.656717,40.736486],[-73.660188,40.735738],[-73.706324,40.724738],[-73.801013,40.701942],[-73.808595,40.699755],[-73.808758,40.699614],[-73.810645,40.699089],[-73.813407,40.698462],[-73.817356,40.697117],[-73.882886,40.678486],[-73.886955,40.677368],[-73.890423,40.676617],[-73.893949,40.67605],[-73.895375,40.675887],[-73.897526,40.675717],[-73.901127,40.675636],[-73.903978,40.675964],[-73.905414,40.676062],[-73.952161,40.678616],[-73.952869,40.678714],[-73.967473,40.681762],[-73.972263,40.682969],[-73.975068,40.683478],[-73.975733,40.683683],[-73.976331,40.683988],[-73.977365,40.684751]]}},{"type":"Feature","properties":{"agency":"LIRR","color":"#006EC7","description":"Port Jefferson Branch","route":"10","routeId":"10","shapeId":"87AEE1EDW"},"geometry":{"type":"LineString","coordinates":[[-73.529378,40.767058],[-73.534127,40.765747],[-73.536878,40.765079],[-73.617498,40.74593],[-73.642977,40.739847],[-73.656717,40.736486],[-73.660188,40.735738],[-73.704947,40.725068],[-73.786417,40.705479],[-73.801013,40.701942],[-73.804366,40.700938],[-73.811367,40.698985],[-73.813452,40.698545],[-73.814871,40.698372],[-73.816301,40.698478],[-73.817651,40.698857],[-73.818895,40.69941],[-73.820549,40.700468],[-73.822016,40.701678],[-73.83739,40.715509],[-73.838905,40.716684],[-73.840575,40.71773],[-73.84238,40.718637],[-73.843649,40.719159],[-73.883303,40.733693],[-73.893412,40.737936],[-73.894611,40.738546],[-73.895166,40.738896],[-73.89618,40.739676],[-73.903005,40.746066],[-73.905869,40.748535],[-73.906952,40.74926],[-73.908128,40.749895],[-73.909384,40.750436],[-73.91071,40.750866],[-73.912119,40.751085],[-73.91284,40.751096],[-73.91427,40.750956],[-73.931806,40.74772],[-73.935295,40.747018],[-73.937339,40.746479],[-73.938651,40.746021],[-73.945627,40.74314],[-73.948906,40.741996],[-73.950263,40.741623],[-73.951666,40.74137],[-73.953097,40.741234],[-73.954539,40.741198],[-73.959549,40.741676],[-73.972398,40.743134],[-73.97311,40.743223],[-73.974499,40.743519],[-73.976479,40.744178],[-73.989142,40.749449],[-73.989791,40.749681],[-73.991162,40.749989],[-73.993087,40.750743]]}},{"type":"Feature","properties":{"agency":"LIRR","color":"#006EC7","description":"Port Jefferson Branch","route":"10","routeId":"10","shapeId":"901F9009"},"geometry":{"type":"LineString","coordinates":[[-73.528236,40.767333],[-73.524762,40.768077],[-73.523424,40.768483],[-73.52283,40.768792],[-73.521808,40.769566],[-73.52095,40.770446],[-73.520301,40.771425],[-73.520064,40.771943],[-73.519746,40.773013],[-73.51267,40.809952],[-73.512225,40.811562],[-73.511732,40.812593],[-73.511099,40.81358],[-73.505294,40.821803],[-73.504862,40.822242],[-73.503819,40.822998],[-73.501533,40.824342],[-73.500307,40.824918],[-73.498948,40.825286],[-73.497533,40.825507],[-73.473277,40.828482],[-73.466088,40.829033],[-73.462477,40.829051],[-73.459625,40.829401],[-73.458223,40.82966],[-73.457562,40.82988],[-73.456348,40.830473],[-73.455177,40.831117],[-73.454128,40.831868],[-73.4533,40.832766],[-73.450408,40.836568],[-73.449583,40.837466],[-73.449064,40.837847],[-73.448479,40.838168],[-73.447162,40.83861],[-73.446456,40.838721],[-73.445016,40.838713],[-73.442904,40.838356],[-73.442244,40.838133],[-73.438472,40.836509],[-73.437104,40.836169],[-73.435665,40.836102],[-73.434949,40.836168],[-73.433582,40.836512],[-73.432959,40.836788],[-73.431865,40.837503],[-73.412724,40.851688],[-73.412168,40.852038],[-73.411555,40.852327],[-73.386389,40.860693],[-73.356675,40.87076],[-73.35528,40.871043],[-73.348871,40.8719],[-73.348171,40.872035],[-73.347506,40.872248],[-73.346897,40.872542],[-73.346364,40.87291],[-73.344944,40.874153],[-73.339095,40.878246],[-73.337984,40.878947],[-73.336766,40.879536],[-73.335449,40.879989],[-73.333353,40.880399],[-73.316027,40.881176],[-73.254642,40.883746],[-73.253197,40.883785],[-73.251765,40.883652],[-73.25041,40.883278],[-73.249185,40.882698],[-73.234111,40.874165],[-73.23299,40.873473],[-73.232496,40.873073],[-73.23169,40.872165],[-73.229331,40.868156],[-73.229012,40.867663],[-73.228616,40.867205],[-73.228139,40.866794],[-73.227593,40.866436],[-73.223966,40.864629],[-73.222852,40.863934],[-73.219695,40.860932],[-73.219228,40.860513],[-73.218695,40.860144],[-73.218081,40.859858],[-73.217414,40.859648],[-73.214683,40.858926],[-73.214028,40.858695],[-73.208677,40.855887],[-73.207384,40.855405],[-73.206685,40.85527],[-73.204523,40.855148],[-73.203084,40.85521],[-73.202386,40.855348],[-73.194894,40.857373],[-73.193557,40.857786],[-73.192354,40.858391],[-73.187391,40.861586],[-73.185803,40.862708],[-73.145421,40.892603],[-73.144982,40.893039],[-73.144629,40.893516],[-73.144356,40.894024],[-73.140253,40.90282],[-73.139515,40.903761],[-73.13724,40.905894],[-73.136893,40.906374],[-73.136662,40.906892],[-73.136554,40.907434],[-73.136573,40.907981],[-73.137387,40.910653],[-73.137488,40.911196],[-73.137471,40.911743],[-73.137333,40.91228],[-73.137072,40.912791],[-73.1367,40.91326],[-73.136226,40.913673],[-73.132825,40.915718],[-73.131754,40.916453],[-73.130885,40.91733],[-73.129672,40.918695],[-73.127262,40.922074],[-73.125907,40.923358],[-73.125393,40.923743],[-73.124806,40.924062],[-73.122149,40.924926],[-73.12007,40.92539],[-73.118782,40.925889],[-73.118177,40.926189],[-73.117057,40.926883],[-73.114539,40.928853],[-73.113975,40.929195],[-73.113355,40.929476],[-73.112689,40.929689],[-73.11199,40.929829],[-73.108392,40.930101],[-73.104084,40.930512],[-73.102663,40.930718],[-73.089743,40.934287],[-73.086897,40.934643],[-73.085591,40.935109],[-73.083783,40.936018],[-73.083122,40.936238],[-73.082418,40.936359],[-73.081698,40.936393],[-73.080982,40.936325],[-73.078933,40.935785],[-73.077034,40.934994],[-73.074791,40.933607],[-73.074181,40.933314],[-73.073507,40.933121],[-73.072794,40.933039],[-73.072075,40.933076],[-73.07138,40.933222],[-73.069488,40.934025],[-73.068821,40.934236],[-73.067403,40.934433],[-73.065962,40.934357],[-73.06316,40.933811],[-73.061729,40.933678],[-73.058854,40.933925],[-73.05384,40.934475],[-73.052628,40.934488]]}},{"type":"Feature","properties":{"agency":"LIRR","color":"#006EC7","description":"Port Jefferson Branch","route":"10","routeId":"10","shapeId":"901F9009W"},"geometry":{"type":"LineString","coordinates":[[-73.052628,40.934488],[-73.05384,40.934475],[-73.058854,40.933925],[-73.061729,40.933678],[-73.06316,40.933811],[-73.065962,40.934357],[-73.067403,40.934433],[-73.068821,40.934236],[-73.069488,40.934025],[-73.07138,40.933222],[-73.072075,40.933076],[-73.072794,40.933039],[-73.073507,40.933121],[-73.074181,40.933314],[-73.074791,40.933607],[-73.077034,40.934994],[-73.078933,40.935785],[-73.080982,40.936325],[-73.081698,40.936393],[-73.082418,40.936359],[-73.083122,40.936238],[-73.083783,40.936018],[-73.085591,40.935109],[-73.086897,40.934643],[-73.089743,40.934287],[-73.102663,40.930718],[-73.104084,40.930512],[-73.108392,40.930101],[-73.11199,40.929829],[-73.112689,40.929689],[-73.113355,40.929476],[-73.113975,40.929195],[-73.114539,40.928853],[-73.117057,40.926883],[-73.118177,40.926189],[-73.118782,40.925889],[-73.12007,40.92539],[-73.122149,40.924926],[-73.124806,40.924062],[-73.125393,40.923743],[-73.125907,40.923358],[-73.127262,40.922074],[-73.129672,40.918695],[-73.130885,40.91733],[-73.131754,40.916453],[-73.132825,40.915718],[-73.136226,40.913673],[-73.1367,40.91326],[-73.137072,40.912791],[-73.137333,40.91228],[-73.137471,40.911743],[-73.137488,40.911196],[-73.137387,40.910653],[-73.136573,40.907981],[-73.136554,40.907434],[-73.136662,40.906892],[-73.136893,40.906374],[-73.13724,40.905894],[-73.139515,40.903761],[-73.140253,40.90282],[-73.144356,40.894024],[-73.144629,40.893516],[-73.144982,40.893039],[-73.145421,40.892603],[-73.185803,40.862708],[-73.187391,40.861586],[-73.192354,40.858391],[-73.193557,40.857786],[-73.194894,40.857373],[-73.202386,40.855348],[-73.203084,40.85521],[-73.204523,40.855148],[-73.206685,40.85527],[-73.207384,40.855405],[-73.208677,40.855887],[-73.214028,40.858695],[-73.214683,40.858926],[-73.217414,40.859648],[-73.218081,40.859858],[-73.218695,40.860144],[-73.219228,40.860513],[-73.219695,40.860932],[-73.222852,40.863934],[-73.223966,40.864629],[-73.227593,40.866436],[-73.228139,40.866794],[-73.228616,40.867205],[-73.229012,40.867663],[-73.229331,40.868156],[-73.23169,40.872165],[-73.232496,40.873073],[-73.23299,40.873473],[-73.234111,40.874165],[-73.249185,40.882698],[-73.25041,40.883278],[-73.251765,40.883652],[-73.253197,40.883785],[-73.254642,40.883746],[-73.316027,40.881176],[-73.333353,40.880399],[-73.335449,40.879989],[-73.336766,40.879536],[-73.337984,40.878947],[-73.339095,40.878246],[-73.344944,40.874153],[-73.346364,40.87291],[-73.346897,40.872542],[-73.347506,40.872248],[-73.348171,40.872035],[-73.348871,40.8719],[-73.35528,40.871043],[-73.356675,40.87076],[-73.386389,40.860693],[-73.411555,40.852327],[-73.412168,40.852038],[-73.412724,40.851688],[-73.431865,40.837503],[-73.432959,40.836788],[-73.433582,40.836512],[-73.434949,40.836168],[-73.435665,40.836102],[-73.437104,40.836169],[-73.438472,40.836509],[-73.442244,40.838133],[-73.442904,40.838356],[-73.445016,40.838713],[-73.446456,40.838721],[-73.447162,40.83861],[-73.448479,40.838168],[-73.449064,40.837847],[-73.449583,40.837466],[-73.450408,40.836568],[-73.4533,40.832766],[-73.454128,40.831868],[-73.455177,40.831117],[-73.456348,40.830473],[-73.457562,40.82988],[-73.458223,40.82966],[-73.459625,40.829401],[-73.462477,40.829051],[-73.466088,40.829033],[-73.473277,40.828482],[-73.497533,40.825507],[-73.498948,40.825286],[-73.500307,40.824918],[-73.501533,40.824342],[-73.503819,40.822998],[-73.504862,40.822242],[-73.505294,40.821803],[-73.511099,40.81358],[-73.511732,40.812593],[-73.512225,40.811562],[-73.51267,40.809952],[-73.519746,40.773013],[-73.520064,40.771943],[-73.520301,40.771425],[-73.52095,40.770446],[-73.521808,40.769566],[-73.52283,40.768792],[-73.523424,40.768483],[-73.524762,40.768077],[-73.528236,40.767333]]}},{"type":"Feature","properties":{"agency":"LIRR","color":"#006EC7","description":"Port Jefferson Branch","route":"10","routeId":"10","shapeId":"9048A345W"},"geometry":{"type":"LineString","coordinates":[[-73.5865,40.753314],[-73.642289,40.740013],[-73.656028,40.73665],[-73.660188,40.735738],[-73.705636,40.724903],[-73.786417,40.705479],[-73.801013,40.701942],[-73.804366,40.700938],[-73.811367,40.698985],[-73.813452,40.698545],[-73.814871,40.698372],[-73.816301,40.698478],[-73.817651,40.698857],[-73.818895,40.69941],[-73.820549,40.700468],[-73.822016,40.701678],[-73.83739,40.715509],[-73.838905,40.716684],[-73.840575,40.71773],[-73.84238,40.718637],[-73.843649,40.719159],[-73.883303,40.733693],[-73.893412,40.737936],[-73.894611,40.738546],[-73.895166,40.738896],[-73.89618,40.739676],[-73.903005,40.746066],[-73.905869,40.748535],[-73.906952,40.74926],[-73.908128,40.749895],[-73.909384,40.750436],[-73.91071,40.750866],[-73.912119,40.751085],[-73.91284,40.751096],[-73.91427,40.750956],[-73.931806,40.74772],[-73.935295,40.747018],[-73.937339,40.746479],[-73.938651,40.746021],[-73.945627,40.74314],[-73.948906,40.741996],[-73.950263,40.741623],[-73.951666,40.74137],[-73.953097,40.741234],[-73.954539,40.741198],[-73.959549,40.741676],[-73.972398,40.743134],[-73.97311,40.743223],[-73.974499,40.743519],[-73.976479,40.744178],[-73.989142,40.749449],[-73.989791,40.749681],[-73.991162,40.749989],[-73.993087,40.750743]]}},{"type":"Feature","properties":{"agency":"LIRR","color":"#006EC7","description":"Port Jefferson Branch","route":"10","routeId":"10","shapeId":"91BE652D"},"geometry":{"type":"LineString","coordinates":[[-73.993087,40.750743],[-73.991162,40.749989],[-73.989791,40.749681],[-73.989142,40.749449],[-73.976479,40.744178],[-73.974499,40.743519],[-73.97311,40.743223],[-73.972398,40.743134],[-73.959549,40.741676],[-73.954539,40.741198],[-73.953097,40.741234],[-73.951666,40.74137],[-73.950263,40.741623],[-73.948906,40.741996],[-73.945627,40.74314],[-73.938651,40.746021],[-73.937339,40.746479],[-73.935295,40.747018],[-73.931806,40.74772],[-73.91427,40.750956],[-73.91284,40.751096],[-73.912119,40.751085],[-73.91071,40.750866],[-73.909384,40.750436],[-73.908128,40.749895],[-73.906952,40.74926],[-73.905869,40.748535],[-73.903005,40.746066],[-73.89618,40.739676],[-73.895166,40.738896],[-73.894611,40.738546],[-73.893412,40.737936],[-73.883303,40.733693],[-73.844297,40.719401],[-73.84238,40.718637],[-73.841162,40.718049],[-73.840002,40.717397],[-73.838905,40.716684],[-73.83739,40.715509],[-73.822016,40.701678],[-73.821055,40.700859],[-73.820025,40.700091],[-73.818895,40.69941],[-73.818286,40.699117],[-73.81699,40.69864],[-73.816301,40.698478],[-73.814871,40.698372],[-73.813452,40.698545],[-73.810687,40.699168],[-73.804366,40.700938],[-73.801013,40.701942],[-73.786417,40.705479],[-73.704947,40.725068],[-73.660188,40.735738],[-73.656717,40.736486],[-73.642977,40.739847],[-73.617498,40.74593],[-73.536878,40.765079],[-73.534127,40.765747],[-73.530752,40.76672],[-73.528236,40.767333],[-73.524762,40.768077],[-73.523424,40.768483],[-73.52283,40.768792],[-73.522299,40.769163],[-73.521357,40.769993],[-73.52095,40.770446],[-73.520301,40.771425],[-73.519883,40.772474],[-73.51267,40.809952],[-73.512225,40.811562],[-73.511732,40.812593],[-73.511099,40.81358],[-73.505664,40.821332],[-73.504862,40.822242],[-73.504366,40.82264],[-73.50094,40.824655],[-73.499638,40.825124],[-73.498245,40.825411],[-73.472561,40.828559],[-73.466088,40.829033],[-73.462477,40.829051],[-73.459625,40.829401],[-73.458223,40.82966],[-73.457562,40.82988],[-73.456348,40.830473],[-73.455177,40.831117],[-73.454128,40.831868],[-73.4533,40.832766],[-73.450408,40.836568],[-73.449583,40.837466],[-73.449064,40.837847],[-73.448479,40.838168],[-73.447162,40.83861],[-73.446456,40.838721],[-73.445016,40.838713],[-73.442904,40.838356],[-73.442244,40.838133],[-73.438472,40.836509],[-73.437104,40.836169],[-73.435665,40.836102],[-73.434949,40.836168],[-73.433582,40.836512],[-73.432959,40.836788],[-73.431865,40.837503],[-73.412724,40.851688],[-73.412168,40.852038],[-73.411555,40.852327],[-73.410239,40.852782]]}},{"type":"Feature","properties":{"agency":"LIRR","color":"#006EC7","description":"Port Jefferson Branch","route":"10","routeId":"10","shapeId":"91BE652DW"},"geometry":{"type":"LineString","coordinates":[[-73.410239,40.852782],[-73.411555,40.852327],[-73.412168,40.852038],[-73.412724,40.851688],[-73.431865,40.837503],[-73.432959,40.836788],[-73.433582,40.836512],[-73.434949,40.836168],[-73.435665,40.836102],[-73.437104,40.836169],[-73.438472,40.836509],[-73.442244,40.838133],[-73.442904,40.838356],[-73.445016,40.838713],[-73.446456,40.838721],[-73.447162,40.83861],[-73.448479,40.838168],[-73.449064,40.837847],[-73.449583,40.837466],[-73.450408,40.836568],[-73.4533,40.832766],[-73.454128,40.831868],[-73.455177,40.831117],[-73.456348,40.830473],[-73.457562,40.82988],[-73.458223,40.82966],[-73.459625,40.829401],[-73.462477,40.829051],[-73.466088,40.829033],[-73.472561,40.828559],[-73.498245,40.825411],[-73.499638,40.825124],[-73.50094,40.824655],[-73.504366,40.82264],[-73.504862,40.822242],[-73.505664,40.821332],[-73.511099,40.81358],[-73.511732,40.812593],[-73.512225,40.811562],[-73.51267,40.809952],[-73.519883,40.772474],[-73.520301,40.771425],[-73.52095,40.770446],[-73.521357,40.769993],[-73.522299,40.769163],[-73.52283,40.768792],[-73.523424,40.768483],[-73.524762,40.768077],[-73.528236,40.767333],[-73.530752,40.76672],[-73.534127,40.765747],[-73.536878,40.765079],[-73.617498,40.74593],[-73.642977,40.739847],[-73.656717,40.736486],[-73.660188,40.735738],[-73.704947,40.725068],[-73.786417,40.705479],[-73.801013,40.701942],[-73.804366,40.700938],[-73.810687,40.699168],[-73.813452,40.698545],[-73.814871,40.698372],[-73.816301,40.698478],[-73.81699,40.69864],[-73.818286,40.699117],[-73.818895,40.69941],[-73.820025,40.700091],[-73.821055,40.700859],[-73.822016,40.701678],[-73.83739,40.715509],[-73.838905,40.716684],[-73.840002,40.717397],[-73.841162,40.718049],[-73.84238,40.718637],[-73.844297,40.719401],[-73.883303,40.733693],[-73.893412,40.737936],[-73.894611,40.738546],[-73.895166,40.738896],[-73.89618,40.739676],[-73.903005,40.746066],[-73.905869,40.748535],[-73.906952,40.74926],[-73.908128,40.749895],[-73.909384,40.750436],[-73.91071,40.750866],[-73.912119,40.751085],[-73.91284,40.751096],[-73.91427,40.750956],[-73.931806,40.74772],[-73.935295,40.747018],[-73.937339,40.746479],[-73.938651,40.746021],[-73.945627,40.74314],[-73.948906,40.741996],[-73.950263,40.741623],[-73.951666,40.74137],[-73.953097,40.741234],[-73.954539,40.741198],[-73.959549,40.741676],[-73.972398,40.743134],[-73.97311,40.743223],[-73.974499,40.743519],[-73.976479,40.744178],[-73.989142,40.749449],[-73.989791,40.749681],[-73.991162,40.749989],[-73.993087,40.750743]]}},{"type":"Feature","properties":{"agency":"LIRR","color":"#006EC7","description":"Port Jefferson Branch","route":"10","routeId":"10","shapeId":"A1D86BDA"},"geometry":{"type":"LineString","coordinates":[[-73.993087,40.750743],[-73.991162,40.749989],[-73.989791,40.749681],[-73.989142,40.749449],[-73.976479,40.744178],[-73.974499,40.743519],[-73.97311,40.743223],[-73.972398,40.743134],[-73.959549,40.741676],[-73.954539,40.741198],[-73.953097,40.741234],[-73.951666,40.74137],[-73.950263,40.741623],[-73.948906,40.741996],[-73.945627,40.74314],[-73.938651,40.746021],[-73.937339,40.746479],[-73.935295,40.747018],[-73.931806,40.74772],[-73.91427,40.750956],[-73.91284,40.751096],[-73.912119,40.751085],[-73.91071,40.750866],[-73.909384,40.750436],[-73.908128,40.749895],[-73.906952,40.74926],[-73.905869,40.748535],[-73.903005,40.746066],[-73.89618,40.739676],[-73.895166,40.738896],[-73.894611,40.738546],[-73.893412,40.737936],[-73.883303,40.733693],[-73.844297,40.719401],[-73.84238,40.718637],[-73.841162,40.718049],[-73.840002,40.717397],[-73.838905,40.716684],[-73.83739,40.715509],[-73.822016,40.701678],[-73.821055,40.700859],[-73.820025,40.700091],[-73.818895,40.69941],[-73.818286,40.699117],[-73.81699,40.69864],[-73.816301,40.698478],[-73.814871,40.698372],[-73.813452,40.698545],[-73.810687,40.699168],[-73.804366,40.700938],[-73.801013,40.701942],[-73.786417,40.705479],[-73.704947,40.725068],[-73.660188,40.735738],[-73.656717,40.736486],[-73.642977,40.739847],[-73.617498,40.74593],[-73.536878,40.765079],[-73.534127,40.765747],[-73.530752,40.76672],[-73.528236,40.767333],[-73.524762,40.768077],[-73.523424,40.768483],[-73.52283,40.768792],[-73.522299,40.769163],[-73.521357,40.769993],[-73.52095,40.770446],[-73.520301,40.771425],[-73.519883,40.772474],[-73.51267,40.809952],[-73.512225,40.811562],[-73.511732,40.812593],[-73.511099,40.81358],[-73.505664,40.821332],[-73.504862,40.822242],[-73.503819,40.822998],[-73.50094,40.824655],[-73.499638,40.825124],[-73.498245,40.825411],[-73.472561,40.828559],[-73.466088,40.829033],[-73.462477,40.829051],[-73.459625,40.829401],[-73.458223,40.82966],[-73.457562,40.82988],[-73.456348,40.830473],[-73.455177,40.831117],[-73.454128,40.831868],[-73.4533,40.832766],[-73.450408,40.836568],[-73.449583,40.837466],[-73.449064,40.837847],[-73.448479,40.838168],[-73.447162,40.83861],[-73.446456,40.838721],[-73.445016,40.838713],[-73.442904,40.838356],[-73.442244,40.838133],[-73.438472,40.836509],[-73.437104,40.836169],[-73.435665,40.836102],[-73.434949,40.836168],[-73.433582,40.836512],[-73.432959,40.836788],[-73.431865,40.837503],[-73.412724,40.851688],[-73.412168,40.852038],[-73.411555,40.852327],[-73.386389,40.860693],[-73.356675,40.87076],[-73.35528,40.871043],[-73.348871,40.8719],[-73.348171,40.872035],[-73.347506,40.872248],[-73.346897,40.872542],[-73.346364,40.87291],[-73.344944,40.874153],[-73.338553,40.878608],[-73.336766,40.879536],[-73.335449,40.879989],[-73.334064,40.880299],[-73.331913,40.880497],[-73.254642,40.883746],[-73.253197,40.883785],[-73.251765,40.883652],[-73.25041,40.883278],[-73.249185,40.882698],[-73.234111,40.874165],[-73.23299,40.873473],[-73.232496,40.873073],[-73.23169,40.872165],[-73.229331,40.868156],[-73.229012,40.867663],[-73.228616,40.867205],[-73.228139,40.866794],[-73.227593,40.866436],[-73.223966,40.864629],[-73.222852,40.863934],[-73.219695,40.860932],[-73.219228,40.860513],[-73.218695,40.860144],[-73.218081,40.859858],[-73.217414,40.859648],[-73.214683,40.858926],[-73.214028,40.858695],[-73.208677,40.855887],[-73.208052,40.855613],[-73.207384,40.855405],[-73.205967,40.855206],[-73.203801,40.855145],[-73.203084,40.85521],[-73.20102,40.855707],[-73.193557,40.857786],[-73.192354,40.858391],[-73.187939,40.861228],[-73.185803,40.862708],[-73.145421,40.892603],[-73.144982,40.893039],[-73.144629,40.893516],[-73.144356,40.894024],[-73.140253,40.90282],[-73.139515,40.903761],[-73.13724,40.905894],[-73.136893,40.906374],[-73.136662,40.906892],[-73.136554,40.907434],[-73.136573,40.907981],[-73.137387,40.910653],[-73.137488,40.911196],[-73.137471,40.911743],[-73.137333,40.91228],[-73.137072,40.912791],[-73.1367,40.91326],[-73.136226,40.913673],[-73.132825,40.915718],[-73.131754,40.916453],[-73.130885,40.91733],[-73.129672,40.918695],[-73.127262,40.922074],[-73.125907,40.923358],[-73.125393,40.923743],[-73.124806,40.924062],[-73.122149,40.924926],[-73.12007,40.92539],[-73.118782,40.925889],[-73.118177,40.926189],[-73.117057,40.926883],[-73.114539,40.928853],[-73.113975,40.929195],[-73.113355,40.929476],[-73.112689,40.929689],[-73.11199,40.929829],[-73.108392,40.930101],[-73.104084,40.930512],[-73.102663,40.930718],[-73.089743,40.934287],[-73.086897,40.934643],[-73.085591,40.935109],[-73.083783,40.936018],[-73.083122,40.936238],[-73.082418,40.936359],[-73.081698,40.936393],[-73.080982,40.936325],[-73.078933,40.935785],[-73.077034,40.934994],[-73.074791,40.933607],[-73.074181,40.933314],[-73.073507,40.933121],[-73.072794,40.933039],[-73.072075,40.933076],[-73.07138,40.933222],[-73.069488,40.934025],[-73.068821,40.934236],[-73.067403,40.934433],[-73.065962,40.934357],[-73.06316,40.933811],[-73.061729,40.933678],[-73.058854,40.933925],[-73.05384,40.934475],[-73.052628,40.934488]]}},{"type":"Feature","properties":{"agency":"LIRR","color":"#006EC7","description":"Port Jefferson Branch","route":"10","routeId":"10","shapeId":"A1D86BDAW"},"geometry":{"type":"LineString","coordinates":[[-73.052628,40.934488],[-73.05384,40.934475],[-73.058854,40.933925],[-73.061729,40.933678],[-73.06316,40.933811],[-73.065962,40.934357],[-73.067403,40.934433],[-73.068821,40.934236],[-73.069488,40.934025],[-73.07138,40.933222],[-73.072075,40.933076],[-73.072794,40.933039],[-73.073507,40.933121],[-73.074181,40.933314],[-73.074791,40.933607],[-73.077034,40.934994],[-73.078933,40.935785],[-73.080982,40.936325],[-73.081698,40.936393],[-73.082418,40.936359],[-73.083122,40.936238],[-73.083783,40.936018],[-73.085591,40.935109],[-73.086897,40.934643],[-73.089743,40.934287],[-73.102663,40.930718],[-73.104084,40.930512],[-73.108392,40.930101],[-73.11199,40.929829],[-73.112689,40.929689],[-73.113355,40.929476],[-73.113975,40.929195],[-73.114539,40.928853],[-73.117057,40.926883],[-73.118177,40.926189],[-73.118782,40.925889],[-73.12007,40.92539],[-73.122149,40.924926],[-73.124806,40.924062],[-73.125393,40.923743],[-73.125907,40.923358],[-73.127262,40.922074],[-73.129672,40.918695],[-73.130885,40.91733],[-73.131754,40.916453],[-73.132825,40.915718],[-73.136226,40.913673],[-73.1367,40.91326],[-73.137072,40.912791],[-73.137333,40.91228],[-73.137471,40.911743],[-73.137488,40.911196],[-73.137387,40.910653],[-73.136573,40.907981],[-73.136554,40.907434],[-73.136662,40.906892],[-73.136893,40.906374],[-73.13724,40.905894],[-73.139515,40.903761],[-73.140253,40.90282],[-73.144356,40.894024],[-73.144629,40.893516],[-73.144982,40.893039],[-73.145421,40.892603],[-73.185803,40.862708],[-73.187939,40.861228],[-73.192354,40.858391],[-73.193557,40.857786],[-73.20102,40.855707],[-73.203084,40.85521],[-73.203801,40.855145],[-73.205967,40.855206],[-73.207384,40.855405],[-73.208052,40.855613],[-73.208677,40.855887],[-73.214028,40.858695],[-73.214683,40.858926],[-73.217414,40.859648],[-73.218081,40.859858],[-73.218695,40.860144],[-73.219228,40.860513],[-73.219695,40.860932],[-73.222852,40.863934],[-73.223966,40.864629],[-73.227593,40.866436],[-73.228139,40.866794],[-73.228616,40.867205],[-73.229012,40.867663],[-73.229331,40.868156],[-73.23169,40.872165],[-73.232496,40.873073],[-73.23299,40.873473],[-73.234111,40.874165],[-73.249185,40.882698],[-73.25041,40.883278],[-73.251765,40.883652],[-73.253197,40.883785],[-73.254642,40.883746],[-73.331913,40.880497],[-73.334064,40.880299],[-73.335449,40.879989],[-73.336766,40.879536],[-73.338553,40.878608],[-73.344944,40.874153],[-73.346364,40.87291],[-73.346897,40.872542],[-73.347506,40.872248],[-73.348171,40.872035],[-73.348871,40.8719],[-73.35528,40.871043],[-73.356675,40.87076],[-73.386389,40.860693],[-73.411555,40.852327],[-73.412168,40.852038],[-73.412724,40.851688],[-73.431865,40.837503],[-73.432959,40.836788],[-73.433582,40.836512],[-73.434949,40.836168],[-73.435665,40.836102],[-73.437104,40.836169],[-73.438472,40.836509],[-73.442244,40.838133],[-73.442904,40.838356],[-73.445016,40.838713],[-73.446456,40.838721],[-73.447162,40.83861],[-73.448479,40.838168],[-73.449064,40.837847],[-73.449583,40.837466],[-73.450408,40.836568],[-73.4533,40.832766],[-73.454128,40.831868],[-73.455177,40.831117],[-73.456348,40.830473],[-73.457562,40.82988],[-73.458223,40.82966],[-73.459625,40.829401],[-73.462477,40.829051],[-73.466088,40.829033],[-73.472561,40.828559],[-73.498245,40.825411],[-73.499638,40.825124],[-73.50094,40.824655],[-73.503819,40.822998],[-73.504862,40.822242],[-73.505664,40.821332],[-73.511099,40.81358],[-73.511732,40.812593],[-73.512225,40.811562],[-73.51267,40.809952],[-73.519883,40.772474],[-73.520301,40.771425],[-73.52095,40.770446],[-73.521357,40.769993],[-73.522299,40.769163],[-73.52283,40.768792],[-73.523424,40.768483],[-73.524762,40.768077],[-73.528236,40.767333],[-73.530752,40.76672],[-73.534127,40.765747],[-73.536878,40.765079],[-73.617498,40.74593],[-73.642977,40.739847],[-73.656717,40.736486],[-73.660188,40.735738],[-73.704947,40.725068],[-73.786417,40.705479],[-73.801013,40.701942],[-73.804366,40.700938],[-73.810687,40.699168],[-73.813452,40.698545],[-73.814871,40.698372],[-73.816301,40.698478],[-73.81699,40.69864],[-73.818286,40.699117],[-73.818895,40.69941],[-73.820025,40.700091],[-73.821055,40.700859],[-73.822016,40.701678],[-73.83739,40.715509],[-73.838905,40.716684],[-73.840002,40.717397],[-73.841162,40.718049],[-73.84238,40.718637],[-73.844297,40.719401],[-73.883303,40.733693],[-73.893412,40.737936],[-73.894611,40.738546],[-73.895166,40.738896],[-73.89618,40.739676],[-73.903005,40.746066],[-73.905869,40.748535],[-73.906952,40.74926],[-73.908128,40.749895],[-73.909384,40.750436],[-73.91071,40.750866],[-73.912119,40.751085],[-73.91284,40.751096],[-73.91427,40.750956],[-73.931806,40.74772],[-73.935295,40.747018],[-73.937339,40.746479],[-73.938651,40.746021],[-73.945627,40.74314],[-73.948906,40.741996],[-73.950263,40.741623],[-73.951666,40.74137],[-73.953097,40.741234],[-73.954539,40.741198],[-73.959549,40.741676],[-73.972398,40.743134],[-73.97311,40.743223],[-73.974499,40.743519],[-73.976479,40.744178],[-73.989142,40.749449],[-73.989791,40.749681],[-73.991162,40.749989],[-73.993087,40.750743]]}},{"type":"Feature","properties":{"agency":"LIRR","color":"#006EC7","description":"Port Jefferson Branch","route":"10","routeId":"10","shapeId":"DCCDE88C"},"geometry":{"type":"LineString","coordinates":[[-73.94662,40.742487],[-73.942176,40.744311],[-73.938276,40.745743],[-73.934968,40.746839],[-73.932227,40.747524],[-73.924517,40.748964],[-73.920257,40.749547],[-73.914641,40.750567],[-73.913207,40.750686],[-73.911765,40.750675],[-73.910347,40.750482],[-73.909662,40.750309],[-73.909,40.750092],[-73.907773,40.749517],[-73.906106,40.74847],[-73.903005,40.746066],[-73.89618,40.739676],[-73.895166,40.738896],[-73.894611,40.738546],[-73.893412,40.737936],[-73.883303,40.733693],[-73.844297,40.719401],[-73.84238,40.718637],[-73.841162,40.718049],[-73.840002,40.717397],[-73.838905,40.716684],[-73.83739,40.715509],[-73.822016,40.701678],[-73.821055,40.700859],[-73.820025,40.700091],[-73.818895,40.69941],[-73.818286,40.699117],[-73.81699,40.69864],[-73.816301,40.698478],[-73.815591,40.698388],[-73.814154,40.698424],[-73.812057,40.698826],[-73.804366,40.700938],[-73.801013,40.701942],[-73.786417,40.705479],[-73.704947,40.725068],[-73.660188,40.735738],[-73.656717,40.736486],[-73.642977,40.739847],[-73.617498,40.74593],[-73.536878,40.765079],[-73.534127,40.765747],[-73.530752,40.76672],[-73.528236,40.767333],[-73.524762,40.768077],[-73.523424,40.768483],[-73.52283,40.768792],[-73.522299,40.769163],[-73.521357,40.769993],[-73.52095,40.770446],[-73.520301,40.771425],[-73.519883,40.772474],[-73.51267,40.809952],[-73.512225,40.811562],[-73.511732,40.812593],[-73.511099,40.81358],[-73.505664,40.821332],[-73.504862,40.822242],[-73.503819,40.822998],[-73.50094,40.824655],[-73.499638,40.825124],[-73.498245,40.825411],[-73.472561,40.828559],[-73.466088,40.829033],[-73.462477,40.829051],[-73.459625,40.829401],[-73.458223,40.82966],[-73.457562,40.82988],[-73.456348,40.830473],[-73.455177,40.831117],[-73.454128,40.831868],[-73.4533,40.832766],[-73.450408,40.836568],[-73.449583,40.837466],[-73.449064,40.837847],[-73.448479,40.838168],[-73.447162,40.83861],[-73.446456,40.838721],[-73.445016,40.838713],[-73.442904,40.838356],[-73.442244,40.838133],[-73.438472,40.836509],[-73.437104,40.836169],[-73.435665,40.836102],[-73.434949,40.836168],[-73.433582,40.836512],[-73.432959,40.836788],[-73.431865,40.837503],[-73.412724,40.851688],[-73.412168,40.852038],[-73.411555,40.852327],[-73.386389,40.860693],[-73.356675,40.87076],[-73.35528,40.871043],[-73.348871,40.8719],[-73.348171,40.872035],[-73.347506,40.872248],[-73.346897,40.872542],[-73.346364,40.87291],[-73.344944,40.874153],[-73.338553,40.878608],[-73.336766,40.879536],[-73.335449,40.879989],[-73.334064,40.880299],[-73.331913,40.880497],[-73.254642,40.883746],[-73.253197,40.883785],[-73.251765,40.883652],[-73.25041,40.883278],[-73.249185,40.882698],[-73.234111,40.874165],[-73.23299,40.873473],[-73.232496,40.873073],[-73.23169,40.872165],[-73.229331,40.868156],[-73.229012,40.867663],[-73.228616,40.867205],[-73.228139,40.866794],[-73.227593,40.866436],[-73.223966,40.864629],[-73.222852,40.863934],[-73.219695,40.860932],[-73.219228,40.860513],[-73.218695,40.860144],[-73.218081,40.859858],[-73.217414,40.859648],[-73.214683,40.858926],[-73.214028,40.858695],[-73.208677,40.855887],[-73.208052,40.855613],[-73.207384,40.855405],[-73.205967,40.855206],[-73.203801,40.855145],[-73.203084,40.85521],[-73.20102,40.855707],[-73.193557,40.857786],[-73.192354,40.858391],[-73.187939,40.861228],[-73.185803,40.862708],[-73.145421,40.892603],[-73.144982,40.893039],[-73.144629,40.893516],[-73.144356,40.894024],[-73.140253,40.90282],[-73.139515,40.903761],[-73.13724,40.905894],[-73.136893,40.906374],[-73.136662,40.906892],[-73.136554,40.907434],[-73.136573,40.907981],[-73.137387,40.910653],[-73.137488,40.911196],[-73.137471,40.911743],[-73.137333,40.91228],[-73.137072,40.912791],[-73.1367,40.91326],[-73.136226,40.913673],[-73.132825,40.915718],[-73.131754,40.916453],[-73.130885,40.91733],[-73.129672,40.918695],[-73.127262,40.922074],[-73.125907,40.923358],[-73.125393,40.923743],[-73.124806,40.924062],[-73.122149,40.924926],[-73.12007,40.92539],[-73.118782,40.925889],[-73.118177,40.926189],[-73.117057,40.926883],[-73.114539,40.928853],[-73.113975,40.929195],[-73.113355,40.929476],[-73.112689,40.929689],[-73.11199,40.929829],[-73.108392,40.930101],[-73.104084,40.930512],[-73.102663,40.930718],[-73.089743,40.934287],[-73.086897,40.934643],[-73.085591,40.935109],[-73.083783,40.936018],[-73.083122,40.936238],[-73.082418,40.936359],[-73.081698,40.936393],[-73.080982,40.936325],[-73.078933,40.935785],[-73.077034,40.934994],[-73.074791,40.933607],[-73.074181,40.933314],[-73.073507,40.933121],[-73.072794,40.933039],[-73.072075,40.933076],[-73.07138,40.933222],[-73.069488,40.934025],[-73.068821,40.934236],[-73.067403,40.934433],[-73.065962,40.934357],[-73.06316,40.933811],[-73.061729,40.933678],[-73.058854,40.933925],[-73.05384,40.934475],[-73.052628,40.934488]]}},{"type":"Feature","properties":{"agency":"LIRR","color":"#006EC7","description":"Port Jefferson Branch","route":"10","routeId":"10","shapeId":"DCCDE88CW"},"geometry":{"type":"LineString","coordinates":[[-73.052628,40.934488],[-73.05384,40.934475],[-73.058854,40.933925],[-73.061729,40.933678],[-73.06316,40.933811],[-73.065962,40.934357],[-73.067403,40.934433],[-73.068821,40.934236],[-73.069488,40.934025],[-73.07138,40.933222],[-73.072075,40.933076],[-73.072794,40.933039],[-73.073507,40.933121],[-73.074181,40.933314],[-73.074791,40.933607],[-73.077034,40.934994],[-73.078933,40.935785],[-73.080982,40.936325],[-73.081698,40.936393],[-73.082418,40.936359],[-73.083122,40.936238],[-73.083783,40.936018],[-73.085591,40.935109],[-73.086897,40.934643],[-73.089743,40.934287],[-73.102663,40.930718],[-73.104084,40.930512],[-73.108392,40.930101],[-73.11199,40.929829],[-73.112689,40.929689],[-73.113355,40.929476],[-73.113975,40.929195],[-73.114539,40.928853],[-73.117057,40.926883],[-73.118177,40.926189],[-73.118782,40.925889],[-73.12007,40.92539],[-73.122149,40.924926],[-73.124806,40.924062],[-73.125393,40.923743],[-73.125907,40.923358],[-73.127262,40.922074],[-73.129672,40.918695],[-73.130885,40.91733],[-73.131754,40.916453],[-73.132825,40.915718],[-73.136226,40.913673],[-73.1367,40.91326],[-73.137072,40.912791],[-73.137333,40.91228],[-73.137471,40.911743],[-73.137488,40.911196],[-73.137387,40.910653],[-73.136573,40.907981],[-73.136554,40.907434],[-73.136662,40.906892],[-73.136893,40.906374],[-73.13724,40.905894],[-73.139515,40.903761],[-73.140253,40.90282],[-73.144356,40.894024],[-73.144629,40.893516],[-73.144982,40.893039],[-73.145421,40.892603],[-73.185803,40.862708],[-73.187939,40.861228],[-73.192354,40.858391],[-73.193557,40.857786],[-73.20102,40.855707],[-73.203084,40.85521],[-73.203801,40.855145],[-73.205967,40.855206],[-73.207384,40.855405],[-73.208052,40.855613],[-73.208677,40.855887],[-73.214028,40.858695],[-73.214683,40.858926],[-73.217414,40.859648],[-73.218081,40.859858],[-73.218695,40.860144],[-73.219228,40.860513],[-73.219695,40.860932],[-73.222852,40.863934],[-73.223966,40.864629],[-73.227593,40.866436],[-73.228139,40.866794],[-73.228616,40.867205],[-73.229012,40.867663],[-73.229331,40.868156],[-73.23169,40.872165],[-73.232496,40.873073],[-73.23299,40.873473],[-73.234111,40.874165],[-73.249185,40.882698],[-73.25041,40.883278],[-73.251765,40.883652],[-73.253197,40.883785],[-73.254642,40.883746],[-73.331913,40.880497],[-73.334064,40.880299],[-73.335449,40.879989],[-73.336766,40.879536],[-73.338553,40.878608],[-73.344944,40.874153],[-73.346364,40.87291],[-73.346897,40.872542],[-73.347506,40.872248],[-73.348171,40.872035],[-73.348871,40.8719],[-73.35528,40.871043],[-73.356675,40.87076],[-73.386389,40.860693],[-73.411555,40.852327],[-73.412168,40.852038],[-73.412724,40.851688],[-73.431865,40.837503],[-73.432959,40.836788],[-73.433582,40.836512],[-73.434949,40.836168],[-73.435665,40.836102],[-73.437104,40.836169],[-73.438472,40.836509],[-73.442244,40.838133],[-73.442904,40.838356],[-73.445016,40.838713],[-73.446456,40.838721],[-73.447162,40.83861],[-73.448479,40.838168],[-73.449064,40.837847],[-73.449583,40.837466],[-73.450408,40.836568],[-73.4533,40.832766],[-73.454128,40.831868],[-73.455177,40.831117],[-73.456348,40.830473],[-73.457562,40.82988],[-73.458223,40.82966],[-73.459625,40.829401],[-73.462477,40.829051],[-73.466088,40.829033],[-73.472561,40.828559],[-73.498245,40.825411],[-73.499638,40.825124],[-73.50094,40.824655],[-73.503819,40.822998],[-73.504862,40.822242],[-73.505664,40.821332],[-73.511099,40.81358],[-73.511732,40.812593],[-73.512225,40.811562],[-73.51267,40.809952],[-73.519883,40.772474],[-73.520301,40.771425],[-73.52095,40.770446],[-73.521357,40.769993],[-73.522299,40.769163],[-73.52283,40.768792],[-73.523424,40.768483],[-73.524762,40.768077],[-73.528236,40.767333],[-73.530752,40.76672],[-73.534127,40.765747],[-73.536878,40.765079],[-73.617498,40.74593],[-73.642977,40.739847],[-73.656717,40.736486],[-73.660188,40.735738],[-73.704947,40.725068],[-73.786417,40.705479],[-73.801013,40.701942],[-73.804366,40.700938],[-73.812057,40.698826],[-73.814154,40.698424],[-73.815591,40.698388],[-73.816301,40.698478],[-73.81699,40.69864],[-73.818286,40.699117],[-73.818895,40.69941],[-73.820025,40.700091],[-73.821055,40.700859],[-73.822016,40.701678],[-73.83739,40.715509],[-73.838905,40.716684],[-73.840002,40.717397],[-73.841162,40.718049],[-73.84238,40.718637],[-73.844297,40.719401],[-73.883303,40.733693],[-73.893412,40.737936],[-73.894611,40.738546],[-73.895166,40.738896],[-73.89618,40.739676],[-73.903005,40.746066],[-73.906106,40.74847],[-73.907773,40.749517],[-73.909,40.750092],[-73.909662,40.750309],[-73.910347,40.750482],[-73.911765,40.750675],[-73.913207,40.750686],[-73.914641,40.750567],[-73.920257,40.749547],[-73.924517,40.748964],[-73.932227,40.747524],[-73.934968,40.746839],[-73.938276,40.745743],[-73.942176,40.744311],[-73.94662,40.742487]]}},{"type":"Feature","properties":{"agency":"LIRR","color":"#006EC7","description":"Port Jefferson Branch","route":"10","routeId":"10","shapeId":"DECD0CE9"},"geometry":{"type":"LineString","coordinates":[[-73.409576,40.853001],[-73.386389,40.860693],[-73.356675,40.87076],[-73.35528,40.871043],[-73.348871,40.8719],[-73.348171,40.872035],[-73.347506,40.872248],[-73.346897,40.872542],[-73.346364,40.87291],[-73.344944,40.874153],[-73.338553,40.878608],[-73.336766,40.879536],[-73.334763,40.880161],[-73.333353,40.880399],[-73.331913,40.880497],[-73.253197,40.883785],[-73.252476,40.883749],[-73.251073,40.883495],[-73.24978,40.883009],[-73.234111,40.874165],[-73.23299,40.873473],[-73.232496,40.873073],[-73.23169,40.872165],[-73.229331,40.868156],[-73.229012,40.867663],[-73.228616,40.867205],[-73.228139,40.866794],[-73.227593,40.866436],[-73.223966,40.864629],[-73.222852,40.863934],[-73.219695,40.860932],[-73.219228,40.860513],[-73.218695,40.860144],[-73.218081,40.859858],[-73.217414,40.859648],[-73.214683,40.858926],[-73.214028,40.858695],[-73.208677,40.855887],[-73.207384,40.855405],[-73.206685,40.85527],[-73.204523,40.855148],[-73.203084,40.85521],[-73.202386,40.855348],[-73.194894,40.857373],[-73.193557,40.857786],[-73.192354,40.858391],[-73.187391,40.861586],[-73.185803,40.862708],[-73.145421,40.892603],[-73.144982,40.893039],[-73.144629,40.893516],[-73.144356,40.894024],[-73.140253,40.90282],[-73.139515,40.903761],[-73.13724,40.905894],[-73.136893,40.906374],[-73.136662,40.906892],[-73.136554,40.907434],[-73.136573,40.907981],[-73.137387,40.910653],[-73.137488,40.911196],[-73.137471,40.911743],[-73.137333,40.91228],[-73.137072,40.912791],[-73.1367,40.91326],[-73.136226,40.913673],[-73.132825,40.915718],[-73.131754,40.916453],[-73.130885,40.91733],[-73.129672,40.918695],[-73.127262,40.922074],[-73.125907,40.923358],[-73.125393,40.923743],[-73.124806,40.924062],[-73.122149,40.924926],[-73.12007,40.92539],[-73.118782,40.925889],[-73.118177,40.926189],[-73.117057,40.926883],[-73.114539,40.928853],[-73.113975,40.929195],[-73.113355,40.929476],[-73.112689,40.929689],[-73.11199,40.929829],[-73.108392,40.930101],[-73.104084,40.930512],[-73.102663,40.930718],[-73.089743,40.934287],[-73.086897,40.934643],[-73.085591,40.935109],[-73.083783,40.936018],[-73.083122,40.936238],[-73.082418,40.936359],[-73.081698,40.936393],[-73.080982,40.936325],[-73.078933,40.935785],[-73.077034,40.934994],[-73.074791,40.933607],[-73.074181,40.933314],[-73.073507,40.933121],[-73.072794,40.933039],[-73.072075,40.933076],[-73.07138,40.933222],[-73.069488,40.934025],[-73.068821,40.934236],[-73.067403,40.934433],[-73.065962,40.934357],[-73.06316,40.933811],[-73.061729,40.933678],[-73.058854,40.933925],[-73.05384,40.934475],[-73.052628,40.934488]]}},{"type":"Feature","properties":{"agency":"LIRR","color":"#006EC7","description":"Port Jefferson Branch","route":"10","routeId":"10","shapeId":"DECD0CE9W"},"geometry":{"type":"LineString","coordinates":[[-73.052628,40.934488],[-73.05384,40.934475],[-73.058854,40.933925],[-73.061729,40.933678],[-73.06316,40.933811],[-73.065962,40.934357],[-73.067403,40.934433],[-73.068821,40.934236],[-73.069488,40.934025],[-73.07138,40.933222],[-73.072075,40.933076],[-73.072794,40.933039],[-73.073507,40.933121],[-73.074181,40.933314],[-73.074791,40.933607],[-73.077034,40.934994],[-73.078933,40.935785],[-73.080982,40.936325],[-73.081698,40.936393],[-73.082418,40.936359],[-73.083122,40.936238],[-73.083783,40.936018],[-73.085591,40.935109],[-73.086897,40.934643],[-73.089743,40.934287],[-73.102663,40.930718],[-73.104084,40.930512],[-73.108392,40.930101],[-73.11199,40.929829],[-73.112689,40.929689],[-73.113355,40.929476],[-73.113975,40.929195],[-73.114539,40.928853],[-73.117057,40.926883],[-73.118177,40.926189],[-73.118782,40.925889],[-73.12007,40.92539],[-73.122149,40.924926],[-73.124806,40.924062],[-73.125393,40.923743],[-73.125907,40.923358],[-73.127262,40.922074],[-73.129672,40.918695],[-73.130885,40.91733],[-73.131754,40.916453],[-73.132825,40.915718],[-73.136226,40.913673],[-73.1367,40.91326],[-73.137072,40.912791],[-73.137333,40.91228],[-73.137471,40.911743],[-73.137488,40.911196],[-73.137387,40.910653],[-73.136573,40.907981],[-73.136554,40.907434],[-73.136662,40.906892],[-73.136893,40.906374],[-73.13724,40.905894],[-73.139515,40.903761],[-73.140253,40.90282],[-73.144356,40.894024],[-73.144629,40.893516],[-73.144982,40.893039],[-73.145421,40.892603],[-73.185803,40.862708],[-73.187391,40.861586],[-73.192354,40.858391],[-73.193557,40.857786],[-73.194894,40.857373],[-73.202386,40.855348],[-73.203084,40.85521],[-73.204523,40.855148],[-73.206685,40.85527],[-73.207384,40.855405],[-73.208677,40.855887],[-73.214028,40.858695],[-73.214683,40.858926],[-73.217414,40.859648],[-73.218081,40.859858],[-73.218695,40.860144],[-73.219228,40.860513],[-73.219695,40.860932],[-73.222852,40.863934],[-73.223966,40.864629],[-73.227593,40.866436],[-73.228139,40.866794],[-73.228616,40.867205],[-73.229012,40.867663],[-73.229331,40.868156],[-73.23169,40.872165],[-73.232496,40.873073],[-73.23299,40.873473],[-73.234111,40.874165],[-73.24978,40.883009],[-73.251073,40.883495],[-73.252476,40.883749],[-73.253197,40.883785],[-73.331913,40.880497],[-73.333353,40.880399],[-73.334763,40.880161],[-73.336766,40.879536],[-73.338553,40.878608],[-73.344944,40.874153],[-73.346364,40.87291],[-73.346897,40.872542],[-73.347506,40.872248],[-73.348171,40.872035],[-73.348871,40.8719],[-73.35528,40.871043],[-73.356675,40.87076],[-73.386389,40.860693],[-73.409576,40.853001]]}},{"type":"Feature","properties":{"agency":"LIRR","color":"#4D5357","description":"City Terminal Zone","route":"12","routeId":"12","shapeId":"436E0248"},"geometry":{"type":"LineString","coordinates":[[-73.993087,40.750743],[-73.991162,40.749989],[-73.989791,40.749681],[-73.989142,40.749449],[-73.976479,40.744178],[-73.974499,40.743519],[-73.97311,40.743223],[-73.972398,40.743134],[-73.959549,40.741676],[-73.954539,40.741198],[-73.953097,40.741234],[-73.951666,40.74137],[-73.950263,40.741623],[-73.948906,40.741996],[-73.945627,40.74314],[-73.938651,40.746021],[-73.937339,40.746479],[-73.935295,40.747018],[-73.931806,40.74772],[-73.91427,40.750956],[-73.91284,40.751096],[-73.912119,40.751085],[-73.91071,40.750866],[-73.909384,40.750436],[-73.908128,40.749895],[-73.906952,40.74926],[-73.905869,40.748535],[-73.903005,40.746066],[-73.89618,40.739676],[-73.895166,40.738896],[-73.894611,40.738546],[-73.893412,40.737936],[-73.883303,40.733693],[-73.843649,40.719159],[-73.84238,40.718637],[-73.840575,40.71773],[-73.838905,40.716684],[-73.83739,40.715509],[-73.821543,40.701264],[-73.820025,40.700091],[-73.818895,40.69941],[-73.817651,40.698857],[-73.81699,40.69864],[-73.815591,40.698388],[-73.814871,40.698372],[-73.814154,40.698424],[-73.812057,40.698826],[-73.809334,40.699547]]}},{"type":"Feature","properties":{"agency":"LIRR","color":"#4D5357","description":"City Terminal Zone","route":"12","routeId":"12","shapeId":"5E489136"},"geometry":{"type":"LineString","coordinates":[[-73.975648,40.755062],[-73.974353,40.756838],[-73.973418,40.757989],[-73.971292,40.760961],[-73.970715,40.761474],[-73.969985,40.761859],[-73.966787,40.763049],[-73.965949,40.763273],[-73.965073,40.763388],[-73.964184,40.763389],[-73.963305,40.763283],[-73.962455,40.763085],[-73.961653,40.762792],[-73.948514,40.757086],[-73.941107,40.753334],[-73.936008,40.750612],[-73.932487,40.748622],[-73.931711,40.748293],[-73.930866,40.748084],[-73.929984,40.748004],[-73.929098,40.748057],[-73.924774,40.748855],[-73.91876,40.750087],[-73.916159,40.750546],[-73.914403,40.750762],[-73.913516,40.750808],[-73.911738,40.750762],[-73.910003,40.750473],[-73.909178,40.750219],[-73.907653,40.749525],[-73.906268,40.748676],[-73.905634,40.748201],[-73.902206,40.745088],[-73.903005,40.746066],[-73.89618,40.739676],[-73.895166,40.738896],[-73.894611,40.738546],[-73.893412,40.737936],[-73.883303,40.733693],[-73.843649,40.719159],[-73.84238,40.718637],[-73.840575,40.71773],[-73.838905,40.716684],[-73.83739,40.715509],[-73.821543,40.701264],[-73.820025,40.700091],[-73.818895,40.69941],[-73.817651,40.698857],[-73.81699,40.69864],[-73.815591,40.698388],[-73.814871,40.698372],[-73.814154,40.698424],[-73.812057,40.698826],[-73.809334,40.699547]]}},{"type":"Feature","properties":{"agency":"LIRR","color":"#4D5357","description":"City Terminal Zone","route":"12","routeId":"12","shapeId":"5E489136W"},"geometry":{"type":"LineString","coordinates":[[-73.809334,40.699547],[-73.812057,40.698826],[-73.814154,40.698424],[-73.814871,40.698372],[-73.815591,40.698388],[-73.81699,40.69864],[-73.817651,40.698857],[-73.818895,40.69941],[-73.820025,40.700091],[-73.821543,40.701264],[-73.83739,40.715509],[-73.838905,40.716684],[-73.840575,40.71773],[-73.84238,40.718637],[-73.843649,40.719159],[-73.883303,40.733693],[-73.893412,40.737936],[-73.894611,40.738546],[-73.895166,40.738896],[-73.89618,40.739676],[-73.903005,40.746066],[-73.902206,40.745088],[-73.905634,40.748201],[-73.906268,40.748676],[-73.907653,40.749525],[-73.909178,40.750219],[-73.910003,40.750473],[-73.911738,40.750762],[-73.913516,40.750808],[-73.914403,40.750762],[-73.916159,40.750546],[-73.91876,40.750087],[-73.924774,40.748855],[-73.929098,40.748057],[-73.929984,40.748004],[-73.930866,40.748084],[-73.931711,40.748293],[-73.932487,40.748622],[-73.936008,40.750612],[-73.941107,40.753334],[-73.948514,40.757086],[-73.961653,40.762792],[-73.962455,40.763085],[-73.963305,40.763283],[-73.964184,40.763389],[-73.965073,40.763388],[-73.965949,40.763273],[-73.966787,40.763049],[-73.969985,40.761859],[-73.970715,40.761474],[-73.971292,40.760961],[-73.973418,40.757989],[-73.974353,40.756838],[-73.975648,40.755062]]}},{"type":"Feature","properties":{"agency":"LIRR","color":"#4D5357","description":"City Terminal Zone","route":"12","routeId":"12","shapeId":"76789C63"},"geometry":{"type":"LineString","coordinates":[[-73.977365,40.684751],[-73.976331,40.683988],[-73.975733,40.683683],[-73.975068,40.683478],[-73.972263,40.682969],[-73.967473,40.681762],[-73.952869,40.678714],[-73.952161,40.678616],[-73.905414,40.676062],[-73.903978,40.675964],[-73.901127,40.675636],[-73.897526,40.675717],[-73.895375,40.675887],[-73.893949,40.67605],[-73.890423,40.676617],[-73.886275,40.67755],[-73.817356,40.697117],[-73.813407,40.698462],[-73.810645,40.699089],[-73.808758,40.699614]]}},{"type":"Feature","properties":{"agency":"LIRR","color":"#4D5357","description":"City Terminal Zone","route":"12","routeId":"12","shapeId":"76789C63W"},"geometry":{"type":"LineString","coordinates":[[-73.808758,40.699614],[-73.810645,40.699089],[-73.813407,40.698462],[-73.817356,40.697117],[-73.886275,40.67755],[-73.890423,40.676617],[-73.893949,40.67605],[-73.895375,40.675887],[-73.897526,40.675717],[-73.901127,40.675636],[-73.903978,40.675964],[-73.905414,40.676062],[-73.952161,40.678616],[-73.952869,40.678714],[-73.967473,40.681762],[-73.972263,40.682969],[-73.975068,40.683478],[-73.975733,40.683683],[-73.976331,40.683988],[-73.977365,40.684751]]}},{"type":"Feature","properties":{"agency":"LIRR","color":"#A626AA","description":"Greenport Service","route":"13","routeId":"13","shapeId":"42243F91"},"geometry":{"type":"LineString","coordinates":[[-73.105639,40.808148],[-72.990073,40.818152],[-72.92181,40.823969],[-72.920023,40.82417],[-72.919152,40.824348],[-72.91749,40.824883],[-72.915155,40.825931],[-72.826182,40.866784],[-72.795944,40.880564],[-72.780409,40.88886],[-72.737635,40.911924],[-72.736117,40.912672],[-72.734523,40.913321],[-72.73286,40.913859],[-72.731141,40.914288],[-72.72938,40.914601],[-72.72759,40.914801],[-72.667312,40.919764]]}},{"type":"Feature","properties":{"agency":"LIRR","color":"#A626AA","description":"Greenport Service","route":"13","routeId":"13","shapeId":"42243F91W"},"geometry":{"type":"LineString","coordinates":[[-72.667312,40.919764],[-72.72759,40.914801],[-72.72938,40.914601],[-72.731141,40.914288],[-72.73286,40.913859],[-72.734523,40.913321],[-72.736117,40.912672],[-72.737635,40.911924],[-72.780409,40.88886],[-72.795944,40.880564],[-72.826182,40.866784],[-72.915155,40.825931],[-72.91749,40.824883],[-72.919152,40.824348],[-72.920023,40.82417],[-72.92181,40.823969],[-72.990073,40.818152],[-73.105639,40.808148]]}},{"type":"Feature","properties":{"agency":"LIRR","color":"#A626AA","description":"Greenport Service","route":"13","routeId":"13","shapeId":"54C9D02A"},"geometry":{"type":"LineString","coordinates":[[-73.105639,40.808148],[-72.990073,40.818152],[-72.92181,40.823969],[-72.920023,40.82417],[-72.919152,40.824348],[-72.91749,40.824883],[-72.915155,40.825931],[-72.826182,40.866784],[-72.795944,40.880564],[-72.780409,40.88886],[-72.737635,40.911924],[-72.736117,40.912672],[-72.734523,40.913321],[-72.73286,40.913859],[-72.731141,40.914288],[-72.72938,40.914601],[-72.72759,40.914801],[-72.655255,40.920753],[-72.653116,40.92102],[-72.651756,40.921394],[-72.649879,40.922215],[-72.618818,40.939289],[-72.617622,40.939907],[-72.616339,40.940411],[-72.614975,40.940777],[-72.613561,40.941009],[-72.581963,40.944056],[-72.580564,40.944327],[-72.5799,40.944545],[-72.57868,40.945131],[-72.578139,40.945495],[-72.577214,40.946337],[-72.550913,40.975263],[-72.530109,40.998398],[-72.529238,40.999274],[-72.528224,41.000057],[-72.44403,41.058853],[-72.442247,41.059792],[-72.401191,41.078422],[-72.399982,41.079027],[-72.398926,41.079777],[-72.380498,41.094545],[-72.379436,41.095292],[-72.378859,41.095624],[-72.377619,41.096192],[-72.376283,41.096617],[-72.363276,41.099652]]}},{"type":"Feature","properties":{"agency":"LIRR","color":"#A626AA","description":"Greenport Service","route":"13","routeId":"13","shapeId":"54C9D02AW"},"geometry":{"type":"LineString","coordinates":[[-72.363276,41.099652],[-72.376283,41.096617],[-72.377619,41.096192],[-72.378859,41.095624],[-72.379436,41.095292],[-72.380498,41.094545],[-72.398926,41.079777],[-72.399982,41.079027],[-72.401191,41.078422],[-72.442247,41.059792],[-72.44403,41.058853],[-72.528224,41.000057],[-72.529238,40.999274],[-72.530109,40.998398],[-72.550913,40.975263],[-72.577214,40.946337],[-72.578139,40.945495],[-72.57868,40.945131],[-72.5799,40.944545],[-72.580564,40.944327],[-72.581963,40.944056],[-72.613561,40.941009],[-72.614975,40.940777],[-72.616339,40.940411],[-72.617622,40.939907],[-72.618818,40.939289],[-72.649879,40.922215],[-72.651756,40.921394],[-72.653116,40.92102],[-72.655255,40.920753],[-72.72759,40.914801],[-72.72938,40.914601],[-72.731141,40.914288],[-72.73286,40.913859],[-72.734523,40.913321],[-72.736117,40.912672],[-72.737635,40.911924],[-72.780409,40.88886],[-72.795944,40.880564],[-72.826182,40.866784],[-72.915155,40.825931],[-72.91749,40.824883],[-72.919152,40.824348],[-72.920023,40.82417],[-72.92181,40.823969],[-72.990073,40.818152],[-73.105639,40.808148]]}},{"type":"Feature","properties":{"agency":"LIRR","color":"#CE8E00","description":"Hempstead Branch","route":"2","routeId":"2","shapeId":"4BEEF5BF"},"geometry":{"type":"LineString","coordinates":[[-73.977365,40.684751],[-73.976331,40.683988],[-73.975733,40.683683],[-73.975068,40.683478],[-73.972263,40.682969],[-73.967473,40.681762],[-73.952869,40.678714],[-73.952161,40.678616],[-73.905414,40.676062],[-73.903978,40.675964],[-73.901127,40.675636],[-73.897526,40.675717],[-73.893949,40.67605],[-73.890423,40.676617],[-73.887647,40.677213],[-73.883563,40.678297],[-73.817356,40.697117],[-73.813407,40.698462],[-73.810645,40.699089],[-73.808758,40.699614],[-73.808595,40.699755],[-73.801013,40.701942],[-73.707012,40.724573],[-73.706004,40.724637],[-73.704628,40.724967],[-73.703214,40.72517],[-73.702494,40.725154],[-73.701786,40.725056],[-73.69903,40.724406],[-73.697611,40.724212],[-73.685429,40.723123],[-73.68399,40.723047],[-73.642142,40.722916],[-73.640007,40.723172],[-73.63445,40.724358],[-73.633744,40.724472],[-73.633028,40.724496],[-73.632337,40.724356],[-73.631732,40.724065],[-73.631274,40.723647],[-73.630707,40.722641],[-73.629943,40.721712],[-73.627998,40.720091],[-73.627162,40.7192],[-73.626845,40.718708],[-73.626426,40.717659],[-73.625246,40.713453]]}},{"type":"Feature","properties":{"agency":"LIRR","color":"#CE8E00","description":"Hempstead Branch","route":"2","routeId":"2","shapeId":"4BEEF5BFW"},"geometry":{"type":"LineString","coordinates":[[-73.625246,40.713453],[-73.626426,40.717659],[-73.626845,40.718708],[-73.627162,40.7192],[-73.627998,40.720091],[-73.629943,40.721712],[-73.630707,40.722641],[-73.631274,40.723647],[-73.631732,40.724065],[-73.632337,40.724356],[-73.633028,40.724496],[-73.633744,40.724472],[-73.63445,40.724358],[-73.640007,40.723172],[-73.642142,40.722916],[-73.68399,40.723047],[-73.685429,40.723123],[-73.697611,40.724212],[-73.69903,40.724406],[-73.701786,40.725056],[-73.702494,40.725154],[-73.703214,40.72517],[-73.704628,40.724967],[-73.706004,40.724637],[-73.707012,40.724573],[-73.801013,40.701942],[-73.808595,40.699755],[-73.808758,40.699614],[-73.810645,40.699089],[-73.813407,40.698462],[-73.817356,40.697117],[-73.883563,40.678297],[-73.887647,40.677213],[-73.890423,40.676617],[-73.893949,40.67605],[-73.897526,40.675717],[-73.901127,40.675636],[-73.903978,40.675964],[-73.905414,40.676062],[-73.952161,40.678616],[-73.952869,40.678714],[-73.967473,40.681762],[-73.972263,40.682969],[-73.975068,40.683478],[-73.975733,40.683683],[-73.976331,40.683988],[-73.977365,40.684751]]}},{"type":"Feature","properties":{"agency":"LIRR","color":"#CE8E00","description":"Hempstead Branch","route":"2","routeId":"2","shapeId":"A6CFAE20"},"geometry":{"type":"LineString","coordinates":[[-73.993087,40.750743],[-73.991162,40.749989],[-73.989791,40.749681],[-73.989142,40.749449],[-73.976479,40.744178],[-73.974499,40.743519],[-73.97311,40.743223],[-73.972398,40.743134],[-73.959549,40.741676],[-73.954539,40.741198],[-73.953097,40.741234],[-73.951666,40.74137],[-73.950263,40.741623],[-73.948906,40.741996],[-73.945627,40.74314],[-73.938651,40.746021],[-73.937339,40.746479],[-73.935295,40.747018],[-73.931806,40.74772],[-73.91427,40.750956],[-73.91284,40.751096],[-73.912119,40.751085],[-73.91071,40.750866],[-73.909384,40.750436],[-73.908128,40.749895],[-73.906952,40.74926],[-73.905869,40.748535],[-73.903005,40.746066],[-73.89618,40.739676],[-73.895166,40.738896],[-73.894611,40.738546],[-73.893412,40.737936],[-73.883303,40.733693],[-73.843649,40.719159],[-73.84238,40.718637],[-73.840575,40.71773],[-73.838905,40.716684],[-73.83739,40.715509],[-73.821055,40.700859],[-73.819475,40.699736],[-73.818286,40.699117],[-73.81699,40.69864],[-73.815591,40.698388],[-73.814154,40.698424],[-73.811367,40.698985],[-73.804366,40.700938],[-73.801013,40.701942],[-73.795006,40.703405],[-73.707012,40.724573],[-73.706004,40.724637],[-73.704628,40.724967],[-73.703214,40.72517],[-73.702494,40.725154],[-73.701786,40.725056],[-73.69903,40.724406],[-73.697611,40.724212],[-73.685429,40.723123],[-73.68399,40.723047],[-73.642142,40.722916],[-73.640007,40.723172],[-73.63445,40.724358],[-73.633744,40.724472],[-73.633028,40.724496],[-73.632337,40.724356],[-73.631732,40.724065],[-73.631274,40.723647],[-73.630707,40.722641],[-73.629943,40.721712],[-73.627998,40.720091],[-73.627162,40.7192],[-73.626845,40.718708],[-73.626426,40.717659],[-73.625246,40.713453]]}},{"type":"Feature","properties":{"agency":"LIRR","color":"#CE8E00","description":"Hempstead Branch","route":"2","routeId":"2","shapeId":"A6CFAE20W"},"geometry":{"type":"LineString","coordinates":[[-73.625246,40.713453],[-73.626426,40.717659],[-73.626845,40.718708],[-73.627162,40.7192],[-73.627998,40.720091],[-73.629943,40.721712],[-73.630707,40.722641],[-73.631274,40.723647],[-73.631732,40.724065],[-73.632337,40.724356],[-73.633028,40.724496],[-73.633744,40.724472],[-73.63445,40.724358],[-73.640007,40.723172],[-73.642142,40.722916],[-73.68399,40.723047],[-73.685429,40.723123],[-73.697611,40.724212],[-73.69903,40.724406],[-73.701786,40.725056],[-73.702494,40.725154],[-73.703214,40.72517],[-73.704628,40.724967],[-73.706004,40.724637],[-73.707012,40.724573],[-73.795006,40.703405],[-73.801013,40.701942],[-73.804366,40.700938],[-73.811367,40.698985],[-73.814154,40.698424],[-73.815591,40.698388],[-73.81699,40.69864],[-73.818286,40.699117],[-73.819475,40.699736],[-73.821055,40.700859],[-73.83739,40.715509],[-73.838905,40.716684],[-73.840575,40.71773],[-73.84238,40.718637],[-73.843649,40.719159],[-73.883303,40.733693],[-73.893412,40.737936],[-73.894611,40.738546],[-73.895166,40.738896],[-73.89618,40.739676],[-73.903005,40.746066],[-73.905869,40.748535],[-73.906952,40.74926],[-73.908128,40.749895],[-73.909384,40.750436],[-73.91071,40.750866],[-73.912119,40.751085],[-73.91284,40.751096],[-73.91427,40.750956],[-73.931806,40.74772],[-73.935295,40.747018],[-73.937339,40.746479],[-73.938651,40.746021],[-73.945627,40.74314],[-73.948906,40.741996],[-73.950263,40.741623],[-73.951666,40.74137],[-73.953097,40.741234],[-73.954539,40.741198],[-73.959549,40.741676],[-73.972398,40.743134],[-73.97311,40.743223],[-73.974499,40.743519],[-73.976479,40.744178],[-73.989142,40.749449],[-73.989791,40.749681],[-73.991162,40.749989],[-73.993087,40.750743]]}},{"type":"Feature","properties":{"agency":"LIRR","color":"#CE8E00","description":"Hempstead Branch","route":"2","routeId":"2","shapeId":"BBA47E8E"},"geometry":{"type":"LineString","coordinates":[[-73.975648,40.755062],[-73.974353,40.756838],[-73.973418,40.757989],[-73.971292,40.760961],[-73.970715,40.761474],[-73.969985,40.761859],[-73.966787,40.763049],[-73.965949,40.763273],[-73.965073,40.763388],[-73.964184,40.763389],[-73.963305,40.763283],[-73.962455,40.763085],[-73.961653,40.762792],[-73.948514,40.757086],[-73.941107,40.753334],[-73.936008,40.750612],[-73.932487,40.748622],[-73.931711,40.748293],[-73.930866,40.748084],[-73.929984,40.748004],[-73.929098,40.748057],[-73.924774,40.748855],[-73.91876,40.750087],[-73.916159,40.750546],[-73.914403,40.750762],[-73.913516,40.750808],[-73.911738,40.750762],[-73.910003,40.750473],[-73.909178,40.750219],[-73.907653,40.749525],[-73.906268,40.748676],[-73.905634,40.748201],[-73.902206,40.745088],[-73.903005,40.746066],[-73.89618,40.739676],[-73.895166,40.738896],[-73.894611,40.738546],[-73.893412,40.737936],[-73.883303,40.733693],[-73.843649,40.719159],[-73.84238,40.718637],[-73.840575,40.71773],[-73.838905,40.716684],[-73.83739,40.715509],[-73.821055,40.700859],[-73.819475,40.699736],[-73.818286,40.699117],[-73.81699,40.69864],[-73.815591,40.698388],[-73.814154,40.698424],[-73.811367,40.698985],[-73.804366,40.700938],[-73.801013,40.701942],[-73.795006,40.703405],[-73.707012,40.724573],[-73.706004,40.724637],[-73.704628,40.724967],[-73.703214,40.72517],[-73.702494,40.725154],[-73.701786,40.725056],[-73.69903,40.724406],[-73.697611,40.724212],[-73.685429,40.723123],[-73.68399,40.723047],[-73.642142,40.722916],[-73.640007,40.723172],[-73.63445,40.724358],[-73.633744,40.724472],[-73.633028,40.724496],[-73.632337,40.724356],[-73.631732,40.724065],[-73.631274,40.723647],[-73.630707,40.722641],[-73.629943,40.721712],[-73.627998,40.720091],[-73.627162,40.7192],[-73.626845,40.718708],[-73.626426,40.717659],[-73.625246,40.713453]]}},{"type":"Feature","properties":{"agency":"LIRR","color":"#CE8E00","description":"Hempstead Branch","route":"2","routeId":"2","shapeId":"BBA47E8EW"},"geometry":{"type":"LineString","coordinates":[[-73.625246,40.713453],[-73.626426,40.717659],[-73.626845,40.718708],[-73.627162,40.7192],[-73.627998,40.720091],[-73.629943,40.721712],[-73.630707,40.722641],[-73.631274,40.723647],[-73.631732,40.724065],[-73.632337,40.724356],[-73.633028,40.724496],[-73.633744,40.724472],[-73.63445,40.724358],[-73.640007,40.723172],[-73.642142,40.722916],[-73.68399,40.723047],[-73.685429,40.723123],[-73.697611,40.724212],[-73.69903,40.724406],[-73.701786,40.725056],[-73.702494,40.725154],[-73.703214,40.72517],[-73.704628,40.724967],[-73.706004,40.724637],[-73.707012,40.724573],[-73.795006,40.703405],[-73.801013,40.701942],[-73.804366,40.700938],[-73.811367,40.698985],[-73.814154,40.698424],[-73.815591,40.698388],[-73.81699,40.69864],[-73.818286,40.699117],[-73.819475,40.699736],[-73.821055,40.700859],[-73.83739,40.715509],[-73.838905,40.716684],[-73.840575,40.71773],[-73.84238,40.718637],[-73.843649,40.719159],[-73.883303,40.733693],[-73.893412,40.737936],[-73.894611,40.738546],[-73.895166,40.738896],[-73.89618,40.739676],[-73.903005,40.746066],[-73.902206,40.745088],[-73.905634,40.748201],[-73.906268,40.748676],[-73.907653,40.749525],[-73.909178,40.750219],[-73.910003,40.750473],[-73.911738,40.750762],[-73.913516,40.750808],[-73.914403,40.750762],[-73.916159,40.750546],[-73.91876,40.750087],[-73.924774,40.748855],[-73.929098,40.748057],[-73.929984,40.748004],[-73.930866,40.748084],[-73.931711,40.748293],[-73.932487,40.748622],[-73.936008,40.750612],[-73.941107,40.753334],[-73.948514,40.757086],[-73.961653,40.762792],[-73.962455,40.763085],[-73.963305,40.763283],[-73.964184,40.763389],[-73.965073,40.763388],[-73.965949,40.763273],[-73.966787,40.763049],[-73.969985,40.761859],[-73.970715,40.761474],[-73.971292,40.760961],[-73.973418,40.757989],[-73.974353,40.756838],[-73.975648,40.755062]]}},{"type":"Feature","properties":{"agency":"LIRR","color":"#00AF3F","description":"Oyster Bay Branch","route":"3","routeId":"3","shapeId":"2CFE6B24"},"geometry":{"type":"LineString","coordinates":[[-73.957076,40.741507],[-73.955327,40.741119],[-73.952513,40.74063],[-73.951803,40.740587],[-73.951125,40.740758],[-73.94988,40.741312],[-73.947264,40.742238],[-73.942817,40.744059],[-73.939582,40.745275],[-73.935636,40.74663],[-73.932922,40.747374],[-73.925221,40.748842],[-73.920257,40.749547],[-73.914641,40.750567],[-73.913207,40.750686],[-73.911765,40.750675],[-73.910347,40.750482],[-73.909662,40.750309],[-73.909,40.750092],[-73.907773,40.749517],[-73.906106,40.74847],[-73.903005,40.746066],[-73.89618,40.739676],[-73.895166,40.738896],[-73.894611,40.738546],[-73.893412,40.737936],[-73.883303,40.733693],[-73.843649,40.719159],[-73.84238,40.718637],[-73.840575,40.71773],[-73.838905,40.716684],[-73.83739,40.715509],[-73.822016,40.701678],[-73.820549,40.700468],[-73.818895,40.69941],[-73.817651,40.698857],[-73.816301,40.698478],[-73.814871,40.698372],[-73.813452,40.698545],[-73.811367,40.698985],[-73.804366,40.700938],[-73.801013,40.701942],[-73.786417,40.705479],[-73.704947,40.725068],[-73.660188,40.735738],[-73.653274,40.737308],[-73.638463,40.740946],[-73.63783,40.741206],[-73.637275,40.741553],[-73.636818,40.741976],[-73.636465,40.742453],[-73.636217,40.742967],[-73.63609,40.743506],[-73.636088,40.744054],[-73.636394,40.745124],[-73.638848,40.752012],[-73.639075,40.753095],[-73.640489,40.764573],[-73.643165,40.780915],[-73.643276,40.782559],[-73.643305,40.792988],[-73.643498,40.794075],[-73.643821,40.795145],[-73.644056,40.796227],[-73.644102,40.796775],[-73.644047,40.797871],[-73.643678,40.799492],[-73.643285,40.800548],[-73.643001,40.801052],[-73.642235,40.80198],[-73.638252,40.805885],[-73.637324,40.806726],[-73.630324,40.811481],[-73.629288,40.812246],[-73.628396,40.813108],[-73.628012,40.813573],[-73.627377,40.814558],[-73.62693,40.815601],[-73.626678,40.81668],[-73.626545,40.817774],[-73.625725,40.824883],[-73.625644,40.826528],[-73.625964,40.830362],[-73.627244,40.843501],[-73.627308,40.845146],[-73.627194,40.84624],[-73.626945,40.847321],[-73.625696,40.850471],[-73.625502,40.851558],[-73.62531,40.854298],[-73.62519,40.854838],[-73.624975,40.855361],[-73.624667,40.855857],[-73.624279,40.856319],[-73.623813,40.856738],[-73.623277,40.857105],[-73.622682,40.857415],[-73.621394,40.857912],[-73.6208,40.858222],[-73.620295,40.858612],[-73.61989,40.859065],[-73.619585,40.85956],[-73.619411,40.860091],[-73.61911,40.862273],[-73.618667,40.863315],[-73.617933,40.864258],[-73.617037,40.865119],[-73.616063,40.865929],[-73.61496,40.866638],[-73.614364,40.866948],[-73.613085,40.867457],[-73.608407,40.868925],[-73.607112,40.869411],[-73.605919,40.870029],[-73.597307,40.875035],[-73.592235,40.877144],[-73.590894,40.87755],[-73.585284,40.878623],[-73.584568,40.87869],[-73.582401,40.878651],[-73.581691,40.878741],[-73.581019,40.878938],[-73.58042,40.879241],[-73.579904,40.879625],[-73.577975,40.881258],[-73.577396,40.881585],[-73.576762,40.881847],[-73.576086,40.882038],[-73.574667,40.882246],[-73.570372,40.882713],[-73.56965,40.88272],[-73.568239,40.882501],[-73.565573,40.881649],[-73.564317,40.881112],[-73.563767,40.880757],[-73.563288,40.880346],[-73.561703,40.878514],[-73.561202,40.878119],[-73.560634,40.877781],[-73.559344,40.877294],[-73.555917,40.876418],[-73.55521,40.876308],[-73.55449,40.876284],[-73.553774,40.876352],[-73.553083,40.876508],[-73.552436,40.876751],[-73.551849,40.877069],[-73.55134,40.877457],[-73.550006,40.878751],[-73.549433,40.879083],[-73.548782,40.879316],[-73.548082,40.879443],[-73.547361,40.879457],[-73.546653,40.879357],[-73.545989,40.879145],[-73.545399,40.878832],[-73.544902,40.878437],[-73.543814,40.877014],[-73.543393,40.876569],[-73.542876,40.876188],[-73.542278,40.875881],[-73.541622,40.875656],[-73.540922,40.875523],[-73.540203,40.875473],[-73.534044,40.875327]]}},{"type":"Feature","properties":{"agency":"LIRR","color":"#00AF3F","description":"Oyster Bay Branch","route":"3","routeId":"3","shapeId":"2CFE6B24W"},"geometry":{"type":"LineString","coordinates":[[-73.534044,40.875327],[-73.540203,40.875473],[-73.540922,40.875523],[-73.541622,40.875656],[-73.542278,40.875881],[-73.542876,40.876188],[-73.543393,40.876569],[-73.543814,40.877014],[-73.544902,40.878437],[-73.545399,40.878832],[-73.545989,40.879145],[-73.546653,40.879357],[-73.547361,40.879457],[-73.548082,40.879443],[-73.548782,40.879316],[-73.549433,40.879083],[-73.550006,40.878751],[-73.55134,40.877457],[-73.551849,40.877069],[-73.552436,40.876751],[-73.553083,40.876508],[-73.553774,40.876352],[-73.55449,40.876284],[-73.55521,40.876308],[-73.555917,40.876418],[-73.559344,40.877294],[-73.560634,40.877781],[-73.561202,40.878119],[-73.561703,40.878514],[-73.563288,40.880346],[-73.563767,40.880757],[-73.564317,40.881112],[-73.565573,40.881649],[-73.568239,40.882501],[-73.56965,40.88272],[-73.570372,40.882713],[-73.574667,40.882246],[-73.576086,40.882038],[-73.576762,40.881847],[-73.577396,40.881585],[-73.577975,40.881258],[-73.579904,40.879625],[-73.58042,40.879241],[-73.581019,40.878938],[-73.581691,40.878741],[-73.582401,40.878651],[-73.584568,40.87869],[-73.585284,40.878623],[-73.590894,40.87755],[-73.592235,40.877144],[-73.597307,40.875035],[-73.605919,40.870029],[-73.607112,40.869411],[-73.608407,40.868925],[-73.613085,40.867457],[-73.614364,40.866948],[-73.61496,40.866638],[-73.616063,40.865929],[-73.617037,40.865119],[-73.617933,40.864258],[-73.618667,40.863315],[-73.61911,40.862273],[-73.619411,40.860091],[-73.619585,40.85956],[-73.61989,40.859065],[-73.620295,40.858612],[-73.6208,40.858222],[-73.621394,40.857912],[-73.622682,40.857415],[-73.623277,40.857105],[-73.623813,40.856738],[-73.624279,40.856319],[-73.624667,40.855857],[-73.624975,40.855361],[-73.62519,40.854838],[-73.62531,40.854298],[-73.625502,40.851558],[-73.625696,40.850471],[-73.626945,40.847321],[-73.627194,40.84624],[-73.627308,40.845146],[-73.627244,40.843501],[-73.625964,40.830362],[-73.625644,40.826528],[-73.625725,40.824883],[-73.626545,40.817774],[-73.626678,40.81668],[-73.62693,40.815601],[-73.627377,40.814558],[-73.628012,40.813573],[-73.628396,40.813108],[-73.629288,40.812246],[-73.630324,40.811481],[-73.637324,40.806726],[-73.638252,40.805885],[-73.642235,40.80198],[-73.643001,40.801052],[-73.643285,40.800548],[-73.643678,40.799492],[-73.644047,40.797871],[-73.644102,40.796775],[-73.644056,40.796227],[-73.643821,40.795145],[-73.643498,40.794075],[-73.643305,40.792988],[-73.643276,40.782559],[-73.643165,40.780915],[-73.640489,40.764573],[-73.639075,40.753095],[-73.638848,40.752012],[-73.636394,40.745124],[-73.636088,40.744054],[-73.63609,40.743506],[-73.636217,40.742967],[-73.636465,40.742453],[-73.636818,40.741976],[-73.637275,40.741553],[-73.63783,40.741206],[-73.638463,40.740946],[-73.653274,40.737308],[-73.660188,40.735738],[-73.704947,40.725068],[-73.786417,40.705479],[-73.801013,40.701942],[-73.804366,40.700938],[-73.811367,40.698985],[-73.813452,40.698545],[-73.814871,40.698372],[-73.816301,40.698478],[-73.817651,40.698857],[-73.818895,40.69941],[-73.820549,40.700468],[-73.822016,40.701678],[-73.83739,40.715509],[-73.838905,40.716684],[-73.840575,40.71773],[-73.84238,40.718637],[-73.843649,40.719159],[-73.883303,40.733693],[-73.893412,40.737936],[-73.894611,40.738546],[-73.895166,40.738896],[-73.89618,40.739676],[-73.903005,40.746066],[-73.906106,40.74847],[-73.907773,40.749517],[-73.909,40.750092],[-73.909662,40.750309],[-73.910347,40.750482],[-73.911765,40.750675],[-73.913207,40.750686],[-73.914641,40.750567],[-73.920257,40.749547],[-73.925221,40.748842],[-73.932922,40.747374],[-73.935636,40.74663],[-73.939582,40.745275],[-73.942817,40.744059],[-73.947264,40.742238],[-73.94988,40.741312],[-73.951125,40.740758],[-73.951803,40.740587],[-73.952513,40.74063],[-73.955327,40.741119],[-73.957076,40.741507]]}},{"type":"Feature","properties":{"agency":"LIRR","color":"#00AF3F","description":"Oyster Bay Branch","route":"3","routeId":"3","shapeId":"5AA7B37A"},"geometry":{"type":"LineString","coordinates":[[-73.94662,40.742487],[-73.942176,40.744311],[-73.938276,40.745743],[-73.934968,40.746839],[-73.932227,40.747524],[-73.924517,40.748964],[-73.920257,40.749547],[-73.914641,40.750567],[-73.913207,40.750686],[-73.911765,40.750675],[-73.910347,40.750482],[-73.909,40.750092],[-73.907773,40.749517],[-73.906631,40.748846],[-73.903005,40.746066],[-73.89618,40.739676],[-73.895166,40.738896],[-73.894611,40.738546],[-73.893412,40.737936],[-73.883303,40.733693],[-73.843649,40.719159],[-73.84238,40.718637],[-73.840575,40.71773],[-73.838905,40.716684],[-73.83739,40.715509],[-73.822016,40.701678],[-73.820549,40.700468],[-73.818895,40.69941],[-73.817651,40.698857],[-73.816301,40.698478],[-73.814871,40.698372],[-73.813452,40.698545],[-73.811367,40.698985],[-73.804366,40.700938],[-73.801013,40.701942],[-73.786417,40.705479],[-73.704947,40.725068],[-73.660188,40.735738],[-73.653274,40.737308],[-73.638463,40.740946],[-73.63783,40.741206],[-73.637275,40.741553],[-73.636818,40.741976],[-73.636465,40.742453],[-73.636217,40.742967],[-73.63609,40.743506],[-73.636088,40.744054],[-73.636394,40.745124],[-73.638848,40.752012],[-73.639075,40.753095],[-73.640489,40.764573],[-73.643165,40.780915],[-73.643276,40.782559],[-73.643305,40.792988],[-73.643498,40.794075],[-73.643821,40.795145],[-73.644056,40.796227],[-73.644102,40.796775],[-73.644047,40.797871],[-73.643678,40.799492],[-73.643285,40.800548],[-73.643001,40.801052],[-73.642235,40.80198],[-73.638252,40.805885],[-73.637324,40.806726],[-73.630324,40.811481],[-73.629288,40.812246],[-73.628396,40.813108],[-73.628012,40.813573],[-73.627377,40.814558],[-73.62693,40.815601],[-73.626678,40.81668],[-73.626545,40.817774],[-73.625725,40.824883],[-73.625644,40.826528],[-73.625964,40.830362],[-73.627244,40.843501],[-73.627308,40.845146],[-73.627194,40.84624],[-73.626945,40.847321],[-73.625696,40.850471],[-73.625502,40.851558],[-73.62531,40.854298],[-73.62519,40.854838],[-73.624975,40.855361],[-73.624667,40.855857],[-73.624279,40.856319],[-73.623813,40.856738],[-73.623277,40.857105],[-73.622682,40.857415],[-73.621394,40.857912],[-73.6208,40.858222],[-73.620295,40.858612],[-73.61989,40.859065],[-73.619585,40.85956],[-73.619411,40.860091],[-73.61911,40.862273],[-73.618667,40.863315],[-73.617933,40.864258],[-73.617037,40.865119],[-73.616063,40.865929],[-73.61496,40.866638],[-73.614364,40.866948],[-73.613085,40.867457],[-73.608407,40.868925],[-73.607112,40.869411],[-73.605919,40.870029],[-73.597307,40.875035],[-73.592235,40.877144],[-73.590894,40.87755],[-73.585284,40.878623],[-73.584568,40.87869],[-73.582401,40.878651],[-73.581691,40.878741],[-73.581019,40.878938],[-73.58042,40.879241],[-73.579904,40.879625],[-73.577975,40.881258],[-73.577396,40.881585],[-73.576762,40.881847],[-73.576086,40.882038],[-73.574667,40.882246],[-73.570372,40.882713],[-73.56965,40.88272],[-73.568239,40.882501],[-73.565573,40.881649],[-73.564317,40.881112],[-73.563767,40.880757],[-73.563288,40.880346],[-73.561703,40.878514],[-73.561202,40.878119],[-73.560634,40.877781],[-73.559344,40.877294],[-73.555917,40.876418],[-73.55521,40.876308],[-73.55449,40.876284],[-73.553774,40.876352],[-73.553083,40.876508],[-73.552436,40.876751],[-73.551849,40.877069],[-73.55134,40.877457],[-73.550006,40.878751],[-73.549433,40.879083],[-73.548782,40.879316],[-73.548082,40.879443],[-73.547361,40.879457],[-73.546653,40.879357],[-73.545989,40.879145],[-73.545399,40.878832],[-73.544902,40.878437],[-73.543814,40.877014],[-73.543393,40.876569],[-73.542876,40.876188],[-73.542278,40.875881],[-73.541622,40.875656],[-73.540922,40.875523],[-73.540203,40.875473],[-73.534044,40.875327]]}},{"type":"Feature","properties":{"agency":"LIRR","color":"#00AF3F","description":"Oyster Bay Branch","route":"3","routeId":"3","shapeId":"5AA7B37AW"},"geometry":{"type":"LineString","coordinates":[[-73.534044,40.875327],[-73.540203,40.875473],[-73.540922,40.875523],[-73.541622,40.875656],[-73.542278,40.875881],[-73.542876,40.876188],[-73.543393,40.876569],[-73.543814,40.877014],[-73.544902,40.878437],[-73.545399,40.878832],[-73.545989,40.879145],[-73.546653,40.879357],[-73.547361,40.879457],[-73.548082,40.879443],[-73.548782,40.879316],[-73.549433,40.879083],[-73.550006,40.878751],[-73.55134,40.877457],[-73.551849,40.877069],[-73.552436,40.876751],[-73.553083,40.876508],[-73.553774,40.876352],[-73.55449,40.876284],[-73.55521,40.876308],[-73.555917,40.876418],[-73.559344,40.877294],[-73.560634,40.877781],[-73.561202,40.878119],[-73.561703,40.878514],[-73.563288,40.880346],[-73.563767,40.880757],[-73.564317,40.881112],[-73.565573,40.881649],[-73.568239,40.882501],[-73.56965,40.88272],[-73.570372,40.882713],[-73.574667,40.882246],[-73.576086,40.882038],[-73.576762,40.881847],[-73.577396,40.881585],[-73.577975,40.881258],[-73.579904,40.879625],[-73.58042,40.879241],[-73.581019,40.878938],[-73.581691,40.878741],[-73.582401,40.878651],[-73.584568,40.87869],[-73.585284,40.878623],[-73.590894,40.87755],[-73.592235,40.877144],[-73.597307,40.875035],[-73.605919,40.870029],[-73.607112,40.869411],[-73.608407,40.868925],[-73.613085,40.867457],[-73.614364,40.866948],[-73.61496,40.866638],[-73.616063,40.865929],[-73.617037,40.865119],[-73.617933,40.864258],[-73.618667,40.863315],[-73.61911,40.862273],[-73.619411,40.860091],[-73.619585,40.85956],[-73.61989,40.859065],[-73.620295,40.858612],[-73.6208,40.858222],[-73.621394,40.857912],[-73.622682,40.857415],[-73.623277,40.857105],[-73.623813,40.856738],[-73.624279,40.856319],[-73.624667,40.855857],[-73.624975,40.855361],[-73.62519,40.854838],[-73.62531,40.854298],[-73.625502,40.851558],[-73.625696,40.850471],[-73.626945,40.847321],[-73.627194,40.84624],[-73.627308,40.845146],[-73.627244,40.843501],[-73.625964,40.830362],[-73.625644,40.826528],[-73.625725,40.824883],[-73.626545,40.817774],[-73.626678,40.81668],[-73.62693,40.815601],[-73.627377,40.814558],[-73.628012,40.813573],[-73.628396,40.813108],[-73.629288,40.812246],[-73.630324,40.811481],[-73.637324,40.806726],[-73.638252,40.805885],[-73.642235,40.80198],[-73.643001,40.801052],[-73.643285,40.800548],[-73.643678,40.799492],[-73.644047,40.797871],[-73.644102,40.796775],[-73.644056,40.796227],[-73.643821,40.795145],[-73.643498,40.794075],[-73.643305,40.792988],[-73.643276,40.782559],[-73.643165,40.780915],[-73.640489,40.764573],[-73.639075,40.753095],[-73.638848,40.752012],[-73.636394,40.745124],[-73.636088,40.744054],[-73.63609,40.743506],[-73.636217,40.742967],[-73.636465,40.742453],[-73.636818,40.741976],[-73.637275,40.741553],[-73.63783,40.741206],[-73.638463,40.740946],[-73.653274,40.737308],[-73.660188,40.735738],[-73.704947,40.725068],[-73.786417,40.705479],[-73.801013,40.701942],[-73.804366,40.700938],[-73.811367,40.698985],[-73.813452,40.698545],[-73.814871,40.698372],[-73.816301,40.698478],[-73.817651,40.698857],[-73.818895,40.69941],[-73.820549,40.700468],[-73.822016,40.701678],[-73.83739,40.715509],[-73.838905,40.716684],[-73.840575,40.71773],[-73.84238,40.718637],[-73.843649,40.719159],[-73.883303,40.733693],[-73.893412,40.737936],[-73.894611,40.738546],[-73.895166,40.738896],[-73.89618,40.739676],[-73.903005,40.746066],[-73.906631,40.748846],[-73.907773,40.749517],[-73.909,40.750092],[-73.910347,40.750482],[-73.911765,40.750675],[-73.913207,40.750686],[-73.914641,40.750567],[-73.920257,40.749547],[-73.924517,40.748964],[-73.932227,40.747524],[-73.934968,40.746839],[-73.938276,40.745743],[-73.942176,40.744311],[-73.94662,40.742487]]}},{"type":"Feature","properties":{"agency":"LIRR","color":"#00AF3F","description":"Oyster Bay Branch","route":"3","routeId":"3","shapeId":"DF79570E"},"geometry":{"type":"LineString","coordinates":[[-73.993087,40.750743],[-73.991162,40.749989],[-73.989791,40.749681],[-73.989142,40.749449],[-73.976479,40.744178],[-73.974499,40.743519],[-73.97311,40.743223],[-73.972398,40.743134],[-73.959549,40.741676],[-73.954539,40.741198],[-73.953097,40.741234],[-73.951666,40.74137],[-73.950263,40.741623],[-73.948906,40.741996],[-73.945627,40.74314],[-73.938651,40.746021],[-73.937339,40.746479],[-73.935295,40.747018],[-73.931806,40.74772],[-73.91427,40.750956],[-73.91284,40.751096],[-73.912119,40.751085],[-73.91071,40.750866],[-73.909384,40.750436],[-73.908128,40.749895],[-73.906952,40.74926],[-73.905869,40.748535],[-73.903005,40.746066],[-73.89618,40.739676],[-73.895166,40.738896],[-73.894611,40.738546],[-73.893412,40.737936],[-73.883303,40.733693],[-73.843649,40.719159],[-73.84238,40.718637],[-73.840575,40.71773],[-73.838905,40.716684],[-73.83739,40.715509],[-73.821055,40.700859],[-73.819475,40.699736],[-73.818286,40.699117],[-73.81699,40.69864],[-73.815591,40.698388],[-73.814154,40.698424],[-73.811367,40.698985],[-73.804366,40.700938],[-73.801013,40.701942],[-73.795006,40.703405],[-73.704947,40.725068],[-73.660188,40.735738],[-73.656717,40.736486],[-73.652586,40.737473],[-73.638463,40.740946],[-73.63783,40.741206],[-73.637275,40.741553],[-73.636818,40.741976],[-73.636465,40.742453],[-73.636217,40.742967],[-73.63609,40.743506],[-73.636088,40.744054],[-73.636394,40.745124],[-73.638848,40.752012],[-73.639075,40.753095],[-73.640489,40.764573],[-73.643165,40.780915],[-73.643276,40.782559],[-73.643305,40.792988],[-73.643498,40.794075],[-73.643821,40.795145],[-73.644056,40.796227],[-73.644102,40.796775],[-73.644047,40.797871],[-73.643678,40.799492],[-73.643285,40.800548],[-73.643001,40.801052],[-73.642235,40.80198],[-73.638252,40.805885],[-73.637324,40.806726],[-73.630324,40.811481],[-73.629288,40.812246],[-73.628396,40.813108],[-73.628012,40.813573],[-73.627377,40.814558],[-73.62693,40.815601],[-73.626678,40.81668],[-73.626545,40.817774],[-73.625725,40.824883],[-73.625644,40.826528],[-73.625964,40.830362],[-73.627244,40.843501],[-73.627308,40.845146],[-73.627194,40.84624],[-73.626945,40.847321],[-73.625696,40.850471],[-73.625502,40.851558],[-73.62531,40.854298],[-73.62519,40.854838],[-73.624975,40.855361],[-73.624667,40.855857],[-73.624279,40.856319],[-73.623813,40.856738],[-73.623277,40.857105],[-73.622682,40.857415],[-73.621394,40.857912],[-73.6208,40.858222],[-73.620295,40.858612],[-73.61989,40.859065],[-73.619585,40.85956],[-73.619411,40.860091],[-73.61911,40.862273],[-73.618667,40.863315],[-73.617933,40.864258],[-73.617037,40.865119],[-73.616063,40.865929],[-73.61496,40.866638],[-73.614364,40.866948],[-73.613085,40.867457],[-73.608407,40.868925],[-73.607112,40.869411],[-73.605919,40.870029],[-73.597307,40.875035],[-73.592235,40.877144],[-73.590894,40.87755],[-73.585284,40.878623],[-73.584568,40.87869],[-73.582401,40.878651],[-73.581691,40.878741],[-73.581019,40.878938],[-73.58042,40.879241],[-73.579904,40.879625],[-73.577975,40.881258],[-73.577396,40.881585],[-73.576762,40.881847],[-73.576086,40.882038],[-73.574667,40.882246],[-73.570372,40.882713],[-73.56965,40.88272],[-73.568239,40.882501],[-73.565573,40.881649],[-73.564317,40.881112],[-73.563767,40.880757],[-73.563288,40.880346],[-73.561703,40.878514],[-73.561202,40.878119],[-73.560634,40.877781],[-73.559344,40.877294],[-73.555917,40.876418],[-73.55521,40.876308],[-73.55449,40.876284],[-73.553774,40.876352],[-73.553083,40.876508],[-73.552436,40.876751],[-73.551849,40.877069],[-73.55134,40.877457],[-73.550006,40.878751],[-73.549433,40.879083],[-73.548782,40.879316],[-73.548082,40.879443],[-73.547361,40.879457],[-73.546653,40.879357],[-73.545989,40.879145],[-73.545399,40.878832],[-73.544902,40.878437],[-73.543814,40.877014],[-73.543393,40.876569],[-73.542876,40.876188],[-73.542278,40.875881],[-73.541622,40.875656],[-73.540922,40.875523],[-73.540203,40.875473],[-73.534044,40.875327]]}},{"type":"Feature","properties":{"agency":"LIRR","color":"#00AF3F","description":"Oyster Bay Branch","route":"3","routeId":"3","shapeId":"DF79570EW"},"geometry":{"type":"LineString","coordinates":[[-73.534044,40.875327],[-73.540203,40.875473],[-73.540922,40.875523],[-73.541622,40.875656],[-73.542278,40.875881],[-73.542876,40.876188],[-73.543393,40.876569],[-73.543814,40.877014],[-73.544902,40.878437],[-73.545399,40.878832],[-73.545989,40.879145],[-73.546653,40.879357],[-73.547361,40.879457],[-73.548082,40.879443],[-73.548782,40.879316],[-73.549433,40.879083],[-73.550006,40.878751],[-73.55134,40.877457],[-73.551849,40.877069],[-73.552436,40.876751],[-73.553083,40.876508],[-73.553774,40.876352],[-73.55449,40.876284],[-73.55521,40.876308],[-73.555917,40.876418],[-73.559344,40.877294],[-73.560634,40.877781],[-73.561202,40.878119],[-73.561703,40.878514],[-73.563288,40.880346],[-73.563767,40.880757],[-73.564317,40.881112],[-73.565573,40.881649],[-73.568239,40.882501],[-73.56965,40.88272],[-73.570372,40.882713],[-73.574667,40.882246],[-73.576086,40.882038],[-73.576762,40.881847],[-73.577396,40.881585],[-73.577975,40.881258],[-73.579904,40.879625],[-73.58042,40.879241],[-73.581019,40.878938],[-73.581691,40.878741],[-73.582401,40.878651],[-73.584568,40.87869],[-73.585284,40.878623],[-73.590894,40.87755],[-73.592235,40.877144],[-73.597307,40.875035],[-73.605919,40.870029],[-73.607112,40.869411],[-73.608407,40.868925],[-73.613085,40.867457],[-73.614364,40.866948],[-73.61496,40.866638],[-73.616063,40.865929],[-73.617037,40.865119],[-73.617933,40.864258],[-73.618667,40.863315],[-73.61911,40.862273],[-73.619411,40.860091],[-73.619585,40.85956],[-73.61989,40.859065],[-73.620295,40.858612],[-73.6208,40.858222],[-73.621394,40.857912],[-73.622682,40.857415],[-73.623277,40.857105],[-73.623813,40.856738],[-73.624279,40.856319],[-73.624667,40.855857],[-73.624975,40.855361],[-73.62519,40.854838],[-73.62531,40.854298],[-73.625502,40.851558],[-73.625696,40.850471],[-73.626945,40.847321],[-73.627194,40.84624],[-73.627308,40.845146],[-73.627244,40.843501],[-73.625964,40.830362],[-73.625644,40.826528],[-73.625725,40.824883],[-73.626545,40.817774],[-73.626678,40.81668],[-73.62693,40.815601],[-73.627377,40.814558],[-73.628012,40.813573],[-73.628396,40.813108],[-73.629288,40.812246],[-73.630324,40.811481],[-73.637324,40.806726],[-73.638252,40.805885],[-73.642235,40.80198],[-73.643001,40.801052],[-73.643285,40.800548],[-73.643678,40.799492],[-73.644047,40.797871],[-73.644102,40.796775],[-73.644056,40.796227],[-73.643821,40.795145],[-73.643498,40.794075],[-73.643305,40.792988],[-73.643276,40.782559],[-73.643165,40.780915],[-73.640489,40.764573],[-73.639075,40.753095],[-73.638848,40.752012],[-73.636394,40.745124],[-73.636088,40.744054],[-73.63609,40.743506],[-73.636217,40.742967],[-73.636465,40.742453],[-73.636818,40.741976],[-73.637275,40.741553],[-73.63783,40.741206],[-73.638463,40.740946],[-73.652586,40.737473],[-73.656717,40.736486],[-73.660188,40.735738],[-73.704947,40.725068],[-73.795006,40.703405],[-73.801013,40.701942],[-73.804366,40.700938],[-73.811367,40.698985],[-73.814154,40.698424],[-73.815591,40.698388],[-73.81699,40.69864],[-73.818286,40.699117],[-73.819475,40.699736],[-73.821055,40.700859],[-73.83739,40.715509],[-73.838905,40.716684],[-73.840575,40.71773],[-73.84238,40.718637],[-73.843649,40.719159],[-73.883303,40.733693],[-73.893412,40.737936],[-73.894611,40.738546],[-73.895166,40.738896],[-73.89618,40.739676],[-73.903005,40.746066],[-73.905869,40.748535],[-73.906952,40.74926],[-73.908128,40.749895],[-73.909384,40.750436],[-73.91071,40.750866],[-73.912119,40.751085],[-73.91284,40.751096],[-73.91427,40.750956],[-73.931806,40.74772],[-73.935295,40.747018],[-73.937339,40.746479],[-73.938651,40.746021],[-73.945627,40.74314],[-73.948906,40.741996],[-73.950263,40.741623],[-73.951666,40.74137],[-73.953097,40.741234],[-73.954539,40.741198],[-73.959549,40.741676],[-73.972398,40.743134],[-73.97311,40.743223],[-73.974499,40.743519],[-73.976479,40.744178],[-73.989142,40.749449],[-73.989791,40.749681],[-73.991162,40.749989],[-73.993087,40.750743]]}},{"type":"Feature","properties":{"agency":"LIRR","color":"#00AF3F","description":"Oyster Bay Branch","route":"3","routeId":"3","shapeId":"FBDED0B3"},"geometry":{"type":"LineString","coordinates":[[-73.808595,40.699755],[-73.801013,40.701942],[-73.795006,40.703405],[-73.705636,40.724903],[-73.660188,40.735738],[-73.656717,40.736486],[-73.65121,40.737806],[-73.638463,40.740946],[-73.63783,40.741206],[-73.637275,40.741553],[-73.636818,40.741976],[-73.636465,40.742453],[-73.636217,40.742967],[-73.63609,40.743506],[-73.636088,40.744054],[-73.636394,40.745124],[-73.638848,40.752012],[-73.639075,40.753095],[-73.640489,40.764573],[-73.643165,40.780915],[-73.643276,40.782559],[-73.643305,40.792988],[-73.643498,40.794075],[-73.643821,40.795145],[-73.644056,40.796227],[-73.644102,40.796775],[-73.644047,40.797871],[-73.643678,40.799492],[-73.643285,40.800548],[-73.643001,40.801052],[-73.642235,40.80198],[-73.638252,40.805885],[-73.637324,40.806726],[-73.630324,40.811481],[-73.629288,40.812246],[-73.628396,40.813108],[-73.628012,40.813573],[-73.627377,40.814558],[-73.62693,40.815601],[-73.626678,40.81668],[-73.626545,40.817774],[-73.625725,40.824883],[-73.625644,40.826528],[-73.625964,40.830362],[-73.627244,40.843501],[-73.627308,40.845146],[-73.627194,40.84624],[-73.626945,40.847321],[-73.625696,40.850471],[-73.625502,40.851558],[-73.62531,40.854298],[-73.62519,40.854838],[-73.624975,40.855361],[-73.624667,40.855857],[-73.624279,40.856319],[-73.623813,40.856738],[-73.623277,40.857105],[-73.622682,40.857415],[-73.621394,40.857912],[-73.6208,40.858222],[-73.620295,40.858612],[-73.61989,40.859065],[-73.619585,40.85956],[-73.619411,40.860091],[-73.61911,40.862273],[-73.618667,40.863315],[-73.617933,40.864258],[-73.617037,40.865119],[-73.616063,40.865929],[-73.61496,40.866638],[-73.614364,40.866948],[-73.613085,40.867457],[-73.608407,40.868925],[-73.607112,40.869411],[-73.605919,40.870029],[-73.597307,40.875035],[-73.592235,40.877144],[-73.590894,40.87755],[-73.585284,40.878623],[-73.584568,40.87869],[-73.582401,40.878651],[-73.581691,40.878741],[-73.581019,40.878938],[-73.58042,40.879241],[-73.579904,40.879625],[-73.577975,40.881258],[-73.577396,40.881585],[-73.576762,40.881847],[-73.576086,40.882038],[-73.574667,40.882246],[-73.570372,40.882713],[-73.56965,40.88272],[-73.568239,40.882501],[-73.565573,40.881649],[-73.564317,40.881112],[-73.563767,40.880757],[-73.563288,40.880346],[-73.561703,40.878514],[-73.561202,40.878119],[-73.560634,40.877781],[-73.559344,40.877294],[-73.555917,40.876418],[-73.55521,40.876308],[-73.55449,40.876284],[-73.553774,40.876352],[-73.553083,40.876508],[-73.552436,40.876751],[-73.551849,40.877069],[-73.55134,40.877457],[-73.550006,40.878751],[-73.549433,40.879083],[-73.548782,40.879316],[-73.548082,40.879443],[-73.547361,40.879457],[-73.546653,40.879357],[-73.545989,40.879145],[-73.545399,40.878832],[-73.544902,40.878437],[-73.543814,40.877014],[-73.543393,40.876569],[-73.542876,40.876188],[-73.542278,40.875881],[-73.541622,40.875656],[-73.540922,40.875523],[-73.540203,40.875473],[-73.534044,40.875327]]}},{"type":"Feature","properties":{"agency":"LIRR","color":"#00AF3F","description":"Oyster Bay Branch","route":"3","routeId":"3","shapeId":"FBDED0B3W"},"geometry":{"type":"LineString","coordinates":[[-73.534044,40.875327],[-73.540203,40.875473],[-73.540922,40.875523],[-73.541622,40.875656],[-73.542278,40.875881],[-73.542876,40.876188],[-73.543393,40.876569],[-73.543814,40.877014],[-73.544902,40.878437],[-73.545399,40.878832],[-73.545989,40.879145],[-73.546653,40.879357],[-73.547361,40.879457],[-73.548082,40.879443],[-73.548782,40.879316],[-73.549433,40.879083],[-73.550006,40.878751],[-73.55134,40.877457],[-73.551849,40.877069],[-73.552436,40.876751],[-73.553083,40.876508],[-73.553774,40.876352],[-73.55449,40.876284],[-73.55521,40.876308],[-73.555917,40.876418],[-73.559344,40.877294],[-73.560634,40.877781],[-73.561202,40.878119],[-73.561703,40.878514],[-73.563288,40.880346],[-73.563767,40.880757],[-73.564317,40.881112],[-73.565573,40.881649],[-73.568239,40.882501],[-73.56965,40.88272],[-73.570372,40.882713],[-73.574667,40.882246],[-73.576086,40.882038],[-73.576762,40.881847],[-73.577396,40.881585],[-73.577975,40.881258],[-73.579904,40.879625],[-73.58042,40.879241],[-73.581019,40.878938],[-73.581691,40.878741],[-73.582401,40.878651],[-73.584568,40.87869],[-73.585284,40.878623],[-73.590894,40.87755],[-73.592235,40.877144],[-73.597307,40.875035],[-73.605919,40.870029],[-73.607112,40.869411],[-73.608407,40.868925],[-73.613085,40.867457],[-73.614364,40.866948],[-73.61496,40.866638],[-73.616063,40.865929],[-73.617037,40.865119],[-73.617933,40.864258],[-73.618667,40.863315],[-73.61911,40.862273],[-73.619411,40.860091],[-73.619585,40.85956],[-73.61989,40.859065],[-73.620295,40.858612],[-73.6208,40.858222],[-73.621394,40.857912],[-73.622682,40.857415],[-73.623277,40.857105],[-73.623813,40.856738],[-73.624279,40.856319],[-73.624667,40.855857],[-73.624975,40.855361],[-73.62519,40.854838],[-73.62531,40.854298],[-73.625502,40.851558],[-73.625696,40.850471],[-73.626945,40.847321],[-73.627194,40.84624],[-73.627308,40.845146],[-73.627244,40.843501],[-73.625964,40.830362],[-73.625644,40.826528],[-73.625725,40.824883],[-73.626545,40.817774],[-73.626678,40.81668],[-73.62693,40.815601],[-73.627377,40.814558],[-73.628012,40.813573],[-73.628396,40.813108],[-73.629288,40.812246],[-73.630324,40.811481],[-73.637324,40.806726],[-73.638252,40.805885],[-73.642235,40.80198],[-73.643001,40.801052],[-73.643285,40.800548],[-73.643678,40.799492],[-73.644047,40.797871],[-73.644102,40.796775],[-73.644056,40.796227],[-73.643821,40.795145],[-73.643498,40.794075],[-73.643305,40.792988],[-73.643276,40.782559],[-73.643165,40.780915],[-73.640489,40.764573],[-73.639075,40.753095],[-73.638848,40.752012],[-73.636394,40.745124],[-73.636088,40.744054],[-73.63609,40.743506],[-73.636217,40.742967],[-73.636465,40.742453],[-73.636818,40.741976],[-73.637275,40.741553],[-73.63783,40.741206],[-73.638463,40.740946],[-73.65121,40.737806],[-73.656717,40.736486],[-73.660188,40.735738],[-73.705636,40.724903],[-73.795006,40.703405],[-73.801013,40.701942],[-73.808595,40.699755]]}},{"type":"Feature","properties":{"agency":"LIRR","color":"#A626AA","description":"Ronkonkoma Branch","route":"4","routeId":"4","shapeId":"6B58EDF0"},"geometry":{"type":"LineString","coordinates":[[-73.975648,40.755062],[-73.974353,40.756838],[-73.973418,40.757989],[-73.971292,40.760961],[-73.970715,40.761474],[-73.969985,40.761859],[-73.966787,40.763049],[-73.965949,40.763273],[-73.965073,40.763388],[-73.964184,40.763389],[-73.963305,40.763283],[-73.962455,40.763085],[-73.961653,40.762792],[-73.948514,40.757086],[-73.941107,40.753334],[-73.936008,40.750612],[-73.932487,40.748622],[-73.931711,40.748293],[-73.930866,40.748084],[-73.929984,40.748004],[-73.929098,40.748057],[-73.924774,40.748855],[-73.91876,40.750087],[-73.916159,40.750546],[-73.914403,40.750762],[-73.913516,40.750808],[-73.911738,40.750762],[-73.910003,40.750473],[-73.909178,40.750219],[-73.907653,40.749525],[-73.906268,40.748676],[-73.905634,40.748201],[-73.902206,40.745088],[-73.903005,40.746066],[-73.89618,40.739676],[-73.895166,40.738896],[-73.894611,40.738546],[-73.893412,40.737936],[-73.883303,40.733693],[-73.843649,40.719159],[-73.84238,40.718637],[-73.840575,40.71773],[-73.838905,40.716684],[-73.83739,40.715509],[-73.822016,40.701678],[-73.820549,40.700468],[-73.818895,40.69941],[-73.817651,40.698857],[-73.816301,40.698478],[-73.814871,40.698372],[-73.813452,40.698545],[-73.811367,40.698985],[-73.804366,40.700938],[-73.801013,40.701942],[-73.709077,40.724079],[-73.660188,40.735738],[-73.656717,40.736486],[-73.642977,40.739847],[-73.617498,40.74593],[-73.536878,40.765079],[-73.534127,40.765747],[-73.530752,40.76672],[-73.52869,40.767224],[-73.524503,40.768066],[-73.523793,40.768159],[-73.523073,40.768161],[-73.522364,40.768066],[-73.52169,40.767874],[-73.520504,40.767255],[-73.469023,40.733642],[-73.467893,40.732959],[-73.466657,40.732395],[-73.464637,40.731812],[-73.463934,40.731688],[-73.462503,40.731558],[-73.461062,40.731585],[-73.458942,40.731905],[-73.416056,40.74161],[-73.270128,40.774824],[-73.19815,40.791132],[-73.124996,40.806357],[-73.122865,40.806647],[-73.106357,40.808086]]}},{"type":"Feature","properties":{"agency":"LIRR","color":"#A626AA","description":"Ronkonkoma Branch","route":"4","routeId":"4","shapeId":"6B58EDF0W"},"geometry":{"type":"LineString","coordinates":[[-73.106357,40.808086],[-73.122865,40.806647],[-73.124996,40.806357],[-73.19815,40.791132],[-73.270128,40.774824],[-73.416056,40.74161],[-73.458942,40.731905],[-73.461062,40.731585],[-73.462503,40.731558],[-73.463934,40.731688],[-73.464637,40.731812],[-73.466657,40.732395],[-73.467893,40.732959],[-73.469023,40.733642],[-73.520504,40.767255],[-73.52169,40.767874],[-73.522364,40.768066],[-73.523073,40.768161],[-73.523793,40.768159],[-73.524503,40.768066],[-73.52869,40.767224],[-73.530752,40.76672],[-73.534127,40.765747],[-73.536878,40.765079],[-73.617498,40.74593],[-73.642977,40.739847],[-73.656717,40.736486],[-73.660188,40.735738],[-73.709077,40.724079],[-73.801013,40.701942],[-73.804366,40.700938],[-73.811367,40.698985],[-73.813452,40.698545],[-73.814871,40.698372],[-73.816301,40.698478],[-73.817651,40.698857],[-73.818895,40.69941],[-73.820549,40.700468],[-73.822016,40.701678],[-73.83739,40.715509],[-73.838905,40.716684],[-73.840575,40.71773],[-73.84238,40.718637],[-73.843649,40.719159],[-73.883303,40.733693],[-73.893412,40.737936],[-73.894611,40.738546],[-73.895166,40.738896],[-73.89618,40.739676],[-73.903005,40.746066],[-73.902206,40.745088],[-73.905634,40.748201],[-73.906268,40.748676],[-73.907653,40.749525],[-73.909178,40.750219],[-73.910003,40.750473],[-73.911738,40.750762],[-73.913516,40.750808],[-73.914403,40.750762],[-73.916159,40.750546],[-73.91876,40.750087],[-73.924774,40.748855],[-73.929098,40.748057],[-73.929984,40.748004],[-73.930866,40.748084],[-73.931711,40.748293],[-73.932487,40.748622],[-73.936008,40.750612],[-73.941107,40.753334],[-73.948514,40.757086],[-73.961653,40.762792],[-73.962455,40.763085],[-73.963305,40.763283],[-73.964184,40.763389],[-73.965073,40.763388],[-73.965949,40.763273],[-73.966787,40.763049],[-73.969985,40.761859],[-73.970715,40.761474],[-73.971292,40.760961],[-73.973418,40.757989],[-73.974353,40.756838],[-73.975648,40.755062]]}},{"type":"Feature","properties":{"agency":"LIRR","color":"#A626AA","description":"Ronkonkoma Branch","route":"4","routeId":"4","shapeId":"8BBA541AW"},"geometry":{"type":"LineString","coordinates":[[-73.441655,40.735831],[-73.458942,40.731905],[-73.460346,40.731654],[-73.461782,40.731552],[-73.463222,40.731604],[-73.465328,40.73197],[-73.466657,40.732395],[-73.467893,40.732959],[-73.469023,40.733642],[-73.520504,40.767255],[-73.52169,40.767874],[-73.522364,40.768066],[-73.523073,40.768161],[-73.523793,40.768159],[-73.525906,40.767807],[-73.52869,40.767224],[-73.530752,40.76672],[-73.534127,40.765747],[-73.536878,40.765079],[-73.58719,40.753151],[-73.642289,40.740013],[-73.656028,40.73665],[-73.660188,40.735738],[-73.720076,40.721439],[-73.801013,40.701942],[-73.804366,40.700938],[-73.811367,40.698985],[-73.814154,40.698424],[-73.815591,40.698388],[-73.81699,40.69864],[-73.818286,40.699117],[-73.819475,40.699736],[-73.821055,40.700859],[-73.83739,40.715509],[-73.838905,40.716684],[-73.840575,40.71773],[-73.84238,40.718637],[-73.843649,40.719159],[-73.883303,40.733693],[-73.893412,40.737936],[-73.894611,40.738546],[-73.895166,40.738896],[-73.89618,40.739676],[-73.903005,40.746066],[-73.905869,40.748535],[-73.906952,40.74926],[-73.908128,40.749895],[-73.909384,40.750436],[-73.91071,40.750866],[-73.912119,40.751085],[-73.91284,40.751096],[-73.91427,40.750956],[-73.931806,40.74772],[-73.935295,40.747018],[-73.937339,40.746479],[-73.938651,40.746021],[-73.945627,40.74314],[-73.948906,40.741996],[-73.950263,40.741623],[-73.951666,40.74137],[-73.953097,40.741234],[-73.954539,40.741198],[-73.959549,40.741676],[-73.972398,40.743134],[-73.97311,40.743223],[-73.974499,40.743519],[-73.976479,40.744178],[-73.989142,40.749449],[-73.989791,40.749681],[-73.991162,40.749989],[-73.993087,40.750743]]}},{"type":"Feature","properties":{"agency":"LIRR","color":"#A626AA","description":"Ronkonkoma Branch","route":"4","routeId":"4","shapeId":"C5955902"},"geometry":{"type":"LineString","coordinates":[[-73.993087,40.750743],[-73.991162,40.749989],[-73.989791,40.749681],[-73.989142,40.749449],[-73.976479,40.744178],[-73.974499,40.743519],[-73.97311,40.743223],[-73.972398,40.743134],[-73.959549,40.741676],[-73.954539,40.741198],[-73.953097,40.741234],[-73.951666,40.74137],[-73.950263,40.741623],[-73.948906,40.741996],[-73.945627,40.74314],[-73.938651,40.746021],[-73.937339,40.746479],[-73.935295,40.747018],[-73.931806,40.74772],[-73.91427,40.750956],[-73.91284,40.751096],[-73.912119,40.751085],[-73.91071,40.750866],[-73.909384,40.750436],[-73.908128,40.749895],[-73.906952,40.74926],[-73.905869,40.748535],[-73.903005,40.746066],[-73.89618,40.739676],[-73.895166,40.738896],[-73.894611,40.738546],[-73.893412,40.737936],[-73.883303,40.733693],[-73.843649,40.719159],[-73.84238,40.718637],[-73.840575,40.71773],[-73.838905,40.716684],[-73.83739,40.715509],[-73.822016,40.701678],[-73.820549,40.700468],[-73.818895,40.69941],[-73.817651,40.698857],[-73.816301,40.698478],[-73.814871,40.698372],[-73.813452,40.698545],[-73.811367,40.698985],[-73.804366,40.700938],[-73.801013,40.701942],[-73.709077,40.724079],[-73.660188,40.735738],[-73.656717,40.736486],[-73.642977,40.739847],[-73.617498,40.74593],[-73.536878,40.765079],[-73.534127,40.765747],[-73.530752,40.76672],[-73.52869,40.767224],[-73.524503,40.768066],[-73.523793,40.768159],[-73.523073,40.768161],[-73.522364,40.768066],[-73.52169,40.767874],[-73.520504,40.767255],[-73.469023,40.733642],[-73.467893,40.732959],[-73.466657,40.732395],[-73.464637,40.731812],[-73.463934,40.731688],[-73.462503,40.731558],[-73.461062,40.731585],[-73.458942,40.731905],[-73.416056,40.74161],[-73.270128,40.774824],[-73.19815,40.791132],[-73.124996,40.806357],[-73.122865,40.806647],[-73.106357,40.808086]]}},{"type":"Feature","properties":{"agency":"LIRR","color":"#A626AA","description":"Ronkonkoma Branch","route":"4","routeId":"4","shapeId":"C5955902W"},"geometry":{"type":"LineString","coordinates":[[-73.106357,40.808086],[-73.122865,40.806647],[-73.124996,40.806357],[-73.19815,40.791132],[-73.270128,40.774824],[-73.416056,40.74161],[-73.458942,40.731905],[-73.461062,40.731585],[-73.462503,40.731558],[-73.463934,40.731688],[-73.464637,40.731812],[-73.466657,40.732395],[-73.467893,40.732959],[-73.469023,40.733642],[-73.520504,40.767255],[-73.52169,40.767874],[-73.522364,40.768066],[-73.523073,40.768161],[-73.523793,40.768159],[-73.524503,40.768066],[-73.52869,40.767224],[-73.530752,40.76672],[-73.534127,40.765747],[-73.536878,40.765079],[-73.617498,40.74593],[-73.642977,40.739847],[-73.656717,40.736486],[-73.660188,40.735738],[-73.709077,40.724079],[-73.801013,40.701942],[-73.804366,40.700938],[-73.811367,40.698985],[-73.813452,40.698545],[-73.814871,40.698372],[-73.816301,40.698478],[-73.817651,40.698857],[-73.818895,40.69941],[-73.820549,40.700468],[-73.822016,40.701678],[-73.83739,40.715509],[-73.838905,40.716684],[-73.840575,40.71773],[-73.84238,40.718637],[-73.843649,40.719159],[-73.883303,40.733693],[-73.893412,40.737936],[-73.894611,40.738546],[-73.895166,40.738896],[-73.89618,40.739676],[-73.903005,40.746066],[-73.905869,40.748535],[-73.906952,40.74926],[-73.908128,40.749895],[-73.909384,40.750436],[-73.91071,40.750866],[-73.912119,40.751085],[-73.91284,40.751096],[-73.91427,40.750956],[-73.931806,40.74772],[-73.935295,40.747018],[-73.937339,40.746479],[-73.938651,40.746021],[-73.945627,40.74314],[-73.948906,40.741996],[-73.950263,40.741623],[-73.951666,40.74137],[-73.953097,40.741234],[-73.954539,40.741198],[-73.959549,40.741676],[-73.972398,40.743134],[-73.97311,40.743223],[-73.974499,40.743519],[-73.976479,40.744178],[-73.989142,40.749449],[-73.989791,40.749681],[-73.991162,40.749989],[-73.993087,40.750743]]}},{"type":"Feature","properties":{"agency":"LIRR","color":"#A626AA","description":"Ronkonkoma Branch","route":"4","routeId":"4","shapeId":"C815405FW"},"geometry":{"type":"LineString","coordinates":[[-73.106357,40.808086],[-73.122865,40.806647],[-73.124996,40.806357],[-73.19815,40.791132],[-73.270128,40.774824],[-73.416056,40.74161],[-73.458942,40.731905],[-73.460346,40.731654],[-73.462503,40.731558],[-73.463934,40.731688],[-73.466002,40.732165],[-73.466657,40.732395],[-73.467893,40.732959],[-73.469023,40.733642],[-73.520504,40.767255],[-73.52169,40.767874],[-73.522364,40.768066],[-73.523073,40.768161],[-73.523793,40.768159],[-73.525906,40.767807],[-73.52869,40.767224],[-73.530752,40.76672],[-73.534127,40.765747],[-73.536878,40.765079],[-73.617498,40.74593],[-73.642977,40.739847],[-73.656717,40.736486],[-73.660188,40.735738],[-73.704947,40.725068],[-73.801013,40.701942],[-73.808595,40.699755],[-73.808758,40.699614],[-73.810645,40.699089],[-73.813407,40.698462],[-73.817356,40.697117],[-73.882886,40.678486],[-73.886955,40.677368],[-73.890423,40.676617],[-73.893949,40.67605],[-73.895375,40.675887],[-73.897526,40.675717],[-73.901127,40.675636],[-73.903978,40.675964],[-73.905414,40.676062],[-73.952161,40.678616],[-73.952869,40.678714],[-73.967473,40.681762],[-73.972263,40.682969],[-73.975068,40.683478],[-73.975733,40.683683],[-73.976331,40.683988],[-73.977365,40.684751]]}},{"type":"Feature","properties":{"agency":"LIRR","color":"#00B2A9","description":"Montauk Branch","route":"5","routeId":"5","shapeId":"1B9C0C48W"},"geometry":{"type":"LineString","coordinates":[[-72.132761,40.980037],[-72.137107,40.980083],[-72.138553,40.98002],[-72.14141,40.979667],[-72.143494,40.979204],[-72.183848,40.966987],[-72.186582,40.966264],[-72.290251,40.947974],[-72.291643,40.947673],[-72.293003,40.947297],[-72.300977,40.944682],[-72.3029,40.943922],[-72.304077,40.943284],[-72.305154,40.942551],[-72.309815,40.939099],[-72.310347,40.938728],[-72.310944,40.938419],[-72.320653,40.934735],[-72.338144,40.925936],[-72.339306,40.925284],[-72.340293,40.924483],[-72.355031,40.910934],[-72.356082,40.910184],[-72.358563,40.909055],[-72.381792,40.898962],[-72.383018,40.898379],[-72.39138,40.894043],[-72.39265,40.893522],[-72.39333,40.893337],[-72.394749,40.893138],[-72.415678,40.892051],[-72.450353,40.890681],[-72.463368,40.890925],[-72.477111,40.890774],[-72.481449,40.890676],[-72.482889,40.890583],[-72.492823,40.889093],[-72.497853,40.888654],[-72.499257,40.888406],[-72.49991,40.888173],[-72.500512,40.887871],[-72.505043,40.885141],[-72.511108,40.882151],[-72.514351,40.879966],[-72.514946,40.879655],[-72.524198,40.876537]]}},{"type":"Feature","properties":{"agency":"LIRR","color":"#00B2A9","description":"Montauk Branch","route":"5","routeId":"5","shapeId":"1CDF3AB7"},"geometry":{"type":"LineString","coordinates":[[-73.957076,40.741507],[-73.955327,40.741119],[-73.952513,40.74063],[-73.951803,40.740587],[-73.951125,40.740758],[-73.94988,40.741312],[-73.947264,40.742238],[-73.942817,40.744059],[-73.939582,40.745275],[-73.935636,40.74663],[-73.932922,40.747374],[-73.925221,40.748842],[-73.920257,40.749547],[-73.914641,40.750567],[-73.913207,40.750686],[-73.911765,40.750675],[-73.910347,40.750482],[-73.909662,40.750309],[-73.909,40.750092],[-73.907773,40.749517],[-73.906106,40.74847],[-73.903005,40.746066],[-73.89618,40.739676],[-73.895166,40.738896],[-73.894611,40.738546],[-73.893412,40.737936],[-73.883303,40.733693],[-73.843649,40.719159],[-73.84238,40.718637],[-73.840575,40.71773],[-73.838905,40.716684],[-73.83739,40.715509],[-73.822016,40.701678],[-73.820549,40.700468],[-73.818895,40.69941],[-73.817651,40.698857],[-73.816301,40.698478],[-73.814871,40.698372],[-73.813452,40.698545],[-73.811367,40.698985],[-73.804366,40.700938],[-73.801013,40.701942],[-73.786417,40.705479],[-73.704947,40.725068],[-73.660188,40.735738],[-73.656717,40.736486],[-73.642977,40.739847],[-73.617498,40.74593],[-73.536878,40.765079],[-73.534127,40.765747],[-73.530752,40.76672],[-73.52869,40.767224],[-73.524503,40.768066],[-73.523793,40.768159],[-73.523073,40.768161],[-73.522364,40.768066],[-73.52169,40.767874],[-73.520504,40.767255],[-73.473288,40.736437],[-73.468421,40.733167],[-73.466605,40.732276],[-73.465298,40.731812],[-73.46395,40.731421],[-73.390088,40.712527],[-73.387456,40.71163],[-73.346051,40.696092],[-73.344678,40.695765],[-73.343243,40.695689],[-73.342527,40.695746],[-73.341133,40.696022],[-73.327551,40.699722],[-73.32488,40.70055],[-73.322654,40.701126],[-73.321319,40.701542],[-73.318757,40.702549],[-73.311968,40.705674],[-73.310685,40.706175],[-73.307969,40.706912],[-73.299739,40.708949],[-73.297715,40.709529],[-73.256775,40.723242],[-73.25489,40.724048],[-73.24701,40.727919],[-73.245066,40.728639],[-73.243,40.729127],[-73.205301,40.736632],[-73.203155,40.736833],[-73.197382,40.73683],[-73.195224,40.736941],[-73.161871,40.741636],[-73.159806,40.742126],[-73.157868,40.742856],[-73.156106,40.74381],[-73.152839,40.745972],[-73.151675,40.746619],[-73.150367,40.747077],[-73.148962,40.747315],[-73.148242,40.747349],[-73.146807,40.747248],[-73.139761,40.746058],[-73.138373,40.745759],[-73.136385,40.745111],[-73.131335,40.742981],[-73.130039,40.7425],[-73.127988,40.741979],[-73.126571,40.741771],[-73.124413,40.741649],[-73.084754,40.740355],[-73.083312,40.740369],[-73.081879,40.740497],[-73.048915,40.746584],[-73.046819,40.746996],[-73.046143,40.747187],[-73.044882,40.747718],[-73.02751,40.756601],[-73.026384,40.757286],[-73.022067,40.760201],[-73.020801,40.760721],[-73.016641,40.761635]]}},{"type":"Feature","properties":{"agency":"LIRR","color":"#00B2A9","description":"Montauk Branch","route":"5","routeId":"5","shapeId":"2C29C908"},"geometry":{"type":"LineString","coordinates":[[-73.807998,40.699379],[-73.80332,40.700824],[-73.801417,40.701604],[-73.800754,40.701817],[-73.793898,40.70352],[-73.783568,40.70596],[-73.782132,40.705981],[-73.780722,40.705764],[-73.78005,40.705566],[-73.778811,40.705009],[-73.777762,40.704259],[-73.775009,40.701718],[-73.767372,40.693727],[-73.766165,40.692362],[-73.765543,40.691365],[-73.763536,40.687249],[-73.762684,40.685736],[-73.751265,40.669843],[-73.750533,40.668898],[-73.749585,40.668075],[-73.748455,40.667394],[-73.747211,40.666842],[-73.74588,40.666423],[-73.745188,40.66627],[-73.743772,40.666067],[-73.742334,40.666009],[-73.72359,40.666037],[-73.722149,40.666011],[-73.720718,40.665883],[-73.719312,40.665642],[-73.717943,40.665298],[-73.704725,40.661627],[-73.704567,40.661501],[-73.70118,40.660562],[-73.694362,40.658786],[-73.692259,40.658408],[-73.680881,40.656973],[-73.673846,40.655776],[-73.672424,40.655603],[-73.670984,40.655588],[-73.670267,40.655641],[-73.654026,40.658174],[-73.651884,40.65839],[-73.650444,40.658438],[-73.646841,40.658364],[-73.631733,40.657656],[-73.609416,40.656804],[-73.595002,40.65666],[-73.587086,40.657005],[-73.584222,40.65725],[-73.582092,40.657534],[-73.577866,40.658235],[-73.560382,40.66156],[-73.53141,40.668258],[-73.514128,40.672154],[-73.509204,40.672997],[-73.495055,40.67511],[-73.492909,40.67531],[-73.474242,40.676626],[-73.428985,40.679613],[-73.42038,40.680298],[-73.416783,40.680485],[-73.39589,40.681153],[-73.393742,40.681342],[-73.391632,40.681699],[-73.389579,40.682217],[-73.374122,40.686794],[-73.369444,40.688238],[-73.362019,40.690364],[-73.328053,40.699584],[-73.324704,40.700599],[-73.321982,40.701325],[-73.319385,40.702279],[-73.311968,40.705674],[-73.310685,40.706175],[-73.307969,40.706912],[-73.299739,40.708949],[-73.297715,40.709529],[-73.256775,40.723242],[-73.25489,40.724048],[-73.24701,40.727919],[-73.24573,40.728425],[-73.244387,40.728826],[-73.205301,40.736632],[-73.203155,40.736833],[-73.197382,40.73683],[-73.195224,40.736941],[-73.161871,40.741636],[-73.159806,40.742126],[-73.157868,40.742856],[-73.156106,40.74381],[-73.152274,40.746313],[-73.151037,40.746874],[-73.149673,40.747225],[-73.148242,40.747349],[-73.146807,40.747248],[-73.139761,40.746058],[-73.138373,40.745759],[-73.136385,40.745111],[-73.131335,40.742981],[-73.130039,40.7425],[-73.127988,40.741979],[-73.126571,40.741771],[-73.124413,40.741649],[-73.084033,40.740349],[-73.082593,40.740419],[-73.081171,40.740603],[-73.047513,40.746848],[-73.046143,40.747187],[-73.044882,40.747718],[-73.028108,40.756293],[-73.02693,40.756927],[-73.022067,40.760201],[-73.021455,40.76049],[-73.020117,40.760897],[-73.017331,40.761474],[-73.004955,40.764487],[-73.002864,40.764913],[-72.97715,40.767783],[-72.933567,40.775564],[-72.931481,40.776003],[-72.930168,40.776457],[-72.928937,40.77703],[-72.892671,40.795059],[-72.891412,40.795595],[-72.890068,40.795994],[-72.888663,40.796245],[-72.887236,40.796414],[-72.825771,40.803271],[-72.825051,40.803311],[-72.823609,40.803269],[-72.811487,40.801777],[-72.810052,40.801648],[-72.807165,40.801623],[-72.805012,40.801803],[-72.802895,40.802151],[-72.756874,40.811627],[-72.75558,40.812105],[-72.755012,40.812443],[-72.754515,40.81284],[-72.754089,40.813283],[-72.745271,40.823984],[-72.744462,40.824893],[-72.743974,40.825296],[-72.743419,40.825646],[-72.742803,40.825932],[-72.741445,40.826293],[-72.74073,40.826362],[-72.739293,40.826279],[-72.705229,40.82131]]}},{"type":"Feature","properties":{"agency":"LIRR","color":"#00B2A9","description":"Montauk Branch","route":"5","routeId":"5","shapeId":"2C29C908W"},"geometry":{"type":"LineString","coordinates":[[-72.705229,40.82131],[-72.739293,40.826279],[-72.74073,40.826362],[-72.741445,40.826293],[-72.742803,40.825932],[-72.743419,40.825646],[-72.743974,40.825296],[-72.744462,40.824893],[-72.745271,40.823984],[-72.754089,40.813283],[-72.754515,40.81284],[-72.755012,40.812443],[-72.75558,40.812105],[-72.756874,40.811627],[-72.802895,40.802151],[-72.805012,40.801803],[-72.807165,40.801623],[-72.810052,40.801648],[-72.811487,40.801777],[-72.823609,40.803269],[-72.825051,40.803311],[-72.825771,40.803271],[-72.887236,40.796414],[-72.888663,40.796245],[-72.890068,40.795994],[-72.891412,40.795595],[-72.892671,40.795059],[-72.928937,40.77703],[-72.930168,40.776457],[-72.931481,40.776003],[-72.933567,40.775564],[-72.97715,40.767783],[-73.002864,40.764913],[-73.004955,40.764487],[-73.017331,40.761474],[-73.020117,40.760897],[-73.021455,40.76049],[-73.022067,40.760201],[-73.02693,40.756927],[-73.028108,40.756293],[-73.044882,40.747718],[-73.046143,40.747187],[-73.047513,40.746848],[-73.081171,40.740603],[-73.082593,40.740419],[-73.084033,40.740349],[-73.124413,40.741649],[-73.126571,40.741771],[-73.127988,40.741979],[-73.130039,40.7425],[-73.131335,40.742981],[-73.136385,40.745111],[-73.138373,40.745759],[-73.139761,40.746058],[-73.146807,40.747248],[-73.148242,40.747349],[-73.149673,40.747225],[-73.151037,40.746874],[-73.152274,40.746313],[-73.156106,40.74381],[-73.157868,40.742856],[-73.159806,40.742126],[-73.161871,40.741636],[-73.195224,40.736941],[-73.197382,40.73683],[-73.203155,40.736833],[-73.205301,40.736632],[-73.244387,40.728826],[-73.24573,40.728425],[-73.24701,40.727919],[-73.25489,40.724048],[-73.256775,40.723242],[-73.297715,40.709529],[-73.299739,40.708949],[-73.307969,40.706912],[-73.310685,40.706175],[-73.311968,40.705674],[-73.319385,40.702279],[-73.321982,40.701325],[-73.324704,40.700599],[-73.328053,40.699584],[-73.362019,40.690364],[-73.369444,40.688238],[-73.374122,40.686794],[-73.389579,40.682217],[-73.391632,40.681699],[-73.393742,40.681342],[-73.39589,40.681153],[-73.416783,40.680485],[-73.42038,40.680298],[-73.428985,40.679613],[-73.474242,40.676626],[-73.492909,40.67531],[-73.495055,40.67511],[-73.509204,40.672997],[-73.514128,40.672154],[-73.53141,40.668258],[-73.560382,40.66156],[-73.577866,40.658235],[-73.582092,40.657534],[-73.584222,40.65725],[-73.587086,40.657005],[-73.595002,40.65666],[-73.609416,40.656804],[-73.631733,40.657656],[-73.646841,40.658364],[-73.650444,40.658438],[-73.651884,40.65839],[-73.654026,40.658174],[-73.670267,40.655641],[-73.670984,40.655588],[-73.672424,40.655603],[-73.673846,40.655776],[-73.680881,40.656973],[-73.692259,40.658408],[-73.694362,40.658786],[-73.70118,40.660562],[-73.704567,40.661501],[-73.704725,40.661627],[-73.717943,40.665298],[-73.719312,40.665642],[-73.720718,40.665883],[-73.722149,40.666011],[-73.72359,40.666037],[-73.742334,40.666009],[-73.743772,40.666067],[-73.745188,40.66627],[-73.74588,40.666423],[-73.747211,40.666842],[-73.748455,40.667394],[-73.749585,40.668075],[-73.750533,40.668898],[-73.751265,40.669843],[-73.762684,40.685736],[-73.763536,40.687249],[-73.765543,40.691365],[-73.766165,40.692362],[-73.767372,40.693727],[-73.775009,40.701718],[-73.777762,40.704259],[-73.778811,40.705009],[-73.78005,40.705566],[-73.780722,40.705764],[-73.782132,40.705981],[-73.783568,40.70596],[-73.793898,40.70352],[-73.800754,40.701817],[-73.801417,40.701604],[-73.80332,40.700824],[-73.807998,40.699379]]}},{"type":"Feature","properties":{"agency":"LIRR","color":"#00B2A9","description":"Montauk Branch","route":"5","routeId":"5","shapeId":"3E5E7160"},"geometry":{"type":"LineString","coordinates":[[-73.993087,40.750743],[-73.991162,40.749989],[-73.989791,40.749681],[-73.989142,40.749449],[-73.976479,40.744178],[-73.974499,40.743519],[-73.97311,40.743223],[-73.972398,40.743134],[-73.959549,40.741676],[-73.954539,40.741198],[-73.953097,40.741234],[-73.951666,40.74137],[-73.950263,40.741623],[-73.948906,40.741996],[-73.945627,40.74314],[-73.938651,40.746021],[-73.937339,40.746479],[-73.935295,40.747018],[-73.931806,40.74772],[-73.91427,40.750956],[-73.91284,40.751096],[-73.912119,40.751085],[-73.91071,40.750866],[-73.909384,40.750436],[-73.908128,40.749895],[-73.906952,40.74926],[-73.905869,40.748535],[-73.903005,40.746066],[-73.89618,40.739676],[-73.895166,40.738896],[-73.894611,40.738546],[-73.893412,40.737936],[-73.883303,40.733693],[-73.843649,40.719159],[-73.84238,40.718637],[-73.840575,40.71773],[-73.838905,40.716684],[-73.83739,40.715509],[-73.822016,40.701678],[-73.820549,40.700468],[-73.818895,40.69941],[-73.817651,40.698857],[-73.816301,40.698478],[-73.814871,40.698372],[-73.813452,40.698545],[-73.811367,40.698985],[-73.804366,40.700938],[-73.801013,40.701942],[-73.786417,40.705479],[-73.704947,40.725068],[-73.660188,40.735738],[-73.656717,40.736486],[-73.642977,40.739847],[-73.617498,40.74593],[-73.536878,40.765079],[-73.534127,40.765747],[-73.530752,40.76672],[-73.52869,40.767224],[-73.524503,40.768066],[-73.523793,40.768159],[-73.523073,40.768161],[-73.522364,40.768066],[-73.52169,40.767874],[-73.520504,40.767255],[-73.473288,40.736437],[-73.468421,40.733167],[-73.466605,40.732276],[-73.465298,40.731812],[-73.46395,40.731421],[-73.390088,40.712527],[-73.387456,40.71163],[-73.346051,40.696092],[-73.344678,40.695765],[-73.343243,40.695689],[-73.342527,40.695746],[-73.340454,40.696206],[-73.327551,40.699722],[-73.32488,40.70055],[-73.321982,40.701325],[-73.319385,40.702279],[-73.311968,40.705674],[-73.310685,40.706175],[-73.307969,40.706912],[-73.299739,40.708949],[-73.297715,40.709529],[-73.257433,40.723016],[-73.255502,40.723757],[-73.24701,40.727919],[-73.24573,40.728425],[-73.244387,40.728826],[-73.205301,40.736632],[-73.203155,40.736833],[-73.197382,40.73683],[-73.195224,40.736941],[-73.161871,40.741636],[-73.159806,40.742126],[-73.157868,40.742856],[-73.156106,40.74381],[-73.152274,40.746313],[-73.151037,40.746874],[-73.149673,40.747225],[-73.148242,40.747349],[-73.146807,40.747248],[-73.139761,40.746058],[-73.138373,40.745759],[-73.136385,40.745111],[-73.131335,40.742981],[-73.130039,40.7425],[-73.127988,40.741979],[-73.126571,40.741771],[-73.124413,40.741649],[-73.084033,40.740349],[-73.082593,40.740419],[-73.081171,40.740603],[-73.046819,40.746996],[-73.046143,40.747187],[-73.044882,40.747718],[-73.02751,40.756601],[-73.026384,40.757286],[-73.022067,40.760201],[-73.021455,40.76049],[-73.020117,40.760897],[-73.017331,40.761474],[-73.004955,40.764487],[-73.002864,40.764913],[-72.97715,40.767783],[-72.933567,40.775564],[-72.931481,40.776003],[-72.930168,40.776457],[-72.928937,40.77703],[-72.892671,40.795059],[-72.891412,40.795595],[-72.890068,40.795994],[-72.888663,40.796245],[-72.887236,40.796414],[-72.825771,40.803271],[-72.825051,40.803311],[-72.823609,40.803269],[-72.811487,40.801777],[-72.810052,40.801648],[-72.807165,40.801623],[-72.805012,40.801803],[-72.802895,40.802151],[-72.756874,40.811627],[-72.75558,40.812105],[-72.755012,40.812443],[-72.754515,40.81284],[-72.754089,40.813283],[-72.745271,40.823984],[-72.744462,40.824893],[-72.743974,40.825296],[-72.743419,40.825646],[-72.742803,40.825932],[-72.741445,40.826293],[-72.74073,40.826362],[-72.739293,40.826279],[-72.696712,40.820073],[-72.695274,40.820028],[-72.694563,40.820121],[-72.693211,40.820502],[-72.670764,40.828092],[-72.669406,40.828457],[-72.632128,40.832067],[-72.609191,40.834319],[-72.607769,40.834506],[-72.607086,40.834681],[-72.606444,40.834931],[-72.605291,40.83559],[-72.58601,40.848029],[-72.561001,40.863828],[-72.559277,40.864825],[-72.556664,40.865761],[-72.515586,40.879401],[-72.514351,40.879966],[-72.511108,40.882151],[-72.505043,40.885141],[-72.500512,40.887871],[-72.49991,40.888173],[-72.499257,40.888406],[-72.497853,40.888654],[-72.492823,40.889093],[-72.483601,40.890486],[-72.482171,40.890648],[-72.477111,40.890774],[-72.463368,40.890925],[-72.450353,40.890681],[-72.415678,40.892051],[-72.394749,40.893138],[-72.39333,40.893337],[-72.39265,40.893522],[-72.39138,40.894043],[-72.383018,40.898379],[-72.381792,40.898962],[-72.358563,40.909055],[-72.356082,40.910184],[-72.355529,40.910537],[-72.354565,40.911354],[-72.340293,40.924483],[-72.339306,40.925284],[-72.338741,40.925626],[-72.320653,40.934735],[-72.310944,40.938419],[-72.310347,40.938728],[-72.309815,40.939099],[-72.304627,40.942928],[-72.3029,40.943922],[-72.300977,40.944682],[-72.293003,40.947297],[-72.291643,40.947673],[-72.289547,40.948102],[-72.186582,40.966264],[-72.183848,40.966987],[-72.144172,40.979012],[-72.142807,40.979377],[-72.14141,40.979667],[-72.139272,40.97996],[-72.137107,40.980083],[-72.114656,40.979792],[-72.11249,40.979912],[-72.109651,40.980339],[-72.106911,40.981049],[-72.028476,41.003911],[-72.027189,41.004412],[-72.026589,41.004719],[-72.026022,41.005061],[-72.025009,41.005843],[-72.019368,41.011558],[-72.018613,41.012493],[-72.018037,41.0135],[-72.017655,41.014557],[-72.017538,41.015099],[-72.017459,41.016194],[-72.017585,41.019484],[-72.017398,41.020572],[-72.01701,41.021628],[-72.016431,41.022633],[-72.015676,41.023569],[-72.009842,41.029857],[-72.008458,41.031126],[-72.00744,41.031907],[-72.006355,41.032634],[-71.989937,41.042578],[-71.988706,41.043154],[-71.987346,41.043525],[-71.986635,41.043628],[-71.985189,41.043663],[-71.983766,41.043467],[-71.982426,41.043054],[-71.981808,41.04277],[-71.980676,41.042085],[-71.977409,41.039911],[-71.976238,41.039269],[-71.975566,41.039068],[-71.974855,41.038973],[-71.974133,41.038987],[-71.972729,41.039253],[-71.965814,41.040902],[-71.963786,41.04149],[-71.962534,41.042041],[-71.959169,41.044125],[-71.95559,41.045993],[-71.955033,41.046344],[-71.954124,41.04705]]}},{"type":"Feature","properties":{"agency":"LIRR","color":"#00B2A9","description":"Montauk Branch","route":"5","routeId":"5","shapeId":"3E5E7160W"},"geometry":{"type":"LineString","coordinates":[[-71.954124,41.04705],[-71.955033,41.046344],[-71.95559,41.045993],[-71.959169,41.044125],[-71.962534,41.042041],[-71.963786,41.04149],[-71.965814,41.040902],[-71.972729,41.039253],[-71.974133,41.038987],[-71.974855,41.038973],[-71.975566,41.039068],[-71.976238,41.039269],[-71.977409,41.039911],[-71.980676,41.042085],[-71.981808,41.04277],[-71.982426,41.043054],[-71.983766,41.043467],[-71.985189,41.043663],[-71.986635,41.043628],[-71.987346,41.043525],[-71.988706,41.043154],[-71.989937,41.042578],[-72.006355,41.032634],[-72.00744,41.031907],[-72.008458,41.031126],[-72.009842,41.029857],[-72.015676,41.023569],[-72.016431,41.022633],[-72.01701,41.021628],[-72.017398,41.020572],[-72.017585,41.019484],[-72.017459,41.016194],[-72.017538,41.015099],[-72.017655,41.014557],[-72.018037,41.0135],[-72.018613,41.012493],[-72.019368,41.011558],[-72.025009,41.005843],[-72.026022,41.005061],[-72.026589,41.004719],[-72.027189,41.004412],[-72.028476,41.003911],[-72.106911,40.981049],[-72.109651,40.980339],[-72.11249,40.979912],[-72.114656,40.979792],[-72.137107,40.980083],[-72.139272,40.97996],[-72.14141,40.979667],[-72.142807,40.979377],[-72.144172,40.979012],[-72.183848,40.966987],[-72.186582,40.966264],[-72.289547,40.948102],[-72.291643,40.947673],[-72.293003,40.947297],[-72.300977,40.944682],[-72.3029,40.943922],[-72.304627,40.942928],[-72.309815,40.939099],[-72.310347,40.938728],[-72.310944,40.938419],[-72.320653,40.934735],[-72.338741,40.925626],[-72.339306,40.925284],[-72.340293,40.924483],[-72.354565,40.911354],[-72.355529,40.910537],[-72.356082,40.910184],[-72.358563,40.909055],[-72.381792,40.898962],[-72.383018,40.898379],[-72.39138,40.894043],[-72.39265,40.893522],[-72.39333,40.893337],[-72.394749,40.893138],[-72.415678,40.892051],[-72.450353,40.890681],[-72.463368,40.890925],[-72.477111,40.890774],[-72.482171,40.890648],[-72.483601,40.890486],[-72.492823,40.889093],[-72.497853,40.888654],[-72.499257,40.888406],[-72.49991,40.888173],[-72.500512,40.887871],[-72.505043,40.885141],[-72.511108,40.882151],[-72.514351,40.879966],[-72.515586,40.879401],[-72.556664,40.865761],[-72.559277,40.864825],[-72.561001,40.863828],[-72.58601,40.848029],[-72.605291,40.83559],[-72.606444,40.834931],[-72.607086,40.834681],[-72.607769,40.834506],[-72.609191,40.834319],[-72.632128,40.832067],[-72.669406,40.828457],[-72.670764,40.828092],[-72.693211,40.820502],[-72.694563,40.820121],[-72.695274,40.820028],[-72.696712,40.820073],[-72.739293,40.826279],[-72.74073,40.826362],[-72.741445,40.826293],[-72.742803,40.825932],[-72.743419,40.825646],[-72.743974,40.825296],[-72.744462,40.824893],[-72.745271,40.823984],[-72.754089,40.813283],[-72.754515,40.81284],[-72.755012,40.812443],[-72.75558,40.812105],[-72.756874,40.811627],[-72.802895,40.802151],[-72.805012,40.801803],[-72.807165,40.801623],[-72.810052,40.801648],[-72.811487,40.801777],[-72.823609,40.803269],[-72.825051,40.803311],[-72.825771,40.803271],[-72.887236,40.796414],[-72.888663,40.796245],[-72.890068,40.795994],[-72.891412,40.795595],[-72.892671,40.795059],[-72.928937,40.77703],[-72.930168,40.776457],[-72.931481,40.776003],[-72.933567,40.775564],[-72.97715,40.767783],[-73.002864,40.764913],[-73.004955,40.764487],[-73.017331,40.761474],[-73.020117,40.760897],[-73.021455,40.76049],[-73.022067,40.760201],[-73.026384,40.757286],[-73.02751,40.756601],[-73.044882,40.747718],[-73.046143,40.747187],[-73.046819,40.746996],[-73.081171,40.740603],[-73.082593,40.740419],[-73.084033,40.740349],[-73.124413,40.741649],[-73.126571,40.741771],[-73.127988,40.741979],[-73.130039,40.7425],[-73.131335,40.742981],[-73.136385,40.745111],[-73.138373,40.745759],[-73.139761,40.746058],[-73.146807,40.747248],[-73.148242,40.747349],[-73.149673,40.747225],[-73.151037,40.746874],[-73.152274,40.746313],[-73.156106,40.74381],[-73.157868,40.742856],[-73.159806,40.742126],[-73.161871,40.741636],[-73.195224,40.736941],[-73.197382,40.73683],[-73.203155,40.736833],[-73.205301,40.736632],[-73.244387,40.728826],[-73.24573,40.728425],[-73.24701,40.727919],[-73.255502,40.723757],[-73.257433,40.723016],[-73.297715,40.709529],[-73.299739,40.708949],[-73.307969,40.706912],[-73.310685,40.706175],[-73.311968,40.705674],[-73.319385,40.702279],[-73.321982,40.701325],[-73.32488,40.70055],[-73.327551,40.699722],[-73.340454,40.696206],[-73.342527,40.695746],[-73.343243,40.695689],[-73.344678,40.695765],[-73.346051,40.696092],[-73.387456,40.71163],[-73.390088,40.712527],[-73.46395,40.731421],[-73.465298,40.731812],[-73.466605,40.732276],[-73.468421,40.733167],[-73.473288,40.736437],[-73.520504,40.767255],[-73.52169,40.767874],[-73.522364,40.768066],[-73.523073,40.768161],[-73.523793,40.768159],[-73.524503,40.768066],[-73.52869,40.767224],[-73.530752,40.76672],[-73.534127,40.765747],[-73.536878,40.765079],[-73.617498,40.74593],[-73.642977,40.739847],[-73.656717,40.736486],[-73.660188,40.735738],[-73.704947,40.725068],[-73.786417,40.705479],[-73.801013,40.701942],[-73.804366,40.700938],[-73.811367,40.698985],[-73.813452,40.698545],[-73.814871,40.698372],[-73.816301,40.698478],[-73.817651,40.698857],[-73.818895,40.69941],[-73.820549,40.700468],[-73.822016,40.701678],[-73.83739,40.715509],[-73.838905,40.716684],[-73.840575,40.71773],[-73.84238,40.718637],[-73.843649,40.719159],[-73.883303,40.733693],[-73.893412,40.737936],[-73.894611,40.738546],[-73.895166,40.738896],[-73.89618,40.739676],[-73.903005,40.746066],[-73.905869,40.748535],[-73.906952,40.74926],[-73.908128,40.749895],[-73.909384,40.750436],[-73.91071,40.750866],[-73.912119,40.751085],[-73.91284,40.751096],[-73.91427,40.750956],[-73.931806,40.74772],[-73.935295,40.747018],[-73.937339,40.746479],[-73.938651,40.746021],[-73.945627,40.74314],[-73.948906,40.741996],[-73.950263,40.741623],[-73.951666,40.74137],[-73.953097,40.741234],[-73.954539,40.741198],[-73.959549,40.741676],[-73.972398,40.743134],[-73.97311,40.743223],[-73.974499,40.743519],[-73.976479,40.744178],[-73.989142,40.749449],[-73.989791,40.749681],[-73.991162,40.749989],[-73.993087,40.750743]]}},{"type":"Feature","properties":{"agency":"LIRR","color":"#00B2A9","description":"Montauk Branch","route":"5","routeId":"5","shapeId":"4687B150"},"geometry":{"type":"LineString","coordinates":[[-73.993087,40.750743],[-73.991162,40.749989],[-73.989791,40.749681],[-73.989142,40.749449],[-73.976479,40.744178],[-73.974499,40.743519],[-73.97311,40.743223],[-73.972398,40.743134],[-73.959549,40.741676],[-73.954539,40.741198],[-73.953097,40.741234],[-73.951666,40.74137],[-73.950263,40.741623],[-73.948906,40.741996],[-73.945627,40.74314],[-73.938651,40.746021],[-73.937339,40.746479],[-73.935295,40.747018],[-73.931806,40.74772],[-73.91427,40.750956],[-73.91284,40.751096],[-73.912119,40.751085],[-73.91071,40.750866],[-73.909384,40.750436],[-73.908128,40.749895],[-73.906952,40.74926],[-73.905869,40.748535],[-73.903005,40.746066],[-73.89618,40.739676],[-73.895166,40.738896],[-73.894611,40.738546],[-73.893412,40.737936],[-73.883303,40.733693],[-73.843649,40.719159],[-73.84238,40.718637],[-73.840575,40.71773],[-73.838905,40.716684],[-73.83739,40.715509],[-73.822016,40.701678],[-73.820549,40.700468],[-73.818895,40.69941],[-73.817651,40.698857],[-73.816301,40.698478],[-73.814871,40.698372],[-73.813452,40.698545],[-73.811367,40.698985],[-73.804366,40.700938],[-73.801013,40.701942],[-73.786417,40.705479],[-73.704947,40.725068],[-73.660188,40.735738],[-73.656717,40.736486],[-73.642977,40.739847],[-73.617498,40.74593],[-73.536878,40.765079],[-73.534127,40.765747],[-73.530752,40.76672],[-73.52869,40.767224],[-73.524503,40.768066],[-73.523793,40.768159],[-73.523073,40.768161],[-73.522364,40.768066],[-73.52169,40.767874],[-73.520504,40.767255],[-73.473288,40.736437],[-73.468421,40.733167],[-73.466605,40.732276],[-73.465298,40.731812],[-73.46395,40.731421],[-73.390088,40.712527],[-73.387456,40.71163],[-73.346051,40.696092],[-73.344678,40.695765],[-73.343243,40.695689],[-73.342527,40.695746],[-73.341133,40.696022],[-73.327551,40.699722],[-73.32488,40.70055],[-73.322654,40.701126],[-73.321319,40.701542],[-73.318757,40.702549],[-73.311968,40.705674],[-73.310685,40.706175],[-73.307969,40.706912],[-73.299739,40.708949],[-73.297715,40.709529],[-73.256775,40.723242],[-73.25489,40.724048],[-73.24701,40.727919],[-73.245066,40.728639],[-73.243,40.729127],[-73.206703,40.736372],[-73.204591,40.736728],[-73.203155,40.736833],[-73.197382,40.73683],[-73.195224,40.736941],[-73.161871,40.741636],[-73.160482,40.741935],[-73.159143,40.742343],[-73.157259,40.743151],[-73.156106,40.74381],[-73.152839,40.745972],[-73.151675,40.746619],[-73.151037,40.746874],[-73.149673,40.747225],[-73.148242,40.747349],[-73.147521,40.747325],[-73.1461,40.747138],[-73.139761,40.746058],[-73.138373,40.745759],[-73.136385,40.745111],[-73.131335,40.742981],[-73.130039,40.7425],[-73.127988,40.741979],[-73.126571,40.741771],[-73.124413,40.741649],[-73.084754,40.740355],[-73.082593,40.740419],[-73.081171,40.740603],[-73.048214,40.746715],[-73.046143,40.747187],[-73.044882,40.747718],[-73.02751,40.756601],[-73.026384,40.757286],[-73.022633,40.759861],[-73.021455,40.76049],[-73.020117,40.760897],[-73.016641,40.761635],[-73.004955,40.764487],[-73.002864,40.764913],[-73.001442,40.765103],[-72.97857,40.767585],[-72.97715,40.767783],[-72.933567,40.775564],[-72.931481,40.776003],[-72.930168,40.776457],[-72.928937,40.77703],[-72.892671,40.795059],[-72.891412,40.795595],[-72.890068,40.795994],[-72.888663,40.796245],[-72.887236,40.796414],[-72.825771,40.803271],[-72.825051,40.803311],[-72.823609,40.803269],[-72.811487,40.801777],[-72.810052,40.801648],[-72.808609,40.801598],[-72.806445,40.801663],[-72.805012,40.801803],[-72.802895,40.802151],[-72.757566,40.811471],[-72.756204,40.811831],[-72.75558,40.812105],[-72.755012,40.812443],[-72.754515,40.81284],[-72.754089,40.813283],[-72.745271,40.823984],[-72.744462,40.824893],[-72.743974,40.825296],[-72.743419,40.825646],[-72.742803,40.825932],[-72.741445,40.826293],[-72.74073,40.826362],[-72.739293,40.826279],[-72.705229,40.82131]]}},{"type":"Feature","properties":{"agency":"LIRR","color":"#00B2A9","description":"Montauk Branch","route":"5","routeId":"5","shapeId":"4687B150W"},"geometry":{"type":"LineString","coordinates":[[-72.705229,40.82131],[-72.739293,40.826279],[-72.74073,40.826362],[-72.741445,40.826293],[-72.742803,40.825932],[-72.743419,40.825646],[-72.743974,40.825296],[-72.744462,40.824893],[-72.745271,40.823984],[-72.754089,40.813283],[-72.754515,40.81284],[-72.755012,40.812443],[-72.75558,40.812105],[-72.756204,40.811831],[-72.757566,40.811471],[-72.802895,40.802151],[-72.805012,40.801803],[-72.806445,40.801663],[-72.808609,40.801598],[-72.810052,40.801648],[-72.811487,40.801777],[-72.823609,40.803269],[-72.825051,40.803311],[-72.825771,40.803271],[-72.887236,40.796414],[-72.888663,40.796245],[-72.890068,40.795994],[-72.891412,40.795595],[-72.892671,40.795059],[-72.928937,40.77703],[-72.930168,40.776457],[-72.931481,40.776003],[-72.933567,40.775564],[-72.97715,40.767783],[-72.97857,40.767585],[-73.001442,40.765103],[-73.002864,40.764913],[-73.004955,40.764487],[-73.016641,40.761635],[-73.020117,40.760897],[-73.021455,40.76049],[-73.022633,40.759861],[-73.026384,40.757286],[-73.02751,40.756601],[-73.044882,40.747718],[-73.046143,40.747187],[-73.048214,40.746715],[-73.081171,40.740603],[-73.082593,40.740419],[-73.084754,40.740355],[-73.124413,40.741649],[-73.126571,40.741771],[-73.127988,40.741979],[-73.130039,40.7425],[-73.131335,40.742981],[-73.136385,40.745111],[-73.138373,40.745759],[-73.139761,40.746058],[-73.1461,40.747138],[-73.147521,40.747325],[-73.148242,40.747349],[-73.149673,40.747225],[-73.151037,40.746874],[-73.151675,40.746619],[-73.152839,40.745972],[-73.156106,40.74381],[-73.157259,40.743151],[-73.159143,40.742343],[-73.160482,40.741935],[-73.161871,40.741636],[-73.195224,40.736941],[-73.197382,40.73683],[-73.203155,40.736833],[-73.204591,40.736728],[-73.206703,40.736372],[-73.243,40.729127],[-73.245066,40.728639],[-73.24701,40.727919],[-73.25489,40.724048],[-73.256775,40.723242],[-73.297715,40.709529],[-73.299739,40.708949],[-73.307969,40.706912],[-73.310685,40.706175],[-73.311968,40.705674],[-73.318757,40.702549],[-73.321319,40.701542],[-73.322654,40.701126],[-73.32488,40.70055],[-73.327551,40.699722],[-73.341133,40.696022],[-73.342527,40.695746],[-73.343243,40.695689],[-73.344678,40.695765],[-73.346051,40.696092],[-73.387456,40.71163],[-73.390088,40.712527],[-73.46395,40.731421],[-73.465298,40.731812],[-73.466605,40.732276],[-73.468421,40.733167],[-73.473288,40.736437],[-73.520504,40.767255],[-73.52169,40.767874],[-73.522364,40.768066],[-73.523073,40.768161],[-73.523793,40.768159],[-73.524503,40.768066],[-73.52869,40.767224],[-73.530752,40.76672],[-73.534127,40.765747],[-73.536878,40.765079],[-73.617498,40.74593],[-73.642977,40.739847],[-73.656717,40.736486],[-73.660188,40.735738],[-73.704947,40.725068],[-73.786417,40.705479],[-73.801013,40.701942],[-73.804366,40.700938],[-73.811367,40.698985],[-73.813452,40.698545],[-73.814871,40.698372],[-73.816301,40.698478],[-73.817651,40.698857],[-73.818895,40.69941],[-73.820549,40.700468],[-73.822016,40.701678],[-73.83739,40.715509],[-73.838905,40.716684],[-73.840575,40.71773],[-73.84238,40.718637],[-73.843649,40.719159],[-73.883303,40.733693],[-73.893412,40.737936],[-73.894611,40.738546],[-73.895166,40.738896],[-73.89618,40.739676],[-73.903005,40.746066],[-73.905869,40.748535],[-73.906952,40.74926],[-73.908128,40.749895],[-73.909384,40.750436],[-73.91071,40.750866],[-73.912119,40.751085],[-73.91284,40.751096],[-73.91427,40.750956],[-73.931806,40.74772],[-73.935295,40.747018],[-73.937339,40.746479],[-73.938651,40.746021],[-73.945627,40.74314],[-73.948906,40.741996],[-73.950263,40.741623],[-73.951666,40.74137],[-73.953097,40.741234],[-73.954539,40.741198],[-73.959549,40.741676],[-73.972398,40.743134],[-73.97311,40.743223],[-73.974499,40.743519],[-73.976479,40.744178],[-73.989142,40.749449],[-73.989791,40.749681],[-73.991162,40.749989],[-73.993087,40.750743]]}},{"type":"Feature","properties":{"agency":"LIRR","color":"#00B2A9","description":"Montauk Branch","route":"5","routeId":"5","shapeId":"49E0A6C6"},"geometry":{"type":"LineString","coordinates":[[-73.94662,40.742487],[-73.942176,40.744311],[-73.938276,40.745743],[-73.934968,40.746839],[-73.932227,40.747524],[-73.924517,40.748964],[-73.920257,40.749547],[-73.914641,40.750567],[-73.913207,40.750686],[-73.911765,40.750675],[-73.910347,40.750482],[-73.909662,40.750309],[-73.909,40.750092],[-73.907773,40.749517],[-73.906106,40.74847],[-73.903005,40.746066],[-73.89618,40.739676],[-73.895166,40.738896],[-73.894611,40.738546],[-73.893412,40.737936],[-73.883303,40.733693],[-73.843649,40.719159],[-73.84238,40.718637],[-73.840575,40.71773],[-73.838905,40.716684],[-73.83739,40.715509],[-73.821055,40.700859],[-73.819475,40.699736],[-73.818895,40.69941],[-73.817651,40.698857],[-73.816301,40.698478],[-73.814871,40.698372],[-73.814154,40.698424],[-73.812057,40.698826],[-73.809334,40.699547],[-73.807998,40.699379],[-73.80332,40.700824],[-73.801417,40.701604],[-73.800754,40.701817],[-73.793898,40.70352],[-73.783568,40.70596],[-73.782132,40.705981],[-73.780722,40.705764],[-73.78005,40.705566],[-73.778811,40.705009],[-73.777762,40.704259],[-73.775009,40.701718],[-73.766541,40.69283],[-73.765833,40.691875],[-73.765543,40.691365],[-73.763536,40.687249],[-73.762684,40.685736],[-73.750913,40.669364],[-73.750089,40.668466],[-73.749585,40.668075],[-73.748455,40.667394],[-73.747211,40.666842],[-73.74588,40.666423],[-73.745188,40.66627],[-73.743054,40.666022],[-73.722869,40.666033],[-73.721431,40.665961],[-73.720011,40.665776],[-73.717943,40.665298],[-73.704725,40.661627],[-73.704567,40.661501],[-73.70118,40.660562],[-73.694362,40.658786],[-73.692259,40.658408],[-73.680881,40.656973],[-73.673139,40.655672],[-73.671705,40.655575],[-73.670267,40.655641],[-73.654026,40.658174],[-73.651884,40.65839],[-73.650444,40.658438],[-73.646841,40.658364],[-73.632453,40.657686],[-73.610137,40.656818],[-73.60293,40.6567],[-73.595002,40.65666],[-73.585651,40.657108],[-73.5828,40.65743],[-73.578568,40.658109],[-73.560382,40.66156],[-73.53141,40.668258],[-73.514128,40.672154],[-73.509204,40.672997],[-73.495055,40.67511],[-73.492909,40.67531],[-73.474242,40.676626],[-73.428985,40.679613],[-73.419661,40.680344],[-73.416783,40.680485],[-73.39661,40.681121],[-73.394456,40.681261],[-73.393033,40.681441],[-73.391632,40.681699],[-73.389579,40.682217],[-73.374122,40.686794],[-73.369444,40.688238],[-73.361343,40.690555],[-73.328053,40.699584],[-73.324704,40.700599],[-73.321982,40.701325],[-73.319385,40.702279],[-73.311968,40.705674],[-73.310685,40.706175],[-73.307969,40.706912],[-73.299739,40.708949],[-73.297715,40.709529],[-73.256775,40.723242],[-73.25489,40.724048],[-73.24701,40.727919],[-73.245066,40.728639],[-73.243,40.729127],[-73.206005,40.736509],[-73.204591,40.736728],[-73.203155,40.736833],[-73.197382,40.73683],[-73.195224,40.736941],[-73.161871,40.741636],[-73.160482,40.741935],[-73.159143,40.742343],[-73.157259,40.743151],[-73.156106,40.74381],[-73.152839,40.745972],[-73.151675,40.746619],[-73.151037,40.746874],[-73.149673,40.747225],[-73.148242,40.747349],[-73.147521,40.747325],[-73.1461,40.747138],[-73.139761,40.746058],[-73.138373,40.745759],[-73.136385,40.745111],[-73.131335,40.742981],[-73.130039,40.7425],[-73.127988,40.741979],[-73.126571,40.741771],[-73.124413,40.741649],[-73.084754,40.740355],[-73.082593,40.740419],[-73.081171,40.740603],[-73.048214,40.746715],[-73.046143,40.747187],[-73.044882,40.747718],[-73.02751,40.756601],[-73.026384,40.757286],[-73.022633,40.759861],[-73.021455,40.76049],[-73.020117,40.760897],[-73.016641,40.761635],[-73.004955,40.764487],[-73.002864,40.764913],[-73.001442,40.765103],[-72.97857,40.767585],[-72.97715,40.767783],[-72.933567,40.775564],[-72.931481,40.776003],[-72.930168,40.776457],[-72.928937,40.77703],[-72.892671,40.795059],[-72.891412,40.795595],[-72.890068,40.795994],[-72.888663,40.796245],[-72.887236,40.796414],[-72.825771,40.803271],[-72.825051,40.803311],[-72.823609,40.803269],[-72.811487,40.801777],[-72.810052,40.801648],[-72.807165,40.801623],[-72.805012,40.801803],[-72.802895,40.802151],[-72.756874,40.811627],[-72.75558,40.812105],[-72.755012,40.812443],[-72.754515,40.81284],[-72.754089,40.813283],[-72.745271,40.823984],[-72.744462,40.824893],[-72.743974,40.825296],[-72.743419,40.825646],[-72.742803,40.825932],[-72.741445,40.826293],[-72.74073,40.826362],[-72.739293,40.826279],[-72.696712,40.820073],[-72.695274,40.820028],[-72.694563,40.820121],[-72.693211,40.820502],[-72.670764,40.828092],[-72.669406,40.828457],[-72.632128,40.832067],[-72.609191,40.834319],[-72.607769,40.834506],[-72.607086,40.834681],[-72.606444,40.834931],[-72.605291,40.83559],[-72.58601,40.848029],[-72.561001,40.863828],[-72.559277,40.864825],[-72.556664,40.865761],[-72.515586,40.879401],[-72.514351,40.879966],[-72.511108,40.882151],[-72.505043,40.885141],[-72.500512,40.887871],[-72.49991,40.888173],[-72.499257,40.888406],[-72.497853,40.888654],[-72.492823,40.889093],[-72.483601,40.890486],[-72.482171,40.890648],[-72.477111,40.890774],[-72.463368,40.890925],[-72.450353,40.890681],[-72.415678,40.892051],[-72.394749,40.893138],[-72.39333,40.893337],[-72.39265,40.893522],[-72.39138,40.894043],[-72.383018,40.898379],[-72.381792,40.898962],[-72.358563,40.909055],[-72.356082,40.910184],[-72.355529,40.910537],[-72.354565,40.911354],[-72.340293,40.924483],[-72.339306,40.925284],[-72.338741,40.925626],[-72.320653,40.934735],[-72.310944,40.938419],[-72.310347,40.938728],[-72.309815,40.939099],[-72.304627,40.942928],[-72.3029,40.943922],[-72.300977,40.944682],[-72.293003,40.947297],[-72.291643,40.947673],[-72.289547,40.948102],[-72.186582,40.966264],[-72.183848,40.966987],[-72.144172,40.979012],[-72.142807,40.979377],[-72.14141,40.979667],[-72.139272,40.97996],[-72.137107,40.980083],[-72.114656,40.979792],[-72.11249,40.979912],[-72.109651,40.980339],[-72.106911,40.981049],[-72.028476,41.003911],[-72.027189,41.004412],[-72.026589,41.004719],[-72.026022,41.005061],[-72.025009,41.005843],[-72.019368,41.011558],[-72.018613,41.012493],[-72.018037,41.0135],[-72.017655,41.014557],[-72.017538,41.015099],[-72.017459,41.016194],[-72.017585,41.019484],[-72.017398,41.020572],[-72.01701,41.021628],[-72.016431,41.022633],[-72.015676,41.023569],[-72.009842,41.029857],[-72.008458,41.031126],[-72.00744,41.031907],[-72.006355,41.032634],[-71.989937,41.042578],[-71.988706,41.043154],[-71.987346,41.043525],[-71.986635,41.043628],[-71.985189,41.043663],[-71.983766,41.043467],[-71.982426,41.043054],[-71.981808,41.04277],[-71.980676,41.042085],[-71.977409,41.039911],[-71.976238,41.039269],[-71.975566,41.039068],[-71.974855,41.038973],[-71.974133,41.038987],[-71.972729,41.039253],[-71.965814,41.040902],[-71.963786,41.04149],[-71.962534,41.042041],[-71.959169,41.044125],[-71.95559,41.045993],[-71.955033,41.046344],[-71.954124,41.04705]]}},{"type":"Feature","properties":{"agency":"LIRR","color":"#00B2A9","description":"Montauk Branch","route":"5","routeId":"5","shapeId":"49E0A6C6W"},"geometry":{"type":"LineString","coordinates":[[-71.954124,41.04705],[-71.955033,41.046344],[-71.95559,41.045993],[-71.959169,41.044125],[-71.962534,41.042041],[-71.963786,41.04149],[-71.965814,41.040902],[-71.972729,41.039253],[-71.974133,41.038987],[-71.974855,41.038973],[-71.975566,41.039068],[-71.976238,41.039269],[-71.977409,41.039911],[-71.980676,41.042085],[-71.981808,41.04277],[-71.982426,41.043054],[-71.983766,41.043467],[-71.985189,41.043663],[-71.986635,41.043628],[-71.987346,41.043525],[-71.988706,41.043154],[-71.989937,41.042578],[-72.006355,41.032634],[-72.00744,41.031907],[-72.008458,41.031126],[-72.009842,41.029857],[-72.015676,41.023569],[-72.016431,41.022633],[-72.01701,41.021628],[-72.017398,41.020572],[-72.017585,41.019484],[-72.017459,41.016194],[-72.017538,41.015099],[-72.017655,41.014557],[-72.018037,41.0135],[-72.018613,41.012493],[-72.019368,41.011558],[-72.025009,41.005843],[-72.026022,41.005061],[-72.026589,41.004719],[-72.027189,41.004412],[-72.028476,41.003911],[-72.106911,40.981049],[-72.109651,40.980339],[-72.11249,40.979912],[-72.114656,40.979792],[-72.137107,40.980083],[-72.139272,40.97996],[-72.14141,40.979667],[-72.142807,40.979377],[-72.144172,40.979012],[-72.183848,40.966987],[-72.186582,40.966264],[-72.289547,40.948102],[-72.291643,40.947673],[-72.293003,40.947297],[-72.300977,40.944682],[-72.3029,40.943922],[-72.304627,40.942928],[-72.309815,40.939099],[-72.310347,40.938728],[-72.310944,40.938419],[-72.320653,40.934735],[-72.338741,40.925626],[-72.339306,40.925284],[-72.340293,40.924483],[-72.354565,40.911354],[-72.355529,40.910537],[-72.356082,40.910184],[-72.358563,40.909055],[-72.381792,40.898962],[-72.383018,40.898379],[-72.39138,40.894043],[-72.39265,40.893522],[-72.39333,40.893337],[-72.394749,40.893138],[-72.415678,40.892051],[-72.450353,40.890681],[-72.463368,40.890925],[-72.477111,40.890774],[-72.482171,40.890648],[-72.483601,40.890486],[-72.492823,40.889093],[-72.497853,40.888654],[-72.499257,40.888406],[-72.49991,40.888173],[-72.500512,40.887871],[-72.505043,40.885141],[-72.511108,40.882151],[-72.514351,40.879966],[-72.515586,40.879401],[-72.556664,40.865761],[-72.559277,40.864825],[-72.561001,40.863828],[-72.58601,40.848029],[-72.605291,40.83559],[-72.606444,40.834931],[-72.607086,40.834681],[-72.607769,40.834506],[-72.609191,40.834319],[-72.632128,40.832067],[-72.669406,40.828457],[-72.670764,40.828092],[-72.693211,40.820502],[-72.694563,40.820121],[-72.695274,40.820028],[-72.696712,40.820073],[-72.739293,40.826279],[-72.74073,40.826362],[-72.741445,40.826293],[-72.742803,40.825932],[-72.743419,40.825646],[-72.743974,40.825296],[-72.744462,40.824893],[-72.745271,40.823984],[-72.754089,40.813283],[-72.754515,40.81284],[-72.755012,40.812443],[-72.75558,40.812105],[-72.756874,40.811627],[-72.802895,40.802151],[-72.805012,40.801803],[-72.807165,40.801623],[-72.810052,40.801648],[-72.811487,40.801777],[-72.823609,40.803269],[-72.825051,40.803311],[-72.825771,40.803271],[-72.887236,40.796414],[-72.888663,40.796245],[-72.890068,40.795994],[-72.891412,40.795595],[-72.892671,40.795059],[-72.928937,40.77703],[-72.930168,40.776457],[-72.931481,40.776003],[-72.933567,40.775564],[-72.97715,40.767783],[-72.97857,40.767585],[-73.001442,40.765103],[-73.002864,40.764913],[-73.004955,40.764487],[-73.016641,40.761635],[-73.020117,40.760897],[-73.021455,40.76049],[-73.022633,40.759861],[-73.026384,40.757286],[-73.02751,40.756601],[-73.044882,40.747718],[-73.046143,40.747187],[-73.048214,40.746715],[-73.081171,40.740603],[-73.082593,40.740419],[-73.084754,40.740355],[-73.124413,40.741649],[-73.126571,40.741771],[-73.127988,40.741979],[-73.130039,40.7425],[-73.131335,40.742981],[-73.136385,40.745111],[-73.138373,40.745759],[-73.139761,40.746058],[-73.1461,40.747138],[-73.147521,40.747325],[-73.148242,40.747349],[-73.149673,40.747225],[-73.151037,40.746874],[-73.151675,40.746619],[-73.152839,40.745972],[-73.156106,40.74381],[-73.157259,40.743151],[-73.159143,40.742343],[-73.160482,40.741935],[-73.161871,40.741636],[-73.195224,40.736941],[-73.197382,40.73683],[-73.203155,40.736833],[-73.204591,40.736728],[-73.206005,40.736509],[-73.243,40.729127],[-73.245066,40.728639],[-73.24701,40.727919],[-73.25489,40.724048],[-73.256775,40.723242],[-73.297715,40.709529],[-73.299739,40.708949],[-73.307969,40.706912],[-73.310685,40.706175],[-73.311968,40.705674],[-73.319385,40.702279],[-73.321982,40.701325],[-73.324704,40.700599],[-73.328053,40.699584],[-73.361343,40.690555],[-73.369444,40.688238],[-73.374122,40.686794],[-73.389579,40.682217],[-73.391632,40.681699],[-73.393033,40.681441],[-73.394456,40.681261],[-73.39661,40.681121],[-73.416783,40.680485],[-73.419661,40.680344],[-73.428985,40.679613],[-73.474242,40.676626],[-73.492909,40.67531],[-73.495055,40.67511],[-73.509204,40.672997],[-73.514128,40.672154],[-73.53141,40.668258],[-73.560382,40.66156],[-73.578568,40.658109],[-73.5828,40.65743],[-73.585651,40.657108],[-73.595002,40.65666],[-73.60293,40.6567],[-73.610137,40.656818],[-73.632453,40.657686],[-73.646841,40.658364],[-73.650444,40.658438],[-73.651884,40.65839],[-73.654026,40.658174],[-73.670267,40.655641],[-73.671705,40.655575],[-73.673139,40.655672],[-73.680881,40.656973],[-73.692259,40.658408],[-73.694362,40.658786],[-73.70118,40.660562],[-73.704567,40.661501],[-73.704725,40.661627],[-73.717943,40.665298],[-73.720011,40.665776],[-73.721431,40.665961],[-73.722869,40.666033],[-73.743054,40.666022],[-73.745188,40.66627],[-73.74588,40.666423],[-73.747211,40.666842],[-73.748455,40.667394],[-73.749585,40.668075],[-73.750089,40.668466],[-73.750913,40.669364],[-73.762684,40.685736],[-73.763536,40.687249],[-73.765543,40.691365],[-73.765833,40.691875],[-73.766541,40.69283],[-73.775009,40.701718],[-73.777762,40.704259],[-73.778811,40.705009],[-73.78005,40.705566],[-73.780722,40.705764],[-73.782132,40.705981],[-73.783568,40.70596],[-73.793898,40.70352],[-73.800754,40.701817],[-73.801417,40.701604],[-73.80332,40.700824],[-73.807998,40.699379],[-73.809334,40.699547],[-73.812057,40.698826],[-73.814154,40.698424],[-73.814871,40.698372],[-73.816301,40.698478],[-73.817651,40.698857],[-73.818895,40.69941],[-73.819475,40.699736],[-73.821055,40.700859],[-73.83739,40.715509],[-73.838905,40.716684],[-73.840575,40.71773],[-73.84238,40.718637],[-73.843649,40.719159],[-73.883303,40.733693],[-73.893412,40.737936],[-73.894611,40.738546],[-73.895166,40.738896],[-73.89618,40.739676],[-73.903005,40.746066],[-73.906106,40.74847],[-73.907773,40.749517],[-73.909,40.750092],[-73.909662,40.750309],[-73.910347,40.750482],[-73.911765,40.750675],[-73.913207,40.750686],[-73.914641,40.750567],[-73.920257,40.749547],[-73.924517,40.748964],[-73.932227,40.747524],[-73.934968,40.746839],[-73.938276,40.745743],[-73.942176,40.744311],[-73.94662,40.742487]]}},{"type":"Feature","properties":{"agency":"LIRR","color":"#00B2A9","description":"Montauk Branch","route":"5","routeId":"5","shapeId":"4FA72919"},"geometry":{"type":"LineString","coordinates":[[-73.807998,40.699379],[-73.80332,40.700824],[-73.801417,40.701604],[-73.800754,40.701817],[-73.793898,40.70352],[-73.783568,40.70596],[-73.782132,40.705981],[-73.780722,40.705764],[-73.78005,40.705566],[-73.778811,40.705009],[-73.777762,40.704259],[-73.775009,40.701718],[-73.767372,40.693727],[-73.766165,40.692362],[-73.765543,40.691365],[-73.763536,40.687249],[-73.762684,40.685736],[-73.751265,40.669843],[-73.750533,40.668898],[-73.749585,40.668075],[-73.748455,40.667394],[-73.747211,40.666842],[-73.74588,40.666423],[-73.745188,40.66627],[-73.743772,40.666067],[-73.742334,40.666009],[-73.72359,40.666037],[-73.722149,40.666011],[-73.720718,40.665883],[-73.719312,40.665642],[-73.717943,40.665298],[-73.704725,40.661627],[-73.704567,40.661501],[-73.70118,40.660562],[-73.694362,40.658786],[-73.692259,40.658408],[-73.680881,40.656973],[-73.673846,40.655776],[-73.672424,40.655603],[-73.670984,40.655588],[-73.670267,40.655641],[-73.654026,40.658174],[-73.651884,40.65839],[-73.650444,40.658438],[-73.646841,40.658364],[-73.632453,40.657686],[-73.610137,40.656818],[-73.60293,40.6567],[-73.595002,40.65666],[-73.585651,40.657108],[-73.5828,40.65743],[-73.578568,40.658109],[-73.560382,40.66156],[-73.53141,40.668258],[-73.514128,40.672154],[-73.509204,40.672997],[-73.495055,40.67511],[-73.492909,40.67531],[-73.474242,40.676626],[-73.428985,40.679613],[-73.419661,40.680344],[-73.416783,40.680485],[-73.39589,40.681153],[-73.393742,40.681342],[-73.39233,40.68156],[-73.389579,40.682217],[-73.374122,40.686794],[-73.369444,40.688238],[-73.361343,40.690555],[-73.328053,40.699584],[-73.324704,40.700599],[-73.321982,40.701325],[-73.319385,40.702279],[-73.311968,40.705674],[-73.310685,40.706175],[-73.307969,40.706912],[-73.299739,40.708949],[-73.297715,40.709529],[-73.256775,40.723242],[-73.25489,40.724048],[-73.24701,40.727919],[-73.24573,40.728425],[-73.243697,40.728985],[-73.205301,40.736632],[-73.203155,40.736833],[-73.197382,40.73683],[-73.195224,40.736941],[-73.161871,40.741636],[-73.159806,40.742126],[-73.157868,40.742856],[-73.156106,40.74381],[-73.152839,40.745972],[-73.151675,40.746619],[-73.150367,40.747077],[-73.148962,40.747315],[-73.148242,40.747349],[-73.146807,40.747248],[-73.139761,40.746058],[-73.138373,40.745759],[-73.136385,40.745111],[-73.131335,40.742981],[-73.130039,40.7425],[-73.127988,40.741979],[-73.126571,40.741771],[-73.124413,40.741649],[-73.084754,40.740355],[-73.083312,40.740369],[-73.081879,40.740497],[-73.048915,40.746584],[-73.046819,40.746996],[-73.046143,40.747187],[-73.044882,40.747718],[-73.02751,40.756601],[-73.026384,40.757286],[-73.022067,40.760201],[-73.020801,40.760721],[-73.016641,40.761635]]}},{"type":"Feature","properties":{"agency":"LIRR","color":"#00B2A9","description":"Montauk Branch","route":"5","routeId":"5","shapeId":"4FA72919W"},"geometry":{"type":"LineString","coordinates":[[-73.016641,40.761635],[-73.020801,40.760721],[-73.022067,40.760201],[-73.026384,40.757286],[-73.02751,40.756601],[-73.044882,40.747718],[-73.046143,40.747187],[-73.046819,40.746996],[-73.048915,40.746584],[-73.081879,40.740497],[-73.083312,40.740369],[-73.084754,40.740355],[-73.124413,40.741649],[-73.126571,40.741771],[-73.127988,40.741979],[-73.130039,40.7425],[-73.131335,40.742981],[-73.136385,40.745111],[-73.138373,40.745759],[-73.139761,40.746058],[-73.146807,40.747248],[-73.148242,40.747349],[-73.148962,40.747315],[-73.150367,40.747077],[-73.151675,40.746619],[-73.152839,40.745972],[-73.156106,40.74381],[-73.157868,40.742856],[-73.159806,40.742126],[-73.161871,40.741636],[-73.195224,40.736941],[-73.197382,40.73683],[-73.203155,40.736833],[-73.205301,40.736632],[-73.243697,40.728985],[-73.24573,40.728425],[-73.24701,40.727919],[-73.25489,40.724048],[-73.256775,40.723242],[-73.297715,40.709529],[-73.299739,40.708949],[-73.307969,40.706912],[-73.310685,40.706175],[-73.311968,40.705674],[-73.319385,40.702279],[-73.321982,40.701325],[-73.324704,40.700599],[-73.328053,40.699584],[-73.361343,40.690555],[-73.369444,40.688238],[-73.374122,40.686794],[-73.389579,40.682217],[-73.39233,40.68156],[-73.393742,40.681342],[-73.39589,40.681153],[-73.416783,40.680485],[-73.419661,40.680344],[-73.428985,40.679613],[-73.474242,40.676626],[-73.492909,40.67531],[-73.495055,40.67511],[-73.509204,40.672997],[-73.514128,40.672154],[-73.53141,40.668258],[-73.560382,40.66156],[-73.578568,40.658109],[-73.5828,40.65743],[-73.585651,40.657108],[-73.595002,40.65666],[-73.60293,40.6567],[-73.610137,40.656818],[-73.632453,40.657686],[-73.646841,40.658364],[-73.650444,40.658438],[-73.651884,40.65839],[-73.654026,40.658174],[-73.670267,40.655641],[-73.670984,40.655588],[-73.672424,40.655603],[-73.673846,40.655776],[-73.680881,40.656973],[-73.692259,40.658408],[-73.694362,40.658786],[-73.70118,40.660562],[-73.704567,40.661501],[-73.704725,40.661627],[-73.717943,40.665298],[-73.719312,40.665642],[-73.720718,40.665883],[-73.722149,40.666011],[-73.72359,40.666037],[-73.742334,40.666009],[-73.743772,40.666067],[-73.745188,40.66627],[-73.74588,40.666423],[-73.747211,40.666842],[-73.748455,40.667394],[-73.749585,40.668075],[-73.750533,40.668898],[-73.751265,40.669843],[-73.762684,40.685736],[-73.763536,40.687249],[-73.765543,40.691365],[-73.766165,40.692362],[-73.767372,40.693727],[-73.775009,40.701718],[-73.777762,40.704259],[-73.778811,40.705009],[-73.78005,40.705566],[-73.780722,40.705764],[-73.782132,40.705981],[-73.783568,40.70596],[-73.793898,40.70352],[-73.800754,40.701817],[-73.801417,40.701604],[-73.80332,40.700824],[-73.807998,40.699379]]}},{"type":"Feature","properties":{"agency":"LIRR","color":"#00B2A9","description":"Montauk Branch","route":"5","routeId":"5","shapeId":"56A91D6D"},"geometry":{"type":"LineString","coordinates":[[-73.324023,40.70078],[-73.321982,40.701325],[-73.32002,40.70202],[-73.318137,40.702829],[-73.311968,40.705674],[-73.310685,40.706175],[-73.307969,40.706912],[-73.299739,40.708949],[-73.297715,40.709529],[-73.256775,40.723242],[-73.25489,40.724048],[-73.24701,40.727919],[-73.24573,40.728425],[-73.244387,40.728826],[-73.205301,40.736632],[-73.203155,40.736833],[-73.197382,40.73683],[-73.195224,40.736941],[-73.161871,40.741636],[-73.159806,40.742126],[-73.157868,40.742856],[-73.156106,40.74381],[-73.152274,40.746313],[-73.151037,40.746874],[-73.149673,40.747225],[-73.148242,40.747349],[-73.146807,40.747248],[-73.139761,40.746058],[-73.138373,40.745759],[-73.136385,40.745111],[-73.131335,40.742981],[-73.130039,40.7425],[-73.127988,40.741979],[-73.126571,40.741771],[-73.124413,40.741649],[-73.084033,40.740349],[-73.082593,40.740419],[-73.081171,40.740603],[-73.046819,40.746996],[-73.046143,40.747187],[-73.044882,40.747718],[-73.02751,40.756601],[-73.026384,40.757286],[-73.022067,40.760201],[-73.021455,40.76049],[-73.020117,40.760897],[-73.017331,40.761474],[-73.004955,40.764487],[-73.002864,40.764913],[-72.97715,40.767783],[-72.933567,40.775564],[-72.931481,40.776003],[-72.930168,40.776457],[-72.928937,40.77703],[-72.892671,40.795059],[-72.891412,40.795595],[-72.890068,40.795994],[-72.888663,40.796245],[-72.887236,40.796414],[-72.825771,40.803271],[-72.825051,40.803311],[-72.823609,40.803269],[-72.811487,40.801777],[-72.810052,40.801648],[-72.807165,40.801623],[-72.805012,40.801803],[-72.802895,40.802151],[-72.756874,40.811627],[-72.75558,40.812105],[-72.755012,40.812443],[-72.754515,40.81284],[-72.754089,40.813283],[-72.745271,40.823984],[-72.744462,40.824893],[-72.743974,40.825296],[-72.743419,40.825646],[-72.742803,40.825932],[-72.741445,40.826293],[-72.74073,40.826362],[-72.739293,40.826279],[-72.696712,40.820073],[-72.695274,40.820028],[-72.694563,40.820121],[-72.693211,40.820502],[-72.670764,40.828092],[-72.669406,40.828457],[-72.632128,40.832067],[-72.609191,40.834319],[-72.607769,40.834506],[-72.607086,40.834681],[-72.606444,40.834931],[-72.605291,40.83559],[-72.58601,40.848029],[-72.561001,40.863828],[-72.559277,40.864825],[-72.556664,40.865761],[-72.515586,40.879401],[-72.514351,40.879966],[-72.511108,40.882151],[-72.505043,40.885141],[-72.500512,40.887871],[-72.49991,40.888173],[-72.499257,40.888406],[-72.497853,40.888654],[-72.492823,40.889093],[-72.483601,40.890486],[-72.482171,40.890648],[-72.477111,40.890774],[-72.463368,40.890925],[-72.450353,40.890681],[-72.415678,40.892051],[-72.394749,40.893138],[-72.39333,40.893337],[-72.39265,40.893522],[-72.39138,40.894043],[-72.383018,40.898379],[-72.381792,40.898962],[-72.358563,40.909055],[-72.356082,40.910184],[-72.355529,40.910537],[-72.354565,40.911354],[-72.340293,40.924483],[-72.339306,40.925284],[-72.338741,40.925626],[-72.320653,40.934735],[-72.310944,40.938419],[-72.310347,40.938728],[-72.309815,40.939099],[-72.304627,40.942928],[-72.3029,40.943922],[-72.300977,40.944682],[-72.293003,40.947297],[-72.291643,40.947673],[-72.289547,40.948102],[-72.186582,40.966264],[-72.183848,40.966987],[-72.144172,40.979012],[-72.142807,40.979377],[-72.14141,40.979667],[-72.139272,40.97996],[-72.137107,40.980083],[-72.114656,40.979792],[-72.11249,40.979912],[-72.109651,40.980339],[-72.106911,40.981049],[-72.028476,41.003911],[-72.027189,41.004412],[-72.026589,41.004719],[-72.026022,41.005061],[-72.025009,41.005843],[-72.019368,41.011558],[-72.018613,41.012493],[-72.018037,41.0135],[-72.017655,41.014557],[-72.017538,41.015099],[-72.017459,41.016194],[-72.017585,41.019484],[-72.017398,41.020572],[-72.01701,41.021628],[-72.016431,41.022633],[-72.015676,41.023569],[-72.009842,41.029857],[-72.008458,41.031126],[-72.00744,41.031907],[-72.006355,41.032634],[-71.989937,41.042578],[-71.988706,41.043154],[-71.987346,41.043525],[-71.986635,41.043628],[-71.985189,41.043663],[-71.983766,41.043467],[-71.982426,41.043054],[-71.981808,41.04277],[-71.980676,41.042085],[-71.977409,41.039911],[-71.976238,41.039269],[-71.975566,41.039068],[-71.974855,41.038973],[-71.974133,41.038987],[-71.972729,41.039253],[-71.965814,41.040902],[-71.963786,41.04149],[-71.962534,41.042041],[-71.959169,41.044125],[-71.95559,41.045993],[-71.955033,41.046344],[-71.954124,41.04705]]}},{"type":"Feature","properties":{"agency":"LIRR","color":"#00B2A9","description":"Montauk Branch","route":"5","routeId":"5","shapeId":"56A91D6DW"},"geometry":{"type":"LineString","coordinates":[[-71.954124,41.04705],[-71.955033,41.046344],[-71.95559,41.045993],[-71.959169,41.044125],[-71.962534,41.042041],[-71.963786,41.04149],[-71.965814,41.040902],[-71.972729,41.039253],[-71.974133,41.038987],[-71.974855,41.038973],[-71.975566,41.039068],[-71.976238,41.039269],[-71.977409,41.039911],[-71.980676,41.042085],[-71.981808,41.04277],[-71.982426,41.043054],[-71.983766,41.043467],[-71.985189,41.043663],[-71.986635,41.043628],[-71.987346,41.043525],[-71.988706,41.043154],[-71.989937,41.042578],[-72.006355,41.032634],[-72.00744,41.031907],[-72.008458,41.031126],[-72.009842,41.029857],[-72.015676,41.023569],[-72.016431,41.022633],[-72.01701,41.021628],[-72.017398,41.020572],[-72.017585,41.019484],[-72.017459,41.016194],[-72.017538,41.015099],[-72.017655,41.014557],[-72.018037,41.0135],[-72.018613,41.012493],[-72.019368,41.011558],[-72.025009,41.005843],[-72.026022,41.005061],[-72.026589,41.004719],[-72.027189,41.004412],[-72.028476,41.003911],[-72.106911,40.981049],[-72.109651,40.980339],[-72.11249,40.979912],[-72.114656,40.979792],[-72.137107,40.980083],[-72.139272,40.97996],[-72.14141,40.979667],[-72.142807,40.979377],[-72.144172,40.979012],[-72.183848,40.966987],[-72.186582,40.966264],[-72.289547,40.948102],[-72.291643,40.947673],[-72.293003,40.947297],[-72.300977,40.944682],[-72.3029,40.943922],[-72.304627,40.942928],[-72.309815,40.939099],[-72.310347,40.938728],[-72.310944,40.938419],[-72.320653,40.934735],[-72.338741,40.925626],[-72.339306,40.925284],[-72.340293,40.924483],[-72.354565,40.911354],[-72.355529,40.910537],[-72.356082,40.910184],[-72.358563,40.909055],[-72.381792,40.898962],[-72.383018,40.898379],[-72.39138,40.894043],[-72.39265,40.893522],[-72.39333,40.893337],[-72.394749,40.893138],[-72.415678,40.892051],[-72.450353,40.890681],[-72.463368,40.890925],[-72.477111,40.890774],[-72.482171,40.890648],[-72.483601,40.890486],[-72.492823,40.889093],[-72.497853,40.888654],[-72.499257,40.888406],[-72.49991,40.888173],[-72.500512,40.887871],[-72.505043,40.885141],[-72.511108,40.882151],[-72.514351,40.879966],[-72.515586,40.879401],[-72.556664,40.865761],[-72.559277,40.864825],[-72.561001,40.863828],[-72.58601,40.848029],[-72.605291,40.83559],[-72.606444,40.834931],[-72.607086,40.834681],[-72.607769,40.834506],[-72.609191,40.834319],[-72.632128,40.832067],[-72.669406,40.828457],[-72.670764,40.828092],[-72.693211,40.820502],[-72.694563,40.820121],[-72.695274,40.820028],[-72.696712,40.820073],[-72.739293,40.826279],[-72.74073,40.826362],[-72.741445,40.826293],[-72.742803,40.825932],[-72.743419,40.825646],[-72.743974,40.825296],[-72.744462,40.824893],[-72.745271,40.823984],[-72.754089,40.813283],[-72.754515,40.81284],[-72.755012,40.812443],[-72.75558,40.812105],[-72.756874,40.811627],[-72.802895,40.802151],[-72.805012,40.801803],[-72.807165,40.801623],[-72.810052,40.801648],[-72.811487,40.801777],[-72.823609,40.803269],[-72.825051,40.803311],[-72.825771,40.803271],[-72.887236,40.796414],[-72.888663,40.796245],[-72.890068,40.795994],[-72.891412,40.795595],[-72.892671,40.795059],[-72.928937,40.77703],[-72.930168,40.776457],[-72.931481,40.776003],[-72.933567,40.775564],[-72.97715,40.767783],[-73.002864,40.764913],[-73.004955,40.764487],[-73.017331,40.761474],[-73.020117,40.760897],[-73.021455,40.76049],[-73.022067,40.760201],[-73.026384,40.757286],[-73.02751,40.756601],[-73.044882,40.747718],[-73.046143,40.747187],[-73.046819,40.746996],[-73.081171,40.740603],[-73.082593,40.740419],[-73.084033,40.740349],[-73.124413,40.741649],[-73.126571,40.741771],[-73.127988,40.741979],[-73.130039,40.7425],[-73.131335,40.742981],[-73.136385,40.745111],[-73.138373,40.745759],[-73.139761,40.746058],[-73.146807,40.747248],[-73.148242,40.747349],[-73.149673,40.747225],[-73.151037,40.746874],[-73.152274,40.746313],[-73.156106,40.74381],[-73.157868,40.742856],[-73.159806,40.742126],[-73.161871,40.741636],[-73.195224,40.736941],[-73.197382,40.73683],[-73.203155,40.736833],[-73.205301,40.736632],[-73.244387,40.728826],[-73.24573,40.728425],[-73.24701,40.727919],[-73.25489,40.724048],[-73.256775,40.723242],[-73.297715,40.709529],[-73.299739,40.708949],[-73.307969,40.706912],[-73.310685,40.706175],[-73.311968,40.705674],[-73.318137,40.702829],[-73.32002,40.70202],[-73.321982,40.701325],[-73.324023,40.70078]]}},{"type":"Feature","properties":{"agency":"LIRR","color":"#00B2A9","description":"Montauk Branch","route":"5","routeId":"5","shapeId":"7A51E605"},"geometry":{"type":"LineString","coordinates":[[-73.324023,40.70078],[-73.321982,40.701325],[-73.32002,40.70202],[-73.318137,40.702829],[-73.311968,40.705674],[-73.310685,40.706175],[-73.307969,40.706912],[-73.299739,40.708949],[-73.297715,40.709529],[-73.256775,40.723242],[-73.25489,40.724048],[-73.24701,40.727919],[-73.245066,40.728639],[-73.243,40.729127],[-73.206703,40.736372],[-73.204591,40.736728],[-73.203155,40.736833],[-73.197382,40.73683],[-73.195224,40.736941],[-73.161871,40.741636],[-73.160482,40.741935],[-73.159143,40.742343],[-73.157259,40.743151],[-73.156106,40.74381],[-73.152839,40.745972],[-73.151675,40.746619],[-73.151037,40.746874],[-73.149673,40.747225],[-73.148242,40.747349],[-73.147521,40.747325],[-73.1461,40.747138],[-73.139761,40.746058],[-73.138373,40.745759],[-73.136385,40.745111],[-73.131335,40.742981],[-73.130039,40.7425],[-73.127988,40.741979],[-73.126571,40.741771],[-73.124413,40.741649],[-73.084754,40.740355],[-73.083312,40.740369],[-73.081879,40.740497],[-73.048915,40.746584],[-73.046819,40.746996],[-73.046143,40.747187],[-73.044882,40.747718],[-73.02751,40.756601],[-73.026384,40.757286],[-73.022067,40.760201],[-73.020801,40.760721],[-73.016641,40.761635]]}},{"type":"Feature","properties":{"agency":"LIRR","color":"#00B2A9","description":"Montauk Branch","route":"5","routeId":"5","shapeId":"7A51E605W"},"geometry":{"type":"LineString","coordinates":[[-73.016641,40.761635],[-73.020801,40.760721],[-73.022067,40.760201],[-73.026384,40.757286],[-73.02751,40.756601],[-73.044882,40.747718],[-73.046143,40.747187],[-73.046819,40.746996],[-73.048915,40.746584],[-73.081879,40.740497],[-73.083312,40.740369],[-73.084754,40.740355],[-73.124413,40.741649],[-73.126571,40.741771],[-73.127988,40.741979],[-73.130039,40.7425],[-73.131335,40.742981],[-73.136385,40.745111],[-73.138373,40.745759],[-73.139761,40.746058],[-73.1461,40.747138],[-73.147521,40.747325],[-73.148242,40.747349],[-73.149673,40.747225],[-73.151037,40.746874],[-73.151675,40.746619],[-73.152839,40.745972],[-73.156106,40.74381],[-73.157259,40.743151],[-73.159143,40.742343],[-73.160482,40.741935],[-73.161871,40.741636],[-73.195224,40.736941],[-73.197382,40.73683],[-73.203155,40.736833],[-73.204591,40.736728],[-73.206703,40.736372],[-73.243,40.729127],[-73.245066,40.728639],[-73.24701,40.727919],[-73.25489,40.724048],[-73.256775,40.723242],[-73.297715,40.709529],[-73.299739,40.708949],[-73.307969,40.706912],[-73.310685,40.706175],[-73.311968,40.705674],[-73.318137,40.702829],[-73.32002,40.70202],[-73.321982,40.701325],[-73.324023,40.70078]]}},{"type":"Feature","properties":{"agency":"LIRR","color":"#00B2A9","description":"Montauk Branch","route":"5","routeId":"5","shapeId":"7B312B0AW"},"geometry":{"type":"LineString","coordinates":[[-72.390781,40.894351],[-72.391998,40.893758],[-72.39265,40.893522],[-72.394033,40.893209],[-72.394749,40.893138],[-72.416401,40.89202],[-72.450353,40.890681],[-72.463368,40.890925],[-72.477111,40.890774],[-72.482171,40.890648],[-72.483601,40.890486],[-72.492823,40.889093],[-72.498566,40.888565],[-72.499257,40.888406],[-72.49991,40.888173],[-72.500512,40.887871],[-72.505043,40.885141],[-72.511108,40.882151],[-72.514351,40.879966],[-72.515586,40.879401],[-72.556664,40.865761],[-72.559277,40.864825],[-72.561001,40.863828],[-72.58601,40.848029],[-72.605291,40.83559],[-72.606444,40.834931],[-72.607086,40.834681],[-72.607769,40.834506],[-72.609191,40.834319],[-72.632128,40.832067],[-72.669406,40.828457],[-72.670764,40.828092],[-72.693211,40.820502],[-72.694563,40.820121],[-72.695274,40.820028],[-72.696712,40.820073],[-72.739293,40.826279],[-72.74073,40.826362],[-72.741445,40.826293],[-72.742803,40.825932],[-72.743419,40.825646],[-72.743974,40.825296],[-72.744462,40.824893],[-72.745271,40.823984],[-72.754089,40.813283],[-72.754515,40.81284],[-72.755012,40.812443],[-72.75558,40.812105],[-72.756874,40.811627],[-72.802895,40.802151],[-72.805012,40.801803],[-72.807165,40.801623],[-72.810052,40.801648],[-72.811487,40.801777],[-72.823609,40.803269],[-72.825051,40.803311],[-72.825771,40.803271],[-72.887236,40.796414],[-72.888663,40.796245],[-72.890068,40.795994],[-72.891412,40.795595],[-72.892671,40.795059],[-72.928937,40.77703],[-72.930168,40.776457],[-72.931481,40.776003],[-72.933567,40.775564],[-72.97715,40.767783],[-73.002864,40.764913],[-73.004955,40.764487],[-73.017331,40.761474],[-73.020117,40.760897],[-73.021455,40.76049],[-73.022067,40.760201],[-73.026384,40.757286],[-73.02751,40.756601],[-73.044882,40.747718],[-73.046143,40.747187],[-73.046819,40.746996],[-73.081171,40.740603],[-73.082593,40.740419],[-73.084033,40.740349],[-73.124413,40.741649],[-73.126571,40.741771],[-73.127988,40.741979],[-73.130039,40.7425],[-73.131335,40.742981],[-73.136385,40.745111],[-73.138373,40.745759],[-73.139761,40.746058],[-73.146807,40.747248],[-73.148242,40.747349],[-73.149673,40.747225],[-73.151037,40.746874],[-73.152274,40.746313],[-73.156106,40.74381],[-73.157868,40.742856],[-73.159806,40.742126],[-73.161871,40.741636],[-73.195224,40.736941],[-73.197382,40.73683],[-73.203155,40.736833],[-73.205301,40.736632],[-73.244387,40.728826],[-73.24573,40.728425],[-73.24701,40.727919],[-73.255502,40.723757],[-73.257433,40.723016],[-73.297715,40.709529],[-73.299739,40.708949],[-73.307969,40.706912],[-73.310685,40.706175],[-73.311968,40.705674],[-73.319385,40.702279],[-73.321982,40.701325],[-73.32488,40.70055],[-73.327551,40.699722],[-73.340454,40.696206],[-73.342527,40.695746],[-73.343243,40.695689],[-73.344678,40.695765],[-73.346051,40.696092],[-73.387456,40.71163],[-73.390088,40.712527],[-73.46395,40.731421],[-73.465298,40.731812],[-73.466605,40.732276],[-73.468421,40.733167],[-73.473288,40.736437],[-73.520504,40.767255],[-73.52169,40.767874],[-73.522364,40.768066],[-73.523073,40.768161],[-73.523793,40.768159],[-73.524503,40.768066],[-73.52869,40.767224],[-73.530752,40.76672],[-73.534127,40.765747],[-73.536878,40.765079],[-73.617498,40.74593],[-73.642977,40.739847],[-73.656717,40.736486],[-73.660188,40.735738],[-73.704947,40.725068],[-73.786417,40.705479],[-73.801013,40.701942],[-73.804366,40.700938],[-73.811367,40.698985],[-73.813452,40.698545],[-73.814871,40.698372],[-73.816301,40.698478],[-73.817651,40.698857],[-73.818895,40.69941],[-73.820549,40.700468],[-73.822016,40.701678],[-73.83739,40.715509],[-73.838905,40.716684],[-73.840575,40.71773],[-73.84238,40.718637],[-73.843649,40.719159],[-73.883303,40.733693],[-73.893412,40.737936],[-73.894611,40.738546],[-73.895166,40.738896],[-73.89618,40.739676],[-73.903005,40.746066],[-73.905869,40.748535],[-73.906952,40.74926],[-73.908128,40.749895],[-73.909384,40.750436],[-73.91071,40.750866],[-73.912119,40.751085],[-73.91284,40.751096],[-73.91427,40.750956],[-73.931806,40.74772],[-73.935295,40.747018],[-73.937339,40.746479],[-73.938651,40.746021],[-73.945627,40.74314],[-73.948906,40.741996],[-73.950263,40.741623],[-73.951666,40.74137],[-73.953097,40.741234],[-73.954539,40.741198],[-73.959549,40.741676],[-73.972398,40.743134],[-73.97311,40.743223],[-73.974499,40.743519],[-73.976479,40.744178],[-73.989142,40.749449],[-73.989791,40.749681],[-73.991162,40.749989],[-73.993087,40.750743]]}},{"type":"Feature","properties":{"agency":"LIRR","color":"#00B2A9","description":"Montauk Branch","route":"5","routeId":"5","shapeId":"826F66E8"},"geometry":{"type":"LineString","coordinates":[[-72.70452,40.821207],[-72.696712,40.820073],[-72.695274,40.820028],[-72.694563,40.820121],[-72.693211,40.820502],[-72.670764,40.828092],[-72.669406,40.828457],[-72.609191,40.834319],[-72.607769,40.834506],[-72.607086,40.834681],[-72.606444,40.834931],[-72.605291,40.83559],[-72.58601,40.848029],[-72.561001,40.863828],[-72.559277,40.864825],[-72.556664,40.865761],[-72.515586,40.879401],[-72.514351,40.879966],[-72.511108,40.882151],[-72.505043,40.885141],[-72.500512,40.887871],[-72.49991,40.888173],[-72.499257,40.888406],[-72.497853,40.888654],[-72.492823,40.889093],[-72.483601,40.890486],[-72.482171,40.890648],[-72.477111,40.890774],[-72.463368,40.890925],[-72.450353,40.890681],[-72.416401,40.89202],[-72.394749,40.893138],[-72.394033,40.893209],[-72.39265,40.893522],[-72.391998,40.893758],[-72.390781,40.894351]]}},{"type":"Feature","properties":{"agency":"LIRR","color":"#00B2A9","description":"Montauk Branch","route":"5","routeId":"5","shapeId":"826F66E8W"},"geometry":{"type":"LineString","coordinates":[[-72.390781,40.894351],[-72.391998,40.893758],[-72.39265,40.893522],[-72.394033,40.893209],[-72.394749,40.893138],[-72.416401,40.89202],[-72.450353,40.890681],[-72.463368,40.890925],[-72.477111,40.890774],[-72.482171,40.890648],[-72.483601,40.890486],[-72.492823,40.889093],[-72.497853,40.888654],[-72.499257,40.888406],[-72.49991,40.888173],[-72.500512,40.887871],[-72.505043,40.885141],[-72.511108,40.882151],[-72.514351,40.879966],[-72.515586,40.879401],[-72.556664,40.865761],[-72.559277,40.864825],[-72.561001,40.863828],[-72.58601,40.848029],[-72.605291,40.83559],[-72.606444,40.834931],[-72.607086,40.834681],[-72.607769,40.834506],[-72.609191,40.834319],[-72.669406,40.828457],[-72.670764,40.828092],[-72.693211,40.820502],[-72.694563,40.820121],[-72.695274,40.820028],[-72.696712,40.820073],[-72.70452,40.821207]]}},{"type":"Feature","properties":{"agency":"LIRR","color":"#00B2A9","description":"Montauk Branch","route":"5","routeId":"5","shapeId":"98998912"},"geometry":{"type":"LineString","coordinates":[[-73.807998,40.699379],[-73.80332,40.700824],[-73.801417,40.701604],[-73.800754,40.701817],[-73.793898,40.70352],[-73.783568,40.70596],[-73.782852,40.706003],[-73.781419,40.705902],[-73.78005,40.705566],[-73.778811,40.705009],[-73.77826,40.704655],[-73.777297,40.70384],[-73.775009,40.701718],[-73.766541,40.69283],[-73.765833,40.691875],[-73.765543,40.691365],[-73.763536,40.687249],[-73.762684,40.685736],[-73.751265,40.669843],[-73.750533,40.668898],[-73.750089,40.668466],[-73.749036,40.66772],[-73.747846,40.667102],[-73.74588,40.666423],[-73.744485,40.66615],[-73.743054,40.666022],[-73.722869,40.666033],[-73.721431,40.665961],[-73.720011,40.665776],[-73.717943,40.665298],[-73.704725,40.661627],[-73.704567,40.661501],[-73.70118,40.660562],[-73.694362,40.658786],[-73.692259,40.658408],[-73.680881,40.656973],[-73.673846,40.655776],[-73.672424,40.655603],[-73.670984,40.655588],[-73.670267,40.655641],[-73.654026,40.658174],[-73.651884,40.65839],[-73.650444,40.658438],[-73.646841,40.658364],[-73.632453,40.657686],[-73.610137,40.656818],[-73.60293,40.6567],[-73.595002,40.65666],[-73.585651,40.657108],[-73.5828,40.65743],[-73.578568,40.658109],[-73.560382,40.66156],[-73.53141,40.668258],[-73.514128,40.672154],[-73.509204,40.672997],[-73.495055,40.67511],[-73.492909,40.67531],[-73.474242,40.676626],[-73.428985,40.679613],[-73.419661,40.680344],[-73.416783,40.680485],[-73.39589,40.681153],[-73.393742,40.681342],[-73.39233,40.68156],[-73.389579,40.682217],[-73.374122,40.686794],[-73.369444,40.688238],[-73.361343,40.690555],[-73.328053,40.699584],[-73.324704,40.700599],[-73.321982,40.701325],[-73.319385,40.702279],[-73.311968,40.705674],[-73.310685,40.706175],[-73.307969,40.706912],[-73.299739,40.708949],[-73.297715,40.709529],[-73.256775,40.723242],[-73.25489,40.724048],[-73.24701,40.727919],[-73.245066,40.728639],[-73.243,40.729127],[-73.206005,40.736509],[-73.204591,40.736728],[-73.203155,40.736833],[-73.197382,40.73683],[-73.195224,40.736941],[-73.161871,40.741636],[-73.160482,40.741935],[-73.159143,40.742343],[-73.157259,40.743151],[-73.156106,40.74381],[-73.152839,40.745972],[-73.151675,40.746619],[-73.151037,40.746874],[-73.149673,40.747225],[-73.148242,40.747349],[-73.147521,40.747325],[-73.1461,40.747138],[-73.139761,40.746058],[-73.138373,40.745759],[-73.136385,40.745111],[-73.131335,40.742981],[-73.130039,40.7425],[-73.127988,40.741979],[-73.126571,40.741771],[-73.124413,40.741649],[-73.084754,40.740355],[-73.082593,40.740419],[-73.081171,40.740603],[-73.048214,40.746715],[-73.046143,40.747187],[-73.044882,40.747718],[-73.02751,40.756601],[-73.026384,40.757286],[-73.022633,40.759861],[-73.021455,40.76049],[-73.020117,40.760897],[-73.016641,40.761635],[-73.004955,40.764487],[-73.002864,40.764913],[-73.001442,40.765103],[-72.97857,40.767585],[-72.97715,40.767783],[-72.933567,40.775564],[-72.931481,40.776003],[-72.930168,40.776457],[-72.928937,40.77703],[-72.892671,40.795059],[-72.891412,40.795595],[-72.890068,40.795994],[-72.888663,40.796245],[-72.887236,40.796414],[-72.825771,40.803271],[-72.825051,40.803311],[-72.823609,40.803269],[-72.811487,40.801777],[-72.810052,40.801648],[-72.807165,40.801623],[-72.805012,40.801803],[-72.802895,40.802151],[-72.756874,40.811627],[-72.75558,40.812105],[-72.755012,40.812443],[-72.754515,40.81284],[-72.754089,40.813283],[-72.745271,40.823984],[-72.744462,40.824893],[-72.743974,40.825296],[-72.743419,40.825646],[-72.742803,40.825932],[-72.741445,40.826293],[-72.74073,40.826362],[-72.739293,40.826279],[-72.696712,40.820073],[-72.695274,40.820028],[-72.694563,40.820121],[-72.693211,40.820502],[-72.670764,40.828092],[-72.669406,40.828457],[-72.632128,40.832067],[-72.609191,40.834319],[-72.607769,40.834506],[-72.607086,40.834681],[-72.606444,40.834931],[-72.605291,40.83559],[-72.58601,40.848029],[-72.561001,40.863828],[-72.559277,40.864825],[-72.556664,40.865761],[-72.515586,40.879401],[-72.514351,40.879966],[-72.511108,40.882151],[-72.505043,40.885141],[-72.500512,40.887871],[-72.49991,40.888173],[-72.499257,40.888406],[-72.497853,40.888654],[-72.492823,40.889093],[-72.483601,40.890486],[-72.482171,40.890648],[-72.477111,40.890774],[-72.463368,40.890925],[-72.450353,40.890681],[-72.415678,40.892051],[-72.394749,40.893138],[-72.39333,40.893337],[-72.39265,40.893522],[-72.39138,40.894043],[-72.383018,40.898379],[-72.381792,40.898962],[-72.358563,40.909055],[-72.356082,40.910184],[-72.355529,40.910537],[-72.354565,40.911354],[-72.340293,40.924483],[-72.339306,40.925284],[-72.338741,40.925626],[-72.320653,40.934735],[-72.310944,40.938419],[-72.310347,40.938728],[-72.309815,40.939099],[-72.304627,40.942928],[-72.3029,40.943922],[-72.300977,40.944682],[-72.293003,40.947297],[-72.291643,40.947673],[-72.289547,40.948102],[-72.186582,40.966264],[-72.183848,40.966987],[-72.144172,40.979012],[-72.142807,40.979377],[-72.14141,40.979667],[-72.139272,40.97996],[-72.137107,40.980083],[-72.114656,40.979792],[-72.11249,40.979912],[-72.109651,40.980339],[-72.106911,40.981049],[-72.028476,41.003911],[-72.027189,41.004412],[-72.026589,41.004719],[-72.026022,41.005061],[-72.025009,41.005843],[-72.019368,41.011558],[-72.018613,41.012493],[-72.018037,41.0135],[-72.017655,41.014557],[-72.017538,41.015099],[-72.017459,41.016194],[-72.017585,41.019484],[-72.017398,41.020572],[-72.01701,41.021628],[-72.016431,41.022633],[-72.015676,41.023569],[-72.009842,41.029857],[-72.008458,41.031126],[-72.00744,41.031907],[-72.006355,41.032634],[-71.989937,41.042578],[-71.988706,41.043154],[-71.987346,41.043525],[-71.986635,41.043628],[-71.985189,41.043663],[-71.983766,41.043467],[-71.982426,41.043054],[-71.981808,41.04277],[-71.980676,41.042085],[-71.977409,41.039911],[-71.976238,41.039269],[-71.975566,41.039068],[-71.974855,41.038973],[-71.974133,41.038987],[-71.972729,41.039253],[-71.965814,41.040902],[-71.963786,41.04149],[-71.962534,41.042041],[-71.959169,41.044125],[-71.95559,41.045993],[-71.955033,41.046344],[-71.954124,41.04705]]}},{"type":"Feature","properties":{"agency":"LIRR","color":"#00B2A9","description":"Montauk Branch","route":"5","routeId":"5","shapeId":"98998912W"},"geometry":{"type":"LineString","coordinates":[[-71.954124,41.04705],[-71.955033,41.046344],[-71.95559,41.045993],[-71.959169,41.044125],[-71.962534,41.042041],[-71.963786,41.04149],[-71.965814,41.040902],[-71.972729,41.039253],[-71.974133,41.038987],[-71.974855,41.038973],[-71.975566,41.039068],[-71.976238,41.039269],[-71.977409,41.039911],[-71.980676,41.042085],[-71.981808,41.04277],[-71.982426,41.043054],[-71.983766,41.043467],[-71.985189,41.043663],[-71.986635,41.043628],[-71.987346,41.043525],[-71.988706,41.043154],[-71.989937,41.042578],[-72.006355,41.032634],[-72.00744,41.031907],[-72.008458,41.031126],[-72.009842,41.029857],[-72.015676,41.023569],[-72.016431,41.022633],[-72.01701,41.021628],[-72.017398,41.020572],[-72.017585,41.019484],[-72.017459,41.016194],[-72.017538,41.015099],[-72.017655,41.014557],[-72.018037,41.0135],[-72.018613,41.012493],[-72.019368,41.011558],[-72.025009,41.005843],[-72.026022,41.005061],[-72.026589,41.004719],[-72.027189,41.004412],[-72.028476,41.003911],[-72.106911,40.981049],[-72.109651,40.980339],[-72.11249,40.979912],[-72.114656,40.979792],[-72.137107,40.980083],[-72.139272,40.97996],[-72.14141,40.979667],[-72.142807,40.979377],[-72.144172,40.979012],[-72.183848,40.966987],[-72.186582,40.966264],[-72.289547,40.948102],[-72.291643,40.947673],[-72.293003,40.947297],[-72.300977,40.944682],[-72.3029,40.943922],[-72.304627,40.942928],[-72.309815,40.939099],[-72.310347,40.938728],[-72.310944,40.938419],[-72.320653,40.934735],[-72.338741,40.925626],[-72.339306,40.925284],[-72.340293,40.924483],[-72.354565,40.911354],[-72.355529,40.910537],[-72.356082,40.910184],[-72.358563,40.909055],[-72.381792,40.898962],[-72.383018,40.898379],[-72.39138,40.894043],[-72.39265,40.893522],[-72.39333,40.893337],[-72.394749,40.893138],[-72.415678,40.892051],[-72.450353,40.890681],[-72.463368,40.890925],[-72.477111,40.890774],[-72.482171,40.890648],[-72.483601,40.890486],[-72.492823,40.889093],[-72.497853,40.888654],[-72.499257,40.888406],[-72.49991,40.888173],[-72.500512,40.887871],[-72.505043,40.885141],[-72.511108,40.882151],[-72.514351,40.879966],[-72.515586,40.879401],[-72.556664,40.865761],[-72.559277,40.864825],[-72.561001,40.863828],[-72.58601,40.848029],[-72.605291,40.83559],[-72.606444,40.834931],[-72.607086,40.834681],[-72.607769,40.834506],[-72.609191,40.834319],[-72.632128,40.832067],[-72.669406,40.828457],[-72.670764,40.828092],[-72.693211,40.820502],[-72.694563,40.820121],[-72.695274,40.820028],[-72.696712,40.820073],[-72.739293,40.826279],[-72.74073,40.826362],[-72.741445,40.826293],[-72.742803,40.825932],[-72.743419,40.825646],[-72.743974,40.825296],[-72.744462,40.824893],[-72.745271,40.823984],[-72.754089,40.813283],[-72.754515,40.81284],[-72.755012,40.812443],[-72.75558,40.812105],[-72.756874,40.811627],[-72.802895,40.802151],[-72.805012,40.801803],[-72.807165,40.801623],[-72.810052,40.801648],[-72.811487,40.801777],[-72.823609,40.803269],[-72.825051,40.803311],[-72.825771,40.803271],[-72.887236,40.796414],[-72.888663,40.796245],[-72.890068,40.795994],[-72.891412,40.795595],[-72.892671,40.795059],[-72.928937,40.77703],[-72.930168,40.776457],[-72.931481,40.776003],[-72.933567,40.775564],[-72.97715,40.767783],[-72.97857,40.767585],[-73.001442,40.765103],[-73.002864,40.764913],[-73.004955,40.764487],[-73.016641,40.761635],[-73.020117,40.760897],[-73.021455,40.76049],[-73.022633,40.759861],[-73.026384,40.757286],[-73.02751,40.756601],[-73.044882,40.747718],[-73.046143,40.747187],[-73.048214,40.746715],[-73.081171,40.740603],[-73.082593,40.740419],[-73.084754,40.740355],[-73.124413,40.741649],[-73.126571,40.741771],[-73.127988,40.741979],[-73.130039,40.7425],[-73.131335,40.742981],[-73.136385,40.745111],[-73.138373,40.745759],[-73.139761,40.746058],[-73.1461,40.747138],[-73.147521,40.747325],[-73.148242,40.747349],[-73.149673,40.747225],[-73.151037,40.746874],[-73.151675,40.746619],[-73.152839,40.745972],[-73.156106,40.74381],[-73.157259,40.743151],[-73.159143,40.742343],[-73.160482,40.741935],[-73.161871,40.741636],[-73.195224,40.736941],[-73.197382,40.73683],[-73.203155,40.736833],[-73.204591,40.736728],[-73.206005,40.736509],[-73.243,40.729127],[-73.245066,40.728639],[-73.24701,40.727919],[-73.25489,40.724048],[-73.256775,40.723242],[-73.297715,40.709529],[-73.299739,40.708949],[-73.307969,40.706912],[-73.310685,40.706175],[-73.311968,40.705674],[-73.319385,40.702279],[-73.321982,40.701325],[-73.324704,40.700599],[-73.328053,40.699584],[-73.361343,40.690555],[-73.369444,40.688238],[-73.374122,40.686794],[-73.389579,40.682217],[-73.39233,40.68156],[-73.393742,40.681342],[-73.39589,40.681153],[-73.416783,40.680485],[-73.419661,40.680344],[-73.428985,40.679613],[-73.474242,40.676626],[-73.492909,40.67531],[-73.495055,40.67511],[-73.509204,40.672997],[-73.514128,40.672154],[-73.53141,40.668258],[-73.560382,40.66156],[-73.578568,40.658109],[-73.5828,40.65743],[-73.585651,40.657108],[-73.595002,40.65666],[-73.60293,40.6567],[-73.610137,40.656818],[-73.632453,40.657686],[-73.646841,40.658364],[-73.650444,40.658438],[-73.651884,40.65839],[-73.654026,40.658174],[-73.670267,40.655641],[-73.670984,40.655588],[-73.672424,40.655603],[-73.673846,40.655776],[-73.680881,40.656973],[-73.692259,40.658408],[-73.694362,40.658786],[-73.70118,40.660562],[-73.704567,40.661501],[-73.704725,40.661627],[-73.717943,40.665298],[-73.720011,40.665776],[-73.721431,40.665961],[-73.722869,40.666033],[-73.743054,40.666022],[-73.744485,40.66615],[-73.74588,40.666423],[-73.747846,40.667102],[-73.749036,40.66772],[-73.750089,40.668466],[-73.750533,40.668898],[-73.751265,40.669843],[-73.762684,40.685736],[-73.763536,40.687249],[-73.765543,40.691365],[-73.765833,40.691875],[-73.766541,40.69283],[-73.775009,40.701718],[-73.777297,40.70384],[-73.77826,40.704655],[-73.778811,40.705009],[-73.78005,40.705566],[-73.781419,40.705902],[-73.782852,40.706003],[-73.783568,40.70596],[-73.793898,40.70352],[-73.800754,40.701817],[-73.801417,40.701604],[-73.80332,40.700824],[-73.807998,40.699379]]}},{"type":"Feature","properties":{"agency":"LIRR","color":"#00B2A9","description":"Montauk Branch","route":"5","routeId":"5","shapeId":"9E9167B6W"},"geometry":{"type":"LineString","coordinates":[[-71.954124,41.04705],[-71.955033,41.046344],[-71.95559,41.045993],[-71.959169,41.044125],[-71.962534,41.042041],[-71.963786,41.04149],[-71.965814,41.040902],[-71.972729,41.039253],[-71.974133,41.038987],[-71.974855,41.038973],[-71.975566,41.039068],[-71.976238,41.039269],[-71.977409,41.039911],[-71.980676,41.042085],[-71.981808,41.04277],[-71.982426,41.043054],[-71.983766,41.043467],[-71.985189,41.043663],[-71.986635,41.043628],[-71.987346,41.043525],[-71.988706,41.043154],[-71.989937,41.042578],[-72.006355,41.032634],[-72.00744,41.031907],[-72.008458,41.031126],[-72.009842,41.029857],[-72.015676,41.023569],[-72.016431,41.022633],[-72.01701,41.021628],[-72.017398,41.020572],[-72.017585,41.019484],[-72.017459,41.016194],[-72.017538,41.015099],[-72.017655,41.014557],[-72.018037,41.0135],[-72.018613,41.012493],[-72.019368,41.011558],[-72.025009,41.005843],[-72.026022,41.005061],[-72.026589,41.004719],[-72.027189,41.004412],[-72.028476,41.003911],[-72.106911,40.981049],[-72.109651,40.980339],[-72.11249,40.979912],[-72.114656,40.979792],[-72.137107,40.980083],[-72.139272,40.97996],[-72.14141,40.979667],[-72.142807,40.979377],[-72.144172,40.979012],[-72.183848,40.966987],[-72.186582,40.966264],[-72.289547,40.948102],[-72.291643,40.947673],[-72.293003,40.947297],[-72.300977,40.944682],[-72.3029,40.943922],[-72.304627,40.942928],[-72.309815,40.939099],[-72.310347,40.938728],[-72.310944,40.938419],[-72.320653,40.934735],[-72.338741,40.925626],[-72.339306,40.925284],[-72.340293,40.924483],[-72.354565,40.911354],[-72.355529,40.910537],[-72.356082,40.910184],[-72.358563,40.909055],[-72.381792,40.898962],[-72.383018,40.898379],[-72.39138,40.894043],[-72.39265,40.893522],[-72.39333,40.893337],[-72.394749,40.893138],[-72.415678,40.892051],[-72.450353,40.890681],[-72.463368,40.890925],[-72.477111,40.890774],[-72.482171,40.890648],[-72.483601,40.890486],[-72.492823,40.889093],[-72.497853,40.888654],[-72.499257,40.888406],[-72.49991,40.888173],[-72.500512,40.887871],[-72.505043,40.885141],[-72.511108,40.882151],[-72.514351,40.879966],[-72.515586,40.879401],[-72.556664,40.865761],[-72.559277,40.864825],[-72.561001,40.863828],[-72.58601,40.848029],[-72.605291,40.83559],[-72.606444,40.834931],[-72.607086,40.834681],[-72.607769,40.834506],[-72.609191,40.834319],[-72.632128,40.832067],[-72.669406,40.828457],[-72.670764,40.828092],[-72.693211,40.820502],[-72.694563,40.820121],[-72.695274,40.820028],[-72.696712,40.820073],[-72.739293,40.826279],[-72.74073,40.826362],[-72.741445,40.826293],[-72.742803,40.825932],[-72.743419,40.825646],[-72.743974,40.825296],[-72.744462,40.824893],[-72.745271,40.823984],[-72.754089,40.813283],[-72.754515,40.81284],[-72.755012,40.812443],[-72.75558,40.812105],[-72.756874,40.811627],[-72.802895,40.802151],[-72.805012,40.801803],[-72.807165,40.801623],[-72.810052,40.801648],[-72.811487,40.801777],[-72.823609,40.803269],[-72.825051,40.803311],[-72.825771,40.803271],[-72.887236,40.796414],[-72.888663,40.796245],[-72.890068,40.795994],[-72.891412,40.795595],[-72.892671,40.795059],[-72.928937,40.77703],[-72.930168,40.776457],[-72.931481,40.776003],[-72.933567,40.775564],[-72.97715,40.767783],[-73.002864,40.764913],[-73.004955,40.764487],[-73.017331,40.761474],[-73.020117,40.760897],[-73.021455,40.76049],[-73.022067,40.760201],[-73.026384,40.757286],[-73.02751,40.756601],[-73.044882,40.747718],[-73.046143,40.747187],[-73.046819,40.746996],[-73.081171,40.740603],[-73.082593,40.740419],[-73.084033,40.740349],[-73.124413,40.741649],[-73.126571,40.741771],[-73.127988,40.741979],[-73.130039,40.7425],[-73.131335,40.742981],[-73.136385,40.745111],[-73.138373,40.745759],[-73.139761,40.746058],[-73.146807,40.747248],[-73.148242,40.747349],[-73.149673,40.747225],[-73.151037,40.746874],[-73.152274,40.746313],[-73.156106,40.74381],[-73.157868,40.742856],[-73.159806,40.742126],[-73.161871,40.741636],[-73.195224,40.736941],[-73.197382,40.73683],[-73.203155,40.736833],[-73.205301,40.736632],[-73.244387,40.728826],[-73.24573,40.728425],[-73.24701,40.727919],[-73.255502,40.723757],[-73.257433,40.723016],[-73.297715,40.709529],[-73.299739,40.708949],[-73.307969,40.706912],[-73.310685,40.706175],[-73.311968,40.705674],[-73.319385,40.702279],[-73.321982,40.701325],[-73.32488,40.70055],[-73.327551,40.699722],[-73.340454,40.696206],[-73.342527,40.695746],[-73.343243,40.695689],[-73.344678,40.695765],[-73.346051,40.696092],[-73.387456,40.71163],[-73.390088,40.712527],[-73.46395,40.731421],[-73.465298,40.731812],[-73.466605,40.732276],[-73.468421,40.733167],[-73.473288,40.736437],[-73.520504,40.767255],[-73.52169,40.767874],[-73.522364,40.768066],[-73.523073,40.768161],[-73.523793,40.768159],[-73.524503,40.768066],[-73.52869,40.767224],[-73.530752,40.76672],[-73.534127,40.765747],[-73.536878,40.765079],[-73.617498,40.74593],[-73.642977,40.739847],[-73.656717,40.736486],[-73.660188,40.735738],[-73.704947,40.725068],[-73.786417,40.705479],[-73.801013,40.701942],[-73.804366,40.700938],[-73.811367,40.698985],[-73.813452,40.698545],[-73.814871,40.698372],[-73.816301,40.698478],[-73.817651,40.698857],[-73.818895,40.69941],[-73.820549,40.700468],[-73.822016,40.701678],[-73.83739,40.715509],[-73.838905,40.716684],[-73.840575,40.71773],[-73.84238,40.718637],[-73.843649,40.719159],[-73.883303,40.733693],[-73.893412,40.737936],[-73.894611,40.738546],[-73.895166,40.738896],[-73.89618,40.739676],[-73.903005,40.746066],[-73.906106,40.74847],[-73.907773,40.749517],[-73.909,40.750092],[-73.909662,40.750309],[-73.910347,40.750482],[-73.911765,40.750675],[-73.913207,40.750686],[-73.914641,40.750567],[-73.920257,40.749547],[-73.925221,40.748842],[-73.932922,40.747374],[-73.935636,40.74663],[-73.939582,40.745275],[-73.942817,40.744059],[-73.947264,40.742238],[-73.94988,40.741312],[-73.951125,40.740758],[-73.951803,40.740587],[-73.952513,40.74063],[-73.955327,40.741119],[-73.957076,40.741507]]}},{"type":"Feature","properties":{"agency":"LIRR","color":"#00B2A9","description":"Montauk Branch","route":"5","routeId":"5","shapeId":"B5C5F0D0W"},"geometry":{"type":"LineString","coordinates":[[-72.390781,40.894351],[-72.391998,40.893758],[-72.39265,40.893522],[-72.394033,40.893209],[-72.394749,40.893138],[-72.416401,40.89202],[-72.450353,40.890681],[-72.463368,40.890925],[-72.477111,40.890774],[-72.482171,40.890648],[-72.483601,40.890486],[-72.492823,40.889093],[-72.498566,40.888565],[-72.499257,40.888406],[-72.49991,40.888173],[-72.500512,40.887871],[-72.505043,40.885141],[-72.511108,40.882151],[-72.514351,40.879966],[-72.515586,40.879401],[-72.556664,40.865761],[-72.559277,40.864825],[-72.561001,40.863828],[-72.58601,40.848029],[-72.605291,40.83559],[-72.606444,40.834931],[-72.607086,40.834681],[-72.607769,40.834506],[-72.609191,40.834319],[-72.632128,40.832067],[-72.669406,40.828457],[-72.670764,40.828092],[-72.693211,40.820502],[-72.694563,40.820121],[-72.695274,40.820028],[-72.696712,40.820073],[-72.739293,40.826279],[-72.74073,40.826362],[-72.741445,40.826293],[-72.742803,40.825932],[-72.743419,40.825646],[-72.743974,40.825296],[-72.744462,40.824893],[-72.745271,40.823984],[-72.754089,40.813283],[-72.754515,40.81284],[-72.755012,40.812443],[-72.75558,40.812105],[-72.756874,40.811627],[-72.802895,40.802151],[-72.805012,40.801803],[-72.807165,40.801623],[-72.810052,40.801648],[-72.811487,40.801777],[-72.823609,40.803269],[-72.825051,40.803311],[-72.825771,40.803271],[-72.887236,40.796414],[-72.888663,40.796245],[-72.890068,40.795994],[-72.891412,40.795595],[-72.892671,40.795059],[-72.928937,40.77703],[-72.930168,40.776457],[-72.931481,40.776003],[-72.933567,40.775564],[-72.97715,40.767783],[-73.002864,40.764913],[-73.004955,40.764487],[-73.017331,40.761474],[-73.020117,40.760897],[-73.021455,40.76049],[-73.022067,40.760201],[-73.026384,40.757286],[-73.02751,40.756601],[-73.044882,40.747718],[-73.046143,40.747187],[-73.046819,40.746996],[-73.081171,40.740603],[-73.082593,40.740419],[-73.084033,40.740349],[-73.124413,40.741649],[-73.126571,40.741771],[-73.127988,40.741979],[-73.130039,40.7425],[-73.131335,40.742981],[-73.136385,40.745111],[-73.138373,40.745759],[-73.139761,40.746058],[-73.146807,40.747248],[-73.148242,40.747349],[-73.149673,40.747225],[-73.151037,40.746874],[-73.152274,40.746313],[-73.156106,40.74381],[-73.157868,40.742856],[-73.159806,40.742126],[-73.161871,40.741636],[-73.195224,40.736941],[-73.197382,40.73683],[-73.203155,40.736833],[-73.205301,40.736632],[-73.244387,40.728826],[-73.24573,40.728425],[-73.24701,40.727919],[-73.25489,40.724048],[-73.256775,40.723242],[-73.297715,40.709529],[-73.299739,40.708949],[-73.307969,40.706912],[-73.310685,40.706175],[-73.311968,40.705674],[-73.318137,40.702829],[-73.32002,40.70202],[-73.321982,40.701325],[-73.324023,40.70078]]}},{"type":"Feature","properties":{"agency":"LIRR","color":"#00B2A9","description":"Montauk Branch","route":"5","routeId":"5","shapeId":"C47E4DA6"},"geometry":{"type":"LineString","coordinates":[[-73.324023,40.70078],[-73.321982,40.701325],[-73.32002,40.70202],[-73.318137,40.702829],[-73.311968,40.705674],[-73.310685,40.706175],[-73.307969,40.706912],[-73.299739,40.708949],[-73.297715,40.709529],[-73.256775,40.723242],[-73.25489,40.724048],[-73.24701,40.727919],[-73.245066,40.728639],[-73.243,40.729127],[-73.206005,40.736509],[-73.204591,40.736728],[-73.203155,40.736833],[-73.197382,40.73683],[-73.195224,40.736941],[-73.161871,40.741636],[-73.160482,40.741935],[-73.159143,40.742343],[-73.157259,40.743151],[-73.156106,40.74381],[-73.152839,40.745972],[-73.151675,40.746619],[-73.151037,40.746874],[-73.149673,40.747225],[-73.148242,40.747349],[-73.147521,40.747325],[-73.1461,40.747138],[-73.139761,40.746058],[-73.138373,40.745759],[-73.136385,40.745111],[-73.131335,40.742981],[-73.130039,40.7425],[-73.127988,40.741979],[-73.126571,40.741771],[-73.124413,40.741649],[-73.084754,40.740355],[-73.082593,40.740419],[-73.081171,40.740603],[-73.048214,40.746715],[-73.046143,40.747187],[-73.044882,40.747718],[-73.02751,40.756601],[-73.026384,40.757286],[-73.022633,40.759861],[-73.021455,40.76049],[-73.020117,40.760897],[-73.016641,40.761635],[-73.004955,40.764487],[-73.002864,40.764913],[-73.001442,40.765103],[-72.97857,40.767585],[-72.97715,40.767783],[-72.933567,40.775564],[-72.931481,40.776003],[-72.930168,40.776457],[-72.928937,40.77703],[-72.892671,40.795059],[-72.891412,40.795595],[-72.890068,40.795994],[-72.888663,40.796245],[-72.887236,40.796414],[-72.825771,40.803271],[-72.825051,40.803311],[-72.823609,40.803269],[-72.811487,40.801777],[-72.810052,40.801648],[-72.808609,40.801598],[-72.806445,40.801663],[-72.805012,40.801803],[-72.802895,40.802151],[-72.757566,40.811471],[-72.756204,40.811831],[-72.75558,40.812105],[-72.755012,40.812443],[-72.754515,40.81284],[-72.754089,40.813283],[-72.745271,40.823984],[-72.744462,40.824893],[-72.743974,40.825296],[-72.743419,40.825646],[-72.742803,40.825932],[-72.741445,40.826293],[-72.74073,40.826362],[-72.739293,40.826279],[-72.705229,40.82131]]}},{"type":"Feature","properties":{"agency":"LIRR","color":"#00B2A9","description":"Montauk Branch","route":"5","routeId":"5","shapeId":"C47E4DA6W"},"geometry":{"type":"LineString","coordinates":[[-72.705229,40.82131],[-72.739293,40.826279],[-72.74073,40.826362],[-72.741445,40.826293],[-72.742803,40.825932],[-72.743419,40.825646],[-72.743974,40.825296],[-72.744462,40.824893],[-72.745271,40.823984],[-72.754089,40.813283],[-72.754515,40.81284],[-72.755012,40.812443],[-72.75558,40.812105],[-72.756204,40.811831],[-72.757566,40.811471],[-72.802895,40.802151],[-72.805012,40.801803],[-72.806445,40.801663],[-72.808609,40.801598],[-72.810052,40.801648],[-72.811487,40.801777],[-72.823609,40.803269],[-72.825051,40.803311],[-72.825771,40.803271],[-72.887236,40.796414],[-72.888663,40.796245],[-72.890068,40.795994],[-72.891412,40.795595],[-72.892671,40.795059],[-72.928937,40.77703],[-72.930168,40.776457],[-72.931481,40.776003],[-72.933567,40.775564],[-72.97715,40.767783],[-72.97857,40.767585],[-73.001442,40.765103],[-73.002864,40.764913],[-73.004955,40.764487],[-73.016641,40.761635],[-73.020117,40.760897],[-73.021455,40.76049],[-73.022633,40.759861],[-73.026384,40.757286],[-73.02751,40.756601],[-73.044882,40.747718],[-73.046143,40.747187],[-73.048214,40.746715],[-73.081171,40.740603],[-73.082593,40.740419],[-73.084754,40.740355],[-73.124413,40.741649],[-73.126571,40.741771],[-73.127988,40.741979],[-73.130039,40.7425],[-73.131335,40.742981],[-73.136385,40.745111],[-73.138373,40.745759],[-73.139761,40.746058],[-73.1461,40.747138],[-73.147521,40.747325],[-73.148242,40.747349],[-73.149673,40.747225],[-73.151037,40.746874],[-73.151675,40.746619],[-73.152839,40.745972],[-73.156106,40.74381],[-73.157259,40.743151],[-73.159143,40.742343],[-73.160482,40.741935],[-73.161871,40.741636],[-73.195224,40.736941],[-73.197382,40.73683],[-73.203155,40.736833],[-73.204591,40.736728],[-73.206005,40.736509],[-73.243,40.729127],[-73.245066,40.728639],[-73.24701,40.727919],[-73.25489,40.724048],[-73.256775,40.723242],[-73.297715,40.709529],[-73.299739,40.708949],[-73.307969,40.706912],[-73.310685,40.706175],[-73.311968,40.705674],[-73.318137,40.702829],[-73.32002,40.70202],[-73.321982,40.701325],[-73.324023,40.70078]]}},{"type":"Feature","properties":{"agency":"LIRR","color":"#00B2A9","description":"Montauk Branch","route":"5","routeId":"5","shapeId":"CC57DACE"},"geometry":{"type":"LineString","coordinates":[[-72.524198,40.876537],[-72.514946,40.879655],[-72.514351,40.879966],[-72.511108,40.882151],[-72.505043,40.885141],[-72.500512,40.887871],[-72.49991,40.888173],[-72.499257,40.888406],[-72.498566,40.888565],[-72.492823,40.889093],[-72.483601,40.890486],[-72.482171,40.890648],[-72.477111,40.890774],[-72.463368,40.890925],[-72.450353,40.890681],[-72.415678,40.892051],[-72.394749,40.893138],[-72.394033,40.893209],[-72.39265,40.893522],[-72.39138,40.894043],[-72.382413,40.89868],[-72.357309,40.909603],[-72.356082,40.910184],[-72.355031,40.910934],[-72.340293,40.924483],[-72.339306,40.925284],[-72.338144,40.925936],[-72.320653,40.934735],[-72.310944,40.938419],[-72.310347,40.938728],[-72.309815,40.939099],[-72.304627,40.942928],[-72.3029,40.943922],[-72.301635,40.944455],[-72.293003,40.947297],[-72.291643,40.947673],[-72.290251,40.947974],[-72.186582,40.966264],[-72.183848,40.966987],[-72.144172,40.979012],[-72.142807,40.979377],[-72.14141,40.979667],[-72.139272,40.97996],[-72.137107,40.980083],[-72.114656,40.979792],[-72.11249,40.979912],[-72.109651,40.980339],[-72.106911,40.981049],[-72.029147,41.003704],[-72.02782,41.004143],[-72.026589,41.004719],[-72.026022,41.005061],[-72.025009,41.005843],[-72.019368,41.011558],[-72.018613,41.012493],[-72.018037,41.0135],[-72.017655,41.014557],[-72.017538,41.015099],[-72.017459,41.016194],[-72.017585,41.019484],[-72.017398,41.020572],[-72.01701,41.021628],[-72.016431,41.022633],[-72.015676,41.023569],[-72.009842,41.029857],[-72.008458,41.031126],[-72.00744,41.031907],[-72.006355,41.032634],[-71.989937,41.042578],[-71.988706,41.043154],[-71.987346,41.043525],[-71.986635,41.043628],[-71.985189,41.043663],[-71.983766,41.043467],[-71.982426,41.043054],[-71.981808,41.04277],[-71.980676,41.042085],[-71.977409,41.039911],[-71.976238,41.039269],[-71.975566,41.039068],[-71.974855,41.038973],[-71.974133,41.038987],[-71.972729,41.039253],[-71.965814,41.040902],[-71.963786,41.04149],[-71.962534,41.042041],[-71.959169,41.044125],[-71.95559,41.045993],[-71.955033,41.046344],[-71.954124,41.04705]]}},{"type":"Feature","properties":{"agency":"LIRR","color":"#00B2A9","description":"Montauk Branch","route":"5","routeId":"5","shapeId":"CE41583F"},"geometry":{"type":"LineString","coordinates":[[-73.808595,40.699755],[-73.800155,40.702153],[-73.720076,40.721439],[-73.660188,40.735738],[-73.656028,40.73665],[-73.642289,40.740013],[-73.58719,40.753151],[-73.536878,40.765079],[-73.534127,40.765747],[-73.530752,40.76672],[-73.52869,40.767224],[-73.525906,40.767807],[-73.523793,40.768159],[-73.523073,40.768161],[-73.522364,40.768066],[-73.52169,40.767874],[-73.520504,40.767255],[-73.473288,40.736437],[-73.468421,40.733167],[-73.466605,40.732276],[-73.465298,40.731812],[-73.46395,40.731421],[-73.390088,40.712527],[-73.387456,40.71163],[-73.346703,40.696327],[-73.345377,40.695899],[-73.343964,40.695696],[-73.342527,40.695746],[-73.341133,40.696022],[-73.327551,40.699722],[-73.32488,40.70055],[-73.322654,40.701126],[-73.321319,40.701542],[-73.318757,40.702549],[-73.311968,40.705674],[-73.310685,40.706175],[-73.307969,40.706912],[-73.299739,40.708949],[-73.297715,40.709529],[-73.256775,40.723242],[-73.25489,40.724048],[-73.24701,40.727919],[-73.245066,40.728639],[-73.243,40.729127],[-73.205301,40.736632],[-73.203155,40.736833],[-73.197382,40.73683],[-73.195224,40.736941],[-73.161871,40.741636],[-73.159806,40.742126],[-73.157868,40.742856],[-73.156106,40.74381],[-73.152839,40.745972],[-73.151675,40.746619],[-73.150367,40.747077],[-73.148962,40.747315],[-73.148242,40.747349],[-73.146807,40.747248],[-73.139761,40.746058],[-73.138373,40.745759],[-73.136385,40.745111],[-73.131335,40.742981],[-73.130039,40.7425],[-73.127988,40.741979],[-73.126571,40.741771],[-73.124413,40.741649],[-73.084754,40.740355],[-73.083312,40.740369],[-73.081879,40.740497],[-73.048915,40.746584],[-73.046819,40.746996],[-73.046143,40.747187],[-73.044882,40.747718],[-73.02751,40.756601],[-73.026384,40.757286],[-73.022067,40.760201],[-73.020801,40.760721],[-73.016641,40.761635]]}},{"type":"Feature","properties":{"agency":"LIRR","color":"#00B2A9","description":"Montauk Branch","route":"5","routeId":"5","shapeId":"D384F1A1"},"geometry":{"type":"LineString","coordinates":[[-72.70452,40.821207],[-72.696712,40.820073],[-72.695274,40.820028],[-72.694563,40.820121],[-72.693211,40.820502],[-72.670764,40.828092],[-72.669406,40.828457],[-72.609191,40.834319],[-72.607769,40.834506],[-72.607086,40.834681],[-72.606444,40.834931],[-72.605291,40.83559],[-72.58601,40.848029],[-72.561001,40.863828],[-72.559277,40.864825],[-72.556664,40.865761],[-72.515586,40.879401],[-72.514351,40.879966],[-72.511108,40.882151],[-72.505043,40.885141],[-72.500512,40.887871],[-72.49991,40.888173],[-72.499257,40.888406],[-72.497853,40.888654],[-72.492823,40.889093],[-72.483601,40.890486],[-72.482171,40.890648],[-72.477111,40.890774],[-72.463368,40.890925],[-72.450353,40.890681],[-72.415678,40.892051],[-72.394749,40.893138],[-72.394033,40.893209],[-72.39265,40.893522],[-72.39138,40.894043],[-72.382413,40.89868],[-72.357309,40.909603],[-72.356082,40.910184],[-72.355031,40.910934],[-72.340293,40.924483],[-72.339306,40.925284],[-72.338144,40.925936],[-72.320653,40.934735],[-72.310944,40.938419],[-72.310347,40.938728],[-72.309815,40.939099],[-72.304627,40.942928],[-72.3029,40.943922],[-72.301635,40.944455],[-72.293003,40.947297],[-72.291643,40.947673],[-72.290251,40.947974],[-72.186582,40.966264],[-72.183848,40.966987],[-72.144172,40.979012],[-72.142807,40.979377],[-72.14141,40.979667],[-72.139272,40.97996],[-72.137107,40.980083],[-72.114656,40.979792],[-72.11249,40.979912],[-72.109651,40.980339],[-72.106911,40.981049],[-72.029147,41.003704],[-72.02782,41.004143],[-72.026589,41.004719],[-72.026022,41.005061],[-72.025009,41.005843],[-72.019368,41.011558],[-72.018613,41.012493],[-72.018037,41.0135],[-72.017655,41.014557],[-72.017538,41.015099],[-72.017459,41.016194],[-72.017585,41.019484],[-72.017398,41.020572],[-72.01701,41.021628],[-72.016431,41.022633],[-72.015676,41.023569],[-72.009842,41.029857],[-72.008458,41.031126],[-72.00744,41.031907],[-72.006355,41.032634],[-71.989937,41.042578],[-71.988706,41.043154],[-71.987346,41.043525],[-71.986635,41.043628],[-71.985189,41.043663],[-71.983766,41.043467],[-71.982426,41.043054],[-71.981808,41.04277],[-71.980676,41.042085],[-71.977409,41.039911],[-71.976238,41.039269],[-71.975566,41.039068],[-71.974855,41.038973],[-71.974133,41.038987],[-71.972729,41.039253],[-71.965814,41.040902],[-71.963786,41.04149],[-71.962534,41.042041],[-71.959169,41.044125],[-71.95559,41.045993],[-71.955033,41.046344],[-71.954124,41.04705]]}},{"type":"Feature","properties":{"agency":"LIRR","color":"#00B2A9","description":"Montauk Branch","route":"5","routeId":"5","shapeId":"D384F1A1W"},"geometry":{"type":"LineString","coordinates":[[-71.954124,41.04705],[-71.955033,41.046344],[-71.95559,41.045993],[-71.959169,41.044125],[-71.962534,41.042041],[-71.963786,41.04149],[-71.965814,41.040902],[-71.972729,41.039253],[-71.974133,41.038987],[-71.974855,41.038973],[-71.975566,41.039068],[-71.976238,41.039269],[-71.977409,41.039911],[-71.980676,41.042085],[-71.981808,41.04277],[-71.982426,41.043054],[-71.983766,41.043467],[-71.985189,41.043663],[-71.986635,41.043628],[-71.987346,41.043525],[-71.988706,41.043154],[-71.989937,41.042578],[-72.006355,41.032634],[-72.00744,41.031907],[-72.008458,41.031126],[-72.009842,41.029857],[-72.015676,41.023569],[-72.016431,41.022633],[-72.01701,41.021628],[-72.017398,41.020572],[-72.017585,41.019484],[-72.017459,41.016194],[-72.017538,41.015099],[-72.017655,41.014557],[-72.018037,41.0135],[-72.018613,41.012493],[-72.019368,41.011558],[-72.025009,41.005843],[-72.026022,41.005061],[-72.026589,41.004719],[-72.02782,41.004143],[-72.029147,41.003704],[-72.106911,40.981049],[-72.109651,40.980339],[-72.11249,40.979912],[-72.114656,40.979792],[-72.137107,40.980083],[-72.139272,40.97996],[-72.14141,40.979667],[-72.142807,40.979377],[-72.144172,40.979012],[-72.183848,40.966987],[-72.186582,40.966264],[-72.290251,40.947974],[-72.291643,40.947673],[-72.293003,40.947297],[-72.301635,40.944455],[-72.3029,40.943922],[-72.304627,40.942928],[-72.309815,40.939099],[-72.310347,40.938728],[-72.310944,40.938419],[-72.320653,40.934735],[-72.338144,40.925936],[-72.339306,40.925284],[-72.340293,40.924483],[-72.355031,40.910934],[-72.356082,40.910184],[-72.357309,40.909603],[-72.382413,40.89868],[-72.39138,40.894043],[-72.39265,40.893522],[-72.394033,40.893209],[-72.394749,40.893138],[-72.415678,40.892051],[-72.450353,40.890681],[-72.463368,40.890925],[-72.477111,40.890774],[-72.482171,40.890648],[-72.483601,40.890486],[-72.492823,40.889093],[-72.497853,40.888654],[-72.499257,40.888406],[-72.49991,40.888173],[-72.500512,40.887871],[-72.505043,40.885141],[-72.511108,40.882151],[-72.514351,40.879966],[-72.515586,40.879401],[-72.556664,40.865761],[-72.559277,40.864825],[-72.561001,40.863828],[-72.58601,40.848029],[-72.605291,40.83559],[-72.606444,40.834931],[-72.607086,40.834681],[-72.607769,40.834506],[-72.609191,40.834319],[-72.669406,40.828457],[-72.670764,40.828092],[-72.693211,40.820502],[-72.694563,40.820121],[-72.695274,40.820028],[-72.696712,40.820073],[-72.70452,40.821207]]}},{"type":"Feature","properties":{"agency":"LIRR","color":"#00B2A9","description":"Montauk Branch","route":"5","routeId":"5","shapeId":"EA4FBBEE"},"geometry":{"type":"LineString","coordinates":[[-72.70452,40.821207],[-72.696712,40.820073],[-72.695274,40.820028],[-72.694563,40.820121],[-72.693211,40.820502],[-72.670764,40.828092],[-72.669406,40.828457],[-72.609191,40.834319],[-72.607769,40.834506],[-72.607086,40.834681],[-72.606444,40.834931],[-72.605291,40.83559],[-72.58601,40.848029],[-72.561001,40.863828],[-72.559277,40.864825],[-72.556664,40.865761],[-72.515586,40.879401],[-72.514351,40.879966],[-72.511108,40.882151],[-72.505043,40.885141],[-72.500512,40.887871],[-72.49991,40.888173],[-72.499257,40.888406],[-72.497853,40.888654],[-72.492823,40.889093],[-72.483601,40.890486],[-72.482171,40.890648],[-72.477111,40.890774],[-72.463368,40.890925],[-72.450353,40.890681],[-72.415678,40.892051],[-72.394749,40.893138],[-72.394033,40.893209],[-72.39265,40.893522],[-72.39138,40.894043],[-72.382413,40.89868],[-72.357309,40.909603],[-72.356082,40.910184],[-72.355031,40.910934],[-72.340293,40.924483],[-72.339306,40.925284],[-72.338144,40.925936],[-72.320653,40.934735],[-72.310944,40.938419],[-72.310347,40.938728],[-72.309815,40.939099],[-72.305154,40.942551],[-72.304077,40.943284],[-72.3029,40.943922],[-72.300977,40.944682],[-72.293003,40.947297],[-72.291643,40.947673],[-72.290251,40.947974],[-72.186582,40.966264],[-72.183848,40.966987],[-72.143494,40.979204],[-72.14141,40.979667],[-72.138553,40.98002],[-72.137107,40.980083],[-72.132761,40.980037]]}},{"type":"Feature","properties":{"agency":"LIRR","color":"#00B2A9","description":"Montauk Branch","route":"5","routeId":"5","shapeId":"FAB78717W"},"geometry":{"type":"LineString","coordinates":[[-72.705229,40.82131],[-72.739293,40.826279],[-72.74073,40.826362],[-72.741445,40.826293],[-72.742803,40.825932],[-72.743419,40.825646],[-72.743974,40.825296],[-72.744462,40.824893],[-72.745271,40.823984],[-72.754089,40.813283],[-72.754515,40.81284],[-72.755012,40.812443],[-72.75558,40.812105],[-72.756204,40.811831],[-72.757566,40.811471],[-72.802895,40.802151],[-72.805012,40.801803],[-72.806445,40.801663],[-72.808609,40.801598],[-72.810052,40.801648],[-72.811487,40.801777],[-72.823609,40.803269],[-72.825051,40.803311],[-72.825771,40.803271],[-72.887236,40.796414],[-72.888663,40.796245],[-72.890068,40.795994],[-72.891412,40.795595],[-72.892671,40.795059],[-72.928937,40.77703],[-72.930168,40.776457],[-72.931481,40.776003],[-72.933567,40.775564],[-72.97715,40.767783],[-72.97857,40.767585],[-73.001442,40.765103],[-73.002864,40.764913],[-73.004955,40.764487],[-73.016641,40.761635],[-73.020117,40.760897],[-73.021455,40.76049],[-73.022633,40.759861],[-73.026384,40.757286],[-73.02751,40.756601],[-73.044882,40.747718],[-73.046143,40.747187],[-73.048214,40.746715],[-73.081171,40.740603],[-73.082593,40.740419],[-73.084754,40.740355],[-73.124413,40.741649],[-73.126571,40.741771],[-73.127988,40.741979],[-73.130039,40.7425],[-73.131335,40.742981],[-73.136385,40.745111],[-73.138373,40.745759],[-73.139761,40.746058],[-73.1461,40.747138],[-73.147521,40.747325],[-73.148242,40.747349],[-73.149673,40.747225],[-73.151037,40.746874],[-73.151675,40.746619],[-73.152839,40.745972],[-73.156106,40.74381],[-73.157259,40.743151],[-73.159143,40.742343],[-73.160482,40.741935],[-73.161871,40.741636],[-73.195224,40.736941],[-73.197382,40.73683],[-73.203155,40.736833],[-73.204591,40.736728],[-73.206703,40.736372],[-73.243,40.729127],[-73.245066,40.728639],[-73.24701,40.727919],[-73.25489,40.724048],[-73.256775,40.723242],[-73.297715,40.709529],[-73.299739,40.708949],[-73.307969,40.706912],[-73.310685,40.706175],[-73.311968,40.705674],[-73.318757,40.702549],[-73.321319,40.701542],[-73.322654,40.701126],[-73.32488,40.70055],[-73.327551,40.699722],[-73.341133,40.696022],[-73.342527,40.695746],[-73.343243,40.695689],[-73.344678,40.695765],[-73.346051,40.696092],[-73.387456,40.71163],[-73.390088,40.712527],[-73.46395,40.731421],[-73.465298,40.731812],[-73.466605,40.732276],[-73.468421,40.733167],[-73.473288,40.736437],[-73.520504,40.767255],[-73.52169,40.767874],[-73.522364,40.768066],[-73.523073,40.768161],[-73.523793,40.768159],[-73.524503,40.768066],[-73.52869,40.767224],[-73.530752,40.76672],[-73.534127,40.765747],[-73.536878,40.765079],[-73.617498,40.74593],[-73.642977,40.739847],[-73.656717,40.736486],[-73.660188,40.735738],[-73.704947,40.725068],[-73.786417,40.705479],[-73.801013,40.701942],[-73.804366,40.700938],[-73.811367,40.698985],[-73.813452,40.698545],[-73.814871,40.698372],[-73.816301,40.698478],[-73.817651,40.698857],[-73.818895,40.69941],[-73.820549,40.700468],[-73.822016,40.701678],[-73.83739,40.715509],[-73.838905,40.716684],[-73.840575,40.71773],[-73.84238,40.718637],[-73.843649,40.719159],[-73.883303,40.733693],[-73.893412,40.737936],[-73.894611,40.738546],[-73.895166,40.738896],[-73.89618,40.739676],[-73.903005,40.746066],[-73.906106,40.74847],[-73.907773,40.749517],[-73.909,40.750092],[-73.909662,40.750309],[-73.910347,40.750482],[-73.911765,40.750675],[-73.913207,40.750686],[-73.914641,40.750567],[-73.920257,40.749547],[-73.925221,40.748842],[-73.932922,40.747374],[-73.935636,40.74663],[-73.939582,40.745275],[-73.942817,40.744059],[-73.947264,40.742238],[-73.94988,40.741312],[-73.951125,40.740758],[-73.951803,40.740587],[-73.952513,40.74063],[-73.955327,40.741119],[-73.957076,40.741507]]}},{"type":"Feature","properties":{"agency":"LIRR","color":"#FF6319","description":"Long Beach Branch","route":"6","routeId":"6","shapeId":"0D7A627BW"},"geometry":{"type":"LineString","coordinates":[[-73.654133,40.601885],[-73.65334,40.602802],[-73.649225,40.607962],[-73.648637,40.608962],[-73.648448,40.609491],[-73.648295,40.61058],[-73.648439,40.61167],[-73.655675,40.638558],[-73.656054,40.639616],[-73.656338,40.640119],[-73.657099,40.64105],[-73.669272,40.653991],[-73.669714,40.654424],[-73.670232,40.654804],[-73.670829,40.655109],[-73.671485,40.655333],[-73.675723,40.655966],[-73.676659,40.65626],[-73.680175,40.656862],[-73.683718,40.657365],[-73.692259,40.658408],[-73.694362,40.658786],[-73.70118,40.660562],[-73.718114,40.665259],[-73.720186,40.665724],[-73.721609,40.665897],[-73.723048,40.665954],[-73.743233,40.66595],[-73.745362,40.666221],[-73.746721,40.666583],[-73.755104,40.669772],[-73.756325,40.670354],[-73.762813,40.673828],[-73.774574,40.681087],[-73.790353,40.690678],[-73.791976,40.691765],[-73.792903,40.692604],[-73.793681,40.693528],[-73.796146,40.696881],[-73.796972,40.697778],[-73.79802,40.69853],[-73.80084,40.700241],[-73.801421,40.700566],[-73.802055,40.700823],[-73.802747,40.700966],[-73.803464,40.701003],[-73.804175,40.700924],[-73.810645,40.699089],[-73.813407,40.698462],[-73.817356,40.697117],[-73.886955,40.677368],[-73.890423,40.676617],[-73.893949,40.67605],[-73.895375,40.675887],[-73.897526,40.675717],[-73.901127,40.675636],[-73.903978,40.675964],[-73.905414,40.676062],[-73.952161,40.678616],[-73.952869,40.678714],[-73.967473,40.681762],[-73.972263,40.682969],[-73.975068,40.683478],[-73.975733,40.683683],[-73.976331,40.683988],[-73.977365,40.684751]]}},{"type":"Feature","properties":{"agency":"LIRR","color":"#FF6319","description":"Long Beach Branch","route":"6","routeId":"6","shapeId":"1EFB3B6D"},"geometry":{"type":"LineString","coordinates":[[-73.993087,40.750743],[-73.991162,40.749989],[-73.989791,40.749681],[-73.989142,40.749449],[-73.976479,40.744178],[-73.974499,40.743519],[-73.97311,40.743223],[-73.972398,40.743134],[-73.959549,40.741676],[-73.954539,40.741198],[-73.953097,40.741234],[-73.951666,40.74137],[-73.950263,40.741623],[-73.948906,40.741996],[-73.945627,40.74314],[-73.938651,40.746021],[-73.937339,40.746479],[-73.935295,40.747018],[-73.931806,40.74772],[-73.91427,40.750956],[-73.91284,40.751096],[-73.912119,40.751085],[-73.91071,40.750866],[-73.909384,40.750436],[-73.908128,40.749895],[-73.906952,40.74926],[-73.905869,40.748535],[-73.903005,40.746066],[-73.89618,40.739676],[-73.895166,40.738896],[-73.894611,40.738546],[-73.893412,40.737936],[-73.883303,40.733693],[-73.843649,40.719159],[-73.84238,40.718637],[-73.840575,40.71773],[-73.838905,40.716684],[-73.83739,40.715509],[-73.821055,40.700859],[-73.819475,40.699736],[-73.818895,40.69941],[-73.817651,40.698857],[-73.816301,40.698478],[-73.814871,40.698372],[-73.814154,40.698424],[-73.812057,40.698826],[-73.809334,40.699547],[-73.807998,40.699379],[-73.80332,40.700824],[-73.801417,40.701604],[-73.800754,40.701817],[-73.793898,40.70352],[-73.783568,40.70596],[-73.782132,40.705981],[-73.780722,40.705764],[-73.78005,40.705566],[-73.778811,40.705009],[-73.777762,40.704259],[-73.775009,40.701718],[-73.766541,40.69283],[-73.765833,40.691875],[-73.765543,40.691365],[-73.763536,40.687249],[-73.762684,40.685736],[-73.750913,40.669364],[-73.750089,40.668466],[-73.749585,40.668075],[-73.748455,40.667394],[-73.747211,40.666842],[-73.74588,40.666423],[-73.745188,40.66627],[-73.743054,40.666022],[-73.722869,40.666033],[-73.721431,40.665961],[-73.720011,40.665776],[-73.717943,40.665298],[-73.704725,40.661627],[-73.704567,40.661501],[-73.70118,40.660562],[-73.694362,40.658786],[-73.692259,40.658408],[-73.680881,40.656973],[-73.676659,40.65626],[-73.675723,40.655966],[-73.67361,40.655618],[-73.672183,40.655465],[-73.671485,40.655333],[-73.670829,40.655109],[-73.670232,40.654804],[-73.669714,40.654424],[-73.669272,40.653991],[-73.657099,40.64105],[-73.656338,40.640119],[-73.656054,40.639616],[-73.655675,40.638558],[-73.64833,40.611127],[-73.648295,40.61058],[-73.648448,40.609491],[-73.648898,40.60845],[-73.649592,40.60749],[-73.653727,40.602339],[-73.654557,40.601442],[-73.655464,40.600589],[-73.658787,40.597699],[-73.660789,40.596122],[-73.662213,40.594884],[-73.663922,40.593117],[-73.664271,40.592639],[-73.664475,40.592115],[-73.66454,40.59157],[-73.66452,40.590182]]}},{"type":"Feature","properties":{"agency":"LIRR","color":"#FF6319","description":"Long Beach Branch","route":"6","routeId":"6","shapeId":"1EFB3B6DW"},"geometry":{"type":"LineString","coordinates":[[-73.66452,40.590182],[-73.66454,40.59157],[-73.664475,40.592115],[-73.664271,40.592639],[-73.663922,40.593117],[-73.662213,40.594884],[-73.660789,40.596122],[-73.658787,40.597699],[-73.655464,40.600589],[-73.654557,40.601442],[-73.653727,40.602339],[-73.649592,40.60749],[-73.648898,40.60845],[-73.648448,40.609491],[-73.648295,40.61058],[-73.64833,40.611127],[-73.655675,40.638558],[-73.656054,40.639616],[-73.656338,40.640119],[-73.657099,40.64105],[-73.669272,40.653991],[-73.669714,40.654424],[-73.670232,40.654804],[-73.670829,40.655109],[-73.671485,40.655333],[-73.672183,40.655465],[-73.67361,40.655618],[-73.675723,40.655966],[-73.676659,40.65626],[-73.680881,40.656973],[-73.692259,40.658408],[-73.694362,40.658786],[-73.70118,40.660562],[-73.704567,40.661501],[-73.704725,40.661627],[-73.717943,40.665298],[-73.720011,40.665776],[-73.721431,40.665961],[-73.722869,40.666033],[-73.743054,40.666022],[-73.745188,40.66627],[-73.74588,40.666423],[-73.747211,40.666842],[-73.748455,40.667394],[-73.749585,40.668075],[-73.750089,40.668466],[-73.750913,40.669364],[-73.762684,40.685736],[-73.763536,40.687249],[-73.765543,40.691365],[-73.765833,40.691875],[-73.766541,40.69283],[-73.775009,40.701718],[-73.777762,40.704259],[-73.778811,40.705009],[-73.78005,40.705566],[-73.780722,40.705764],[-73.782132,40.705981],[-73.783568,40.70596],[-73.793898,40.70352],[-73.800754,40.701817],[-73.801417,40.701604],[-73.80332,40.700824],[-73.807998,40.699379],[-73.809334,40.699547],[-73.812057,40.698826],[-73.814154,40.698424],[-73.814871,40.698372],[-73.816301,40.698478],[-73.817651,40.698857],[-73.818895,40.69941],[-73.819475,40.699736],[-73.821055,40.700859],[-73.83739,40.715509],[-73.838905,40.716684],[-73.840575,40.71773],[-73.84238,40.718637],[-73.843649,40.719159],[-73.883303,40.733693],[-73.893412,40.737936],[-73.894611,40.738546],[-73.895166,40.738896],[-73.89618,40.739676],[-73.903005,40.746066],[-73.905869,40.748535],[-73.906952,40.74926],[-73.908128,40.749895],[-73.909384,40.750436],[-73.91071,40.750866],[-73.912119,40.751085],[-73.91284,40.751096],[-73.91427,40.750956],[-73.931806,40.74772],[-73.935295,40.747018],[-73.937339,40.746479],[-73.938651,40.746021],[-73.945627,40.74314],[-73.948906,40.741996],[-73.950263,40.741623],[-73.951666,40.74137],[-73.953097,40.741234],[-73.954539,40.741198],[-73.959549,40.741676],[-73.972398,40.743134],[-73.97311,40.743223],[-73.974499,40.743519],[-73.976479,40.744178],[-73.989142,40.749449],[-73.989791,40.749681],[-73.991162,40.749989],[-73.993087,40.750743]]}},{"type":"Feature","properties":{"agency":"LIRR","color":"#FF6319","description":"Long Beach Branch","route":"6","routeId":"6","shapeId":"77C0EF3AW"},"geometry":{"type":"LineString","coordinates":[[-73.66452,40.590182],[-73.66454,40.59157],[-73.664475,40.592115],[-73.664271,40.592639],[-73.663922,40.593117],[-73.662213,40.594884],[-73.660789,40.596122],[-73.658787,40.597699],[-73.655464,40.600589],[-73.654557,40.601442],[-73.653727,40.602339],[-73.649592,40.60749],[-73.648898,40.60845],[-73.648448,40.609491],[-73.648295,40.61058],[-73.64833,40.611127],[-73.655675,40.638558],[-73.656054,40.639616],[-73.656338,40.640119],[-73.657099,40.64105],[-73.669714,40.654424],[-73.670232,40.654804],[-73.670829,40.655109],[-73.671485,40.655333],[-73.675723,40.655966],[-73.676659,40.65626],[-73.682297,40.657177],[-73.692259,40.658408],[-73.694362,40.658786],[-73.70118,40.660562],[-73.718114,40.665259],[-73.720186,40.665724],[-73.721609,40.665897],[-73.723048,40.665954],[-73.743233,40.66595],[-73.745362,40.666221],[-73.746721,40.666583],[-73.755104,40.669772],[-73.756325,40.670354],[-73.762813,40.673828],[-73.774574,40.681087],[-73.790353,40.690678],[-73.791976,40.691765],[-73.792903,40.692604],[-73.793681,40.693528],[-73.796146,40.696881],[-73.796972,40.697778],[-73.79802,40.69853],[-73.80084,40.700241],[-73.801421,40.700566],[-73.802055,40.700823],[-73.802747,40.700966],[-73.803464,40.701003],[-73.804175,40.700924],[-73.810645,40.699089],[-73.813407,40.698462],[-73.817356,40.697117],[-73.886955,40.677368],[-73.890423,40.676617],[-73.893949,40.67605],[-73.895375,40.675887],[-73.897526,40.675717],[-73.901127,40.675636],[-73.903978,40.675964],[-73.905414,40.676062],[-73.952161,40.678616],[-73.952869,40.678714],[-73.967473,40.681762],[-73.972263,40.682969],[-73.975068,40.683478],[-73.975733,40.683683],[-73.976331,40.683988],[-73.977365,40.684751]]}},{"type":"Feature","properties":{"agency":"LIRR","color":"#FF6319","description":"Long Beach Branch","route":"6","routeId":"6","shapeId":"878A640B"},"geometry":{"type":"LineString","coordinates":[[-73.975648,40.755062],[-73.974353,40.756838],[-73.973418,40.757989],[-73.971292,40.760961],[-73.970715,40.761474],[-73.969985,40.761859],[-73.966787,40.763049],[-73.965949,40.763273],[-73.965073,40.763388],[-73.964184,40.763389],[-73.963305,40.763283],[-73.962455,40.763085],[-73.961653,40.762792],[-73.948514,40.757086],[-73.941107,40.753334],[-73.936008,40.750612],[-73.932487,40.748622],[-73.931711,40.748293],[-73.930866,40.748084],[-73.929984,40.748004],[-73.929098,40.748057],[-73.924774,40.748855],[-73.91876,40.750087],[-73.916159,40.750546],[-73.914403,40.750762],[-73.913516,40.750808],[-73.911738,40.750762],[-73.910003,40.750473],[-73.909178,40.750219],[-73.907653,40.749525],[-73.906268,40.748676],[-73.905634,40.748201],[-73.902206,40.745088],[-73.903005,40.746066],[-73.89618,40.739676],[-73.895166,40.738896],[-73.894611,40.738546],[-73.893412,40.737936],[-73.883303,40.733693],[-73.843649,40.719159],[-73.84238,40.718637],[-73.840575,40.71773],[-73.838905,40.716684],[-73.83739,40.715509],[-73.821543,40.701264],[-73.820025,40.700091],[-73.818895,40.69941],[-73.818286,40.699117],[-73.81699,40.69864],[-73.816301,40.698478],[-73.815591,40.698388],[-73.814154,40.698424],[-73.812057,40.698826],[-73.809334,40.699547],[-73.808221,40.699764],[-73.804175,40.700924],[-73.803464,40.701003],[-73.802747,40.700966],[-73.802055,40.700823],[-73.801421,40.700566],[-73.79802,40.69853],[-73.796972,40.697778],[-73.796146,40.696881],[-73.793306,40.693059],[-73.79246,40.692171],[-73.791457,40.691384],[-73.774012,40.680743],[-73.763393,40.674153],[-73.756325,40.670354],[-73.755104,40.669772],[-73.746721,40.666583],[-73.745362,40.666221],[-73.743951,40.666002],[-73.742513,40.66593],[-73.723048,40.665954],[-73.721609,40.665897],[-73.720186,40.665724],[-73.718114,40.665259],[-73.70118,40.660562],[-73.694362,40.658786],[-73.692259,40.658408],[-73.683718,40.657365],[-73.680175,40.656862],[-73.676659,40.65626],[-73.675723,40.655966],[-73.671485,40.655333],[-73.670829,40.655109],[-73.670232,40.654804],[-73.669714,40.654424],[-73.669272,40.653991],[-73.657099,40.64105],[-73.656338,40.640119],[-73.656054,40.639616],[-73.655675,40.638558],[-73.64833,40.611127],[-73.648295,40.61058],[-73.648448,40.609491],[-73.648898,40.60845],[-73.649592,40.60749],[-73.653727,40.602339],[-73.654557,40.601442],[-73.655464,40.600589],[-73.658787,40.597699],[-73.660789,40.596122],[-73.662213,40.594884],[-73.663922,40.593117],[-73.664271,40.592639],[-73.664475,40.592115],[-73.66454,40.59157],[-73.66452,40.590182]]}},{"type":"Feature","properties":{"agency":"LIRR","color":"#FF6319","description":"Long Beach Branch","route":"6","routeId":"6","shapeId":"878A640BW"},"geometry":{"type":"LineString","coordinates":[[-73.66452,40.590182],[-73.66454,40.59157],[-73.664475,40.592115],[-73.664271,40.592639],[-73.663922,40.593117],[-73.662213,40.594884],[-73.660789,40.596122],[-73.658787,40.597699],[-73.655464,40.600589],[-73.654557,40.601442],[-73.653727,40.602339],[-73.649592,40.60749],[-73.648898,40.60845],[-73.648448,40.609491],[-73.648295,40.61058],[-73.64833,40.611127],[-73.655675,40.638558],[-73.656054,40.639616],[-73.656338,40.640119],[-73.657099,40.64105],[-73.669272,40.653991],[-73.669714,40.654424],[-73.670232,40.654804],[-73.670829,40.655109],[-73.671485,40.655333],[-73.675723,40.655966],[-73.676659,40.65626],[-73.680175,40.656862],[-73.683718,40.657365],[-73.692259,40.658408],[-73.694362,40.658786],[-73.70118,40.660562],[-73.718114,40.665259],[-73.720186,40.665724],[-73.721609,40.665897],[-73.723048,40.665954],[-73.742513,40.66593],[-73.743951,40.666002],[-73.745362,40.666221],[-73.746721,40.666583],[-73.755104,40.669772],[-73.756325,40.670354],[-73.763393,40.674153],[-73.774012,40.680743],[-73.791457,40.691384],[-73.79246,40.692171],[-73.793306,40.693059],[-73.796146,40.696881],[-73.796972,40.697778],[-73.79802,40.69853],[-73.801421,40.700566],[-73.802055,40.700823],[-73.802747,40.700966],[-73.803464,40.701003],[-73.804175,40.700924],[-73.808221,40.699764],[-73.809334,40.699547],[-73.812057,40.698826],[-73.814154,40.698424],[-73.815591,40.698388],[-73.816301,40.698478],[-73.81699,40.69864],[-73.818286,40.699117],[-73.818895,40.69941],[-73.820025,40.700091],[-73.821543,40.701264],[-73.83739,40.715509],[-73.838905,40.716684],[-73.840575,40.71773],[-73.84238,40.718637],[-73.843649,40.719159],[-73.883303,40.733693],[-73.893412,40.737936],[-73.894611,40.738546],[-73.895166,40.738896],[-73.89618,40.739676],[-73.903005,40.746066],[-73.902206,40.745088],[-73.905634,40.748201],[-73.906268,40.748676],[-73.907653,40.749525],[-73.909178,40.750219],[-73.910003,40.750473],[-73.911738,40.750762],[-73.913516,40.750808],[-73.914403,40.750762],[-73.916159,40.750546],[-73.91876,40.750087],[-73.924774,40.748855],[-73.929098,40.748057],[-73.929984,40.748004],[-73.930866,40.748084],[-73.931711,40.748293],[-73.932487,40.748622],[-73.936008,40.750612],[-73.941107,40.753334],[-73.948514,40.757086],[-73.961653,40.762792],[-73.962455,40.763085],[-73.963305,40.763283],[-73.964184,40.763389],[-73.965073,40.763388],[-73.965949,40.763273],[-73.966787,40.763049],[-73.969985,40.761859],[-73.970715,40.761474],[-73.971292,40.760961],[-73.973418,40.757989],[-73.974353,40.756838],[-73.975648,40.755062]]}},{"type":"Feature","properties":{"agency":"LIRR","color":"#FF6319","description":"Long Beach Branch","route":"6","routeId":"6","shapeId":"9AE1B4A5"},"geometry":{"type":"LineString","coordinates":[[-73.993087,40.750743],[-73.991162,40.749989],[-73.989791,40.749681],[-73.989142,40.749449],[-73.976479,40.744178],[-73.974499,40.743519],[-73.97311,40.743223],[-73.972398,40.743134],[-73.959549,40.741676],[-73.954539,40.741198],[-73.953097,40.741234],[-73.951666,40.74137],[-73.950263,40.741623],[-73.948906,40.741996],[-73.945627,40.74314],[-73.938651,40.746021],[-73.937339,40.746479],[-73.935295,40.747018],[-73.931806,40.74772],[-73.91427,40.750956],[-73.91284,40.751096],[-73.912119,40.751085],[-73.91071,40.750866],[-73.909384,40.750436],[-73.908128,40.749895],[-73.906952,40.74926],[-73.905869,40.748535],[-73.903005,40.746066],[-73.89618,40.739676],[-73.895166,40.738896],[-73.894611,40.738546],[-73.893412,40.737936],[-73.883303,40.733693],[-73.843649,40.719159],[-73.84238,40.718637],[-73.840575,40.71773],[-73.838905,40.716684],[-73.83739,40.715509],[-73.821543,40.701264],[-73.820025,40.700091],[-73.818895,40.69941],[-73.818286,40.699117],[-73.81699,40.69864],[-73.816301,40.698478],[-73.815591,40.698388],[-73.814154,40.698424],[-73.812057,40.698826],[-73.809334,40.699547],[-73.808221,40.699764],[-73.804175,40.700924],[-73.803464,40.701003],[-73.802747,40.700966],[-73.802055,40.700823],[-73.801421,40.700566],[-73.79802,40.69853],[-73.796972,40.697778],[-73.796146,40.696881],[-73.793306,40.693059],[-73.79246,40.692171],[-73.791457,40.691384],[-73.774012,40.680743],[-73.763393,40.674153],[-73.756325,40.670354],[-73.755104,40.669772],[-73.746721,40.666583],[-73.745362,40.666221],[-73.743951,40.666002],[-73.742513,40.66593],[-73.723048,40.665954],[-73.721609,40.665897],[-73.720186,40.665724],[-73.718114,40.665259],[-73.70118,40.660562],[-73.694362,40.658786],[-73.692259,40.658408],[-73.680881,40.656973],[-73.676659,40.65626],[-73.675723,40.655966],[-73.67361,40.655618],[-73.672183,40.655465],[-73.671485,40.655333],[-73.670829,40.655109],[-73.670232,40.654804],[-73.669714,40.654424],[-73.669272,40.653991],[-73.657099,40.64105],[-73.656338,40.640119],[-73.656054,40.639616],[-73.655675,40.638558],[-73.64833,40.611127],[-73.648295,40.61058],[-73.648448,40.609491],[-73.648898,40.60845],[-73.649592,40.60749],[-73.653727,40.602339],[-73.654557,40.601442],[-73.655464,40.600589],[-73.658787,40.597699],[-73.660789,40.596122],[-73.662213,40.594884],[-73.663922,40.593117],[-73.664271,40.592639],[-73.664475,40.592115],[-73.66454,40.59157],[-73.66452,40.590182]]}},{"type":"Feature","properties":{"agency":"LIRR","color":"#FF6319","description":"Long Beach Branch","route":"6","routeId":"6","shapeId":"9AE1B4A5W"},"geometry":{"type":"LineString","coordinates":[[-73.66452,40.590182],[-73.66454,40.59157],[-73.664475,40.592115],[-73.664271,40.592639],[-73.663922,40.593117],[-73.662213,40.594884],[-73.660789,40.596122],[-73.658787,40.597699],[-73.655464,40.600589],[-73.654557,40.601442],[-73.653727,40.602339],[-73.649592,40.60749],[-73.648898,40.60845],[-73.648448,40.609491],[-73.648295,40.61058],[-73.64833,40.611127],[-73.655675,40.638558],[-73.656054,40.639616],[-73.656338,40.640119],[-73.657099,40.64105],[-73.669272,40.653991],[-73.669714,40.654424],[-73.670232,40.654804],[-73.670829,40.655109],[-73.671485,40.655333],[-73.672183,40.655465],[-73.67361,40.655618],[-73.675723,40.655966],[-73.676659,40.65626],[-73.680881,40.656973],[-73.692259,40.658408],[-73.694362,40.658786],[-73.70118,40.660562],[-73.718114,40.665259],[-73.720186,40.665724],[-73.721609,40.665897],[-73.723048,40.665954],[-73.742513,40.66593],[-73.743951,40.666002],[-73.745362,40.666221],[-73.746721,40.666583],[-73.755104,40.669772],[-73.756325,40.670354],[-73.763393,40.674153],[-73.774012,40.680743],[-73.791457,40.691384],[-73.79246,40.692171],[-73.793306,40.693059],[-73.796146,40.696881],[-73.796972,40.697778],[-73.79802,40.69853],[-73.801421,40.700566],[-73.802055,40.700823],[-73.802747,40.700966],[-73.803464,40.701003],[-73.804175,40.700924],[-73.808221,40.699764],[-73.809334,40.699547],[-73.812057,40.698826],[-73.814154,40.698424],[-73.815591,40.698388],[-73.816301,40.698478],[-73.81699,40.69864],[-73.818286,40.699117],[-73.818895,40.69941],[-73.820025,40.700091],[-73.821543,40.701264],[-73.83739,40.715509],[-73.838905,40.716684],[-73.840575,40.71773],[-73.84238,40.718637],[-73.843649,40.719159],[-73.883303,40.733693],[-73.893412,40.737936],[-73.894611,40.738546],[-73.895166,40.738896],[-73.89618,40.739676],[-73.903005,40.746066],[-73.905869,40.748535],[-73.906952,40.74926],[-73.908128,40.749895],[-73.909384,40.750436],[-73.91071,40.750866],[-73.912119,40.751085],[-73.91284,40.751096],[-73.91427,40.750956],[-73.931806,40.74772],[-73.935295,40.747018],[-73.937339,40.746479],[-73.938651,40.746021],[-73.945627,40.74314],[-73.948906,40.741996],[-73.950263,40.741623],[-73.951666,40.74137],[-73.953097,40.741234],[-73.954539,40.741198],[-73.959549,40.741676],[-73.972398,40.743134],[-73.97311,40.743223],[-73.974499,40.743519],[-73.976479,40.744178],[-73.989142,40.749449],[-73.989791,40.749681],[-73.991162,40.749989],[-73.993087,40.750743]]}},{"type":"Feature","properties":{"agency":"LIRR","color":"#6E3219","description":"Far Rockaway Branch","route":"7","routeId":"7","shapeId":"1C9177A1W"},"geometry":{"type":"LineString","coordinates":[[-73.750453,40.60926],[-73.74899,40.610282],[-73.747782,40.610878],[-73.737498,40.614842],[-73.736313,40.615464],[-73.73231,40.617801],[-73.7312,40.618501],[-73.725984,40.622287],[-73.72278,40.624496],[-73.719155,40.627168],[-73.712519,40.632204],[-73.703535,40.637708],[-73.702988,40.638064],[-73.702525,40.638483],[-73.702186,40.638965],[-73.701979,40.639488],[-73.701917,40.640034],[-73.701708,40.659246],[-73.701788,40.659789],[-73.702057,40.660294],[-73.702492,40.660727],[-73.703069,40.661049],[-73.704406,40.661456],[-73.704725,40.661627],[-73.718623,40.66548],[-73.720718,40.665883],[-73.722869,40.666033],[-73.743054,40.666022],[-73.744485,40.66615],[-73.74588,40.666423],[-73.747846,40.667102],[-73.749036,40.66772],[-73.750089,40.668466],[-73.750533,40.668898],[-73.751265,40.669843],[-73.762684,40.685736],[-73.763536,40.687249],[-73.765543,40.691365],[-73.765833,40.691875],[-73.766541,40.69283],[-73.775009,40.701718],[-73.777762,40.704259],[-73.778811,40.705009],[-73.78005,40.705566],[-73.780722,40.705764],[-73.782132,40.705981],[-73.783568,40.70596],[-73.793898,40.70352],[-73.800754,40.701817],[-73.801417,40.701604],[-73.80332,40.700824],[-73.807998,40.699379],[-73.809334,40.699547],[-73.812057,40.698826],[-73.814154,40.698424],[-73.814871,40.698372],[-73.816301,40.698478],[-73.817651,40.698857],[-73.818895,40.69941],[-73.819475,40.699736],[-73.821055,40.700859],[-73.83739,40.715509],[-73.838905,40.716684],[-73.840575,40.71773],[-73.84238,40.718637],[-73.843649,40.719159],[-73.883303,40.733693],[-73.893412,40.737936],[-73.894611,40.738546],[-73.895166,40.738896],[-73.89618,40.739676],[-73.903005,40.746066],[-73.902206,40.745088],[-73.905634,40.748201],[-73.906268,40.748676],[-73.907653,40.749525],[-73.909178,40.750219],[-73.910003,40.750473],[-73.911738,40.750762],[-73.913516,40.750808],[-73.914403,40.750762],[-73.916159,40.750546],[-73.91876,40.750087],[-73.924774,40.748855],[-73.929098,40.748057],[-73.929984,40.748004],[-73.930866,40.748084],[-73.931711,40.748293],[-73.932487,40.748622],[-73.936008,40.750612],[-73.941107,40.753334],[-73.948514,40.757086],[-73.961653,40.762792],[-73.962455,40.763085],[-73.963305,40.763283],[-73.964184,40.763389],[-73.965073,40.763388],[-73.965949,40.763273],[-73.966787,40.763049],[-73.969985,40.761859],[-73.970715,40.761474],[-73.971292,40.760961],[-73.973418,40.757989],[-73.974353,40.756838],[-73.975648,40.755062]]}},{"type":"Feature","properties":{"agency":"LIRR","color":"#6E3219","description":"Far Rockaway Branch","route":"7","routeId":"7","shapeId":"3B0D077A"},"geometry":{"type":"LineString","coordinates":[[-73.977365,40.684751],[-73.976331,40.683988],[-73.975733,40.683683],[-73.975068,40.683478],[-73.972263,40.682969],[-73.967473,40.681762],[-73.952869,40.678714],[-73.952161,40.678616],[-73.905414,40.676062],[-73.903978,40.675964],[-73.901127,40.675636],[-73.897526,40.675717],[-73.894661,40.675962],[-73.890423,40.676617],[-73.886955,40.677368],[-73.883563,40.678297],[-73.817356,40.697117],[-73.813407,40.698462],[-73.810645,40.699089],[-73.808758,40.699614],[-73.807998,40.699379],[-73.80332,40.700824],[-73.801417,40.701604],[-73.800754,40.701817],[-73.793898,40.70352],[-73.783568,40.70596],[-73.782852,40.706003],[-73.781419,40.705902],[-73.78005,40.705566],[-73.778811,40.705009],[-73.77826,40.704655],[-73.777297,40.70384],[-73.775009,40.701718],[-73.766541,40.69283],[-73.765833,40.691875],[-73.765543,40.691365],[-73.763271,40.686738],[-73.762355,40.685247],[-73.750913,40.669364],[-73.750089,40.668466],[-73.749036,40.66772],[-73.747846,40.667102],[-73.746554,40.666616],[-73.745188,40.66627],[-73.743772,40.666067],[-73.742334,40.666009],[-73.722869,40.666033],[-73.721431,40.665961],[-73.720011,40.665776],[-73.717943,40.665298],[-73.704725,40.661627],[-73.704406,40.661456],[-73.703069,40.661049],[-73.702492,40.660727],[-73.702057,40.660294],[-73.701788,40.659789],[-73.701708,40.659246],[-73.701709,40.658698],[-73.701917,40.640034],[-73.701979,40.639488],[-73.702186,40.638965],[-73.702525,40.638483],[-73.702988,40.638064],[-73.703535,40.637708],[-73.712519,40.632204],[-73.719155,40.627168],[-73.72278,40.624496],[-73.725984,40.622287],[-73.7312,40.618501],[-73.73231,40.617801],[-73.736313,40.615464],[-73.737498,40.614842],[-73.747782,40.610878],[-73.74899,40.610282],[-73.750453,40.60926]]}},{"type":"Feature","properties":{"agency":"LIRR","color":"#6E3219","description":"Far Rockaway Branch","route":"7","routeId":"7","shapeId":"7703FCECW"},"geometry":{"type":"LineString","coordinates":[[-73.750453,40.60926],[-73.74899,40.610282],[-73.747782,40.610878],[-73.737498,40.614842],[-73.736313,40.615464],[-73.73231,40.617801],[-73.7312,40.618501],[-73.725984,40.622287],[-73.72278,40.624496],[-73.719155,40.627168],[-73.712519,40.632204],[-73.703535,40.637708],[-73.702988,40.638064],[-73.702525,40.638483],[-73.702186,40.638965],[-73.701979,40.639488],[-73.701905,40.640583],[-73.701708,40.659246],[-73.701788,40.659789],[-73.702057,40.660294],[-73.702492,40.660727],[-73.703069,40.661049],[-73.703729,40.661267],[-73.718114,40.665259],[-73.720186,40.665724],[-73.721609,40.665897],[-73.723048,40.665954],[-73.742513,40.66593],[-73.743951,40.666002],[-73.745362,40.666221],[-73.746721,40.666583],[-73.755104,40.669772],[-73.756325,40.670354],[-73.763393,40.674153],[-73.774012,40.680743],[-73.791457,40.691384],[-73.79246,40.692171],[-73.793306,40.693059],[-73.796146,40.696881],[-73.796972,40.697778],[-73.79802,40.69853],[-73.80084,40.700241],[-73.801421,40.700566],[-73.802055,40.700823],[-73.802747,40.700966],[-73.803464,40.701003],[-73.804175,40.700924],[-73.810645,40.699089],[-73.813407,40.698462],[-73.817356,40.697117],[-73.886955,40.677368],[-73.890423,40.676617],[-73.893949,40.67605],[-73.895375,40.675887],[-73.897526,40.675717],[-73.901127,40.675636],[-73.903978,40.675964],[-73.905414,40.676062],[-73.952161,40.678616],[-73.952869,40.678714],[-73.967473,40.681762],[-73.972263,40.682969],[-73.975068,40.683478],[-73.975733,40.683683],[-73.976331,40.683988],[-73.977365,40.684751]]}},{"type":"Feature","properties":{"agency":"LIRR","color":"#6E3219","description":"Far Rockaway Branch","route":"7","routeId":"7","shapeId":"A3EBB8CE"},"geometry":{"type":"LineString","coordinates":[[-73.993087,40.750743],[-73.991162,40.749989],[-73.989791,40.749681],[-73.989142,40.749449],[-73.976479,40.744178],[-73.974499,40.743519],[-73.97311,40.743223],[-73.972398,40.743134],[-73.959549,40.741676],[-73.954539,40.741198],[-73.953097,40.741234],[-73.951666,40.74137],[-73.950263,40.741623],[-73.948906,40.741996],[-73.945627,40.74314],[-73.938651,40.746021],[-73.937339,40.746479],[-73.935295,40.747018],[-73.931806,40.74772],[-73.91427,40.750956],[-73.91284,40.751096],[-73.912119,40.751085],[-73.911405,40.751011],[-73.910039,40.750666],[-73.908128,40.749895],[-73.906952,40.74926],[-73.905869,40.748535],[-73.903005,40.746066],[-73.89618,40.739676],[-73.895166,40.738896],[-73.894611,40.738546],[-73.893412,40.737936],[-73.883303,40.733693],[-73.843649,40.719159],[-73.84238,40.718637],[-73.840575,40.71773],[-73.838905,40.716684],[-73.83739,40.715509],[-73.821543,40.701264],[-73.820025,40.700091],[-73.818895,40.69941],[-73.818286,40.699117],[-73.81699,40.69864],[-73.816301,40.698478],[-73.815591,40.698388],[-73.814154,40.698424],[-73.812057,40.698826],[-73.809334,40.699547],[-73.808221,40.699764],[-73.804175,40.700924],[-73.803464,40.701003],[-73.802747,40.700966],[-73.802055,40.700823],[-73.801421,40.700566],[-73.79802,40.69853],[-73.796972,40.697778],[-73.796146,40.696881],[-73.793306,40.693059],[-73.79246,40.692171],[-73.791457,40.691384],[-73.774012,40.680743],[-73.763393,40.674153],[-73.756325,40.670354],[-73.755104,40.669772],[-73.746721,40.666583],[-73.745362,40.666221],[-73.743951,40.666002],[-73.742513,40.66593],[-73.723048,40.665954],[-73.721609,40.665897],[-73.720186,40.665724],[-73.718114,40.665259],[-73.703729,40.661267],[-73.703069,40.661049],[-73.702492,40.660727],[-73.702057,40.660294],[-73.701788,40.659789],[-73.701708,40.659246],[-73.701917,40.640034],[-73.701979,40.639488],[-73.702186,40.638965],[-73.702525,40.638483],[-73.702988,40.638064],[-73.703535,40.637708],[-73.712519,40.632204],[-73.719155,40.627168],[-73.72278,40.624496],[-73.725984,40.622287],[-73.7312,40.618501],[-73.73231,40.617801],[-73.736313,40.615464],[-73.737498,40.614842],[-73.747782,40.610878],[-73.74899,40.610282],[-73.750453,40.60926]]}},{"type":"Feature","properties":{"agency":"LIRR","color":"#6E3219","description":"Far Rockaway Branch","route":"7","routeId":"7","shapeId":"A3EBB8CEW"},"geometry":{"type":"LineString","coordinates":[[-73.750453,40.60926],[-73.74899,40.610282],[-73.747782,40.610878],[-73.737498,40.614842],[-73.736313,40.615464],[-73.73231,40.617801],[-73.7312,40.618501],[-73.725984,40.622287],[-73.72278,40.624496],[-73.719155,40.627168],[-73.712519,40.632204],[-73.703535,40.637708],[-73.702988,40.638064],[-73.702525,40.638483],[-73.702186,40.638965],[-73.701979,40.639488],[-73.701917,40.640034],[-73.701708,40.659246],[-73.701788,40.659789],[-73.702057,40.660294],[-73.702492,40.660727],[-73.703069,40.661049],[-73.703729,40.661267],[-73.718114,40.665259],[-73.720186,40.665724],[-73.721609,40.665897],[-73.723048,40.665954],[-73.742513,40.66593],[-73.743951,40.666002],[-73.745362,40.666221],[-73.746721,40.666583],[-73.755104,40.669772],[-73.756325,40.670354],[-73.763393,40.674153],[-73.774012,40.680743],[-73.791457,40.691384],[-73.79246,40.692171],[-73.793306,40.693059],[-73.796146,40.696881],[-73.796972,40.697778],[-73.79802,40.69853],[-73.801421,40.700566],[-73.802055,40.700823],[-73.802747,40.700966],[-73.803464,40.701003],[-73.804175,40.700924],[-73.808221,40.699764],[-73.809334,40.699547],[-73.812057,40.698826],[-73.814154,40.698424],[-73.815591,40.698388],[-73.816301,40.698478],[-73.81699,40.69864],[-73.818286,40.699117],[-73.818895,40.69941],[-73.820025,40.700091],[-73.821543,40.701264],[-73.83739,40.715509],[-73.838905,40.716684],[-73.840575,40.71773],[-73.84238,40.718637],[-73.843649,40.719159],[-73.883303,40.733693],[-73.893412,40.737936],[-73.894611,40.738546],[-73.895166,40.738896],[-73.89618,40.739676],[-73.903005,40.746066],[-73.905869,40.748535],[-73.906952,40.74926],[-73.908128,40.749895],[-73.910039,40.750666],[-73.911405,40.751011],[-73.912119,40.751085],[-73.91284,40.751096],[-73.91427,40.750956],[-73.931806,40.74772],[-73.935295,40.747018],[-73.937339,40.746479],[-73.938651,40.746021],[-73.945627,40.74314],[-73.948906,40.741996],[-73.950263,40.741623],[-73.951666,40.74137],[-73.953097,40.741234],[-73.954539,40.741198],[-73.959549,40.741676],[-73.972398,40.743134],[-73.97311,40.743223],[-73.974499,40.743519],[-73.976479,40.744178],[-73.989142,40.749449],[-73.989791,40.749681],[-73.991162,40.749989],[-73.993087,40.750743]]}},{"type":"Feature","properties":{"agency":"LIRR","color":"#6E3219","description":"Far Rockaway Branch","route":"7","routeId":"7","shapeId":"D895985A"},"geometry":{"type":"LineString","coordinates":[[-73.975648,40.755062],[-73.974353,40.756838],[-73.973418,40.757989],[-73.971292,40.760961],[-73.970715,40.761474],[-73.969985,40.761859],[-73.966787,40.763049],[-73.965949,40.763273],[-73.965073,40.763388],[-73.964184,40.763389],[-73.963305,40.763283],[-73.962455,40.763085],[-73.961653,40.762792],[-73.948514,40.757086],[-73.941107,40.753334],[-73.936008,40.750612],[-73.932487,40.748622],[-73.931711,40.748293],[-73.930866,40.748084],[-73.929984,40.748004],[-73.929098,40.748057],[-73.924774,40.748855],[-73.91876,40.750087],[-73.916159,40.750546],[-73.914403,40.750762],[-73.913516,40.750808],[-73.911738,40.750762],[-73.910003,40.750473],[-73.909178,40.750219],[-73.907653,40.749525],[-73.906268,40.748676],[-73.905634,40.748201],[-73.902206,40.745088],[-73.903005,40.746066],[-73.89618,40.739676],[-73.895166,40.738896],[-73.894611,40.738546],[-73.893412,40.737936],[-73.883303,40.733693],[-73.843649,40.719159],[-73.84238,40.718637],[-73.840575,40.71773],[-73.838905,40.716684],[-73.83739,40.715509],[-73.821543,40.701264],[-73.820025,40.700091],[-73.818895,40.69941],[-73.818286,40.699117],[-73.81699,40.69864],[-73.816301,40.698478],[-73.815591,40.698388],[-73.814154,40.698424],[-73.812057,40.698826],[-73.809334,40.699547],[-73.808221,40.699764],[-73.804175,40.700924],[-73.803464,40.701003],[-73.802747,40.700966],[-73.802055,40.700823],[-73.801421,40.700566],[-73.79802,40.69853],[-73.796972,40.697778],[-73.796146,40.696881],[-73.793306,40.693059],[-73.79246,40.692171],[-73.791457,40.691384],[-73.774012,40.680743],[-73.763393,40.674153],[-73.756325,40.670354],[-73.755104,40.669772],[-73.746721,40.666583],[-73.745362,40.666221],[-73.743951,40.666002],[-73.742513,40.66593],[-73.723048,40.665954],[-73.721609,40.665897],[-73.720186,40.665724],[-73.718114,40.665259],[-73.703729,40.661267],[-73.703069,40.661049],[-73.702492,40.660727],[-73.702057,40.660294],[-73.701788,40.659789],[-73.701708,40.659246],[-73.701917,40.640034],[-73.701979,40.639488],[-73.702186,40.638965],[-73.702525,40.638483],[-73.702988,40.638064],[-73.703535,40.637708],[-73.712519,40.632204],[-73.719155,40.627168],[-73.72278,40.624496],[-73.725984,40.622287],[-73.7312,40.618501],[-73.73231,40.617801],[-73.736313,40.615464],[-73.737498,40.614842],[-73.747782,40.610878],[-73.74899,40.610282],[-73.750453,40.60926]]}},{"type":"Feature","properties":{"agency":"LIRR","color":"#6E3219","description":"Far Rockaway Branch","route":"7","routeId":"7","shapeId":"D895985AW"},"geometry":{"type":"LineString","coordinates":[[-73.750453,40.60926],[-73.74899,40.610282],[-73.747782,40.610878],[-73.737498,40.614842],[-73.736313,40.615464],[-73.73231,40.617801],[-73.7312,40.618501],[-73.725984,40.622287],[-73.72278,40.624496],[-73.719155,40.627168],[-73.712519,40.632204],[-73.703535,40.637708],[-73.702988,40.638064],[-73.702525,40.638483],[-73.702186,40.638965],[-73.701979,40.639488],[-73.701917,40.640034],[-73.701708,40.659246],[-73.701788,40.659789],[-73.702057,40.660294],[-73.702492,40.660727],[-73.703069,40.661049],[-73.703729,40.661267],[-73.718114,40.665259],[-73.720186,40.665724],[-73.721609,40.665897],[-73.723048,40.665954],[-73.742513,40.66593],[-73.743951,40.666002],[-73.745362,40.666221],[-73.746721,40.666583],[-73.755104,40.669772],[-73.756325,40.670354],[-73.763393,40.674153],[-73.774012,40.680743],[-73.791457,40.691384],[-73.79246,40.692171],[-73.793306,40.693059],[-73.796146,40.696881],[-73.796972,40.697778],[-73.79802,40.69853],[-73.801421,40.700566],[-73.802055,40.700823],[-73.802747,40.700966],[-73.803464,40.701003],[-73.804175,40.700924],[-73.808221,40.699764],[-73.809334,40.699547],[-73.812057,40.698826],[-73.814154,40.698424],[-73.815591,40.698388],[-73.816301,40.698478],[-73.81699,40.69864],[-73.818286,40.699117],[-73.818895,40.69941],[-73.820025,40.700091],[-73.821543,40.701264],[-73.83739,40.715509],[-73.838905,40.716684],[-73.840575,40.71773],[-73.84238,40.718637],[-73.843649,40.719159],[-73.883303,40.733693],[-73.893412,40.737936],[-73.894611,40.738546],[-73.895166,40.738896],[-73.89618,40.739676],[-73.903005,40.746066],[-73.902206,40.745088],[-73.905634,40.748201],[-73.906268,40.748676],[-73.907653,40.749525],[-73.909178,40.750219],[-73.910003,40.750473],[-73.911738,40.750762],[-73.913516,40.750808],[-73.914403,40.750762],[-73.916159,40.750546],[-73.91876,40.750087],[-73.924774,40.748855],[-73.929098,40.748057],[-73.929984,40.748004],[-73.930866,40.748084],[-73.931711,40.748293],[-73.932487,40.748622],[-73.936008,40.750612],[-73.941107,40.753334],[-73.948514,40.757086],[-73.961653,40.762792],[-73.962455,40.763085],[-73.963305,40.763283],[-73.964184,40.763389],[-73.965073,40.763388],[-73.965949,40.763273],[-73.966787,40.763049],[-73.969985,40.761859],[-73.970715,40.761474],[-73.971292,40.760961],[-73.973418,40.757989],[-73.974353,40.756838],[-73.975648,40.755062]]}},{"type":"Feature","properties":{"agency":"LIRR","color":"#6E3219","description":"Far Rockaway Branch","route":"7","routeId":"7","shapeId":"DE591684W"},"geometry":{"type":"LineString","coordinates":[[-73.705245,40.661688],[-73.718114,40.665259],[-73.719486,40.665595],[-73.720895,40.665824],[-73.723048,40.665954],[-73.742513,40.66593],[-73.744661,40.666095],[-73.74605,40.666383],[-73.747376,40.666813],[-73.751216,40.668329],[-73.755104,40.669772],[-73.756325,40.670354],[-73.763393,40.674153],[-73.774574,40.681087],[-73.79091,40.691026],[-73.791976,40.691765],[-73.792903,40.692604],[-73.793681,40.693528],[-73.796146,40.696881],[-73.796972,40.697778],[-73.79802,40.69853],[-73.801421,40.700566],[-73.802055,40.700823],[-73.802747,40.700966],[-73.803464,40.701003],[-73.804175,40.700924],[-73.810645,40.699089],[-73.813407,40.698462],[-73.817356,40.697117],[-73.886275,40.67755],[-73.890423,40.676617],[-73.893949,40.67605],[-73.895375,40.675887],[-73.897526,40.675717],[-73.901127,40.675636],[-73.903978,40.675964],[-73.905414,40.676062],[-73.952161,40.678616],[-73.952869,40.678714],[-73.967473,40.681762],[-73.972263,40.682969],[-73.975068,40.683478],[-73.975733,40.683683],[-73.976331,40.683988],[-73.977365,40.684751]]}},{"type":"Feature","properties":{"agency":"LIRR","color":"#00A1DE","description":"West Hempstead Branch","route":"8","routeId":"8","shapeId":"3AF9F7BC"},"geometry":{"type":"LineString","coordinates":[[-73.977365,40.684751],[-73.976331,40.683988],[-73.975733,40.683683],[-73.975068,40.683478],[-73.972263,40.682969],[-73.967473,40.681762],[-73.952869,40.678714],[-73.952161,40.678616],[-73.905414,40.676062],[-73.903978,40.675964],[-73.901127,40.675636],[-73.897526,40.675717],[-73.894661,40.675962],[-73.890423,40.676617],[-73.886955,40.677368],[-73.883563,40.678297],[-73.817356,40.697117],[-73.813407,40.698462],[-73.810645,40.699089],[-73.808758,40.699614],[-73.807998,40.699379],[-73.80332,40.700824],[-73.801417,40.701604],[-73.800754,40.701817],[-73.793898,40.70352],[-73.783568,40.70596],[-73.782132,40.705981],[-73.780722,40.705764],[-73.78005,40.705566],[-73.778811,40.705009],[-73.777762,40.704259],[-73.774576,40.701279],[-73.766541,40.69283],[-73.765833,40.691875],[-73.765543,40.691365],[-73.763271,40.686738],[-73.762355,40.685247],[-73.750913,40.669364],[-73.750089,40.668466],[-73.749585,40.668075],[-73.748455,40.667394],[-73.747211,40.666842],[-73.74588,40.666423],[-73.744485,40.66615],[-73.743054,40.666022],[-73.722869,40.666033],[-73.720718,40.665883],[-73.719312,40.665642],[-73.717943,40.665298],[-73.698281,40.659842],[-73.697583,40.659719],[-73.696866,40.659744],[-73.69617,40.659878],[-73.695524,40.660117],[-73.694935,40.660433],[-73.654695,40.683626],[-73.65358,40.684321],[-73.653089,40.684722],[-73.652286,40.685631],[-73.641713,40.701768]]}},{"type":"Feature","properties":{"agency":"LIRR","color":"#00A1DE","description":"West Hempstead Branch","route":"8","routeId":"8","shapeId":"3AF9F7BCW"},"geometry":{"type":"LineString","coordinates":[[-73.641713,40.701768],[-73.652286,40.685631],[-73.653089,40.684722],[-73.65358,40.684321],[-73.654695,40.683626],[-73.694935,40.660433],[-73.695524,40.660117],[-73.69617,40.659878],[-73.696866,40.659744],[-73.697583,40.659719],[-73.698281,40.659842],[-73.717943,40.665298],[-73.719312,40.665642],[-73.720718,40.665883],[-73.722869,40.666033],[-73.743054,40.666022],[-73.744485,40.66615],[-73.74588,40.666423],[-73.747211,40.666842],[-73.748455,40.667394],[-73.749585,40.668075],[-73.750089,40.668466],[-73.750913,40.669364],[-73.762355,40.685247],[-73.763271,40.686738],[-73.765543,40.691365],[-73.765833,40.691875],[-73.766541,40.69283],[-73.774576,40.701279],[-73.777762,40.704259],[-73.778811,40.705009],[-73.78005,40.705566],[-73.780722,40.705764],[-73.782132,40.705981],[-73.783568,40.70596],[-73.793898,40.70352],[-73.800754,40.701817],[-73.801417,40.701604],[-73.80332,40.700824],[-73.807998,40.699379],[-73.808758,40.699614],[-73.810645,40.699089],[-73.813407,40.698462],[-73.817356,40.697117],[-73.883563,40.678297],[-73.886955,40.677368],[-73.890423,40.676617],[-73.894661,40.675962],[-73.897526,40.675717],[-73.901127,40.675636],[-73.903978,40.675964],[-73.905414,40.676062],[-73.952161,40.678616],[-73.952869,40.678714],[-73.967473,40.681762],[-73.972263,40.682969],[-73.975068,40.683478],[-73.975733,40.683683],[-73.976331,40.683988],[-73.977365,40.684751]]}},{"type":"Feature","properties":{"agency":"LIRR","color":"#00A1DE","description":"West Hempstead Branch","route":"8","routeId":"8","shapeId":"C45C3C8F"},"geometry":{"type":"LineString","coordinates":[[-73.993087,40.750743],[-73.991162,40.749989],[-73.989791,40.749681],[-73.989142,40.749449],[-73.976479,40.744178],[-73.974499,40.743519],[-73.97311,40.743223],[-73.972398,40.743134],[-73.959549,40.741676],[-73.954539,40.741198],[-73.953097,40.741234],[-73.951666,40.74137],[-73.950263,40.741623],[-73.948906,40.741996],[-73.945627,40.74314],[-73.938651,40.746021],[-73.937339,40.746479],[-73.935295,40.747018],[-73.931806,40.74772],[-73.91427,40.750956],[-73.91284,40.751096],[-73.912119,40.751085],[-73.911405,40.751011],[-73.910039,40.750666],[-73.908128,40.749895],[-73.906952,40.74926],[-73.905869,40.748535],[-73.903005,40.746066],[-73.89618,40.739676],[-73.895166,40.738896],[-73.894611,40.738546],[-73.893412,40.737936],[-73.883303,40.733693],[-73.843649,40.719159],[-73.84238,40.718637],[-73.840575,40.71773],[-73.838905,40.716684],[-73.83739,40.715509],[-73.821055,40.700859],[-73.819475,40.699736],[-73.818895,40.69941],[-73.817651,40.698857],[-73.816301,40.698478],[-73.814871,40.698372],[-73.814154,40.698424],[-73.812057,40.698826],[-73.809334,40.699547],[-73.807998,40.699379],[-73.80332,40.700824],[-73.801417,40.701604],[-73.800754,40.701817],[-73.793898,40.70352],[-73.783568,40.70596],[-73.782132,40.705981],[-73.780722,40.705764],[-73.78005,40.705566],[-73.778811,40.705009],[-73.777762,40.704259],[-73.775009,40.701718],[-73.767372,40.693727],[-73.766165,40.692362],[-73.765543,40.691365],[-73.763536,40.687249],[-73.762684,40.685736],[-73.751265,40.669843],[-73.750533,40.668898],[-73.749585,40.668075],[-73.748455,40.667394],[-73.747846,40.667102],[-73.74588,40.666423],[-73.744485,40.66615],[-73.742334,40.666009],[-73.722869,40.666033],[-73.720718,40.665883],[-73.719312,40.665642],[-73.717943,40.665298],[-73.698281,40.659842],[-73.697583,40.659719],[-73.696866,40.659744],[-73.69617,40.659878],[-73.695524,40.660117],[-73.694935,40.660433],[-73.654695,40.683626],[-73.65358,40.684321],[-73.653089,40.684722],[-73.652286,40.685631],[-73.641713,40.701768]]}},{"type":"Feature","properties":{"agency":"LIRR","color":"#00A1DE","description":"West Hempstead Branch","route":"8","routeId":"8","shapeId":"C45C3C8FW"},"geometry":{"type":"LineString","coordinates":[[-73.641713,40.701768],[-73.652286,40.685631],[-73.653089,40.684722],[-73.65358,40.684321],[-73.654695,40.683626],[-73.694935,40.660433],[-73.695524,40.660117],[-73.69617,40.659878],[-73.696866,40.659744],[-73.697583,40.659719],[-73.698281,40.659842],[-73.717943,40.665298],[-73.719312,40.665642],[-73.720718,40.665883],[-73.722869,40.666033],[-73.742334,40.666009],[-73.744485,40.66615],[-73.74588,40.666423],[-73.747846,40.667102],[-73.748455,40.667394],[-73.749585,40.668075],[-73.750533,40.668898],[-73.751265,40.669843],[-73.762684,40.685736],[-73.763536,40.687249],[-73.765543,40.691365],[-73.766165,40.692362],[-73.767372,40.693727],[-73.775009,40.701718],[-73.777762,40.704259],[-73.778811,40.705009],[-73.78005,40.705566],[-73.780722,40.705764],[-73.782132,40.705981],[-73.783568,40.70596],[-73.793898,40.70352],[-73.800754,40.701817],[-73.801417,40.701604],[-73.80332,40.700824],[-73.807998,40.699379],[-73.809334,40.699547],[-73.812057,40.698826],[-73.814154,40.698424],[-73.814871,40.698372],[-73.816301,40.698478],[-73.817651,40.698857],[-73.818895,40.69941],[-73.819475,40.699736],[-73.821055,40.700859],[-73.83739,40.715509],[-73.838905,40.716684],[-73.840575,40.71773],[-73.84238,40.718637],[-73.843649,40.719159],[-73.883303,40.733693],[-73.893412,40.737936],[-73.894611,40.738546],[-73.895166,40.738896],[-73.89618,40.739676],[-73.903005,40.746066],[-73.905869,40.748535],[-73.906952,40.74926],[-73.908128,40.749895],[-73.910039,40.750666],[-73.911405,40.751011],[-73.912119,40.751085],[-73.91284,40.751096],[-73.91427,40.750956],[-73.931806,40.74772],[-73.935295,40.747018],[-73.937339,40.746479],[-73.938651,40.746021],[-73.945627,40.74314],[-73.948906,40.741996],[-73.950263,40.741623],[-73.951666,40.74137],[-73.953097,40.741234],[-73.954539,40.741198],[-73.959549,40.741676],[-73.972398,40.743134],[-73.97311,40.743223],[-73.974499,40.743519],[-73.976479,40.744178],[-73.989142,40.749449],[-73.989791,40.749681],[-73.991162,40.749989],[-73.993087,40.750743]]}},{"type":"Feature","properties":{"agency":"LIRR","color":"#00A1DE","description":"West Hempstead Branch","route":"8","routeId":"8","shapeId":"C905AE44"},"geometry":{"type":"LineString","coordinates":[[-73.807998,40.699379],[-73.80332,40.700824],[-73.801417,40.701604],[-73.800754,40.701817],[-73.793898,40.70352],[-73.783568,40.70596],[-73.782852,40.706003],[-73.781419,40.705902],[-73.78005,40.705566],[-73.778811,40.705009],[-73.77826,40.704655],[-73.777297,40.70384],[-73.775009,40.701718],[-73.766541,40.69283],[-73.765833,40.691875],[-73.765543,40.691365],[-73.763271,40.686738],[-73.762355,40.685247],[-73.750913,40.669364],[-73.750089,40.668466],[-73.749585,40.668075],[-73.748455,40.667394],[-73.747211,40.666842],[-73.74588,40.666423],[-73.744485,40.66615],[-73.743054,40.666022],[-73.722869,40.666033],[-73.721431,40.665961],[-73.720011,40.665776],[-73.717943,40.665298],[-73.69896,40.660025],[-73.697583,40.659719],[-73.696866,40.659744],[-73.69617,40.659878],[-73.695524,40.660117],[-73.694935,40.660433],[-73.654695,40.683626],[-73.65358,40.684321],[-73.653089,40.684722],[-73.652286,40.685631],[-73.641713,40.701768]]}},{"type":"Feature","properties":{"agency":"LIRR","color":"#00A1DE","description":"West Hempstead Branch","route":"8","routeId":"8","shapeId":"C905AE44W"},"geometry":{"type":"LineString","coordinates":[[-73.641713,40.701768],[-73.652286,40.685631],[-73.653089,40.684722],[-73.65358,40.684321],[-73.654695,40.683626],[-73.694935,40.660433],[-73.695524,40.660117],[-73.69617,40.659878],[-73.696866,40.659744],[-73.697583,40.659719],[-73.69896,40.660025],[-73.717943,40.665298],[-73.720011,40.665776],[-73.721431,40.665961],[-73.722869,40.666033],[-73.743054,40.666022],[-73.744485,40.66615],[-73.74588,40.666423],[-73.747211,40.666842],[-73.748455,40.667394],[-73.749585,40.668075],[-73.750089,40.668466],[-73.750913,40.669364],[-73.762355,40.685247],[-73.763271,40.686738],[-73.765543,40.691365],[-73.765833,40.691875],[-73.766541,40.69283],[-73.775009,40.701718],[-73.777297,40.70384],[-73.77826,40.704655],[-73.778811,40.705009],[-73.78005,40.705566],[-73.781419,40.705902],[-73.782852,40.706003],[-73.783568,40.70596],[-73.793898,40.70352],[-73.800754,40.701817],[-73.801417,40.701604],[-73.80332,40.700824],[-73.807998,40.699379]]}},{"type":"Feature","properties":{"agency":"LIRR","color":"#00A1DE","description":"West Hempstead Branch","route":"8","routeId":"8","shapeId":"DCBA2852"},"geometry":{"type":"LineString","coordinates":[[-73.704377,40.661531],[-73.698281,40.659842],[-73.697583,40.659719],[-73.696866,40.659744],[-73.69617,40.659878],[-73.695524,40.660117],[-73.654123,40.68396],[-73.653089,40.684722],[-73.652286,40.685631],[-73.641713,40.701768]]}},{"type":"Feature","properties":{"agency":"LIRR","color":"#00A1DE","description":"West Hempstead Branch","route":"8","routeId":"8","shapeId":"DCBA2852W"},"geometry":{"type":"LineString","coordinates":[[-73.641713,40.701768],[-73.652286,40.685631],[-73.653089,40.684722],[-73.654123,40.68396],[-73.695524,40.660117],[-73.69617,40.659878],[-73.696866,40.659744],[-73.697583,40.659719],[-73.698281,40.659842],[-73.704377,40.661531]]}},{"type":"Feature","properties":{"agency":"LIRR","color":"#00A1DE","description":"West Hempstead Branch","route":"8","routeId":"8","shapeId":"EBC24828"},"geometry":{"type":"LineString","coordinates":[[-73.975648,40.755062],[-73.974353,40.756838],[-73.973418,40.757989],[-73.971292,40.760961],[-73.970715,40.761474],[-73.969985,40.761859],[-73.966787,40.763049],[-73.965949,40.763273],[-73.965073,40.763388],[-73.964184,40.763389],[-73.963305,40.763283],[-73.962455,40.763085],[-73.961653,40.762792],[-73.948514,40.757086],[-73.941107,40.753334],[-73.936008,40.750612],[-73.932487,40.748622],[-73.931711,40.748293],[-73.930866,40.748084],[-73.929984,40.748004],[-73.929098,40.748057],[-73.924774,40.748855],[-73.91876,40.750087],[-73.916159,40.750546],[-73.914403,40.750762],[-73.913516,40.750808],[-73.911738,40.750762],[-73.910003,40.750473],[-73.909178,40.750219],[-73.907653,40.749525],[-73.906268,40.748676],[-73.905634,40.748201],[-73.902206,40.745088],[-73.903005,40.746066],[-73.89618,40.739676],[-73.895166,40.738896],[-73.894611,40.738546],[-73.893412,40.737936],[-73.883303,40.733693],[-73.843649,40.719159],[-73.84238,40.718637],[-73.840575,40.71773],[-73.838905,40.716684],[-73.83739,40.715509],[-73.821055,40.700859],[-73.820025,40.700091],[-73.818895,40.69941],[-73.817651,40.698857],[-73.81699,40.69864],[-73.815591,40.698388],[-73.814154,40.698424],[-73.811367,40.698985],[-73.809334,40.699547],[-73.807998,40.699379],[-73.80332,40.700824],[-73.801417,40.701604],[-73.800754,40.701817],[-73.793898,40.70352],[-73.783568,40.70596],[-73.782852,40.706003],[-73.781419,40.705902],[-73.78005,40.705566],[-73.778811,40.705009],[-73.77826,40.704655],[-73.777297,40.70384],[-73.775009,40.701718],[-73.766541,40.69283],[-73.765833,40.691875],[-73.765543,40.691365],[-73.763536,40.687249],[-73.762684,40.685736],[-73.751265,40.669843],[-73.750533,40.668898],[-73.749585,40.668075],[-73.748455,40.667394],[-73.747846,40.667102],[-73.74588,40.666423],[-73.744485,40.66615],[-73.742334,40.666009],[-73.722869,40.666033],[-73.720718,40.665883],[-73.719312,40.665642],[-73.717943,40.665298],[-73.698281,40.659842],[-73.697583,40.659719],[-73.696866,40.659744],[-73.69617,40.659878],[-73.695524,40.660117],[-73.694935,40.660433],[-73.654695,40.683626],[-73.65358,40.684321],[-73.653089,40.684722],[-73.652286,40.685631],[-73.641713,40.701768]]}},{"type":"Feature","properties":{"agency":"LIRR","color":"#00A1DE","description":"West Hempstead Branch","route":"8","routeId":"8","shapeId":"EBC24828W"},"geometry":{"type":"LineString","coordinates":[[-73.641713,40.701768],[-73.652286,40.685631],[-73.653089,40.684722],[-73.65358,40.684321],[-73.654695,40.683626],[-73.694935,40.660433],[-73.695524,40.660117],[-73.69617,40.659878],[-73.696866,40.659744],[-73.697583,40.659719],[-73.698281,40.659842],[-73.717943,40.665298],[-73.719312,40.665642],[-73.720718,40.665883],[-73.722869,40.666033],[-73.742334,40.666009],[-73.744485,40.66615],[-73.74588,40.666423],[-73.747846,40.667102],[-73.748455,40.667394],[-73.749585,40.668075],[-73.750533,40.668898],[-73.751265,40.669843],[-73.762684,40.685736],[-73.763536,40.687249],[-73.765543,40.691365],[-73.765833,40.691875],[-73.766541,40.69283],[-73.775009,40.701718],[-73.777297,40.70384],[-73.77826,40.704655],[-73.778811,40.705009],[-73.78005,40.705566],[-73.781419,40.705902],[-73.782852,40.706003],[-73.783568,40.70596],[-73.793898,40.70352],[-73.800754,40.701817],[-73.801417,40.701604],[-73.80332,40.700824],[-73.807998,40.699379],[-73.809334,40.699547],[-73.811367,40.698985],[-73.814154,40.698424],[-73.815591,40.698388],[-73.81699,40.69864],[-73.817651,40.698857],[-73.818895,40.69941],[-73.820025,40.700091],[-73.821055,40.700859],[-73.83739,40.715509],[-73.838905,40.716684],[-73.840575,40.71773],[-73.84238,40.718637],[-73.843649,40.719159],[-73.883303,40.733693],[-73.893412,40.737936],[-73.894611,40.738546],[-73.895166,40.738896],[-73.89618,40.739676],[-73.903005,40.746066],[-73.902206,40.745088],[-73.905634,40.748201],[-73.906268,40.748676],[-73.907653,40.749525],[-73.909178,40.750219],[-73.910003,40.750473],[-73.911738,40.750762],[-73.913516,40.750808],[-73.914403,40.750762],[-73.916159,40.750546],[-73.91876,40.750087],[-73.924774,40.748855],[-73.929098,40.748057],[-73.929984,40.748004],[-73.930866,40.748084],[-73.931711,40.748293],[-73.932487,40.748622],[-73.936008,40.750612],[-73.941107,40.753334],[-73.948514,40.757086],[-73.961653,40.762792],[-73.962455,40.763085],[-73.963305,40.763283],[-73.964184,40.763389],[-73.965073,40.763388],[-73.965949,40.763273],[-73.966787,40.763049],[-73.969985,40.761859],[-73.970715,40.761474],[-73.971292,40.760961],[-73.973418,40.757989],[-73.974353,40.756838],[-73.975648,40.755062]]}},{"type":"Feature","properties":{"agency":"LIRR","color":"#C60C30","description":"Port Washington Branch","route":"9","routeId":"9","shapeId":"09646F9B"},"geometry":{"type":"LineString","coordinates":[[-73.993087,40.750743],[-73.991162,40.749989],[-73.989791,40.749681],[-73.989142,40.749449],[-73.976479,40.744178],[-73.974499,40.743519],[-73.97311,40.743223],[-73.972398,40.743134],[-73.959549,40.741676],[-73.954539,40.741198],[-73.953097,40.741234],[-73.951666,40.74137],[-73.950263,40.741623],[-73.948906,40.741996],[-73.945627,40.74314],[-73.938651,40.746021],[-73.937339,40.746479],[-73.935295,40.747018],[-73.931806,40.74772],[-73.914975,40.750838],[-73.91284,40.751096],[-73.911405,40.751011],[-73.910039,40.750666],[-73.908746,40.750179],[-73.906952,40.74926],[-73.905869,40.748535],[-73.903473,40.746484],[-73.896678,40.74018],[-73.895148,40.739018],[-73.893995,40.73836],[-73.893348,40.73812],[-73.892657,40.737968],[-73.891941,40.737913],[-73.891223,40.737953],[-73.889849,40.73828],[-73.852242,40.749543],[-73.848306,40.750917],[-73.843764,40.752599],[-73.837825,40.7546],[-73.836588,40.755163],[-73.833705,40.756812],[-73.828799,40.759128],[-73.828143,40.759355],[-73.82472,40.760225],[-73.82068,40.761414],[-73.81659,40.762497],[-73.815178,40.762716],[-73.813016,40.762731],[-73.800836,40.761585],[-73.795812,40.76117],[-73.79437,40.761147],[-73.780728,40.76223],[-73.756384,40.764624],[-73.754982,40.764873],[-73.754322,40.765095],[-73.752465,40.76594],[-73.751322,40.76661],[-73.750798,40.766987],[-73.734839,40.77969],[-73.734373,40.780109],[-73.733564,40.781018],[-73.731074,40.784362],[-73.730269,40.785271],[-73.72924,40.786038],[-73.728651,40.786354],[-73.726707,40.787074]]}},{"type":"Feature","properties":{"agency":"LIRR","color":"#C60C30","description":"Port Washington Branch","route":"9","routeId":"9","shapeId":"09646F9BW"},"geometry":{"type":"LineString","coordinates":[[-73.726707,40.787074],[-73.728651,40.786354],[-73.72924,40.786038],[-73.730269,40.785271],[-73.731074,40.784362],[-73.733564,40.781018],[-73.734373,40.780109],[-73.734839,40.77969],[-73.750798,40.766987],[-73.751322,40.76661],[-73.752465,40.76594],[-73.754322,40.765095],[-73.754982,40.764873],[-73.756384,40.764624],[-73.780728,40.76223],[-73.79437,40.761147],[-73.795812,40.76117],[-73.800836,40.761585],[-73.813016,40.762731],[-73.815178,40.762716],[-73.81659,40.762497],[-73.82068,40.761414],[-73.82472,40.760225],[-73.828143,40.759355],[-73.828799,40.759128],[-73.833705,40.756812],[-73.836588,40.755163],[-73.837825,40.7546],[-73.843764,40.752599],[-73.848306,40.750917],[-73.852242,40.749543],[-73.889849,40.73828],[-73.891223,40.737953],[-73.891941,40.737913],[-73.892657,40.737968],[-73.893348,40.73812],[-73.893995,40.73836],[-73.895148,40.739018],[-73.896678,40.74018],[-73.903473,40.746484],[-73.905869,40.748535],[-73.906952,40.74926],[-73.908746,40.750179],[-73.910039,40.750666],[-73.911405,40.751011],[-73.91284,40.751096],[-73.914975,40.750838],[-73.931806,40.74772],[-73.935295,40.747018],[-73.937339,40.746479],[-73.938651,40.746021],[-73.945627,40.74314],[-73.948906,40.741996],[-73.950263,40.741623],[-73.951666,40.74137],[-73.953097,40.741234],[-73.954539,40.741198],[-73.959549,40.741676],[-73.972398,40.743134],[-73.97311,40.743223],[-73.974499,40.743519],[-73.976479,40.744178],[-73.989142,40.749449],[-73.989791,40.749681],[-73.991162,40.749989],[-73.993087,40.750743]]}},{"type":"Feature","properties":{"agency":"LIRR","color":"#C60C30","description":"Port Washington Branch","route":"9","routeId":"9","shapeId":"6663602C"},"geometry":{"type":"LineString","coordinates":[[-73.975648,40.755062],[-73.974353,40.756838],[-73.973418,40.757989],[-73.971292,40.760961],[-73.970715,40.761474],[-73.969985,40.761859],[-73.969188,40.76216],[-73.966787,40.763049],[-73.965949,40.763273],[-73.965073,40.763388],[-73.964184,40.763389],[-73.963305,40.763283],[-73.962455,40.763085],[-73.961653,40.762792],[-73.959317,40.761809],[-73.947756,40.756731],[-73.941107,40.753334],[-73.936008,40.750612],[-73.932487,40.748622],[-73.931711,40.748293],[-73.930866,40.748084],[-73.929984,40.748004],[-73.929098,40.748057],[-73.924774,40.748855],[-73.91876,40.750087],[-73.916159,40.750546],[-73.914403,40.750762],[-73.913516,40.750808],[-73.911738,40.750762],[-73.910003,40.750473],[-73.909178,40.750219],[-73.907653,40.749525],[-73.906268,40.748676],[-73.905634,40.748201],[-73.902206,40.745088],[-73.902617,40.745705],[-73.896678,40.74018],[-73.895148,40.739018],[-73.893995,40.73836],[-73.893348,40.73812],[-73.892657,40.737968],[-73.891941,40.737913],[-73.891223,40.737953],[-73.889849,40.73828],[-73.852242,40.749543],[-73.848306,40.750917],[-73.843764,40.752599],[-73.837825,40.7546],[-73.836588,40.755163],[-73.833705,40.756812],[-73.828799,40.759128],[-73.828143,40.759355],[-73.82472,40.760225],[-73.82068,40.761414],[-73.81659,40.762497],[-73.815178,40.762716],[-73.813016,40.762731],[-73.800836,40.761585],[-73.795812,40.76117],[-73.79437,40.761147],[-73.780728,40.76223],[-73.756384,40.764624],[-73.754982,40.764873],[-73.754322,40.765095],[-73.752465,40.76594],[-73.751322,40.76661],[-73.750798,40.766987],[-73.734839,40.77969],[-73.734373,40.780109],[-73.733564,40.781018],[-73.731074,40.784362],[-73.730269,40.785271],[-73.72924,40.786038],[-73.728651,40.786354],[-73.726707,40.787074]]}},{"type":"Feature","properties":{"agency":"LIRR","color":"#C60C30","description":"Port Washington Branch","route":"9","routeId":"9","shapeId":"6663602CW"},"geometry":{"type":"LineString","coordinates":[[-73.726707,40.787074],[-73.728651,40.786354],[-73.72924,40.786038],[-73.730269,40.785271],[-73.731074,40.784362],[-73.733564,40.781018],[-73.734373,40.780109],[-73.734839,40.77969],[-73.750798,40.766987],[-73.751322,40.76661],[-73.752465,40.76594],[-73.754322,40.765095],[-73.754982,40.764873],[-73.756384,40.764624],[-73.780728,40.76223],[-73.79437,40.761147],[-73.795812,40.76117],[-73.800836,40.761585],[-73.813016,40.762731],[-73.815178,40.762716],[-73.81659,40.762497],[-73.82068,40.761414],[-73.82472,40.760225],[-73.828143,40.759355],[-73.828799,40.759128],[-73.833705,40.756812],[-73.836588,40.755163],[-73.837825,40.7546],[-73.843764,40.752599],[-73.848306,40.750917],[-73.852242,40.749543],[-73.889849,40.73828],[-73.891223,40.737953],[-73.891941,40.737913],[-73.892657,40.737968],[-73.893348,40.73812],[-73.893995,40.73836],[-73.895148,40.739018],[-73.896678,40.74018],[-73.902617,40.745705],[-73.902206,40.745088],[-73.905634,40.748201],[-73.906268,40.748676],[-73.907653,40.749525],[-73.909178,40.750219],[-73.910003,40.750473],[-73.911738,40.750762],[-73.913516,40.750808],[-73.914403,40.750762],[-73.916159,40.750546],[-73.91876,40.750087],[-73.924774,40.748855],[-73.929098,40.748057],[-73.929984,40.748004],[-73.930866,40.748084],[-73.931711,40.748293],[-73.932487,40.748622],[-73.936008,40.750612],[-73.941107,40.753334],[-73.947756,40.756731],[-73.959317,40.761809],[-73.961653,40.762792],[-73.962455,40.763085],[-73.963305,40.763283],[-73.964184,40.763389],[-73.965073,40.763388],[-73.965949,40.763273],[-73.966787,40.763049],[-73.969188,40.76216],[-73.969985,40.761859],[-73.970715,40.761474],[-73.971292,40.760961],[-73.973418,40.757989],[-73.974353,40.756838],[-73.975648,40.755062]]}},{"type":"Feature","properties":{"agency":"LIRR","color":"#C60C30","description":"Port Washington Branch","route":"9","routeId":"9","shapeId":"6F8FDD4A"},"geometry":{"type":"LineString","coordinates":[[-73.993087,40.750743],[-73.991162,40.749989],[-73.989791,40.749681],[-73.989142,40.749449],[-73.976479,40.744178],[-73.974499,40.743519],[-73.97311,40.743223],[-73.972398,40.743134],[-73.959549,40.741676],[-73.954539,40.741198],[-73.953097,40.741234],[-73.951666,40.74137],[-73.950263,40.741623],[-73.948906,40.741996],[-73.945627,40.74314],[-73.938651,40.746021],[-73.937339,40.746479],[-73.935295,40.747018],[-73.931806,40.74772],[-73.914975,40.750838],[-73.91284,40.751096],[-73.911405,40.751011],[-73.910039,40.750666],[-73.908746,40.750179],[-73.906952,40.74926],[-73.905869,40.748535],[-73.903473,40.746484],[-73.896678,40.74018],[-73.895148,40.739018],[-73.893995,40.73836],[-73.893348,40.73812],[-73.892657,40.737968],[-73.891941,40.737913],[-73.891223,40.737953],[-73.889849,40.73828],[-73.852242,40.749543],[-73.848306,40.750917],[-73.843764,40.752599],[-73.837825,40.7546],[-73.836588,40.755163],[-73.833705,40.756812],[-73.828799,40.759128],[-73.828143,40.759355],[-73.82472,40.760225],[-73.82068,40.761414],[-73.81659,40.762497],[-73.815178,40.762716],[-73.813016,40.762731],[-73.800836,40.761585],[-73.795812,40.76117],[-73.79437,40.761147],[-73.780728,40.76223],[-73.756384,40.764624],[-73.754982,40.764873],[-73.754322,40.765095],[-73.752465,40.76594],[-73.751322,40.76661],[-73.750798,40.766987],[-73.734839,40.77969],[-73.734373,40.780109],[-73.733564,40.781018],[-73.730697,40.78483],[-73.730269,40.785271],[-73.72924,40.786038],[-73.728651,40.786354],[-73.727372,40.786862],[-73.723971,40.787778],[-73.721973,40.788413],[-73.720059,40.789185],[-73.716949,40.790579],[-73.716294,40.79081],[-73.710845,40.792267],[-73.706805,40.79346],[-73.704841,40.794153],[-73.703589,40.7947],[-73.702391,40.795313],[-73.697166,40.798253],[-73.696086,40.798979],[-73.695643,40.799411],[-73.695288,40.799888],[-73.695023,40.800397],[-73.694855,40.80093],[-73.694793,40.801476],[-73.694825,40.802024],[-73.694943,40.802565],[-73.695714,40.805246],[-73.695882,40.806334],[-73.69578,40.807428],[-73.695214,40.810693],[-73.695007,40.81178],[-73.694822,40.812309],[-73.694549,40.812817],[-73.694186,40.81329],[-73.693736,40.813718],[-73.693214,40.814096],[-73.692629,40.814417],[-73.688766,40.81591],[-73.688171,40.816218],[-73.687667,40.816608],[-73.687279,40.817069],[-73.687028,40.817581],[-73.686919,40.818122],[-73.686899,40.820866],[-73.686835,40.821412],[-73.686346,40.823015],[-73.68622,40.823555],[-73.686183,40.824102],[-73.686246,40.824648],[-73.687612,40.829928]]}},{"type":"Feature","properties":{"agency":"LIRR","color":"#C60C30","description":"Port Washington Branch","route":"9","routeId":"9","shapeId":"6F8FDD4AW"},"geometry":{"type":"LineString","coordinates":[[-73.687612,40.829928],[-73.686246,40.824648],[-73.686183,40.824102],[-73.68622,40.823555],[-73.686346,40.823015],[-73.686835,40.821412],[-73.686899,40.820866],[-73.686919,40.818122],[-73.687028,40.817581],[-73.687279,40.817069],[-73.687667,40.816608],[-73.688171,40.816218],[-73.688766,40.81591],[-73.692629,40.814417],[-73.693214,40.814096],[-73.693736,40.813718],[-73.694186,40.81329],[-73.694549,40.812817],[-73.694822,40.812309],[-73.695007,40.81178],[-73.695214,40.810693],[-73.69578,40.807428],[-73.695882,40.806334],[-73.695714,40.805246],[-73.694943,40.802565],[-73.694825,40.802024],[-73.694793,40.801476],[-73.694855,40.80093],[-73.695023,40.800397],[-73.695288,40.799888],[-73.695643,40.799411],[-73.696086,40.798979],[-73.697166,40.798253],[-73.702391,40.795313],[-73.703589,40.7947],[-73.704841,40.794153],[-73.706805,40.79346],[-73.710845,40.792267],[-73.716294,40.79081],[-73.716949,40.790579],[-73.720059,40.789185],[-73.721973,40.788413],[-73.723971,40.787778],[-73.727372,40.786862],[-73.728651,40.786354],[-73.72924,40.786038],[-73.730269,40.785271],[-73.730697,40.78483],[-73.733564,40.781018],[-73.734373,40.780109],[-73.734839,40.77969],[-73.750798,40.766987],[-73.751322,40.76661],[-73.752465,40.76594],[-73.754322,40.765095],[-73.754982,40.764873],[-73.756384,40.764624],[-73.780728,40.76223],[-73.79437,40.761147],[-73.795812,40.76117],[-73.800836,40.761585],[-73.813016,40.762731],[-73.815178,40.762716],[-73.81659,40.762497],[-73.82068,40.761414],[-73.82472,40.760225],[-73.828143,40.759355],[-73.828799,40.759128],[-73.833705,40.756812],[-73.836588,40.755163],[-73.837825,40.7546],[-73.843764,40.752599],[-73.848306,40.750917],[-73.852242,40.749543],[-73.889849,40.73828],[-73.891223,40.737953],[-73.891941,40.737913],[-73.892657,40.737968],[-73.893348,40.73812],[-73.893995,40.73836],[-73.895148,40.739018],[-73.896678,40.74018],[-73.903473,40.746484],[-73.905869,40.748535],[-73.906952,40.74926],[-73.908746,40.750179],[-73.910039,40.750666],[-73.911405,40.751011],[-73.91284,40.751096],[-73.914975,40.750838],[-73.931806,40.74772],[-73.935295,40.747018],[-73.937339,40.746479],[-73.938651,40.746021],[-73.945627,40.74314],[-73.948906,40.741996],[-73.950263,40.741623],[-73.951666,40.74137],[-73.953097,40.741234],[-73.954539,40.741198],[-73.959549,40.741676],[-73.972398,40.743134],[-73.97311,40.743223],[-73.974499,40.743519],[-73.976479,40.744178],[-73.989142,40.749449],[-73.989791,40.749681],[-73.991162,40.749989],[-73.993087,40.750743]]}},{"type":"Feature","properties":{"agency":"LIRR","color":"#C60C30","description":"Port Washington Branch","route":"9","routeId":"9","shapeId":"DE60969A"},"geometry":{"type":"LineString","coordinates":[[-73.975648,40.755062],[-73.974353,40.756838],[-73.973418,40.757989],[-73.971292,40.760961],[-73.970715,40.761474],[-73.969985,40.761859],[-73.969188,40.76216],[-73.966787,40.763049],[-73.965949,40.763273],[-73.965073,40.763388],[-73.964184,40.763389],[-73.963305,40.763283],[-73.962455,40.763085],[-73.961653,40.762792],[-73.959317,40.761809],[-73.947756,40.756731],[-73.941107,40.753334],[-73.936008,40.750612],[-73.932487,40.748622],[-73.931711,40.748293],[-73.930866,40.748084],[-73.929984,40.748004],[-73.929098,40.748057],[-73.924774,40.748855],[-73.91876,40.750087],[-73.916159,40.750546],[-73.914403,40.750762],[-73.913516,40.750808],[-73.911738,40.750762],[-73.910003,40.750473],[-73.909178,40.750219],[-73.907653,40.749525],[-73.906268,40.748676],[-73.905634,40.748201],[-73.902206,40.745088],[-73.902617,40.745705],[-73.897141,40.740602],[-73.895684,40.739385],[-73.893995,40.73836],[-73.893348,40.73812],[-73.892657,40.737968],[-73.891941,40.737913],[-73.891223,40.737953],[-73.889849,40.73828],[-73.852242,40.749543],[-73.848306,40.750917],[-73.843764,40.752599],[-73.837825,40.7546],[-73.836588,40.755163],[-73.833705,40.756812],[-73.828799,40.759128],[-73.828143,40.759355],[-73.82472,40.760225],[-73.82068,40.761414],[-73.81659,40.762497],[-73.815178,40.762716],[-73.813016,40.762731],[-73.800836,40.761585],[-73.795812,40.76117],[-73.79437,40.761147],[-73.780728,40.76223],[-73.756384,40.764624],[-73.754982,40.764873],[-73.754322,40.765095],[-73.752465,40.76594],[-73.751322,40.76661],[-73.750798,40.766987],[-73.734839,40.77969],[-73.734373,40.780109],[-73.733564,40.781018],[-73.730697,40.78483],[-73.730269,40.785271],[-73.72924,40.786038],[-73.728651,40.786354],[-73.727372,40.786862],[-73.723971,40.787778],[-73.721973,40.788413],[-73.720059,40.789185],[-73.716949,40.790579],[-73.716294,40.79081],[-73.710845,40.792267],[-73.706805,40.79346],[-73.704841,40.794153],[-73.703589,40.7947],[-73.702391,40.795313],[-73.697166,40.798253],[-73.696086,40.798979],[-73.695643,40.799411],[-73.695288,40.799888],[-73.695023,40.800397],[-73.694855,40.80093],[-73.694793,40.801476],[-73.694825,40.802024],[-73.694943,40.802565],[-73.695714,40.805246],[-73.695882,40.806334],[-73.69578,40.807428],[-73.695214,40.810693],[-73.695007,40.81178],[-73.694822,40.812309],[-73.694549,40.812817],[-73.694186,40.81329],[-73.693736,40.813718],[-73.693214,40.814096],[-73.692629,40.814417],[-73.688766,40.81591],[-73.688171,40.816218],[-73.687667,40.816608],[-73.687279,40.817069],[-73.687028,40.817581],[-73.686919,40.818122],[-73.686899,40.820866],[-73.686835,40.821412],[-73.686346,40.823015],[-73.68622,40.823555],[-73.686183,40.824102],[-73.686246,40.824648],[-73.687612,40.829928]]}},{"type":"Feature","properties":{"agency":"LIRR","color":"#C60C30","description":"Port Washington Branch","route":"9","routeId":"9","shapeId":"DE60969AW"},"geometry":{"type":"LineString","coordinates":[[-73.687612,40.829928],[-73.686246,40.824648],[-73.686183,40.824102],[-73.68622,40.823555],[-73.686346,40.823015],[-73.686835,40.821412],[-73.686899,40.820866],[-73.686919,40.818122],[-73.687028,40.817581],[-73.687279,40.817069],[-73.687667,40.816608],[-73.688171,40.816218],[-73.688766,40.81591],[-73.692629,40.814417],[-73.693214,40.814096],[-73.693736,40.813718],[-73.694186,40.81329],[-73.694549,40.812817],[-73.694822,40.812309],[-73.695007,40.81178],[-73.695214,40.810693],[-73.69578,40.807428],[-73.695882,40.806334],[-73.695714,40.805246],[-73.694943,40.802565],[-73.694825,40.802024],[-73.694793,40.801476],[-73.694855,40.80093],[-73.695023,40.800397],[-73.695288,40.799888],[-73.695643,40.799411],[-73.696086,40.798979],[-73.697166,40.798253],[-73.702391,40.795313],[-73.703589,40.7947],[-73.704841,40.794153],[-73.706805,40.79346],[-73.710845,40.792267],[-73.716294,40.79081],[-73.716949,40.790579],[-73.720059,40.789185],[-73.721973,40.788413],[-73.723971,40.787778],[-73.727372,40.786862],[-73.728651,40.786354],[-73.72924,40.786038],[-73.730269,40.785271],[-73.730697,40.78483],[-73.733564,40.781018],[-73.734373,40.780109],[-73.734839,40.77969],[-73.750798,40.766987],[-73.751322,40.76661],[-73.752465,40.76594],[-73.754322,40.765095],[-73.754982,40.764873],[-73.756384,40.764624],[-73.780728,40.76223],[-73.79437,40.761147],[-73.795812,40.76117],[-73.800836,40.761585],[-73.813016,40.762731],[-73.815178,40.762716],[-73.81659,40.762497],[-73.82068,40.761414],[-73.82472,40.760225],[-73.828143,40.759355],[-73.828799,40.759128],[-73.833705,40.756812],[-73.836588,40.755163],[-73.837825,40.7546],[-73.843764,40.752599],[-73.848306,40.750917],[-73.852242,40.749543],[-73.889849,40.73828],[-73.891223,40.737953],[-73.891941,40.737913],[-73.892657,40.737968],[-73.893348,40.73812],[-73.893995,40.73836],[-73.895684,40.739385],[-73.897141,40.740602],[-73.902617,40.745705],[-73.902206,40.745088],[-73.905634,40.748201],[-73.906268,40.748676],[-73.907653,40.749525],[-73.909178,40.750219],[-73.910003,40.750473],[-73.911738,40.750762],[-73.913516,40.750808],[-73.914403,40.750762],[-73.916159,40.750546],[-73.91876,40.750087],[-73.924774,40.748855],[-73.929098,40.748057],[-73.929984,40.748004],[-73.930866,40.748084],[-73.931711,40.748293],[-73.932487,40.748622],[-73.936008,40.750612],[-73.941107,40.753334],[-73.947756,40.756731],[-73.959317,40.761809],[-73.961653,40.762792],[-73.962455,40.763085],[-73.963305,40.763283],[-73.964184,40.763389],[-73.965073,40.763388],[-73.965949,40.763273],[-73.966787,40.763049],[-73.969188,40.76216],[-73.969985,40.761859],[-73.970715,40.761474],[-73.971292,40.760961],[-73.973418,40.757989],[-73.974353,40.756838],[-73.975648,40.755062]]}},{"type":"Feature","properties":{"agency":"MNR","color":"#009B3A","description":"Hudson","route":"1","routeId":"1","shapeId":"1"},"geometry":{"type":"LineString","coordinates":[[-73.93814,41.707],[-73.93758,41.70291],[-73.93756,41.70126],[-73.93765,41.70044],[-73.93787,41.69936],[-73.93852,41.69722],[-73.93871,41.6964],[-73.93879,41.69558],[-73.93877,41.69476],[-73.93845,41.69313],[-73.93715,41.68829],[-73.93701,41.68719],[-73.93707,41.6861],[-73.93717,41.68555],[-73.93743,41.68475],[-73.93887,41.68164],[-73.93936,41.68032],[-73.93967,41.67897],[-73.94056,41.67407],[-73.94251,41.66765],[-73.94281,41.66629],[-73.94287,41.66547],[-73.9428,41.66438],[-73.94173,41.65866],[-73.94169,41.65757],[-73.94176,41.65675],[-73.942,41.65567],[-73.9435,41.65085],[-73.94379,41.6495],[-73.94392,41.64813],[-73.94406,41.64127],[-73.94434,41.63936],[-73.94465,41.63828],[-73.94621,41.63405],[-73.94653,41.63298],[-73.94778,41.62729],[-73.94797,41.62593],[-73.94801,41.62483],[-73.94789,41.62318],[-73.94752,41.6199],[-73.94722,41.61827],[-73.9467,41.61667],[-73.94509,41.61274],[-73.94482,41.61193],[-73.94458,41.61086],[-73.94447,41.60976],[-73.94428,41.6007],[-73.94429,41.59988],[-73.9444,41.59878],[-73.94476,41.59744],[-73.94537,41.59615],[-73.94703,41.5931],[-73.94743,41.59204],[-73.94767,41.59096],[-73.94775,41.59014],[-73.94773,41.58876],[-73.9473,41.58163],[-73.94735,41.58026],[-73.94753,41.57917],[-73.94794,41.57784],[-73.94841,41.57679],[-73.95078,41.57278],[-73.95194,41.57107],[-73.95444,41.56772],[-73.95557,41.56631],[-73.95688,41.56498],[-73.96311,41.55923],[-73.96408,41.55841],[-73.96642,41.55668],[-73.96761,41.55564],[-73.97043,41.55243],[-73.97118,41.55149],[-73.97166,41.55075],[-73.9726,41.54896],[-73.97519,41.54353],[-73.97555,41.54247],[-73.97678,41.5379],[-73.97752,41.53606],[-73.97841,41.53455],[-73.9806,41.53138],[-73.98127,41.53011],[-73.98161,41.52905],[-73.98204,41.52687],[-73.98235,41.5258],[-73.9828,41.52475],[-73.98425,41.52194],[-73.98488,41.52036],[-73.9855,41.5171],[-73.98562,41.51601],[-73.9856,41.51518],[-73.98508,41.50971],[-73.98494,41.50751],[-73.98441,41.50259],[-73.98156,41.49098],[-73.98133,41.48989],[-73.98119,41.48853],[-73.9812,41.48743],[-73.98138,41.48579],[-73.98386,41.47302],[-73.98531,41.46265],[-73.9853,41.461],[-73.98468,41.45663],[-73.98438,41.45528],[-73.98346,41.45234],[-73.98315,41.45155],[-73.98264,41.45052],[-73.97865,41.44345],[-73.9783,41.44296],[-73.97708,41.4416],[-73.97375,41.43833],[-73.97294,41.43742],[-73.97223,41.43646],[-73.96706,41.42797],[-73.96094,41.41831],[-73.96019,41.41737],[-73.95891,41.41603],[-73.94973,41.4075],[-73.94889,41.4066],[-73.94836,41.40588],[-73.94756,41.40435],[-73.94374,41.39576],[-73.94339,41.39469],[-73.94332,41.39415],[-73.94333,41.3936],[-73.94349,41.39278],[-73.94382,41.392],[-73.94515,41.39005],[-73.94565,41.38902],[-73.94586,41.38821],[-73.9463,41.38465],[-73.94645,41.38384],[-73.94769,41.38011],[-73.94865,41.37746],[-73.94905,41.3767],[-73.94957,41.37597],[-73.9519,41.37352],[-73.95248,41.37282],[-73.95296,41.37208],[-73.95376,41.37025],[-73.95581,41.36499],[-73.95603,41.36418],[-73.95617,41.36309],[-73.95631,41.35623],[-73.9566,41.35212],[-73.95755,41.34723],[-73.95786,41.34615],[-73.9582,41.34537],[-73.96064,41.34108],[-73.96152,41.33988],[-73.96237,41.33899],[-73.96359,41.33797],[-73.96848,41.33428],[-73.97539,41.32825],[-73.97647,41.32715],[-73.97703,41.32645],[-73.97751,41.32571],[-73.97952,41.32188],[-73.97976,41.32108],[-73.97984,41.32053],[-73.97978,41.31943],[-73.97957,41.31863],[-73.97905,41.3176],[-73.97829,41.31667],[-73.97633,41.31469],[-73.97455,41.31295],[-73.96947,41.30907],[-73.96865,41.30816],[-73.96757,41.30642],[-73.96702,41.30571],[-73.96631,41.30509],[-73.96389,41.30342],[-73.96266,41.30283],[-73.95894,41.30172],[-73.95736,41.30104],[-73.95651,41.30053],[-73.95599,41.30014],[-73.95415,41.29844],[-73.95363,41.29806],[-73.95277,41.29754],[-73.95185,41.29711],[-73.95086,41.29676],[-73.94714,41.29565],[-73.93772,41.29352],[-73.93636,41.29315],[-73.93478,41.29247],[-73.93214,41.291],[-73.93159,41.29064],[-73.93095,41.28997],[-73.93069,41.28946],[-73.9303,41.28841],[-73.93,41.28733],[-73.93008,41.28651],[-73.9303,41.28599],[-73.93086,41.28529],[-73.93366,41.28313],[-73.93434,41.28249],[-73.93494,41.2818],[-73.93674,41.2791],[-73.93739,41.27782],[-73.93769,41.27703],[-73.93803,41.27568],[-73.93812,41.27486],[-73.93813,41.27403],[-73.938,41.27267],[-73.93767,41.27048],[-73.93736,41.26941],[-73.93687,41.26838],[-73.9324,41.26147],[-73.92867,41.25373],[-73.92774,41.25194],[-73.92706,41.25097],[-73.92647,41.25028],[-73.92251,41.24635],[-73.9219,41.24566],[-73.92131,41.24466],[-73.92113,41.24413],[-73.92098,41.24331],[-73.921,41.24249],[-73.92126,41.24141],[-73.92163,41.24064],[-73.92215,41.23991],[-73.92257,41.23947],[-73.92331,41.23886],[-73.9269,41.23654],[-73.92783,41.2357],[-73.92837,41.23499],[-73.92887,41.23396],[-73.9291,41.23287],[-73.92905,41.23178],[-73.92873,41.23071],[-73.92831,41.22995],[-73.92796,41.22947],[-73.92734,41.22879],[-73.92662,41.22817],[-73.92477,41.22685],[-73.92094,41.22432],[-73.91667,41.22133],[-73.91515,41.22015],[-73.91363,41.21861],[-73.91119,41.21556],[-73.91052,41.2149],[-73.90951,41.21412],[-73.90866,41.2136],[-73.90743,41.21301],[-73.90279,41.21144],[-73.90094,41.21057],[-73.89462,41.20687],[-73.89278,41.20554],[-73.89166,41.20446],[-73.88765,41.19956],[-73.8859,41.19684],[-73.88436,41.19376],[-73.88366,41.19192],[-73.87212,41.16909],[-73.87167,41.16805],[-73.86955,41.16251],[-73.86913,41.16089],[-73.869,41.15925],[-73.86922,41.15569],[-73.86921,41.15459],[-73.868,41.14227],[-73.86774,41.14119],[-73.86642,41.13805],[-73.86624,41.13724],[-73.86617,41.13642],[-73.8662,41.13559],[-73.86629,41.13505],[-73.86725,41.13155],[-73.86752,41.1302],[-73.86765,41.12856],[-73.8675,41.12444],[-73.86756,41.12307],[-73.86774,41.1217],[-73.86852,41.11763],[-73.86867,41.11653],[-73.86863,41.11544],[-73.86797,41.10942],[-73.86795,41.10832],[-73.8681,41.10723],[-73.86906,41.10345],[-73.86925,41.10236],[-73.86971,41.09359],[-73.86964,41.09139],[-73.86919,41.08839],[-73.8687,41.08651],[-73.86787,41.0844],[-73.8672,41.08313],[-73.86588,41.08087],[-73.86525,41.07958],[-73.86492,41.07851],[-73.86481,41.07769],[-73.86482,41.07687],[-73.86518,41.07469],[-73.86987,41.05608],[-73.87006,41.05444],[-73.87029,41.04868],[-73.87063,41.04678],[-73.87125,41.04491],[-73.87243,41.04232],[-73.87276,41.04125],[-73.87358,41.03746],[-73.87582,41.03166],[-73.87633,41.03006],[-73.87659,41.02842],[-73.87669,41.02596],[-73.87682,41.02486],[-73.87885,41.01427],[-73.87924,41.01292],[-73.87975,41.01161],[-73.88024,41.01057],[-73.88225,41.00705],[-73.88293,41.00548],[-73.88334,41.00414],[-73.88361,41.00279],[-73.88425,40.99677],[-73.88481,40.98744],[-73.88493,40.98635],[-73.88529,40.985],[-73.89,40.97033],[-73.89133,40.96438],[-73.89173,40.96332],[-73.89227,40.9623],[-73.89295,40.96133],[-73.89594,40.95757],[-73.89687,40.95608],[-73.89771,40.95427],[-73.89939,40.94893],[-73.89972,40.9473],[-73.89979,40.94621],[-73.89977,40.94538],[-73.89945,40.9421],[-73.8995,40.94127],[-73.89965,40.94046],[-73.90003,40.9394],[-73.90044,40.93864],[-73.90279,40.93523],[-73.90318,40.93446],[-73.90337,40.93393],[-73.90352,40.9334],[-73.90363,40.93258],[-73.90408,40.92655],[-73.90437,40.92519],[-73.90483,40.92415],[-73.9053,40.92341],[-73.90736,40.92082],[-73.90819,40.91961],[-73.90874,40.91859],[-73.90987,40.91598],[-73.91102,40.91309],[-73.91206,40.90905],[-73.91239,40.90798],[-73.91886,40.89082],[-73.9201,40.88767],[-73.92303,40.88117],[-73.9231,40.88063],[-73.92303,40.88008],[-73.9226,40.87933],[-73.9201,40.87698],[-73.91934,40.8764],[-73.91904,40.87624],[-73.91837,40.87603],[-73.91766,40.87594],[-73.91621,40.87591],[-73.91518,40.87568],[-73.91148,40.87458],[-73.91085,40.87429],[-73.91003,40.87376],[-73.90916,40.87289],[-73.90868,40.87215],[-73.90831,40.87109],[-73.90823,40.87027],[-73.90834,40.86945],[-73.90873,40.86839],[-73.91029,40.86502],[-73.9109,40.86403],[-73.91177,40.86316],[-73.91579,40.86],[-73.91649,40.85937],[-73.9172,40.85841],[-73.91811,40.85633],[-73.9189,40.85509],[-73.9199,40.85395],[-73.92579,40.8477],[-73.92634,40.84699],[-73.92918,40.84194],[-73.93018,40.83959],[-73.93077,40.83801],[-73.93249,40.83183],[-73.93275,40.83047],[-73.93271,40.82965],[-73.93254,40.82911],[-73.9321,40.82836],[-73.92592,40.81998],[-73.92564,40.81947],[-73.92557,40.8192],[-73.92556,40.81866],[-73.92569,40.81812],[-73.92627,40.81711],[-73.92828,40.8142],[-73.92883,40.81348],[-73.92929,40.81306],[-73.92982,40.81269],[-73.93041,40.81238],[-73.93458,40.81073],[-73.93511,40.81036],[-73.93552,40.80991],[-73.97074,40.76165],[-73.97738,40.75315]]}},{"type":"Feature","properties":{"agency":"MNR","color":"#009B3A","description":"Hudson","route":"1","routeId":"1","shapeId":"12"},"geometry":{"type":"LineString","coordinates":[[-73.97738,40.75315],[-73.97074,40.76165],[-73.93552,40.80991],[-73.93511,40.81036],[-73.93458,40.81073],[-73.93041,40.81238],[-73.92982,40.81269],[-73.92929,40.81306],[-73.92883,40.81348],[-73.92828,40.8142],[-73.92627,40.81711],[-73.92569,40.81812],[-73.92556,40.81866],[-73.92557,40.8192],[-73.92564,40.81947],[-73.92592,40.81998],[-73.9321,40.82836],[-73.93254,40.82911],[-73.93271,40.82965],[-73.93275,40.83047],[-73.93249,40.83183],[-73.93077,40.83801],[-73.93018,40.83959],[-73.92918,40.84194],[-73.92634,40.84699],[-73.92579,40.8477],[-73.9199,40.85395],[-73.9189,40.85509],[-73.91811,40.85633],[-73.9172,40.85841],[-73.91649,40.85937],[-73.91579,40.86],[-73.91177,40.86316],[-73.9109,40.86403],[-73.91029,40.86502],[-73.90873,40.86839],[-73.90834,40.86945],[-73.90823,40.87027],[-73.90831,40.87109],[-73.90868,40.87215],[-73.90916,40.87289],[-73.91003,40.87376],[-73.91085,40.87429],[-73.91148,40.87458],[-73.91518,40.87568],[-73.91621,40.87591],[-73.91766,40.87594],[-73.91837,40.87603],[-73.91904,40.87624],[-73.91934,40.8764],[-73.9201,40.87698],[-73.9226,40.87933],[-73.92303,40.88008],[-73.9231,40.88063],[-73.92303,40.88117],[-73.9201,40.88767],[-73.91886,40.89082],[-73.91239,40.90798],[-73.91206,40.90905],[-73.91102,40.91309],[-73.90987,40.91598],[-73.90874,40.91859],[-73.90819,40.91961],[-73.90736,40.92082],[-73.9053,40.92341],[-73.90483,40.92415],[-73.90437,40.92519],[-73.90408,40.92655],[-73.90363,40.93258],[-73.90352,40.9334],[-73.90337,40.93393],[-73.90318,40.93446],[-73.90279,40.93523],[-73.90044,40.93864],[-73.90003,40.9394],[-73.89965,40.94046],[-73.8995,40.94127],[-73.89945,40.9421],[-73.89977,40.94538],[-73.89979,40.94621],[-73.89972,40.9473],[-73.89939,40.94893],[-73.89771,40.95427],[-73.89687,40.95608],[-73.89594,40.95757],[-73.89295,40.96133],[-73.89227,40.9623],[-73.89173,40.96332],[-73.89133,40.96438],[-73.89,40.97033],[-73.88529,40.985],[-73.88493,40.98635],[-73.88481,40.98744],[-73.88425,40.99677],[-73.88361,41.00279],[-73.88334,41.00414],[-73.88293,41.00548],[-73.88225,41.00705],[-73.88024,41.01057],[-73.87975,41.01161],[-73.87924,41.01292],[-73.87885,41.01427],[-73.87682,41.02486],[-73.87669,41.02596],[-73.87659,41.02842],[-73.87633,41.03006],[-73.87582,41.03166],[-73.87358,41.03746],[-73.87276,41.04125],[-73.87243,41.04232],[-73.87125,41.04491],[-73.87063,41.04678],[-73.87029,41.04868],[-73.87006,41.05444],[-73.86987,41.05608],[-73.86518,41.07469],[-73.86482,41.07687],[-73.86481,41.07769],[-73.86492,41.07851],[-73.86525,41.07958],[-73.86588,41.08087],[-73.8672,41.08313],[-73.86787,41.0844],[-73.8687,41.08651],[-73.86919,41.08839],[-73.86964,41.09139],[-73.86971,41.09359],[-73.86925,41.10236],[-73.86906,41.10345],[-73.8681,41.10723],[-73.86795,41.10832],[-73.86797,41.10942],[-73.86863,41.11544],[-73.86867,41.11653],[-73.86852,41.11763],[-73.86774,41.1217],[-73.86756,41.12307],[-73.8675,41.12444],[-73.86765,41.12856],[-73.86752,41.1302],[-73.86725,41.13155],[-73.86629,41.13505],[-73.8662,41.13559],[-73.86617,41.13642],[-73.86624,41.13724],[-73.86642,41.13805],[-73.86774,41.14119],[-73.868,41.14227],[-73.86921,41.15459],[-73.86922,41.15569],[-73.869,41.15925],[-73.86913,41.16089],[-73.86955,41.16251],[-73.87167,41.16805],[-73.87212,41.16909],[-73.88366,41.19192],[-73.88436,41.19376],[-73.8859,41.19684],[-73.88765,41.19956],[-73.89166,41.20446],[-73.89278,41.20554],[-73.89462,41.20687],[-73.90094,41.21057],[-73.90279,41.21144],[-73.90743,41.21301],[-73.90866,41.2136],[-73.90951,41.21412],[-73.91052,41.2149],[-73.91119,41.21556],[-73.91363,41.21861],[-73.91515,41.22015],[-73.91667,41.22133],[-73.92094,41.22432],[-73.92477,41.22685],[-73.92662,41.22817],[-73.92734,41.22879],[-73.92796,41.22947],[-73.92831,41.22995],[-73.92873,41.23071],[-73.92905,41.23178],[-73.9291,41.23287],[-73.92887,41.23396],[-73.92837,41.23499],[-73.92783,41.2357],[-73.9269,41.23654],[-73.92331,41.23886],[-73.92257,41.23947],[-73.92215,41.23991],[-73.92163,41.24064],[-73.92126,41.24141],[-73.921,41.24249],[-73.92098,41.24331],[-73.92113,41.24413],[-73.92131,41.24466],[-73.9219,41.24566],[-73.92251,41.24635],[-73.92647,41.25028],[-73.92706,41.25097],[-73.92774,41.25194],[-73.92867,41.25373],[-73.9324,41.26147],[-73.93687,41.26838],[-73.93736,41.26941],[-73.93767,41.27048],[-73.938,41.27267],[-73.93813,41.27403],[-73.93812,41.27486],[-73.93803,41.27568],[-73.93769,41.27703],[-73.93739,41.27782],[-73.93674,41.2791],[-73.93494,41.2818],[-73.93434,41.28249],[-73.93366,41.28313],[-73.93086,41.28529],[-73.9303,41.28599],[-73.93008,41.28651],[-73.93,41.28733],[-73.9303,41.28841],[-73.93069,41.28946],[-73.93095,41.28997],[-73.93159,41.29064],[-73.93214,41.291],[-73.93478,41.29247],[-73.93636,41.29315],[-73.93772,41.29352],[-73.94714,41.29565],[-73.95086,41.29676],[-73.95185,41.29711],[-73.95277,41.29754],[-73.95363,41.29806],[-73.95415,41.29844],[-73.95599,41.30014],[-73.95651,41.30053],[-73.95736,41.30104],[-73.95894,41.30172],[-73.96266,41.30283],[-73.96389,41.30342],[-73.96631,41.30509],[-73.96702,41.30571],[-73.96757,41.30642],[-73.96865,41.30816],[-73.96947,41.30907],[-73.97455,41.31295],[-73.97633,41.31469],[-73.97829,41.31667],[-73.97905,41.3176],[-73.97957,41.31863],[-73.97978,41.31943],[-73.97984,41.32053],[-73.97976,41.32108],[-73.97952,41.32188],[-73.97751,41.32571],[-73.97703,41.32645],[-73.97647,41.32715],[-73.97539,41.32825],[-73.96848,41.33428],[-73.96359,41.33797],[-73.96237,41.33899],[-73.96152,41.33988],[-73.96064,41.34108],[-73.9582,41.34537],[-73.95786,41.34615],[-73.95755,41.34723],[-73.9566,41.35212],[-73.95631,41.35623],[-73.95617,41.36309],[-73.95603,41.36418],[-73.95581,41.36499],[-73.95376,41.37025],[-73.95296,41.37208],[-73.95248,41.37282],[-73.9519,41.37352],[-73.94957,41.37597],[-73.94905,41.3767],[-73.94865,41.37746],[-73.94769,41.38011],[-73.94645,41.38384],[-73.9463,41.38465],[-73.94586,41.38821],[-73.94565,41.38902],[-73.94515,41.39005],[-73.94382,41.392],[-73.94349,41.39278],[-73.94333,41.3936],[-73.94332,41.39415],[-73.94339,41.39469],[-73.94374,41.39576],[-73.94756,41.40435],[-73.94836,41.40588],[-73.94889,41.4066],[-73.94973,41.4075],[-73.95891,41.41603],[-73.96019,41.41737],[-73.96094,41.41831],[-73.96706,41.42797],[-73.97223,41.43646],[-73.97294,41.43742],[-73.97375,41.43833],[-73.97708,41.4416],[-73.9783,41.44296],[-73.97865,41.44345],[-73.98264,41.45052],[-73.98315,41.45155],[-73.98346,41.45234],[-73.98438,41.45528],[-73.98468,41.45663],[-73.9853,41.461],[-73.98531,41.46265],[-73.98386,41.47302],[-73.98138,41.48579],[-73.9812,41.48743],[-73.98119,41.48853],[-73.98133,41.48989],[-73.98156,41.49098],[-73.98441,41.50259],[-73.98494,41.50751],[-73.98508,41.50971],[-73.9856,41.51518],[-73.98562,41.51601],[-73.9855,41.5171],[-73.98488,41.52036],[-73.98425,41.52194],[-73.9828,41.52475],[-73.98235,41.5258],[-73.98204,41.52687],[-73.98161,41.52905],[-73.98127,41.53011],[-73.9806,41.53138],[-73.97841,41.53455],[-73.97752,41.53606],[-73.97678,41.5379],[-73.97555,41.54247],[-73.97519,41.54353],[-73.9726,41.54896],[-73.97166,41.55075],[-73.97118,41.55149],[-73.97043,41.55243],[-73.96761,41.55564],[-73.96642,41.55668],[-73.96408,41.55841],[-73.96311,41.55923],[-73.95688,41.56498],[-73.95557,41.56631],[-73.95444,41.56772],[-73.95194,41.57107],[-73.95078,41.57278],[-73.94841,41.57679],[-73.94794,41.57784],[-73.94753,41.57917],[-73.94735,41.58026],[-73.9473,41.58163],[-73.94773,41.58876],[-73.94775,41.59014],[-73.94767,41.59096],[-73.94743,41.59204],[-73.94703,41.5931],[-73.94537,41.59615],[-73.94476,41.59744],[-73.9444,41.59878],[-73.94429,41.59988],[-73.94428,41.6007],[-73.94447,41.60976],[-73.94458,41.61086],[-73.94482,41.61193],[-73.94509,41.61274],[-73.9467,41.61667],[-73.94722,41.61827],[-73.94752,41.6199],[-73.94789,41.62318],[-73.94801,41.62483],[-73.94797,41.62593],[-73.94778,41.62729],[-73.94653,41.63298],[-73.94621,41.63405],[-73.94465,41.63828],[-73.94434,41.63936],[-73.94406,41.64127],[-73.94392,41.64813],[-73.94379,41.6495],[-73.9435,41.65085],[-73.942,41.65567],[-73.94176,41.65675],[-73.94169,41.65757],[-73.94173,41.65866],[-73.9428,41.66438],[-73.94287,41.66547],[-73.94281,41.66629],[-73.94251,41.66765],[-73.94056,41.67407],[-73.93967,41.67897],[-73.93936,41.68032],[-73.93887,41.68164],[-73.93743,41.68475],[-73.93717,41.68555],[-73.93707,41.6861],[-73.93701,41.68719],[-73.93715,41.68829],[-73.93845,41.69313],[-73.93877,41.69476],[-73.93879,41.69558],[-73.93871,41.6964],[-73.93852,41.69722],[-73.93787,41.69936],[-73.93765,41.70044],[-73.93756,41.70126],[-73.93758,41.70291],[-73.93814,41.707]]}},{"type":"Feature","properties":{"agency":"MNR","color":"#EE0034","description":"New Haven","route":"3","routeId":"3","shapeId":"16"},"geometry":{"type":"LineString","coordinates":[[-73.97738,40.75315],[-73.97074,40.76165],[-73.93533,40.81014],[-73.93458,40.81073],[-73.93041,40.81238],[-73.92982,40.81269],[-73.92929,40.81306],[-73.92883,40.81348],[-73.92846,40.81395],[-73.92596,40.81761],[-73.92564,40.81781],[-73.92442,40.81917],[-73.92304,40.82044],[-73.92125,40.82179],[-73.91158,40.82799],[-73.91055,40.82876],[-73.90987,40.8294],[-73.90927,40.83009],[-73.90833,40.83157],[-73.8951,40.85505],[-73.89429,40.85627],[-73.89008,40.86203],[-73.88901,40.86314],[-73.88796,40.8639],[-73.87682,40.87],[-73.87606,40.87059],[-73.87543,40.87125],[-73.87293,40.8746],[-73.87199,40.87608],[-73.86636,40.88913],[-73.86564,40.89068],[-73.86462,40.89244],[-73.86088,40.89808],[-73.86109,40.89785],[-73.85908,40.90045],[-73.85669,40.90287],[-73.8537,40.9063],[-73.85246,40.9073],[-73.85105,40.90816],[-73.85014,40.90861],[-73.84886,40.90913],[-73.84718,40.90963],[-73.84116,40.9106],[-73.84014,40.91087],[-73.8382,40.91161],[-73.83685,40.912],[-73.83579,40.91219],[-73.83399,40.91228],[-73.83255,40.91216],[-73.82864,40.91158],[-73.8272,40.91147],[-73.8254,40.91155],[-73.82258,40.91203],[-73.8215,40.91215],[-73.81969,40.91218],[-73.81826,40.91205],[-73.79706,40.90739],[-73.79566,40.9071],[-73.79459,40.90697],[-73.79314,40.90696],[-73.79028,40.90725],[-73.78889,40.90755],[-73.7876,40.90805],[-73.78644,40.9087],[-73.78569,40.9093],[-73.78526,40.90974],[-73.77753,40.91967],[-73.77675,40.92059],[-73.77608,40.92124],[-73.77482,40.92222],[-73.76349,40.93032],[-73.76122,40.93209],[-73.72344,40.96503],[-73.72237,40.96577],[-73.7198,40.96729],[-73.71832,40.96807],[-73.71735,40.96845],[-73.716,40.96884],[-73.70901,40.97029],[-73.70799,40.97057],[-73.7067,40.97108],[-73.70525,40.9719],[-73.68707,40.98409],[-73.68568,40.98496],[-73.68443,40.98551],[-73.68309,40.98593],[-73.67957,40.98658],[-73.67854,40.98684],[-73.67692,40.98745],[-73.67546,40.98826],[-73.67445,40.98904],[-73.67358,40.98992],[-73.66297,41.0027],[-73.66212,41.0036],[-73.66135,41.00417],[-73.66014,41.00477],[-73.65878,41.00516],[-73.65556,41.00552],[-73.65381,41.00585],[-73.64888,41.00758],[-73.64765,41.00817],[-73.6468,41.00869],[-73.64604,41.00927],[-73.63512,41.01881],[-73.63373,41.01969],[-73.6328,41.02012],[-73.63148,41.02058],[-73.6301,41.02089],[-73.62902,41.02103],[-73.6236,41.02135],[-73.62253,41.02148],[-73.62148,41.02169],[-73.6191,41.02237],[-73.61643,41.02322],[-73.60386,41.02869],[-73.60256,41.02917],[-73.60153,41.02944],[-73.59241,41.03127],[-73.591,41.03148],[-73.58955,41.03156],[-73.57578,41.03189],[-73.57291,41.03214],[-73.57079,41.03254],[-73.56007,41.03508],[-73.55836,41.03556],[-73.55676,41.03619],[-73.55527,41.03697],[-73.55419,41.0377],[-73.55345,41.03831],[-73.55236,41.0394],[-73.54955,41.04293],[-73.54863,41.04378],[-73.54757,41.04452],[-73.54638,41.04515],[-73.54575,41.04541],[-73.5318,41.05069],[-73.53087,41.05111],[-73.52943,41.05196],[-73.52469,41.05535],[-73.524,41.05598],[-73.52341,41.05667],[-73.52306,41.05716],[-73.52251,41.05817],[-73.52222,41.05897],[-73.52052,41.06487],[-73.5199,41.06615],[-73.51919,41.06711],[-73.5183,41.06798],[-73.51698,41.06891],[-73.51576,41.06952],[-73.51445,41.06998],[-73.51341,41.07023],[-73.51163,41.07045],[-73.51054,41.07046],[-73.50909,41.07034],[-73.49547,41.06878],[-73.49366,41.0687],[-73.49222,41.06882],[-73.49048,41.06921],[-73.48887,41.06984],[-73.48771,41.0705],[-73.48111,41.07479],[-73.48021,41.07526],[-73.47894,41.07579],[-73.4776,41.07621],[-73.47656,41.07645],[-73.47442,41.07674],[-73.46758,41.07743],[-73.46506,41.07758],[-73.45129,41.07697],[-73.44876,41.077],[-73.44768,41.07711],[-73.43771,41.07854],[-73.43562,41.07901],[-73.43432,41.0795],[-73.43313,41.08012],[-73.43206,41.08087],[-73.43094,41.08194],[-73.43039,41.08265],[-73.42982,41.08366],[-73.4273,41.08939],[-73.42667,41.09038],[-73.41975,41.09811],[-73.41888,41.09899],[-73.41839,41.09939],[-73.41782,41.09973],[-73.41685,41.10011],[-73.41165,41.10131],[-73.39768,41.10656],[-73.39523,41.10775],[-73.37962,41.11625],[-73.37778,41.11712],[-73.37681,41.11749],[-73.37513,41.11802],[-73.3734,41.11843],[-73.35759,41.12154],[-73.35616,41.12172],[-73.3428,41.12282],[-73.34172,41.12288],[-73.34027,41.12286],[-73.33847,41.12267],[-73.33707,41.1224],[-73.32842,41.12031],[-73.32664,41.12005],[-73.32447,41.11998],[-73.32302,41.12008],[-73.3209,41.12045],[-73.31954,41.12084],[-73.30424,41.1259],[-73.30295,41.12639],[-73.30139,41.12709],[-73.29879,41.12859],[-73.2811,41.13955],[-73.28019,41.14],[-73.27922,41.14038],[-73.27785,41.14074],[-73.27642,41.14094],[-73.26554,41.14138],[-73.26302,41.14162],[-73.26091,41.14203],[-73.25887,41.14259],[-73.25755,41.14305],[-73.25566,41.14387],[-73.25361,41.145],[-73.25253,41.14573],[-73.25151,41.14652],[-73.24992,41.14802],[-73.24609,41.15202],[-73.24468,41.15328],[-73.23046,41.16388],[-73.2291,41.16478],[-73.22786,41.16536],[-73.22617,41.16586],[-73.22305,41.16658],[-73.2213,41.16696],[-73.21988,41.16719],[-73.19101,41.16972],[-73.18889,41.17007],[-73.18758,41.17054],[-73.187,41.17087],[-73.18636,41.17154],[-73.18601,41.17232],[-73.18595,41.17286],[-73.18707,41.17967],[-73.1871,41.18049],[-73.18695,41.18131],[-73.18676,41.18184],[-73.18634,41.1826],[-73.1853,41.18404],[-73.18459,41.18466],[-73.1837,41.18514],[-73.18304,41.18537],[-73.18128,41.18571],[-73.17912,41.18594],[-73.17767,41.186],[-73.17477,41.18593],[-73.15012,41.1847],[-73.14794,41.18481],[-73.14584,41.18524],[-73.14388,41.18596],[-73.14214,41.18695],[-73.1276,41.1969],[-73.12102,41.20163],[-73.1196,41.20249],[-73.11834,41.20303],[-73.11665,41.20353],[-73.08298,41.21232],[-73.08105,41.21307],[-73.07803,41.2146],[-73.07645,41.21529],[-73.07481,41.21587],[-73.06839,41.21779],[-73.06709,41.21828],[-73.0653,41.21922],[-73.06107,41.22182],[-73.05952,41.22254],[-73.05721,41.22333],[-73.05547,41.22372],[-73.05402,41.22387],[-73.04095,41.22423],[-73.0395,41.22432],[-73.03771,41.22457],[-73.03632,41.22487],[-73.03529,41.22516],[-73.03365,41.22575],[-73.03149,41.22676],[-73.02329,41.23083],[-73.00288,41.2432],[-73.00024,41.2451],[-72.97381,41.2659],[-72.97198,41.26723],[-72.97025,41.26823],[-72.96902,41.26881],[-72.96774,41.26934],[-72.96055,41.27199],[-72.95963,41.27243],[-72.9585,41.27313],[-72.95728,41.27414],[-72.94688,41.28333],[-72.9454,41.28453],[-72.94302,41.28605],[-72.92863,41.2949],[-72.92787,41.29548],[-72.92513,41.29839],[-72.92418,41.29956],[-72.92384,41.30034],[-72.92341,41.30223],[-72.92321,41.30276],[-72.92183,41.305]]}},{"type":"Feature","properties":{"agency":"MNR","color":"#EE0034","description":"New Haven","route":"3","routeId":"3","shapeId":"17"},"geometry":{"type":"LineString","coordinates":[[-73.93015,40.82573],[-73.92632,40.82054],[-73.92574,40.82008],[-73.92535,40.81993],[-73.92477,40.81985],[-73.92435,40.81989],[-73.92386,40.82004],[-73.92352,40.82027],[-73.92304,40.82044],[-73.92204,40.82124],[-73.92043,40.82233],[-73.91212,40.82763],[-73.91055,40.82876],[-73.90966,40.82962],[-73.90893,40.83057],[-73.90833,40.83157],[-73.8951,40.85505],[-73.89429,40.85627],[-73.89062,40.86132],[-73.88947,40.86271],[-73.88901,40.86314],[-73.88824,40.86372],[-73.87682,40.87],[-73.87606,40.87059],[-73.87543,40.87125],[-73.87293,40.8746],[-73.87199,40.87608],[-73.86613,40.88965],[-73.86564,40.89068],[-73.86462,40.89244],[-73.86088,40.89808],[-73.86109,40.89785],[-73.85928,40.90022],[-73.85669,40.90287],[-73.8537,40.9063],[-73.85298,40.90692],[-73.85219,40.90748],[-73.85105,40.90816],[-73.85014,40.90861],[-73.84886,40.90913],[-73.84753,40.90954],[-73.84613,40.90983],[-73.84116,40.9106],[-73.84014,40.91087],[-73.8382,40.91161],[-73.8372,40.91192],[-73.83579,40.91219],[-73.83435,40.91228],[-73.83255,40.91216],[-73.82864,40.91158],[-73.8272,40.91147],[-73.8254,40.91155],[-73.82258,40.91203],[-73.8215,40.91215],[-73.81969,40.91218],[-73.81826,40.91205],[-73.79706,40.90739],[-73.79566,40.9071],[-73.79459,40.90697],[-73.79314,40.90696],[-73.78992,40.90731],[-73.78855,40.90766],[-73.78699,40.90835],[-73.78593,40.90909],[-73.78506,40.90997],[-73.77753,40.91967],[-73.77675,40.92059],[-73.77608,40.92124],[-73.77482,40.92222],[-73.76349,40.93032],[-73.76122,40.93209],[-73.72442,40.96422],[-73.72292,40.96541],[-73.71893,40.96777],[-73.71735,40.96845],[-73.716,40.96884],[-73.70901,40.97029],[-73.70799,40.97057],[-73.7067,40.97108],[-73.70525,40.9719],[-73.68707,40.98409],[-73.68568,40.98496],[-73.68443,40.98551],[-73.68309,40.98593],[-73.67957,40.98658],[-73.67854,40.98684],[-73.67692,40.98745],[-73.67546,40.98826],[-73.67445,40.98904],[-73.67358,40.98992],[-73.66297,41.0027],[-73.66236,41.00338],[-73.66188,41.0038],[-73.66077,41.00449],[-73.65948,41.00499],[-73.65843,41.00522],[-73.65485,41.00562],[-73.65314,41.00605],[-73.64888,41.00758],[-73.64736,41.00833],[-73.64629,41.00907],[-73.64556,41.00968],[-73.63537,41.01861],[-73.63431,41.01936],[-73.63342,41.01984],[-73.63216,41.02037],[-73.63114,41.02067],[-73.6301,41.02089],[-73.62902,41.02103],[-73.6236,41.02135],[-73.62253,41.02148],[-73.62148,41.02169],[-73.61775,41.02277],[-73.61579,41.02348],[-73.60386,41.02869],[-73.60256,41.02917],[-73.60153,41.02944],[-73.59241,41.03127],[-73.591,41.03148],[-73.58955,41.03156],[-73.57578,41.03189],[-73.57291,41.03214],[-73.57079,41.03254],[-73.56007,41.03508],[-73.55836,41.03556],[-73.55708,41.03605],[-73.55527,41.03697],[-73.55419,41.0377],[-73.55345,41.03831],[-73.55236,41.0394],[-73.54955,41.04293],[-73.54863,41.04378],[-73.54757,41.04452],[-73.54638,41.04515],[-73.54575,41.04541],[-73.5318,41.05069],[-73.53087,41.05111],[-73.52943,41.05196],[-73.52494,41.05515],[-73.524,41.05598],[-73.52341,41.05667],[-73.52306,41.05716],[-73.52251,41.05817],[-73.52222,41.05897],[-73.52052,41.06487],[-73.52005,41.06591],[-73.51974,41.0664],[-73.51877,41.06756],[-73.51753,41.06856],[-73.51698,41.06891],[-73.51576,41.06952],[-73.51445,41.06998],[-73.5127,41.07035],[-73.51163,41.07045],[-73.51054,41.07046],[-73.50909,41.07034],[-73.49547,41.06878],[-73.49366,41.0687],[-73.49222,41.06882],[-73.49048,41.06921],[-73.48887,41.06984],[-73.48771,41.0705],[-73.48111,41.07479],[-73.48021,41.07526],[-73.47894,41.07579],[-73.4776,41.07621],[-73.47656,41.07645],[-73.47442,41.07674],[-73.46758,41.07743],[-73.46506,41.07758],[-73.45129,41.07697],[-73.44876,41.077],[-73.44411,41.07761],[-73.43735,41.0786],[-73.43596,41.07891],[-73.43464,41.07936],[-73.43341,41.07996],[-73.43231,41.08067],[-73.43136,41.08149],[-73.43074,41.08218],[-73.43023,41.0829],[-73.42982,41.08366],[-73.4273,41.08939],[-73.42667,41.09038],[-73.41975,41.09811],[-73.41888,41.09899],[-73.41839,41.09939],[-73.41782,41.09973],[-73.41685,41.10011],[-73.41165,41.10131],[-73.39768,41.10656],[-73.39523,41.10775],[-73.37962,41.11625],[-73.37778,41.11712],[-73.37648,41.11761],[-73.37513,41.11802],[-73.3734,41.11843],[-73.35759,41.12154],[-73.35616,41.12172],[-73.34172,41.12288],[-73.33955,41.1228],[-73.33777,41.12255],[-73.32912,41.12047],[-73.32736,41.12013],[-73.32555,41.11998],[-73.32447,41.11998],[-73.32302,41.12008],[-73.3216,41.1203],[-73.31954,41.12084],[-73.30424,41.1259],[-73.302,41.1268],[-73.29964,41.12807],[-73.2811,41.13955],[-73.28019,41.14],[-73.27922,41.14038],[-73.27785,41.14074],[-73.27642,41.14094],[-73.26554,41.14138],[-73.26338,41.14157],[-73.26057,41.14211],[-73.25787,41.14293],[-73.25659,41.14344],[-73.25505,41.14417],[-73.25361,41.145],[-73.25253,41.14573],[-73.25151,41.14652],[-73.25058,41.14736],[-73.24631,41.1518],[-73.24468,41.15328],[-73.23046,41.16388],[-73.2291,41.16478],[-73.22786,41.16536],[-73.22617,41.16586],[-73.22305,41.16658],[-73.2213,41.16696],[-73.21988,41.16719],[-73.19101,41.16972],[-73.18889,41.17007],[-73.18789,41.1704],[-73.18727,41.1707],[-73.18675,41.17108],[-73.18636,41.17154],[-73.18601,41.17232],[-73.18595,41.17286],[-73.18707,41.17967],[-73.1871,41.18049],[-73.18695,41.18131],[-73.18676,41.18184],[-73.18634,41.1826],[-73.1853,41.18404],[-73.18459,41.18466],[-73.18401,41.185],[-73.18337,41.18526],[-73.18199,41.18559],[-73.18056,41.18581],[-73.1784,41.18598],[-73.17694,41.186],[-73.15012,41.1847],[-73.14794,41.18481],[-73.14584,41.18524],[-73.14388,41.18596],[-73.14214,41.18695],[-73.1276,41.1969],[-73.12102,41.20163],[-73.1196,41.20249],[-73.11834,41.20303],[-73.11665,41.20353],[-73.08298,41.21232],[-73.08105,41.21307],[-73.07803,41.2146],[-73.07645,41.21529],[-73.07481,41.21587],[-73.06839,41.21779],[-73.06709,41.21828],[-73.0653,41.21922],[-73.06107,41.22182],[-73.05952,41.22254],[-73.05721,41.22333],[-73.05547,41.22372],[-73.05402,41.22387],[-73.04095,41.22423],[-73.0395,41.22432],[-73.03842,41.22445],[-73.03666,41.22479],[-73.03529,41.22516],[-73.03397,41.22562],[-73.03149,41.22676],[-73.02329,41.23083],[-73.00288,41.2432],[-73.00024,41.2451],[-72.97381,41.2659],[-72.97198,41.26723],[-72.97025,41.26823],[-72.96902,41.26881],[-72.96774,41.26934],[-72.96055,41.27199],[-72.95963,41.27243],[-72.9585,41.27313],[-72.95728,41.27414],[-72.94688,41.28333],[-72.9454,41.28453],[-72.94302,41.28605],[-72.92863,41.2949],[-72.92787,41.29548],[-72.92513,41.29839],[-72.92418,41.29956],[-72.92384,41.30034],[-72.92341,41.30223],[-72.92321,41.30276],[-72.92183,41.305]]}},{"type":"Feature","properties":{"agency":"MNR","color":"#EE0034","description":"New Haven","route":"3","routeId":"3","shapeId":"5"},"geometry":{"type":"LineString","coordinates":[[-72.92183,41.305],[-72.92321,41.30276],[-72.92341,41.30223],[-72.92384,41.30034],[-72.92418,41.29956],[-72.92513,41.29839],[-72.92787,41.29548],[-72.92863,41.2949],[-72.94302,41.28605],[-72.9454,41.28453],[-72.94688,41.28333],[-72.95728,41.27414],[-72.9585,41.27313],[-72.95963,41.27243],[-72.96055,41.27199],[-72.96774,41.26934],[-72.96902,41.26881],[-72.97025,41.26823],[-72.97198,41.26723],[-72.97381,41.2659],[-73.00024,41.2451],[-73.00288,41.2432],[-73.02329,41.23083],[-73.03149,41.22676],[-73.03365,41.22575],[-73.03529,41.22516],[-73.03632,41.22487],[-73.03771,41.22457],[-73.0395,41.22432],[-73.04095,41.22423],[-73.05402,41.22387],[-73.05547,41.22372],[-73.05721,41.22333],[-73.05952,41.22254],[-73.06107,41.22182],[-73.0653,41.21922],[-73.06709,41.21828],[-73.06839,41.21779],[-73.07481,41.21587],[-73.07645,41.21529],[-73.07803,41.2146],[-73.08105,41.21307],[-73.08298,41.21232],[-73.11665,41.20353],[-73.11834,41.20303],[-73.1196,41.20249],[-73.12102,41.20163],[-73.1276,41.1969],[-73.14214,41.18695],[-73.14388,41.18596],[-73.14584,41.18524],[-73.14794,41.18481],[-73.15012,41.1847],[-73.17477,41.18593],[-73.17767,41.186],[-73.17912,41.18594],[-73.18128,41.18571],[-73.18304,41.18537],[-73.1837,41.18514],[-73.18459,41.18466],[-73.1853,41.18404],[-73.18634,41.1826],[-73.18676,41.18184],[-73.18695,41.18131],[-73.1871,41.18049],[-73.18707,41.17967],[-73.18595,41.17286],[-73.18601,41.17232],[-73.18636,41.17154],[-73.187,41.17087],[-73.18758,41.17054],[-73.18889,41.17007],[-73.19101,41.16972],[-73.21988,41.16719],[-73.2213,41.16696],[-73.22305,41.16658],[-73.22617,41.16586],[-73.22786,41.16536],[-73.2291,41.16478],[-73.23046,41.16388],[-73.24468,41.15328],[-73.24609,41.15202],[-73.24992,41.14802],[-73.25151,41.14652],[-73.25253,41.14573],[-73.25361,41.145],[-73.25566,41.14387],[-73.25755,41.14305],[-73.25887,41.14259],[-73.26091,41.14203],[-73.26302,41.14162],[-73.26554,41.14138],[-73.27642,41.14094],[-73.27785,41.14074],[-73.27922,41.14038],[-73.28019,41.14],[-73.2811,41.13955],[-73.29879,41.12859],[-73.30139,41.12709],[-73.30295,41.12639],[-73.30424,41.1259],[-73.31954,41.12084],[-73.3209,41.12045],[-73.32302,41.12008],[-73.32447,41.11998],[-73.32664,41.12005],[-73.32842,41.12031],[-73.33707,41.1224],[-73.33847,41.12267],[-73.34027,41.12286],[-73.34172,41.12288],[-73.3428,41.12282],[-73.35616,41.12172],[-73.35759,41.12154],[-73.3734,41.11843],[-73.37513,41.11802],[-73.37681,41.11749],[-73.37778,41.11712],[-73.37962,41.11625],[-73.39523,41.10775],[-73.39768,41.10656],[-73.41165,41.10131],[-73.41685,41.10011],[-73.41782,41.09973],[-73.41839,41.09939],[-73.41888,41.09899],[-73.41975,41.09811],[-73.42667,41.09038],[-73.4273,41.08939],[-73.42982,41.08366],[-73.43039,41.08265],[-73.43094,41.08194],[-73.43206,41.08087],[-73.43313,41.08012],[-73.43432,41.0795],[-73.43562,41.07901],[-73.43771,41.07854],[-73.44768,41.07711],[-73.44876,41.077],[-73.45129,41.07697],[-73.46506,41.07758],[-73.46758,41.07743],[-73.47442,41.07674],[-73.47656,41.07645],[-73.4776,41.07621],[-73.47894,41.07579],[-73.48021,41.07526],[-73.48111,41.07479],[-73.48771,41.0705],[-73.48887,41.06984],[-73.49048,41.06921],[-73.49222,41.06882],[-73.49366,41.0687],[-73.49547,41.06878],[-73.50909,41.07034],[-73.51054,41.07046],[-73.51163,41.07045],[-73.51341,41.07023],[-73.51445,41.06998],[-73.51576,41.06952],[-73.51698,41.06891],[-73.5183,41.06798],[-73.51919,41.06711],[-73.5199,41.06615],[-73.52052,41.06487],[-73.52222,41.05897],[-73.52251,41.05817],[-73.52291,41.05741],[-73.52341,41.05667],[-73.524,41.05598],[-73.52469,41.05535],[-73.52943,41.05196],[-73.53087,41.05111],[-73.5318,41.05069],[-73.54575,41.04541],[-73.54638,41.04515],[-73.54757,41.04452],[-73.54863,41.04378],[-73.54955,41.04293],[-73.55236,41.0394],[-73.55345,41.03831],[-73.55419,41.0377],[-73.55527,41.03697],[-73.55676,41.03619],[-73.55836,41.03556],[-73.56007,41.03508],[-73.57079,41.03254],[-73.57291,41.03214],[-73.57578,41.03189],[-73.58955,41.03156],[-73.591,41.03148],[-73.59241,41.03127],[-73.60153,41.02944],[-73.60256,41.02917],[-73.60386,41.02869],[-73.61643,41.02322],[-73.6191,41.02237],[-73.62148,41.02169],[-73.62253,41.02148],[-73.6236,41.02135],[-73.62902,41.02103],[-73.6301,41.02089],[-73.63148,41.02058],[-73.6328,41.02012],[-73.63373,41.01969],[-73.63512,41.01881],[-73.64604,41.00927],[-73.6468,41.00869],[-73.64765,41.00817],[-73.64888,41.00758],[-73.65381,41.00585],[-73.65556,41.00552],[-73.65878,41.00516],[-73.66014,41.00477],[-73.66135,41.00417],[-73.66212,41.0036],[-73.66297,41.0027],[-73.67358,40.98992],[-73.67445,40.98904],[-73.67546,40.98826],[-73.67692,40.98745],[-73.67854,40.98684],[-73.67957,40.98658],[-73.68309,40.98593],[-73.68443,40.98551],[-73.68568,40.98496],[-73.68707,40.98409],[-73.70525,40.9719],[-73.7067,40.97108],[-73.70799,40.97057],[-73.70901,40.97029],[-73.716,40.96884],[-73.71735,40.96845],[-73.71832,40.96807],[-73.7198,40.96729],[-73.72237,40.96577],[-73.72344,40.96503],[-73.76122,40.93209],[-73.76349,40.93032],[-73.77482,40.92222],[-73.77608,40.92124],[-73.77675,40.92059],[-73.77753,40.91967],[-73.78526,40.90974],[-73.78569,40.9093],[-73.78644,40.9087],[-73.7876,40.90805],[-73.78889,40.90755],[-73.79028,40.90725],[-73.79314,40.90696],[-73.79459,40.90697],[-73.79566,40.9071],[-73.79706,40.90739],[-73.81826,40.91205],[-73.81969,40.91218],[-73.8215,40.91215],[-73.82258,40.91203],[-73.8254,40.91155],[-73.8272,40.91147],[-73.82864,40.91158],[-73.83255,40.91216],[-73.83399,40.91228],[-73.83579,40.91219],[-73.83685,40.912],[-73.8382,40.91161],[-73.84014,40.91087],[-73.84116,40.9106],[-73.84718,40.90963],[-73.84886,40.90913],[-73.85014,40.90861],[-73.85105,40.90816],[-73.85246,40.9073],[-73.8537,40.9063],[-73.85669,40.90287],[-73.85908,40.90045],[-73.86109,40.89785],[-73.86088,40.89808],[-73.86462,40.89244],[-73.86564,40.89068],[-73.86636,40.88913],[-73.87199,40.87608],[-73.87293,40.8746],[-73.87543,40.87125],[-73.87606,40.87059],[-73.87682,40.87],[-73.88796,40.8639],[-73.88901,40.86314],[-73.89008,40.86203],[-73.89429,40.85627],[-73.8951,40.85505],[-73.90833,40.83157],[-73.90927,40.83009],[-73.90987,40.8294],[-73.91055,40.82876],[-73.91158,40.82799],[-73.92125,40.82179],[-73.92304,40.82044],[-73.92442,40.81917],[-73.92564,40.81781],[-73.92596,40.81761],[-73.92846,40.81395],[-73.92883,40.81348],[-73.92929,40.81306],[-73.92982,40.81269],[-73.93041,40.81238],[-73.93458,40.81073],[-73.93533,40.81014],[-73.97074,40.76165],[-73.97738,40.75315]]}},{"type":"Feature","properties":{"agency":"MNR","color":"#EE0034","description":"New Haven","route":"3","routeId":"3","shapeId":"6"},"geometry":{"type":"LineString","coordinates":[[-72.92183,41.305],[-72.92321,41.30276],[-72.92341,41.30223],[-72.92384,41.30034],[-72.92418,41.29956],[-72.92513,41.29839],[-72.92787,41.29548],[-72.92863,41.2949],[-72.94302,41.28605],[-72.9454,41.28453],[-72.94688,41.28333],[-72.95728,41.27414],[-72.9585,41.27313],[-72.95963,41.27243],[-72.96055,41.27199],[-72.96774,41.26934],[-72.96902,41.26881],[-72.97025,41.26823],[-72.97198,41.26723],[-72.97381,41.2659],[-73.00024,41.2451],[-73.00288,41.2432],[-73.02329,41.23083],[-73.03149,41.22676],[-73.03397,41.22562],[-73.03529,41.22516],[-73.03666,41.22479],[-73.03842,41.22445],[-73.0395,41.22432],[-73.04095,41.22423],[-73.05402,41.22387],[-73.05547,41.22372],[-73.05721,41.22333],[-73.05952,41.22254],[-73.06107,41.22182],[-73.0653,41.21922],[-73.06709,41.21828],[-73.06839,41.21779],[-73.07481,41.21587],[-73.07645,41.21529],[-73.07803,41.2146],[-73.08105,41.21307],[-73.08298,41.21232],[-73.11665,41.20353],[-73.11834,41.20303],[-73.1196,41.20249],[-73.12102,41.20163],[-73.1276,41.1969],[-73.14214,41.18695],[-73.14388,41.18596],[-73.14584,41.18524],[-73.14794,41.18481],[-73.15012,41.1847],[-73.17694,41.186],[-73.1784,41.18598],[-73.18056,41.18581],[-73.18199,41.18559],[-73.18337,41.18526],[-73.18401,41.185],[-73.18459,41.18466],[-73.1853,41.18404],[-73.18634,41.1826],[-73.18676,41.18184],[-73.18695,41.18131],[-73.1871,41.18049],[-73.18707,41.17967],[-73.18595,41.17286],[-73.18601,41.17232],[-73.18636,41.17154],[-73.18675,41.17108],[-73.18727,41.1707],[-73.18789,41.1704],[-73.18889,41.17007],[-73.19101,41.16972],[-73.21988,41.16719],[-73.2213,41.16696],[-73.22305,41.16658],[-73.22617,41.16586],[-73.22786,41.16536],[-73.2291,41.16478],[-73.23046,41.16388],[-73.24468,41.15328],[-73.24631,41.1518],[-73.25058,41.14736],[-73.25151,41.14652],[-73.25253,41.14573],[-73.25361,41.145],[-73.25505,41.14417],[-73.25659,41.14344],[-73.25787,41.14293],[-73.26057,41.14211],[-73.26338,41.14157],[-73.26554,41.14138],[-73.27642,41.14094],[-73.27785,41.14074],[-73.27922,41.14038],[-73.28019,41.14],[-73.2811,41.13955],[-73.29964,41.12807],[-73.302,41.1268],[-73.30424,41.1259],[-73.31954,41.12084],[-73.3216,41.1203],[-73.32302,41.12008],[-73.32447,41.11998],[-73.32555,41.11998],[-73.32736,41.12013],[-73.32912,41.12047],[-73.33777,41.12255],[-73.33955,41.1228],[-73.34172,41.12288],[-73.35616,41.12172],[-73.35759,41.12154],[-73.3734,41.11843],[-73.37513,41.11802],[-73.37648,41.11761],[-73.37778,41.11712],[-73.37962,41.11625],[-73.39523,41.10775],[-73.39768,41.10656],[-73.41165,41.10131],[-73.41685,41.10011],[-73.41782,41.09973],[-73.41839,41.09939],[-73.41888,41.09899],[-73.41975,41.09811],[-73.42667,41.09038],[-73.4273,41.08939],[-73.42982,41.08366],[-73.43023,41.0829],[-73.43074,41.08218],[-73.43136,41.08149],[-73.43231,41.08067],[-73.43341,41.07996],[-73.43464,41.07936],[-73.43596,41.07891],[-73.43735,41.0786],[-73.44411,41.07761],[-73.44876,41.077],[-73.45129,41.07697],[-73.46506,41.07758],[-73.46758,41.07743],[-73.47442,41.07674],[-73.47656,41.07645],[-73.4776,41.07621],[-73.47894,41.07579],[-73.48021,41.07526],[-73.48111,41.07479],[-73.48771,41.0705],[-73.48887,41.06984],[-73.49048,41.06921],[-73.49222,41.06882],[-73.49366,41.0687],[-73.49547,41.06878],[-73.50909,41.07034],[-73.51054,41.07046],[-73.51163,41.07045],[-73.5127,41.07035],[-73.51445,41.06998],[-73.51576,41.06952],[-73.51698,41.06891],[-73.51753,41.06856],[-73.51877,41.06756],[-73.51974,41.0664],[-73.52005,41.06591],[-73.52052,41.06487],[-73.52222,41.05897],[-73.52251,41.05817],[-73.52291,41.05741],[-73.52341,41.05667],[-73.524,41.05598],[-73.52494,41.05515],[-73.52943,41.05196],[-73.53087,41.05111],[-73.5318,41.05069],[-73.54575,41.04541],[-73.54638,41.04515],[-73.54757,41.04452],[-73.54863,41.04378],[-73.54955,41.04293],[-73.55236,41.0394],[-73.55345,41.03831],[-73.55419,41.0377],[-73.55527,41.03697],[-73.55708,41.03605],[-73.55836,41.03556],[-73.56007,41.03508],[-73.57079,41.03254],[-73.57291,41.03214],[-73.57578,41.03189],[-73.58955,41.03156],[-73.591,41.03148],[-73.59241,41.03127],[-73.60153,41.02944],[-73.60256,41.02917],[-73.60386,41.02869],[-73.61579,41.02348],[-73.61775,41.02277],[-73.62148,41.02169],[-73.62253,41.02148],[-73.6236,41.02135],[-73.62902,41.02103],[-73.6301,41.02089],[-73.63114,41.02067],[-73.63216,41.02037],[-73.63342,41.01984],[-73.63431,41.01936],[-73.63537,41.01861],[-73.64556,41.00968],[-73.64629,41.00907],[-73.64736,41.00833],[-73.64888,41.00758],[-73.65314,41.00605],[-73.65485,41.00562],[-73.65843,41.00522],[-73.65948,41.00499],[-73.66077,41.00449],[-73.66188,41.0038],[-73.66236,41.00338],[-73.66297,41.0027],[-73.67358,40.98992],[-73.67445,40.98904],[-73.67546,40.98826],[-73.67692,40.98745],[-73.67854,40.98684],[-73.67957,40.98658],[-73.68309,40.98593],[-73.68443,40.98551],[-73.68568,40.98496],[-73.68707,40.98409],[-73.70525,40.9719],[-73.7067,40.97108],[-73.70799,40.97057],[-73.70901,40.97029],[-73.716,40.96884],[-73.71735,40.96845],[-73.71893,40.96777],[-73.72292,40.96541],[-73.72442,40.96422],[-73.76122,40.93209],[-73.76349,40.93032],[-73.77482,40.92222],[-73.77608,40.92124],[-73.77675,40.92059],[-73.77753,40.91967],[-73.78506,40.90997],[-73.78593,40.90909],[-73.78699,40.90835],[-73.78855,40.90766],[-73.78992,40.90731],[-73.79314,40.90696],[-73.79459,40.90697],[-73.79566,40.9071],[-73.79706,40.90739],[-73.81826,40.91205],[-73.81969,40.91218],[-73.8215,40.91215],[-73.82258,40.91203],[-73.8254,40.91155],[-73.8272,40.91147],[-73.82864,40.91158],[-73.83255,40.91216],[-73.83435,40.91228],[-73.83579,40.91219],[-73.8372,40.91192],[-73.8382,40.91161],[-73.83981,40.91098],[-73.84116,40.9106],[-73.84613,40.90983],[-73.84753,40.90954],[-73.84886,40.90913],[-73.85014,40.90861],[-73.85105,40.90816],[-73.85219,40.90748],[-73.85298,40.90692],[-73.8537,40.9063],[-73.85669,40.90287],[-73.85928,40.90022],[-73.86109,40.89785],[-73.86088,40.89808],[-73.86462,40.89244],[-73.86564,40.89068],[-73.86613,40.88965],[-73.87199,40.87608],[-73.87293,40.8746],[-73.87543,40.87125],[-73.87606,40.87059],[-73.87682,40.87],[-73.88824,40.86372],[-73.88901,40.86314],[-73.88947,40.86271],[-73.89062,40.86132],[-73.89429,40.85627],[-73.8951,40.85505],[-73.90833,40.83157],[-73.90893,40.83057],[-73.90966,40.82962],[-73.91055,40.82876],[-73.91212,40.82763],[-73.92043,40.82233],[-73.92204,40.82124],[-73.92304,40.82044],[-73.92352,40.82027],[-73.92386,40.82004],[-73.92435,40.81989],[-73.92477,40.81985],[-73.92535,40.81993],[-73.92574,40.82008],[-73.92632,40.82054],[-73.93015,40.82573]]}},{"type":"Feature","properties":{"agency":"MNR","color":"#EE0034","description":"New Canaan","route":"4","routeId":"4","shapeId":"19"},"geometry":{"type":"LineString","coordinates":[[-73.97738,40.75315],[-73.97074,40.76165],[-73.93533,40.81014],[-73.93458,40.81073],[-73.93041,40.81238],[-73.92982,40.81269],[-73.92929,40.81306],[-73.92883,40.81348],[-73.92846,40.81395],[-73.92596,40.81761],[-73.92564,40.81781],[-73.92442,40.81917],[-73.92304,40.82044],[-73.92125,40.82179],[-73.91158,40.82799],[-73.91055,40.82876],[-73.90987,40.8294],[-73.90927,40.83009],[-73.90833,40.83157],[-73.8951,40.85505],[-73.89429,40.85627],[-73.89008,40.86203],[-73.88901,40.86314],[-73.88796,40.8639],[-73.87682,40.87],[-73.87606,40.87059],[-73.87543,40.87125],[-73.87293,40.8746],[-73.87199,40.87608],[-73.86613,40.88965],[-73.86564,40.89068],[-73.86462,40.89244],[-73.86088,40.89808],[-73.86109,40.89785],[-73.85947,40.89999],[-73.85844,40.90112],[-73.85669,40.90287],[-73.8537,40.9063],[-73.85246,40.9073],[-73.85134,40.908],[-73.85014,40.90861],[-73.84886,40.90913],[-73.84786,40.90945],[-73.84648,40.90977],[-73.84116,40.9106],[-73.84014,40.91087],[-73.8382,40.91161],[-73.8372,40.91192],[-73.83579,40.91219],[-73.83435,40.91228],[-73.83255,40.91216],[-73.82864,40.91158],[-73.8272,40.91147],[-73.8254,40.91155],[-73.82258,40.91203],[-73.8215,40.91215],[-73.81969,40.91218],[-73.81826,40.91205],[-73.79706,40.90739],[-73.79566,40.9071],[-73.79459,40.90697],[-73.79314,40.90696],[-73.79028,40.90725],[-73.78889,40.90755],[-73.7876,40.90805],[-73.78644,40.9087],[-73.78569,40.9093],[-73.78526,40.90974],[-73.77753,40.91967],[-73.77675,40.92059],[-73.77608,40.92124],[-73.77482,40.92222],[-73.76349,40.93032],[-73.76122,40.93209],[-73.72442,40.96422],[-73.72292,40.96541],[-73.71893,40.96777],[-73.71735,40.96845],[-73.716,40.96884],[-73.70901,40.97029],[-73.70799,40.97057],[-73.7067,40.97108],[-73.70525,40.9719],[-73.68707,40.98409],[-73.68568,40.98496],[-73.68443,40.98551],[-73.68309,40.98593],[-73.67957,40.98658],[-73.67854,40.98684],[-73.67692,40.98745],[-73.67546,40.98826],[-73.67445,40.98904],[-73.67358,40.98992],[-73.66297,41.0027],[-73.66236,41.00338],[-73.66188,41.0038],[-73.66077,41.00449],[-73.65948,41.00499],[-73.65843,41.00522],[-73.65485,41.00562],[-73.65314,41.00605],[-73.64888,41.00758],[-73.64736,41.00833],[-73.64629,41.00907],[-73.64556,41.00968],[-73.63561,41.01841],[-73.63486,41.019],[-73.63402,41.01953],[-73.63216,41.02037],[-73.6308,41.02075],[-73.62902,41.02103],[-73.6236,41.02135],[-73.62253,41.02148],[-73.62148,41.02169],[-73.61742,41.02287],[-73.61579,41.02348],[-73.60386,41.02869],[-73.60256,41.02917],[-73.60153,41.02944],[-73.59241,41.03127],[-73.591,41.03148],[-73.58955,41.03156],[-73.57578,41.03189],[-73.57326,41.03209],[-73.57184,41.03232],[-73.5701,41.0327],[-73.56007,41.03508],[-73.55836,41.03556],[-73.55708,41.03605],[-73.55585,41.03664],[-73.55445,41.03751],[-73.55369,41.0381],[-73.55236,41.0394],[-73.54955,41.04293],[-73.54863,41.04378],[-73.54757,41.04452],[-73.54638,41.04515],[-73.54575,41.04541],[-73.5318,41.05069],[-73.53087,41.05111],[-73.52943,41.05196],[-73.52469,41.05535],[-73.524,41.05598],[-73.52341,41.05667],[-73.52306,41.05716],[-73.52251,41.05817],[-73.52222,41.05897],[-73.52068,41.06433],[-73.51981,41.06794],[-73.5197,41.06875],[-73.51971,41.0693],[-73.52116,41.07608],[-73.52122,41.07662],[-73.52119,41.07772],[-73.52086,41.07907],[-73.51899,41.08409],[-73.51752,41.08974],[-73.51731,41.09027],[-73.51702,41.09077],[-73.51642,41.09146],[-73.51564,41.09203],[-73.51395,41.09306],[-73.51306,41.09393],[-73.51263,41.09468],[-73.51109,41.09806],[-73.51047,41.09905],[-73.5095,41.10021],[-73.50883,41.10086],[-73.50756,41.10184],[-73.50278,41.10478],[-73.50174,41.10555],[-73.49867,41.10862],[-73.49817,41.10934],[-73.49783,41.11013],[-73.49765,41.11094],[-73.49763,41.11149],[-73.49797,41.11642],[-73.49792,41.11752],[-73.49774,41.11916],[-73.49773,41.11998],[-73.4979,41.12107],[-73.49852,41.1235],[-73.49867,41.12431],[-73.4987,41.12815],[-73.49915,41.13033],[-73.49926,41.13169],[-73.4987,41.13523],[-73.4976,41.13785],[-73.49741,41.13866],[-73.4974,41.13921],[-73.49748,41.13976],[-73.49766,41.14029],[-73.49794,41.14079],[-73.49884,41.14198],[-73.49896,41.14224],[-73.49908,41.14278],[-73.49902,41.14333],[-73.4986,41.14408],[-73.49787,41.1447],[-73.49656,41.14564]]}},{"type":"Feature","properties":{"agency":"MNR","color":"#EE0034","description":"New Canaan","route":"4","routeId":"4","shapeId":"8"},"geometry":{"type":"LineString","coordinates":[[-73.49656,41.14564],[-73.49787,41.1447],[-73.4986,41.14408],[-73.49902,41.14333],[-73.49908,41.14278],[-73.49896,41.14224],[-73.49884,41.14198],[-73.49794,41.14079],[-73.49766,41.14029],[-73.49748,41.13976],[-73.4974,41.13921],[-73.49741,41.13866],[-73.4976,41.13785],[-73.4987,41.13523],[-73.49926,41.13169],[-73.49915,41.13033],[-73.4987,41.12815],[-73.49867,41.12431],[-73.49852,41.1235],[-73.4979,41.12107],[-73.49773,41.11998],[-73.49774,41.11916],[-73.49792,41.11752],[-73.49797,41.11642],[-73.49763,41.11149],[-73.49765,41.11094],[-73.49783,41.11013],[-73.49817,41.10934],[-73.49867,41.10862],[-73.50174,41.10555],[-73.50278,41.10478],[-73.50756,41.10184],[-73.50883,41.10086],[-73.5095,41.10021],[-73.51047,41.09905],[-73.51109,41.09806],[-73.51263,41.09468],[-73.51306,41.09393],[-73.51395,41.09306],[-73.51564,41.09203],[-73.51642,41.09146],[-73.51702,41.09077],[-73.51731,41.09027],[-73.51752,41.08974],[-73.51899,41.08409],[-73.52086,41.07907],[-73.52119,41.07772],[-73.52122,41.07662],[-73.52116,41.07608],[-73.51971,41.0693],[-73.5197,41.06875],[-73.51981,41.06794],[-73.52068,41.06433],[-73.52222,41.05897],[-73.52251,41.05817],[-73.52291,41.05741],[-73.52341,41.05667],[-73.524,41.05598],[-73.52469,41.05535],[-73.52943,41.05196],[-73.53087,41.05111],[-73.5318,41.05069],[-73.54575,41.04541],[-73.54638,41.04515],[-73.54757,41.04452],[-73.54863,41.04378],[-73.54955,41.04293],[-73.55236,41.0394],[-73.55369,41.0381],[-73.55445,41.03751],[-73.55585,41.03664],[-73.55708,41.03605],[-73.55836,41.03556],[-73.56007,41.03508],[-73.5701,41.0327],[-73.57184,41.03232],[-73.57326,41.03209],[-73.57578,41.03189],[-73.58955,41.03156],[-73.591,41.03148],[-73.59241,41.03127],[-73.60153,41.02944],[-73.60256,41.02917],[-73.60386,41.02869],[-73.61579,41.02348],[-73.61742,41.02287],[-73.62148,41.02169],[-73.62253,41.02148],[-73.6236,41.02135],[-73.62902,41.02103],[-73.6308,41.02075],[-73.63216,41.02037],[-73.63402,41.01953],[-73.63486,41.019],[-73.63561,41.01841],[-73.64556,41.00968],[-73.64629,41.00907],[-73.64736,41.00833],[-73.64888,41.00758],[-73.65314,41.00605],[-73.65485,41.00562],[-73.65843,41.00522],[-73.65948,41.00499],[-73.66077,41.00449],[-73.66188,41.0038],[-73.66236,41.00338],[-73.66297,41.0027],[-73.67358,40.98992],[-73.67445,40.98904],[-73.67546,40.98826],[-73.67692,40.98745],[-73.67854,40.98684],[-73.67957,40.98658],[-73.68309,40.98593],[-73.68443,40.98551],[-73.68568,40.98496],[-73.68707,40.98409],[-73.70525,40.9719],[-73.7067,40.97108],[-73.70799,40.97057],[-73.70901,40.97029],[-73.716,40.96884],[-73.71735,40.96845],[-73.71893,40.96777],[-73.72292,40.96541],[-73.72442,40.96422],[-73.76122,40.93209],[-73.76349,40.93032],[-73.77482,40.92222],[-73.77608,40.92124],[-73.77675,40.92059],[-73.77753,40.91967],[-73.78526,40.90974],[-73.78569,40.9093],[-73.78644,40.9087],[-73.7876,40.90805],[-73.78889,40.90755],[-73.79028,40.90725],[-73.79314,40.90696],[-73.79459,40.90697],[-73.79566,40.9071],[-73.79706,40.90739],[-73.81826,40.91205],[-73.81969,40.91218],[-73.8215,40.91215],[-73.82258,40.91203],[-73.8254,40.91155],[-73.8272,40.91147],[-73.82864,40.91158],[-73.83255,40.91216],[-73.83435,40.91228],[-73.83579,40.91219],[-73.8372,40.91192],[-73.8382,40.91161],[-73.83981,40.91098],[-73.84116,40.9106],[-73.84648,40.90977],[-73.84786,40.90945],[-73.84886,40.90913],[-73.85014,40.90861],[-73.85134,40.908],[-73.85246,40.9073],[-73.8537,40.9063],[-73.85669,40.90287],[-73.85844,40.90112],[-73.85947,40.89999],[-73.86109,40.89785],[-73.86088,40.89808],[-73.86462,40.89244],[-73.86564,40.89068],[-73.86613,40.88965],[-73.87199,40.87608],[-73.87293,40.8746],[-73.87543,40.87125],[-73.87606,40.87059],[-73.87682,40.87],[-73.88796,40.8639],[-73.88901,40.86314],[-73.89008,40.86203],[-73.89429,40.85627],[-73.8951,40.85505],[-73.90833,40.83157],[-73.90927,40.83009],[-73.90987,40.8294],[-73.91055,40.82876],[-73.91158,40.82799],[-73.92125,40.82179],[-73.92304,40.82044],[-73.92442,40.81917],[-73.92564,40.81781],[-73.92596,40.81761],[-73.92846,40.81395],[-73.92883,40.81348],[-73.92929,40.81306],[-73.92982,40.81269],[-73.93041,40.81238],[-73.93458,40.81073],[-73.93533,40.81014],[-73.97074,40.76165],[-73.97738,40.75315]]}},{"type":"Feature","properties":{"agency":"MNR","color":"#EE0034","description":"Danbury","route":"5","routeId":"5","shapeId":"10"},"geometry":{"type":"LineString","coordinates":[[-73.4484,41.39602],[-73.44697,41.3962],[-73.44491,41.39676],[-73.4442,41.39687],[-73.44274,41.39693],[-73.44166,41.39684],[-73.4399,41.39648],[-73.43824,41.39592],[-73.437,41.39534],[-73.43535,41.39426],[-73.4344,41.39342],[-73.43334,41.39231],[-73.41608,41.37394],[-73.4155,41.37324],[-73.41505,41.37249],[-73.41479,41.37169],[-73.41473,41.37114],[-73.41479,41.37032],[-73.41498,41.36951],[-73.41668,41.36502],[-73.41721,41.36314],[-73.41854,41.35636],[-73.41859,41.35499],[-73.41843,41.35115],[-73.41847,41.35032],[-73.41861,41.34978],[-73.41949,41.3474],[-73.42059,41.34365],[-73.42073,41.34283],[-73.42092,41.33982],[-73.4212,41.33875],[-73.42167,41.33771],[-73.42369,41.33448],[-73.42405,41.334],[-73.42475,41.33337],[-73.42731,41.33183],[-73.42811,41.33127],[-73.42892,41.33036],[-73.4304,41.32816],[-73.43098,41.32746],[-73.43144,41.32703],[-73.43252,41.32629],[-73.43793,41.32304],[-73.44072,41.32175],[-73.44126,41.32139],[-73.44174,41.32097],[-73.45036,41.30983],[-73.45068,41.30934],[-73.45092,41.30882],[-73.45109,41.30801],[-73.45108,41.30746],[-73.45085,41.30637],[-73.45002,41.30427],[-73.44991,41.30373],[-73.44991,41.30318],[-73.45016,41.30099],[-73.45018,41.30017],[-73.44992,41.29798],[-73.44976,41.29717],[-73.4494,41.29639],[-73.44903,41.29593],[-73.44749,41.29475],[-73.44687,41.29408],[-73.44631,41.29307],[-73.44557,41.29152],[-73.44527,41.29073],[-73.4452,41.29018],[-73.44522,41.28963],[-73.44594,41.28666],[-73.44603,41.28584],[-73.44542,41.2812],[-73.44474,41.27879],[-73.44475,41.27631],[-73.44459,41.27551],[-73.44415,41.27446],[-73.44283,41.2719],[-73.4404,41.26586],[-73.43986,41.26484],[-73.43951,41.26435],[-73.43704,41.26198],[-73.4362,41.26146],[-73.43236,41.25938],[-73.43151,41.25886],[-73.43082,41.25822],[-73.43032,41.25749],[-73.43004,41.2567],[-73.42996,41.25588],[-73.43041,41.2526],[-73.43079,41.25126],[-73.43122,41.25051],[-73.43227,41.24907],[-73.43281,41.24775],[-73.43295,41.24722],[-73.43307,41.24612],[-73.43302,41.24503],[-73.43287,41.24421],[-73.43262,41.24341],[-73.43089,41.23922],[-73.42995,41.23743],[-73.42764,41.2334],[-73.42716,41.23266],[-73.42638,41.23174],[-73.42501,41.23045],[-73.4244,41.22977],[-73.424,41.229],[-73.42381,41.2282],[-73.42382,41.22765],[-73.42392,41.2271],[-73.42474,41.22443],[-73.42499,41.22335],[-73.42517,41.22061],[-73.42539,41.21952],[-73.42856,41.21164],[-73.42883,41.21085],[-73.42899,41.21003],[-73.42951,41.20538],[-73.42966,41.20457],[-73.4299,41.20376],[-73.43029,41.203],[-73.43085,41.20229],[-73.43274,41.20062],[-73.43336,41.19994],[-73.43367,41.19945],[-73.43389,41.19864],[-73.43378,41.19783],[-73.43335,41.19707],[-73.43086,41.19471],[-73.43045,41.19426],[-73.43012,41.19377],[-73.42777,41.18771],[-73.42721,41.1867],[-73.4266,41.18602],[-73.42262,41.18246],[-73.4222,41.182],[-73.42187,41.18152],[-73.42159,41.18101],[-73.42139,41.18048],[-73.42038,41.17728],[-73.42017,41.17619],[-73.42017,41.16466],[-73.4203,41.16357],[-73.42049,41.16304],[-73.42089,41.16227],[-73.42438,41.15654],[-73.42464,41.15602],[-73.42484,41.1555],[-73.42496,41.15496],[-73.42523,41.15332],[-73.42554,41.15253],[-73.42607,41.15182],[-73.42693,41.15092],[-73.42738,41.15018],[-73.42754,41.14965],[-73.42766,41.14828],[-73.42801,41.14252],[-73.42794,41.1417],[-73.42719,41.13987],[-73.42684,41.13852],[-73.42608,41.13728],[-73.42583,41.13676],[-73.42439,41.13026],[-73.42377,41.12869],[-73.42303,41.12743],[-73.4211,41.12511],[-73.41724,41.12079],[-73.41598,41.1198],[-73.41297,41.11782],[-73.41066,41.1157],[-73.41039,41.11519],[-73.41035,41.11492],[-73.41036,41.11465],[-73.41052,41.11411],[-73.41081,41.11361],[-73.41139,41.11292],[-73.41171,41.11242],[-73.41226,41.11111],[-73.4127,41.11036],[-73.41502,41.10725],[-73.4169,41.10523],[-73.41756,41.10426],[-73.41788,41.10347],[-73.41804,41.10266],[-73.41805,41.10183],[-73.41787,41.10047],[-73.41803,41.09993],[-73.41839,41.09946],[-73.41975,41.09811],[-73.42667,41.09038],[-73.4273,41.08939],[-73.42982,41.08366],[-73.43023,41.0829],[-73.43074,41.08218],[-73.43158,41.08128],[-73.43285,41.0803],[-73.43401,41.07964],[-73.43562,41.07901],[-73.43771,41.07854],[-73.44804,41.07706],[-73.44984,41.07695],[-73.45129,41.07697],[-73.46506,41.07758],[-73.46758,41.07743],[-73.47442,41.07674],[-73.47656,41.07645],[-73.4776,41.07621],[-73.47894,41.07579],[-73.48021,41.07526],[-73.48111,41.07479],[-73.48771,41.0705],[-73.48887,41.06984],[-73.49048,41.06921],[-73.49222,41.06882],[-73.49366,41.0687],[-73.49547,41.06878],[-73.50909,41.07034],[-73.51054,41.07046],[-73.51163,41.07045],[-73.5127,41.07035],[-73.51445,41.06998],[-73.51576,41.06952],[-73.51698,41.06891],[-73.51753,41.06856],[-73.51877,41.06756],[-73.51974,41.0664],[-73.52005,41.06591],[-73.52052,41.06487],[-73.52222,41.05897],[-73.52251,41.05817],[-73.52291,41.05741],[-73.52341,41.05667],[-73.524,41.05598],[-73.52494,41.05515],[-73.52943,41.05196],[-73.53087,41.05111],[-73.5318,41.05069],[-73.54575,41.04541],[-73.54638,41.04515],[-73.54757,41.04452],[-73.54863,41.04378],[-73.54955,41.04293],[-73.55236,41.0394],[-73.55345,41.03831],[-73.55419,41.0377],[-73.55527,41.03697],[-73.55708,41.03605],[-73.55836,41.03556],[-73.56007,41.03508],[-73.57079,41.03254],[-73.57291,41.03214],[-73.57578,41.03189],[-73.58955,41.03156],[-73.591,41.03148],[-73.59241,41.03127],[-73.60153,41.02944],[-73.60256,41.02917],[-73.60386,41.02869],[-73.61579,41.02348],[-73.61775,41.02277],[-73.62148,41.02169],[-73.62253,41.02148],[-73.6236,41.02135],[-73.62902,41.02103],[-73.6301,41.02089],[-73.63114,41.02067],[-73.63216,41.02037],[-73.63373,41.01969],[-73.63486,41.019],[-73.63561,41.01841],[-73.64556,41.00968],[-73.64629,41.00907],[-73.64736,41.00833],[-73.64888,41.00758],[-73.65314,41.00605],[-73.65485,41.00562],[-73.65843,41.00522],[-73.65948,41.00499],[-73.66077,41.00449],[-73.66188,41.0038],[-73.66236,41.00338],[-73.66297,41.0027],[-73.67358,40.98992],[-73.67445,40.98904],[-73.67546,40.98826],[-73.67692,40.98745],[-73.67854,40.98684],[-73.67957,40.98658],[-73.68309,40.98593],[-73.68443,40.98551],[-73.68568,40.98496],[-73.68707,40.98409],[-73.70525,40.9719],[-73.7067,40.97108],[-73.70799,40.97057],[-73.70901,40.97029],[-73.716,40.96884],[-73.71735,40.96845],[-73.71893,40.96777],[-73.72292,40.96541],[-73.72442,40.96422],[-73.76122,40.93209],[-73.76349,40.93032],[-73.77482,40.92222],[-73.77608,40.92124],[-73.77675,40.92059],[-73.77753,40.91967],[-73.78526,40.90974],[-73.78593,40.90909],[-73.78671,40.90852],[-73.78822,40.90778],[-73.78922,40.90746],[-73.79063,40.9072],[-73.79314,40.90696],[-73.79459,40.90697],[-73.79566,40.9071],[-73.79706,40.90739],[-73.81826,40.91205],[-73.81969,40.91218],[-73.8215,40.91215],[-73.82258,40.91203],[-73.8254,40.91155],[-73.8272,40.91147],[-73.82864,40.91158],[-73.83255,40.91216],[-73.83399,40.91228],[-73.83579,40.91219],[-73.83685,40.912],[-73.8382,40.91161],[-73.84014,40.91087],[-73.84116,40.9106],[-73.84718,40.90963],[-73.8482,40.90935],[-73.84951,40.90888],[-73.85045,40.90846],[-73.85163,40.90783],[-73.85246,40.9073],[-73.85348,40.90652],[-73.85452,40.9054],[-73.85669,40.90287],[-73.85928,40.90022],[-73.86109,40.89785],[-73.86088,40.89808],[-73.86414,40.89318],[-73.86522,40.89144],[-73.86613,40.88965],[-73.87199,40.87608],[-73.87293,40.8746],[-73.87543,40.87125],[-73.87606,40.87059],[-73.87682,40.87],[-73.88796,40.8639],[-73.88901,40.86314],[-73.89008,40.86203],[-73.89429,40.85627],[-73.8951,40.85505],[-73.90833,40.83157],[-73.90927,40.83009],[-73.90987,40.8294],[-73.91055,40.82876],[-73.91158,40.82799],[-73.92125,40.82179],[-73.92304,40.82044],[-73.92442,40.81917],[-73.92564,40.81781],[-73.92596,40.81761],[-73.92846,40.81395],[-73.92883,40.81348],[-73.92929,40.81306],[-73.92982,40.81269],[-73.93041,40.81238],[-73.93458,40.81073],[-73.93533,40.81014],[-73.97074,40.76165],[-73.97738,40.75315]]}},{"type":"Feature","properties":{"agency":"MNR","color":"#EE0034","description":"Danbury","route":"5","routeId":"5","shapeId":"21"},"geometry":{"type":"LineString","coordinates":[[-73.97738,40.75315],[-73.97074,40.76165],[-73.93533,40.81014],[-73.93458,40.81073],[-73.93041,40.81238],[-73.92982,40.81269],[-73.92929,40.81306],[-73.92883,40.81348],[-73.92846,40.81395],[-73.92596,40.81761],[-73.92564,40.81781],[-73.92442,40.81917],[-73.92304,40.82044],[-73.92125,40.82179],[-73.91158,40.82799],[-73.91055,40.82876],[-73.90987,40.8294],[-73.90927,40.83009],[-73.90833,40.83157],[-73.8951,40.85505],[-73.89429,40.85627],[-73.89008,40.86203],[-73.88901,40.86314],[-73.88796,40.8639],[-73.87682,40.87],[-73.87606,40.87059],[-73.87543,40.87125],[-73.87293,40.8746],[-73.87199,40.87608],[-73.86613,40.88965],[-73.86522,40.89144],[-73.86414,40.89318],[-73.86088,40.89808],[-73.86109,40.89785],[-73.85928,40.90022],[-73.85669,40.90287],[-73.85452,40.9054],[-73.85348,40.90652],[-73.85246,40.9073],[-73.85163,40.90783],[-73.85045,40.90846],[-73.84951,40.90888],[-73.8482,40.90935],[-73.84718,40.90963],[-73.84116,40.9106],[-73.84014,40.91087],[-73.8382,40.91161],[-73.83685,40.912],[-73.83579,40.91219],[-73.83399,40.91228],[-73.83255,40.91216],[-73.82864,40.91158],[-73.8272,40.91147],[-73.8254,40.91155],[-73.82258,40.91203],[-73.8215,40.91215],[-73.81969,40.91218],[-73.81826,40.91205],[-73.79706,40.90739],[-73.79566,40.9071],[-73.79459,40.90697],[-73.79314,40.90696],[-73.79063,40.9072],[-73.78922,40.90746],[-73.78822,40.90778],[-73.78671,40.90852],[-73.78593,40.90909],[-73.78526,40.90974],[-73.77753,40.91967],[-73.77675,40.92059],[-73.77608,40.92124],[-73.77482,40.92222],[-73.76349,40.93032],[-73.76122,40.93209],[-73.72442,40.96422],[-73.72292,40.96541],[-73.71893,40.96777],[-73.71735,40.96845],[-73.716,40.96884],[-73.70901,40.97029],[-73.70799,40.97057],[-73.7067,40.97108],[-73.70525,40.9719],[-73.68707,40.98409],[-73.68568,40.98496],[-73.68443,40.98551],[-73.68309,40.98593],[-73.67957,40.98658],[-73.67854,40.98684],[-73.67692,40.98745],[-73.67546,40.98826],[-73.67445,40.98904],[-73.67358,40.98992],[-73.66297,41.0027],[-73.66236,41.00338],[-73.66188,41.0038],[-73.66077,41.00449],[-73.65948,41.00499],[-73.65843,41.00522],[-73.65485,41.00562],[-73.65314,41.00605],[-73.64888,41.00758],[-73.64736,41.00833],[-73.64629,41.00907],[-73.64556,41.00968],[-73.63561,41.01841],[-73.63486,41.019],[-73.63373,41.01969],[-73.63216,41.02037],[-73.63114,41.02067],[-73.6301,41.02089],[-73.62902,41.02103],[-73.6236,41.02135],[-73.62253,41.02148],[-73.62148,41.02169],[-73.61775,41.02277],[-73.61579,41.02348],[-73.60386,41.02869],[-73.60256,41.02917],[-73.60153,41.02944],[-73.59241,41.03127],[-73.591,41.03148],[-73.58955,41.03156],[-73.57578,41.03189],[-73.57291,41.03214],[-73.57079,41.03254],[-73.56007,41.03508],[-73.55836,41.03556],[-73.55708,41.03605],[-73.55527,41.03697],[-73.55419,41.0377],[-73.55345,41.03831],[-73.55236,41.0394],[-73.54955,41.04293],[-73.54863,41.04378],[-73.54757,41.04452],[-73.54638,41.04515],[-73.54575,41.04541],[-73.5318,41.05069],[-73.53087,41.05111],[-73.52943,41.05196],[-73.52494,41.05515],[-73.524,41.05598],[-73.52341,41.05667],[-73.52306,41.05716],[-73.52251,41.05817],[-73.52222,41.05897],[-73.52052,41.06487],[-73.52005,41.06591],[-73.51974,41.0664],[-73.51877,41.06756],[-73.51753,41.06856],[-73.51698,41.06891],[-73.51576,41.06952],[-73.51445,41.06998],[-73.5127,41.07035],[-73.51163,41.07045],[-73.51054,41.07046],[-73.50909,41.07034],[-73.49547,41.06878],[-73.49366,41.0687],[-73.49222,41.06882],[-73.49048,41.06921],[-73.48887,41.06984],[-73.48771,41.0705],[-73.48111,41.07479],[-73.48021,41.07526],[-73.47894,41.07579],[-73.4776,41.07621],[-73.47656,41.07645],[-73.47442,41.07674],[-73.46758,41.07743],[-73.46506,41.07758],[-73.45129,41.07697],[-73.44984,41.07695],[-73.44804,41.07706],[-73.43771,41.07854],[-73.43562,41.07901],[-73.43401,41.07964],[-73.43285,41.0803],[-73.43158,41.08128],[-73.43074,41.08218],[-73.43023,41.0829],[-73.42982,41.08366],[-73.4273,41.08939],[-73.42667,41.09038],[-73.41975,41.09811],[-73.41839,41.09946],[-73.41803,41.09993],[-73.41787,41.10047],[-73.41805,41.10183],[-73.41804,41.10266],[-73.41788,41.10347],[-73.41756,41.10426],[-73.4169,41.10523],[-73.41502,41.10725],[-73.4127,41.11036],[-73.41226,41.11111],[-73.41171,41.11242],[-73.41139,41.11292],[-73.41081,41.11361],[-73.41052,41.11411],[-73.41036,41.11465],[-73.41035,41.11492],[-73.41039,41.11519],[-73.41066,41.1157],[-73.41297,41.11782],[-73.41598,41.1198],[-73.41724,41.12079],[-73.4211,41.12511],[-73.42303,41.12743],[-73.42377,41.12869],[-73.42439,41.13026],[-73.42583,41.13676],[-73.42608,41.13728],[-73.42684,41.13852],[-73.42719,41.13987],[-73.42794,41.1417],[-73.42801,41.14252],[-73.42766,41.14828],[-73.42754,41.14965],[-73.42738,41.15018],[-73.42693,41.15092],[-73.42607,41.15182],[-73.42554,41.15253],[-73.42523,41.15332],[-73.42496,41.15496],[-73.42484,41.1555],[-73.42464,41.15602],[-73.42438,41.15654],[-73.42089,41.16227],[-73.42049,41.16304],[-73.4203,41.16357],[-73.42017,41.16466],[-73.42017,41.17619],[-73.42038,41.17728],[-73.42139,41.18048],[-73.42159,41.18101],[-73.42187,41.18152],[-73.4222,41.182],[-73.42262,41.18246],[-73.4266,41.18602],[-73.42721,41.1867],[-73.42777,41.18771],[-73.43012,41.19377],[-73.43045,41.19426],[-73.43086,41.19471],[-73.43335,41.19707],[-73.43378,41.19783],[-73.43389,41.19864],[-73.43367,41.19945],[-73.43336,41.19994],[-73.43274,41.20062],[-73.43085,41.20229],[-73.43029,41.203],[-73.4299,41.20376],[-73.42966,41.20457],[-73.42951,41.20538],[-73.42899,41.21003],[-73.42883,41.21085],[-73.42856,41.21164],[-73.42539,41.21952],[-73.42517,41.22061],[-73.42499,41.22335],[-73.42474,41.22443],[-73.42392,41.2271],[-73.42382,41.22765],[-73.42381,41.2282],[-73.424,41.229],[-73.4244,41.22977],[-73.42501,41.23045],[-73.42638,41.23174],[-73.42716,41.23266],[-73.42764,41.2334],[-73.42995,41.23743],[-73.43089,41.23922],[-73.43262,41.24341],[-73.43287,41.24421],[-73.43302,41.24503],[-73.43307,41.24612],[-73.43295,41.24722],[-73.43281,41.24775],[-73.43227,41.24907],[-73.43122,41.25051],[-73.43079,41.25126],[-73.43041,41.2526],[-73.42996,41.25588],[-73.43004,41.2567],[-73.43032,41.25749],[-73.43082,41.25822],[-73.43151,41.25886],[-73.43236,41.25938],[-73.4362,41.26146],[-73.43704,41.26198],[-73.43951,41.26435],[-73.43986,41.26484],[-73.4404,41.26586],[-73.44283,41.2719],[-73.44415,41.27446],[-73.44459,41.27551],[-73.44475,41.27631],[-73.44474,41.27879],[-73.44542,41.2812],[-73.44603,41.28584],[-73.44594,41.28666],[-73.44522,41.28963],[-73.4452,41.29018],[-73.44527,41.29073],[-73.44557,41.29152],[-73.44631,41.29307],[-73.44687,41.29408],[-73.44749,41.29475],[-73.44903,41.29593],[-73.4494,41.29639],[-73.44976,41.29717],[-73.44992,41.29798],[-73.45018,41.30017],[-73.45016,41.30099],[-73.44991,41.30318],[-73.44991,41.30373],[-73.45002,41.30427],[-73.45085,41.30637],[-73.45108,41.30746],[-73.45109,41.30801],[-73.45092,41.30882],[-73.45068,41.30934],[-73.45036,41.30983],[-73.44174,41.32097],[-73.44126,41.32139],[-73.44072,41.32175],[-73.43793,41.32304],[-73.43252,41.32629],[-73.43144,41.32703],[-73.43098,41.32746],[-73.4304,41.32816],[-73.42892,41.33036],[-73.42811,41.33127],[-73.42731,41.33183],[-73.42475,41.33337],[-73.42405,41.334],[-73.42369,41.33448],[-73.42167,41.33771],[-73.4212,41.33875],[-73.42092,41.33982],[-73.42073,41.34283],[-73.42059,41.34365],[-73.41949,41.3474],[-73.41861,41.34978],[-73.41847,41.35032],[-73.41843,41.35115],[-73.41859,41.35499],[-73.41854,41.35636],[-73.41721,41.36314],[-73.41668,41.36502],[-73.41498,41.36951],[-73.41479,41.37032],[-73.41473,41.37114],[-73.41479,41.37169],[-73.41505,41.37249],[-73.4155,41.37324],[-73.41608,41.37394],[-73.43334,41.39231],[-73.4344,41.39342],[-73.43535,41.39426],[-73.437,41.39534],[-73.43824,41.39592],[-73.4399,41.39648],[-73.44166,41.39684],[-73.44274,41.39693],[-73.4442,41.39687],[-73.44491,41.39676],[-73.44697,41.3962],[-73.4484,41.39602]]}},{"type":"Feature","properties":{"agency":"LIRR","color":"#60269E","description":"Belmont Park Branch via Penn Station","route":"Belmont","routeId":"BT","shapeId":"mta-gtfs-belmont-park-penn","source":"MTA LIRR GTFS and OpenStreetMap","sourceUrl":"https://www.openstreetmap.org/copyright"},"geometry":{"type":"LineString","coordinates":[[-73.992835623741,40.750644538857514],[-73.991162,40.749989],[-73.989791,40.749681],[-73.989142,40.749449],[-73.976479,40.744178],[-73.974499,40.743519],[-73.97311,40.743223],[-73.972398,40.743134],[-73.959549,40.741676],[-73.954539,40.741198],[-73.953097,40.741234],[-73.951666,40.74137],[-73.950263,40.741623],[-73.948906,40.741996],[-73.945627,40.74314],[-73.938651,40.746021],[-73.937339,40.746479],[-73.935295,40.747018],[-73.931806,40.74772],[-73.91427,40.750956],[-73.91284,40.751096],[-73.912119,40.751085],[-73.91071,40.750866],[-73.909384,40.750436],[-73.908128,40.749895],[-73.906952,40.74926],[-73.905869,40.748535],[-73.903005,40.746066],[-73.89618,40.739676],[-73.895166,40.738896],[-73.894611,40.738546],[-73.893412,40.737936],[-73.883303,40.733693],[-73.844297,40.719401],[-73.84238,40.718637],[-73.841162,40.718049],[-73.840002,40.717397],[-73.838905,40.716684],[-73.83739,40.715509],[-73.822016,40.701678],[-73.821055,40.700859],[-73.820025,40.700091],[-73.818895,40.69941],[-73.818286,40.699117],[-73.81699,40.69864],[-73.816301,40.698478],[-73.814871,40.698372],[-73.813452,40.698545],[-73.810687,40.699168],[-73.804366,40.700938],[-73.801013,40.701942],[-73.786417,40.705479],[-73.73157975172015,40.71866430571443],[-73.73112,40.718656],[-73.730721,40.718685],[-73.730357,40.718652],[-73.730048,40.718577],[-73.729703,40.718428],[-73.72947,40.718275],[-73.729286,40.718107],[-73.729078,40.717821],[-73.728926,40.71751],[-73.728847,40.717256],[-73.7285,40.713943],[-73.728366,40.713201],[-73.728181,40.712594]]}},{"type":"Feature","properties":{"agency":"LIRR","color":"#60269E","description":"Belmont Park Branch via Grand Central Madison","route":"Belmont","routeId":"BT","shapeId":"mta-gtfs-belmont-park-grand-central","source":"MTA LIRR GTFS and OpenStreetMap","sourceUrl":"https://www.openstreetmap.org/copyright"},"geometry":{"type":"LineString","coordinates":[[-73.97553339954662,40.755219166336076],[-73.974353,40.756838],[-73.973418,40.757989],[-73.971292,40.760961],[-73.970715,40.761474],[-73.969985,40.761859],[-73.966787,40.763049],[-73.965949,40.763273],[-73.965073,40.763388],[-73.964184,40.763389],[-73.963305,40.763283],[-73.962455,40.763085],[-73.961653,40.762792],[-73.948514,40.757086],[-73.941107,40.753334],[-73.936008,40.750612],[-73.932487,40.748622],[-73.931711,40.748293],[-73.930866,40.748084],[-73.929984,40.748004],[-73.929098,40.748057],[-73.924774,40.748855],[-73.91876,40.750087],[-73.916159,40.750546],[-73.914403,40.750762],[-73.913516,40.750808],[-73.911738,40.750762],[-73.910003,40.750473],[-73.909178,40.750219],[-73.907653,40.749525],[-73.906268,40.748676],[-73.905634,40.748201],[-73.902206,40.745088],[-73.903005,40.746066],[-73.89618,40.739676],[-73.895166,40.738896],[-73.894611,40.738546],[-73.893412,40.737936],[-73.883303,40.733693],[-73.844297,40.719401],[-73.84238,40.718637],[-73.841162,40.718049],[-73.840002,40.717397],[-73.838905,40.716684],[-73.83739,40.715509],[-73.822016,40.701678],[-73.821055,40.700859],[-73.820025,40.700091],[-73.818895,40.69941],[-73.818286,40.699117],[-73.81699,40.69864],[-73.816301,40.698478],[-73.814871,40.698372],[-73.813452,40.698545],[-73.810687,40.699168],[-73.804366,40.700938],[-73.801013,40.701942],[-73.786417,40.705479],[-73.73157975172015,40.71866430571443],[-73.73112,40.718656],[-73.730721,40.718685],[-73.730357,40.718652],[-73.730048,40.718577],[-73.729703,40.718428],[-73.72947,40.718275],[-73.729286,40.718107],[-73.729078,40.717821],[-73.728926,40.71751],[-73.728847,40.717256],[-73.7285,40.713943],[-73.728366,40.713201],[-73.728181,40.712594]]}},{"type":"Feature","properties":{"agency":"MNR","color":"#0039A6","description":"Harlem Line","route":"Harlem","routeId":"2","shapeId":"osm-1158719-5698401","source":"OpenStreetMap","sourceUrl":"https://www.openstreetmap.org/copyright"},"geometry":{"type":"LineString","coordinates":[[-73.929749,40.812735],[-73.930087,40.812539],[-73.930516,40.812329],[-73.931198,40.812067],[-73.931215,40.812061]]}},{"type":"Feature","properties":{"agency":"MNR","color":"#0039A6","description":"Harlem Line","route":"Harlem","routeId":"2","shapeId":"osm-1158719-5698404","source":"OpenStreetMap","sourceUrl":"https://www.openstreetmap.org/copyright"},"geometry":{"type":"LineString","coordinates":[[-73.852909,40.909903],[-73.853087,40.909689],[-73.853826,40.908743],[-73.854386,40.907927],[-73.85475,40.907379],[-73.855595,40.906108],[-73.855865,40.9057],[-73.856174,40.905236],[-73.857039,40.903938],[-73.857517,40.903233]]}},{"type":"Feature","properties":{"agency":"MNR","color":"#0039A6","description":"Harlem Line","route":"Harlem","routeId":"2","shapeId":"osm-1158719-9619250","source":"OpenStreetMap","sourceUrl":"https://www.openstreetmap.org/copyright"},"geometry":{"type":"LineString","coordinates":[[-73.783059,41.023994],[-73.783799,41.023282],[-73.784544,41.022607],[-73.785145,41.022059]]}},{"type":"Feature","properties":{"agency":"MNR","color":"#0039A6","description":"Harlem Line","route":"Harlem","routeId":"2","shapeId":"osm-1158719-11305356","source":"OpenStreetMap","sourceUrl":"https://www.openstreetmap.org/copyright"},"geometry":{"type":"LineString","coordinates":[[-73.949882,40.790256],[-73.949952,40.790164],[-73.952031,40.787307]]}},{"type":"Feature","properties":{"agency":"MNR","color":"#0039A6","description":"Harlem Line","route":"Harlem","routeId":"2","shapeId":"osm-1158719-23466070","source":"OpenStreetMap","sourceUrl":"https://www.openstreetmap.org/copyright"},"geometry":{"type":"LineString","coordinates":[[-73.661768,41.35369],[-73.660793,41.35479]]}},{"type":"Feature","properties":{"agency":"MNR","color":"#0039A6","description":"Harlem Line","route":"Harlem","routeId":"2","shapeId":"osm-1158719-23466420","source":"OpenStreetMap","sourceUrl":"https://www.openstreetmap.org/copyright"},"geometry":{"type":"LineString","coordinates":[[-73.785145,41.022059],[-73.78564,41.021574]]}},{"type":"Feature","properties":{"agency":"MNR","color":"#0039A6","description":"Harlem Line","route":"Harlem","routeId":"2","shapeId":"osm-1158719-23468996","source":"OpenStreetMap","sourceUrl":"https://www.openstreetmap.org/copyright"},"geometry":{"type":"LineString","coordinates":[[-73.79109,41.141086],[-73.791434,41.14057],[-73.791729,41.140053],[-73.791969,41.139588],[-73.792196,41.13906],[-73.792359,41.138608],[-73.792475,41.138223],[-73.792564,41.137842],[-73.79263,41.137474],[-73.792657,41.13728],[-73.792694,41.137017],[-73.79272,41.136694]]}},{"type":"Feature","properties":{"agency":"MNR","color":"#0039A6","description":"Harlem Line","route":"Harlem","routeId":"2","shapeId":"osm-1158719-23472311","source":"OpenStreetMap","sourceUrl":"https://www.openstreetmap.org/copyright"},"geometry":{"type":"LineString","coordinates":[[-73.849971,40.913419],[-73.850617,40.912646],[-73.851279,40.911858]]}},{"type":"Feature","properties":{"agency":"MNR","color":"#0039A6","description":"Harlem Line","route":"Harlem","routeId":"2","shapeId":"osm-1158719-23523503","source":"OpenStreetMap","sourceUrl":"https://www.openstreetmap.org/copyright"},"geometry":{"type":"LineString","coordinates":[[-73.770801,41.069202],[-73.770811,41.06908],[-73.770839,41.068821],[-73.770872,41.068578],[-73.770925,41.068352],[-73.77099,41.068137],[-73.771113,41.06781],[-73.771222,41.067543],[-73.771337,41.067292],[-73.771523,41.066904],[-73.771779,41.066387],[-73.772073,41.065792],[-73.772315,41.065295],[-73.772535,41.064845],[-73.772722,41.064481],[-73.772894,41.064056],[-73.772965,41.063793],[-73.773039,41.063514],[-73.773095,41.063182],[-73.773124,41.062847],[-73.773122,41.06263],[-73.773108,41.062373],[-73.773078,41.062128],[-73.773022,41.061841],[-73.772931,41.061513],[-73.772716,41.060955],[-73.772554,41.060574],[-73.772526,41.060508],[-73.772467,41.060385],[-73.772204,41.059767],[-73.772018,41.059327],[-73.771907,41.059039],[-73.771806,41.058743],[-73.771709,41.058394],[-73.771641,41.058084],[-73.771567,41.057619],[-73.771547,41.057373],[-73.771538,41.056869],[-73.771562,41.056171],[-73.771668,41.054421],[-73.771697,41.054207]]}},{"type":"Feature","properties":{"agency":"MNR","color":"#0039A6","description":"Harlem Line","route":"Harlem","routeId":"2","shapeId":"osm-1158719-23523510","source":"OpenStreetMap","sourceUrl":"https://www.openstreetmap.org/copyright"},"geometry":{"type":"LineString","coordinates":[[-73.786755,41.1456],[-73.786965,41.145384],[-73.787394,41.144952],[-73.788682,41.1437],[-73.789524,41.142847],[-73.790332,41.142047],[-73.790795,41.141505],[-73.79109,41.141086]]}},{"type":"Feature","properties":{"agency":"MNR","color":"#0039A6","description":"Harlem Line","route":"Harlem","routeId":"2","shapeId":"osm-1158719-23523535","source":"OpenStreetMap","sourceUrl":"https://www.openstreetmap.org/copyright"},"geometry":{"type":"LineString","coordinates":[[-73.806526,40.994727],[-73.807552,40.992843],[-73.807733,40.992486],[-73.807879,40.992142],[-73.807982,40.991863],[-73.808013,40.99176],[-73.808058,40.991565],[-73.808143,40.991219],[-73.808582,40.98918],[-73.808652,40.988841],[-73.808708,40.988586]]}},{"type":"Feature","properties":{"agency":"MNR","color":"#0039A6","description":"Harlem Line","route":"Harlem","routeId":"2","shapeId":"osm-1158719-23527011","source":"OpenStreetMap","sourceUrl":"https://www.openstreetmap.org/copyright"},"geometry":{"type":"LineString","coordinates":[[-73.837441,40.930977],[-73.837645,40.930633],[-73.837752,40.930453],[-73.837864,40.930276],[-73.838386,40.929439],[-73.839363,40.927874],[-73.839926,40.926971],[-73.841463,40.924501],[-73.84252,40.922802],[-73.843299,40.921566],[-73.843774,40.920867],[-73.844703,40.919697],[-73.846159,40.917958],[-73.846741,40.917264]]}},{"type":"Feature","properties":{"agency":"MNR","color":"#0039A6","description":"Harlem Line","route":"Harlem","routeId":"2","shapeId":"osm-1158719-23538578","source":"OpenStreetMap","sourceUrl":"https://www.openstreetmap.org/copyright"},"geometry":{"type":"LineString","coordinates":[[-73.851279,40.911858],[-73.85132,40.911809],[-73.851677,40.911383],[-73.85217,40.910795],[-73.852812,40.910029],[-73.852909,40.909903]]}},{"type":"Feature","properties":{"agency":"MNR","color":"#0039A6","description":"Harlem Line","route":"Harlem","routeId":"2","shapeId":"osm-1158719-23538595","source":"OpenStreetMap","sourceUrl":"https://www.openstreetmap.org/copyright"},"geometry":{"type":"LineString","coordinates":[[-73.84873,40.914896],[-73.848935,40.914648]]}},{"type":"Feature","properties":{"agency":"MNR","color":"#0039A6","description":"Harlem Line","route":"Harlem","routeId":"2","shapeId":"osm-1158719-24185062","source":"OpenStreetMap","sourceUrl":"https://www.openstreetmap.org/copyright"},"geometry":{"type":"LineString","coordinates":[[-73.57536,41.746266],[-73.575493,41.745656],[-73.575611,41.745128],[-73.575791,41.744339],[-73.576043,41.74318],[-73.576124,41.742806],[-73.576236,41.74228],[-73.57627,41.742126],[-73.576518,41.741002],[-73.576883,41.739355],[-73.577005,41.7388],[-73.577188,41.73796],[-73.577376,41.737189],[-73.57748,41.736795],[-73.577719,41.736014]]}},{"type":"Feature","properties":{"agency":"MNR","color":"#0039A6","description":"Harlem Line","route":"Harlem","routeId":"2","shapeId":"osm-1158719-24185073","source":"OpenStreetMap","sourceUrl":"https://www.openstreetmap.org/copyright"},"geometry":{"type":"LineString","coordinates":[[-73.556424,41.798389],[-73.554988,41.797029],[-73.554009,41.79611],[-73.553884,41.795988],[-73.553761,41.79586],[-73.55362,41.795708],[-73.55349,41.79556],[-73.553355,41.795398],[-73.55324,41.795254],[-73.553113,41.795081],[-73.553005,41.794928],[-73.552897,41.794765],[-73.552794,41.794596],[-73.552708,41.794444],[-73.552624,41.794281],[-73.552541,41.794101]]}},{"type":"Feature","properties":{"agency":"MNR","color":"#0039A6","description":"Harlem Line","route":"Harlem","routeId":"2","shapeId":"osm-1158719-33117602","source":"OpenStreetMap","sourceUrl":"https://www.openstreetmap.org/copyright"},"geometry":{"type":"LineString","coordinates":[[-73.928539,40.813844],[-73.928608,40.81375],[-73.92875,40.813576],[-73.928908,40.813406],[-73.929154,40.813181],[-73.929459,40.812942]]}},{"type":"Feature","properties":{"agency":"MNR","color":"#0039A6","description":"Harlem Line","route":"Harlem","routeId":"2","shapeId":"osm-1158719-46626633","source":"OpenStreetMap","sourceUrl":"https://www.openstreetmap.org/copyright"},"geometry":{"type":"LineString","coordinates":[[-73.929459,40.812942],[-73.929749,40.812735]]}},{"type":"Feature","properties":{"agency":"MNR","color":"#0039A6","description":"Harlem Line","route":"Harlem","routeId":"2","shapeId":"osm-1158719-46693866","source":"OpenStreetMap","sourceUrl":"https://www.openstreetmap.org/copyright"},"geometry":{"type":"LineString","coordinates":[[-73.935606,40.809816],[-73.935692,40.809694],[-73.93611,40.809103],[-73.937673,40.806973],[-73.938218,40.806225],[-73.939705,40.80419],[-73.940326,40.803339]]}},{"type":"Feature","properties":{"agency":"MNR","color":"#0039A6","description":"Harlem Line","route":"Harlem","routeId":"2","shapeId":"osm-1158719-49590169","source":"OpenStreetMap","sourceUrl":"https://www.openstreetmap.org/copyright"},"geometry":{"type":"LineString","coordinates":[[-73.847754,40.916056],[-73.847844,40.915948],[-73.848069,40.915686]]}},{"type":"Feature","properties":{"agency":"MNR","color":"#0039A6","description":"Harlem Line","route":"Harlem","routeId":"2","shapeId":"osm-1158719-49590170","source":"OpenStreetMap","sourceUrl":"https://www.openstreetmap.org/copyright"},"geometry":{"type":"LineString","coordinates":[[-73.848607,40.915035],[-73.84873,40.914896]]}},{"type":"Feature","properties":{"agency":"MNR","color":"#0039A6","description":"Harlem Line","route":"Harlem","routeId":"2","shapeId":"osm-1158719-49590171","source":"OpenStreetMap","sourceUrl":"https://www.openstreetmap.org/copyright"},"geometry":{"type":"LineString","coordinates":[[-73.848935,40.914648],[-73.849378,40.914118],[-73.849819,40.9136]]}},{"type":"Feature","properties":{"agency":"MNR","color":"#0039A6","description":"Harlem Line","route":"Harlem","routeId":"2","shapeId":"osm-1158719-49590172","source":"OpenStreetMap","sourceUrl":"https://www.openstreetmap.org/copyright"},"geometry":{"type":"LineString","coordinates":[[-73.849819,40.9136],[-73.849971,40.913419]]}},{"type":"Feature","properties":{"agency":"MNR","color":"#0039A6","description":"Harlem Line","route":"Harlem","routeId":"2","shapeId":"osm-1158719-50249632","source":"OpenStreetMap","sourceUrl":"https://www.openstreetmap.org/copyright"},"geometry":{"type":"LineString","coordinates":[[-73.684822,41.245103],[-73.685336,41.244604],[-73.685618,41.244333],[-73.685935,41.244053],[-73.686275,41.243783],[-73.686609,41.243545],[-73.686955,41.243318],[-73.68819,41.24254],[-73.688587,41.2423],[-73.688995,41.242062],[-73.689418,41.241828],[-73.68987,41.241592],[-73.690361,41.241353],[-73.690879,41.241114],[-73.691382,41.2409],[-73.69188,41.240696],[-73.698123,41.238284],[-73.698522,41.238119],[-73.698914,41.237949],[-73.699264,41.237775]]}},{"type":"Feature","properties":{"agency":"MNR","color":"#0039A6","description":"Harlem Line","route":"Harlem","routeId":"2","shapeId":"osm-1158719-50249640","source":"OpenStreetMap","sourceUrl":"https://www.openstreetmap.org/copyright"},"geometry":{"type":"LineString","coordinates":[[-73.683515,41.246764],[-73.683814,41.246296]]}},{"type":"Feature","properties":{"agency":"MNR","color":"#0039A6","description":"Harlem Line","route":"Harlem","routeId":"2","shapeId":"osm-1158719-50249641","source":"OpenStreetMap","sourceUrl":"https://www.openstreetmap.org/copyright"},"geometry":{"type":"LineString","coordinates":[[-73.683814,41.246296],[-73.683939,41.246104],[-73.684075,41.245915],[-73.684238,41.245712],[-73.684443,41.245487],[-73.684606,41.245319],[-73.684647,41.245277]]}},{"type":"Feature","properties":{"agency":"MNR","color":"#0039A6","description":"Harlem Line","route":"Harlem","routeId":"2","shapeId":"osm-1158719-50249642","source":"OpenStreetMap","sourceUrl":"https://www.openstreetmap.org/copyright"},"geometry":{"type":"LineString","coordinates":[[-73.684647,41.245277],[-73.684822,41.245103]]}},{"type":"Feature","properties":{"agency":"MNR","color":"#0039A6","description":"Harlem Line","route":"Harlem","routeId":"2","shapeId":"osm-1158719-55451325","source":"OpenStreetMap","sourceUrl":"https://www.openstreetmap.org/copyright"},"geometry":{"type":"LineString","coordinates":[[-73.661912,41.347168],[-73.660678,41.343371],[-73.660606,41.343164],[-73.660525,41.342947],[-73.660446,41.342741],[-73.660358,41.342545],[-73.660264,41.342346],[-73.660155,41.342128],[-73.660048,41.341927],[-73.659928,41.34172],[-73.659802,41.341514],[-73.658665,41.339712],[-73.658533,41.339493],[-73.658411,41.339279],[-73.658298,41.339053],[-73.658196,41.338837],[-73.658115,41.338631],[-73.658043,41.338388],[-73.657978,41.338115],[-73.65792,41.337788],[-73.657891,41.337488],[-73.657888,41.33719],[-73.657906,41.336917],[-73.657935,41.336646],[-73.657982,41.33639],[-73.658053,41.336136],[-73.658159,41.335842],[-73.658282,41.335557],[-73.658449,41.335238],[-73.658624,41.334951],[-73.65905,41.334272],[-73.659248,41.333939],[-73.659417,41.333631],[-73.659554,41.33334],[-73.659673,41.333039],[-73.659765,41.332722],[-73.659832,41.332412],[-73.65987,41.332102],[-73.659891,41.33181],[-73.659889,41.331504],[-73.659856,41.331172],[-73.659809,41.330862],[-73.659238,41.327368]]}},{"type":"Feature","properties":{"agency":"MNR","color":"#0039A6","description":"Harlem Line","route":"Harlem","routeId":"2","shapeId":"osm-1158719-55451639","source":"OpenStreetMap","sourceUrl":"https://www.openstreetmap.org/copyright"},"geometry":{"type":"LineString","coordinates":[[-73.684711,41.262234],[-73.684535,41.2616],[-73.684454,41.261223],[-73.684357,41.260841],[-73.684244,41.26038],[-73.684121,41.259935],[-73.683998,41.259463],[-73.68389,41.258997],[-73.683856,41.258891],[-73.683838,41.258838],[-73.683356,41.257223],[-73.682045,41.252393],[-73.68195,41.252022],[-73.681879,41.251676],[-73.681832,41.251328],[-73.681809,41.251],[-73.681809,41.25071],[-73.68183,41.250425],[-73.681865,41.250145],[-73.68191,41.249877],[-73.681974,41.249598],[-73.682055,41.249329],[-73.682147,41.249079],[-73.682255,41.248827],[-73.682371,41.248579],[-73.682508,41.248331],[-73.682653,41.248091],[-73.682808,41.247843],[-73.683515,41.246764]]}},{"type":"Feature","properties":{"agency":"MNR","color":"#0039A6","description":"Harlem Line","route":"Harlem","routeId":"2","shapeId":"osm-1158719-55451640","source":"OpenStreetMap","sourceUrl":"https://www.openstreetmap.org/copyright"},"geometry":{"type":"LineString","coordinates":[[-73.684805,41.262589],[-73.684711,41.262234]]}},{"type":"Feature","properties":{"agency":"MNR","color":"#0039A6","description":"Harlem Line","route":"Harlem","routeId":"2","shapeId":"osm-1158719-61563564","source":"OpenStreetMap","sourceUrl":"https://www.openstreetmap.org/copyright"},"geometry":{"type":"LineString","coordinates":[[-73.816912,40.967346],[-73.816657,40.967957],[-73.816265,40.968893]]}},{"type":"Feature","properties":{"agency":"MNR","color":"#0039A6","description":"Harlem Line","route":"Harlem","routeId":"2","shapeId":"osm-1158719-62050213","source":"OpenStreetMap","sourceUrl":"https://www.openstreetmap.org/copyright"},"geometry":{"type":"LineString","coordinates":[[-73.77741,41.028018],[-73.776903,41.028332],[-73.776498,41.028611],[-73.776272,41.028792],[-73.776044,41.028999],[-73.775728,41.029353],[-73.775582,41.029545],[-73.775347,41.029937],[-73.775211,41.030232],[-73.775073,41.030641],[-73.775021,41.030892],[-73.774978,41.031258],[-73.774978,41.031611]]}},{"type":"Feature","properties":{"agency":"MNR","color":"#0039A6","description":"Harlem Line","route":"Harlem","routeId":"2","shapeId":"osm-1158719-62050214","source":"OpenStreetMap","sourceUrl":"https://www.openstreetmap.org/copyright"},"geometry":{"type":"LineString","coordinates":[[-73.775028,41.03243],[-73.77505,41.032718]]}},{"type":"Feature","properties":{"agency":"MNR","color":"#0039A6","description":"Harlem Line","route":"Harlem","routeId":"2","shapeId":"osm-1158719-62050215","source":"OpenStreetMap","sourceUrl":"https://www.openstreetmap.org/copyright"},"geometry":{"type":"LineString","coordinates":[[-73.772366,41.060254],[-73.772413,41.060361],[-73.772473,41.060496],[-73.77248,41.060519],[-73.772509,41.060585],[-73.77267,41.060965],[-73.772885,41.061522],[-73.772975,41.061848],[-73.77303,41.062132],[-73.77306,41.062375],[-73.773074,41.062631],[-73.773076,41.062846],[-73.773048,41.063179],[-73.772992,41.063508],[-73.772916,41.063791],[-73.772848,41.064048],[-73.772677,41.064469],[-73.77249,41.064832],[-73.772277,41.06528],[-73.772028,41.065783],[-73.771736,41.066374],[-73.771481,41.066894],[-73.771293,41.06728],[-73.771173,41.067529],[-73.771067,41.067799],[-73.770944,41.068128],[-73.770879,41.068344],[-73.770824,41.068573],[-73.770792,41.068818],[-73.770768,41.069082],[-73.770758,41.069203]]}},{"type":"Feature","properties":{"agency":"MNR","color":"#0039A6","description":"Harlem Line","route":"Harlem","routeId":"2","shapeId":"osm-1158719-62050217","source":"OpenStreetMap","sourceUrl":"https://www.openstreetmap.org/copyright"},"geometry":{"type":"LineString","coordinates":[[-73.774994,41.031826],[-73.775028,41.03243]]}},{"type":"Feature","properties":{"agency":"MNR","color":"#0039A6","description":"Harlem Line","route":"Harlem","routeId":"2","shapeId":"osm-1158719-62050218","source":"OpenStreetMap","sourceUrl":"https://www.openstreetmap.org/copyright"},"geometry":{"type":"LineString","coordinates":[[-73.783037,41.023959],[-73.782925,41.024066]]}},{"type":"Feature","properties":{"agency":"MNR","color":"#0039A6","description":"Harlem Line","route":"Harlem","routeId":"2","shapeId":"osm-1158719-62050219","source":"OpenStreetMap","sourceUrl":"https://www.openstreetmap.org/copyright"},"geometry":{"type":"LineString","coordinates":[[-73.774978,41.031611],[-73.774994,41.031826]]}},{"type":"Feature","properties":{"agency":"MNR","color":"#0039A6","description":"Harlem Line","route":"Harlem","routeId":"2","shapeId":"osm-1158719-62050222","source":"OpenStreetMap","sourceUrl":"https://www.openstreetmap.org/copyright"},"geometry":{"type":"LineString","coordinates":[[-73.782944,41.024106],[-73.783059,41.023994]]}},{"type":"Feature","properties":{"agency":"MNR","color":"#0039A6","description":"Harlem Line","route":"Harlem","routeId":"2","shapeId":"osm-1158719-62050223","source":"OpenStreetMap","sourceUrl":"https://www.openstreetmap.org/copyright"},"geometry":{"type":"LineString","coordinates":[[-73.775151,41.031599],[-73.775183,41.031235],[-73.775266,41.030839],[-73.77541,41.030398],[-73.775604,41.029972],[-73.775829,41.029601],[-73.775993,41.029366],[-73.776329,41.02897],[-73.776627,41.028678],[-73.776979,41.028381],[-73.777463,41.028041]]}},{"type":"Feature","properties":{"agency":"MNR","color":"#0039A6","description":"Harlem Line","route":"Harlem","routeId":"2","shapeId":"osm-1158719-62103176","source":"OpenStreetMap","sourceUrl":"https://www.openstreetmap.org/copyright"},"geometry":{"type":"LineString","coordinates":[[-73.815583,40.970629],[-73.815902,40.969872],[-73.816295,40.968941]]}},{"type":"Feature","properties":{"agency":"MNR","color":"#0039A6","description":"Harlem Line","route":"Harlem","routeId":"2","shapeId":"osm-1158719-62103178","source":"OpenStreetMap","sourceUrl":"https://www.openstreetmap.org/copyright"},"geometry":{"type":"LineString","coordinates":[[-73.825748,40.953292],[-73.826167,40.952789],[-73.82669,40.952219],[-73.827284,40.951693],[-73.82789,40.951199],[-73.828135,40.951001],[-73.828182,40.950963],[-73.829064,40.950241],[-73.830816,40.948809],[-73.830982,40.948673],[-73.832258,40.947634],[-73.832832,40.947156],[-73.833309,40.946723],[-73.833731,40.946257],[-73.834064,40.945767],[-73.834245,40.945441],[-73.834384,40.945115],[-73.834449,40.944951],[-73.8345,40.944797],[-73.834648,40.944137],[-73.834742,40.943477],[-73.834827,40.942795],[-73.834909,40.942132],[-73.834935,40.941883],[-73.834983,40.941522],[-73.835011,40.941275],[-73.835175,40.939975],[-73.835282,40.939118],[-73.835667,40.936161]]}},{"type":"Feature","properties":{"agency":"MNR","color":"#0039A6","description":"Harlem Line","route":"Harlem","routeId":"2","shapeId":"osm-1158719-62103180","source":"OpenStreetMap","sourceUrl":"https://www.openstreetmap.org/copyright"},"geometry":{"type":"LineString","coordinates":[[-73.816251,40.968929],[-73.815857,40.969864],[-73.815544,40.970621],[-73.815065,40.971757],[-73.81388,40.974601],[-73.813477,40.975563],[-73.813229,40.976149],[-73.813081,40.976523],[-73.812679,40.977472],[-73.812497,40.977909],[-73.811801,40.979567]]}},{"type":"Feature","properties":{"agency":"MNR","color":"#0039A6","description":"Harlem Line","route":"Harlem","routeId":"2","shapeId":"osm-1158719-62103181","source":"OpenStreetMap","sourceUrl":"https://www.openstreetmap.org/copyright"},"geometry":{"type":"LineString","coordinates":[[-73.806368,40.995007],[-73.806526,40.994727]]}},{"type":"Feature","properties":{"agency":"MNR","color":"#0039A6","description":"Harlem Line","route":"Harlem","routeId":"2","shapeId":"osm-1158719-62103184","source":"OpenStreetMap","sourceUrl":"https://www.openstreetmap.org/copyright"},"geometry":{"type":"LineString","coordinates":[[-73.864905,40.891984],[-73.864462,40.892688],[-73.863756,40.893752],[-73.863401,40.894292]]}},{"type":"Feature","properties":{"agency":"MNR","color":"#0039A6","description":"Harlem Line","route":"Harlem","routeId":"2","shapeId":"osm-1158719-62103186","source":"OpenStreetMap","sourceUrl":"https://www.openstreetmap.org/copyright"},"geometry":{"type":"LineString","coordinates":[[-73.806326,40.994998],[-73.805765,40.995994],[-73.80527,40.99688],[-73.804673,40.997934],[-73.804164,40.998925],[-73.803643,40.999985],[-73.803382,41.00052],[-73.803089,41.001054],[-73.802819,41.001477],[-73.801491,41.003438],[-73.800877,41.004342],[-73.800663,41.004664],[-73.80007,41.005531],[-73.799493,41.006387],[-73.799292,41.006678],[-73.79856,41.00772],[-73.798274,41.008062],[-73.798079,41.008278],[-73.797879,41.008484],[-73.797682,41.008711],[-73.796798,41.009647],[-73.796237,41.010256],[-73.796138,41.010362],[-73.795389,41.011159],[-73.795331,41.01122],[-73.794805,41.01179],[-73.794145,41.012507],[-73.793576,41.013162],[-73.79253,41.014316],[-73.79164,41.015268],[-73.791188,41.015749]]}},{"type":"Feature","properties":{"agency":"MNR","color":"#0039A6","description":"Harlem Line","route":"Harlem","routeId":"2","shapeId":"osm-1158719-62103187","source":"OpenStreetMap","sourceUrl":"https://www.openstreetmap.org/copyright"},"geometry":{"type":"LineString","coordinates":[[-73.816265,40.968893],[-73.816251,40.968929]]}},{"type":"Feature","properties":{"agency":"MNR","color":"#0039A6","description":"Harlem Line","route":"Harlem","routeId":"2","shapeId":"osm-1158719-62103190","source":"OpenStreetMap","sourceUrl":"https://www.openstreetmap.org/copyright"},"geometry":{"type":"LineString","coordinates":[[-73.816295,40.968941],[-73.81631,40.968905]]}},{"type":"Feature","properties":{"agency":"MNR","color":"#0039A6","description":"Harlem Line","route":"Harlem","routeId":"2","shapeId":"osm-1158719-62103196","source":"OpenStreetMap","sourceUrl":"https://www.openstreetmap.org/copyright"},"geometry":{"type":"LineString","coordinates":[[-73.806471,40.994729],[-73.806326,40.994998]]}},{"type":"Feature","properties":{"agency":"MNR","color":"#0039A6","description":"Harlem Line","route":"Harlem","routeId":"2","shapeId":"osm-1158719-62151933","source":"OpenStreetMap","sourceUrl":"https://www.openstreetmap.org/copyright"},"geometry":{"type":"LineString","coordinates":[[-73.849939,40.913395],[-73.849788,40.913577]]}},{"type":"Feature","properties":{"agency":"MNR","color":"#0039A6","description":"Harlem Line","route":"Harlem","routeId":"2","shapeId":"osm-1158719-62151934","source":"OpenStreetMap","sourceUrl":"https://www.openstreetmap.org/copyright"},"geometry":{"type":"LineString","coordinates":[[-73.835584,40.935987],[-73.835561,40.936152]]}},{"type":"Feature","properties":{"agency":"MNR","color":"#0039A6","description":"Harlem Line","route":"Harlem","routeId":"2","shapeId":"osm-1158719-62151938","source":"OpenStreetMap","sourceUrl":"https://www.openstreetmap.org/copyright"},"geometry":{"type":"LineString","coordinates":[[-73.848676,40.915067],[-73.848796,40.914926]]}},{"type":"Feature","properties":{"agency":"MNR","color":"#0039A6","description":"Harlem Line","route":"Harlem","routeId":"2","shapeId":"osm-1158719-62151940","source":"OpenStreetMap","sourceUrl":"https://www.openstreetmap.org/copyright"},"geometry":{"type":"LineString","coordinates":[[-73.846006,40.918074],[-73.845541,40.918631],[-73.844663,40.919681],[-73.843733,40.920845],[-73.843249,40.921556],[-73.842478,40.922786],[-73.841502,40.924355],[-73.840983,40.925187],[-73.839321,40.927858],[-73.83913,40.928165],[-73.837826,40.930259],[-73.837711,40.930441],[-73.8376,40.930624],[-73.837384,40.930986]]}},{"type":"Feature","properties":{"agency":"MNR","color":"#0039A6","description":"Harlem Line","route":"Harlem","routeId":"2","shapeId":"osm-1158719-62151941","source":"OpenStreetMap","sourceUrl":"https://www.openstreetmap.org/copyright"},"geometry":{"type":"LineString","coordinates":[[-73.84972,40.913525],[-73.849372,40.91394],[-73.84907,40.914352]]}},{"type":"Feature","properties":{"agency":"MNR","color":"#0039A6","description":"Harlem Line","route":"Harlem","routeId":"2","shapeId":"osm-1158719-62151942","source":"OpenStreetMap","sourceUrl":"https://www.openstreetmap.org/copyright"},"geometry":{"type":"LineString","coordinates":[[-73.837537,40.930963],[-73.837596,40.930868],[-73.837731,40.930648],[-73.837949,40.930298],[-73.839422,40.927895],[-73.841123,40.925221],[-73.841544,40.924533],[-73.842567,40.922864]]}},{"type":"Feature","properties":{"agency":"MNR","color":"#0039A6","description":"Harlem Line","route":"Harlem","routeId":"2","shapeId":"osm-1158719-62151945","source":"OpenStreetMap","sourceUrl":"https://www.openstreetmap.org/copyright"},"geometry":{"type":"LineString","coordinates":[[-73.85004,40.913471],[-73.851245,40.912017],[-73.851755,40.911411],[-73.852243,40.910829],[-73.852892,40.910055],[-73.853169,40.909725],[-73.853661,40.909114],[-73.853916,40.908778],[-73.854484,40.907962],[-73.85484,40.907426],[-73.855699,40.906154],[-73.855976,40.905743],[-73.857144,40.903957],[-73.857615,40.903267],[-73.858119,40.902594],[-73.85869,40.901901],[-73.859737,40.900643],[-73.859959,40.900369],[-73.859997,40.900311],[-73.860063,40.900219],[-73.860233,40.89995]]}},{"type":"Feature","properties":{"agency":"MNR","color":"#0039A6","description":"Harlem Line","route":"Harlem","routeId":"2","shapeId":"osm-1158719-62151948","source":"OpenStreetMap","sourceUrl":"https://www.openstreetmap.org/copyright"},"geometry":{"type":"LineString","coordinates":[[-73.859688,40.899786],[-73.859572,40.899956],[-73.859456,40.900126],[-73.858873,40.900979],[-73.85829,40.901834],[-73.857872,40.902451],[-73.85691,40.903875],[-73.855724,40.905645],[-73.854912,40.906873],[-73.854262,40.907855],[-73.853693,40.908683],[-73.852959,40.909644],[-73.852686,40.909968],[-73.851544,40.911335],[-73.851223,40.911723],[-73.849975,40.91322],[-73.849871,40.913343]]}},{"type":"Feature","properties":{"agency":"MNR","color":"#0039A6","description":"Harlem Line","route":"Harlem","routeId":"2","shapeId":"osm-1158719-62151950","source":"OpenStreetMap","sourceUrl":"https://www.openstreetmap.org/copyright"},"geometry":{"type":"LineString","coordinates":[[-73.835667,40.936161],[-73.835691,40.935995]]}},{"type":"Feature","properties":{"agency":"MNR","color":"#0039A6","description":"Harlem Line","route":"Harlem","routeId":"2","shapeId":"osm-1158719-62151952","source":"OpenStreetMap","sourceUrl":"https://www.openstreetmap.org/copyright"},"geometry":{"type":"LineString","coordinates":[[-73.849889,40.913652],[-73.85004,40.913471]]}},{"type":"Feature","properties":{"agency":"MNR","color":"#0039A6","description":"Harlem Line","route":"Harlem","routeId":"2","shapeId":"osm-1158719-62151955","source":"OpenStreetMap","sourceUrl":"https://www.openstreetmap.org/copyright"},"geometry":{"type":"LineString","coordinates":[[-73.824792,40.95437],[-73.825146,40.953932],[-73.82556,40.953429],[-73.826105,40.952769],[-73.826644,40.952194],[-73.827229,40.951675],[-73.82815,40.95094],[-73.829033,40.950218],[-73.83094,40.948659],[-73.832225,40.947609],[-73.832798,40.947135],[-73.833274,40.946698],[-73.833681,40.946238],[-73.834019,40.94575],[-73.834192,40.945428],[-73.834333,40.945104],[-73.834398,40.944944],[-73.83445,40.944789],[-73.8346,40.944133],[-73.834696,40.943474],[-73.83478,40.942796],[-73.83486,40.942129],[-73.834887,40.941882],[-73.834899,40.941815],[-73.834908,40.941741],[-73.83492,40.941632],[-73.834936,40.941526],[-73.834941,40.941475],[-73.834965,40.94128],[-73.835236,40.939119],[-73.835606,40.936156]]}},{"type":"Feature","properties":{"agency":"MNR","color":"#0039A6","description":"Harlem Line","route":"Harlem","routeId":"2","shapeId":"osm-1158719-62151957","source":"OpenStreetMap","sourceUrl":"https://www.openstreetmap.org/copyright"},"geometry":{"type":"LineString","coordinates":[[-73.848691,40.914878],[-73.848575,40.91502]]}},{"type":"Feature","properties":{"agency":"MNR","color":"#0039A6","description":"Harlem Line","route":"Harlem","routeId":"2","shapeId":"osm-1158719-62151958","source":"OpenStreetMap","sourceUrl":"https://www.openstreetmap.org/copyright"},"geometry":{"type":"LineString","coordinates":[[-73.849788,40.913577],[-73.84934,40.914101],[-73.848691,40.914878]]}},{"type":"Feature","properties":{"agency":"MNR","color":"#0039A6","description":"Harlem Line","route":"Harlem","routeId":"2","shapeId":"osm-1158719-62151959","source":"OpenStreetMap","sourceUrl":"https://www.openstreetmap.org/copyright"},"geometry":{"type":"LineString","coordinates":[[-73.835606,40.936156],[-73.835628,40.93599]]}},{"type":"Feature","properties":{"agency":"MNR","color":"#0039A6","description":"Harlem Line","route":"Harlem","routeId":"2","shapeId":"osm-1158719-62151962","source":"OpenStreetMap","sourceUrl":"https://www.openstreetmap.org/copyright"},"geometry":{"type":"LineString","coordinates":[[-73.849871,40.913343],[-73.84972,40.913525]]}},{"type":"Feature","properties":{"agency":"MNR","color":"#0039A6","description":"Harlem Line","route":"Harlem","routeId":"2","shapeId":"osm-1158719-62151964","source":"OpenStreetMap","sourceUrl":"https://www.openstreetmap.org/copyright"},"geometry":{"type":"LineString","coordinates":[[-73.84906,40.91461],[-73.849449,40.914161],[-73.849889,40.913652]]}},{"type":"Feature","properties":{"agency":"MNR","color":"#0039A6","description":"Harlem Line","route":"Harlem","routeId":"2","shapeId":"osm-1158719-62151966","source":"OpenStreetMap","sourceUrl":"https://www.openstreetmap.org/copyright"},"geometry":{"type":"LineString","coordinates":[[-73.835561,40.936152],[-73.835188,40.939107],[-73.835094,40.939714],[-73.835022,40.940175],[-73.83488,40.941263],[-73.834859,40.941443],[-73.834849,40.941501],[-73.834845,40.941548],[-73.834837,40.941619],[-73.834818,40.941811],[-73.83481,40.941877],[-73.834781,40.942119],[-73.834702,40.942792],[-73.83469,40.9429],[-73.834637,40.943471],[-73.834552,40.944127],[-73.83439,40.944769],[-73.834339,40.94491],[-73.83427,40.94508],[-73.83412,40.945402],[-73.833938,40.945723],[-73.833595,40.94621],[-73.833195,40.946655],[-73.832719,40.947098],[-73.832148,40.947576],[-73.830863,40.948628],[-73.82897,40.950178],[-73.828527,40.95054],[-73.828071,40.950914],[-73.827168,40.951637],[-73.826588,40.952162],[-73.826054,40.952744],[-73.825508,40.953402],[-73.825088,40.953912],[-73.824993,40.954027]]}},{"type":"Feature","properties":{"agency":"MNR","color":"#0039A6","description":"Harlem Line","route":"Harlem","routeId":"2","shapeId":"osm-1158719-62178126","source":"OpenStreetMap","sourceUrl":"https://www.openstreetmap.org/copyright"},"geometry":{"type":"LineString","coordinates":[[-73.861698,40.897028],[-73.862211,40.896233],[-73.862728,40.895471],[-73.862809,40.895353]]}},{"type":"Feature","properties":{"agency":"MNR","color":"#0039A6","description":"Harlem Line","route":"Harlem","routeId":"2","shapeId":"osm-1158719-62178127","source":"OpenStreetMap","sourceUrl":"https://www.openstreetmap.org/copyright"},"geometry":{"type":"LineString","coordinates":[[-73.861328,40.897497],[-73.861434,40.89734]]}},{"type":"Feature","properties":{"agency":"MNR","color":"#0039A6","description":"Harlem Line","route":"Harlem","routeId":"2","shapeId":"osm-1158719-62178136","source":"OpenStreetMap","sourceUrl":"https://www.openstreetmap.org/copyright"},"geometry":{"type":"LineString","coordinates":[[-73.861468,40.897374],[-73.861698,40.897028]]}},{"type":"Feature","properties":{"agency":"MNR","color":"#0039A6","description":"Harlem Line","route":"Harlem","routeId":"2","shapeId":"osm-1158719-62178138","source":"OpenStreetMap","sourceUrl":"https://www.openstreetmap.org/copyright"},"geometry":{"type":"LineString","coordinates":[[-73.86218,40.896072],[-73.861815,40.896606]]}},{"type":"Feature","properties":{"agency":"MNR","color":"#0039A6","description":"Harlem Line","route":"Harlem","routeId":"2","shapeId":"osm-1158719-62178139","source":"OpenStreetMap","sourceUrl":"https://www.openstreetmap.org/copyright"},"geometry":{"type":"LineString","coordinates":[[-73.8614,40.897306],[-73.861117,40.897725]]}},{"type":"Feature","properties":{"agency":"MNR","color":"#0039A6","description":"Harlem Line","route":"Harlem","routeId":"2","shapeId":"osm-1158719-62178145","source":"OpenStreetMap","sourceUrl":"https://www.openstreetmap.org/copyright"},"geometry":{"type":"LineString","coordinates":[[-73.861634,40.89696],[-73.8614,40.897306]]}},{"type":"Feature","properties":{"agency":"MNR","color":"#0039A6","description":"Harlem Line","route":"Harlem","routeId":"2","shapeId":"osm-1158719-62178147","source":"OpenStreetMap","sourceUrl":"https://www.openstreetmap.org/copyright"},"geometry":{"type":"LineString","coordinates":[[-73.861604,40.896928],[-73.861369,40.897275]]}},{"type":"Feature","properties":{"agency":"MNR","color":"#0039A6","description":"Harlem Line","route":"Harlem","routeId":"2","shapeId":"osm-1158719-62178150","source":"OpenStreetMap","sourceUrl":"https://www.openstreetmap.org/copyright"},"geometry":{"type":"LineString","coordinates":[[-73.861369,40.897275],[-73.86127,40.897419]]}},{"type":"Feature","properties":{"agency":"MNR","color":"#0039A6","description":"Harlem Line","route":"Harlem","routeId":"2","shapeId":"osm-1158719-62178152","source":"OpenStreetMap","sourceUrl":"https://www.openstreetmap.org/copyright"},"geometry":{"type":"LineString","coordinates":[[-73.861434,40.89734],[-73.861666,40.896994]]}},{"type":"Feature","properties":{"agency":"MNR","color":"#0039A6","description":"Harlem Line","route":"Harlem","routeId":"2","shapeId":"osm-1158719-76979197","source":"OpenStreetMap","sourceUrl":"https://www.openstreetmap.org/copyright"},"geometry":{"type":"LineString","coordinates":[[-73.78257,41.124098],[-73.782609,41.124216],[-73.782649,41.124325]]}},{"type":"Feature","properties":{"agency":"MNR","color":"#0039A6","description":"Harlem Line","route":"Harlem","routeId":"2","shapeId":"osm-1158719-76982636","source":"OpenStreetMap","sourceUrl":"https://www.openstreetmap.org/copyright"},"geometry":{"type":"LineString","coordinates":[[-73.782649,41.124325],[-73.782704,41.124466],[-73.782767,41.124607],[-73.782824,41.124729],[-73.782877,41.124836],[-73.782943,41.124953],[-73.783001,41.125055],[-73.783068,41.125165],[-73.78312,41.125245],[-73.783172,41.12532],[-73.783226,41.125399],[-73.783286,41.125481],[-73.783338,41.125551],[-73.783398,41.125625],[-73.783468,41.12571],[-73.783531,41.125783],[-73.7836,41.125862],[-73.783666,41.125931],[-73.783734,41.126003],[-73.783833,41.126102],[-73.783921,41.126189],[-73.784018,41.126283],[-73.784122,41.126382],[-73.784274,41.126523],[-73.784321,41.126566],[-73.78458,41.126806]]}},{"type":"Feature","properties":{"agency":"MNR","color":"#0039A6","description":"Harlem Line","route":"Harlem","routeId":"2","shapeId":"osm-1158719-76984991","source":"OpenStreetMap","sourceUrl":"https://www.openstreetmap.org/copyright"},"geometry":{"type":"LineString","coordinates":[[-73.783186,41.081911],[-73.783595,41.082368],[-73.783815,41.082598],[-73.784038,41.082818],[-73.784261,41.083032],[-73.784794,41.083507],[-73.78561,41.0842],[-73.78704,41.085424],[-73.787342,41.085698],[-73.788031,41.086279],[-73.788885,41.087035],[-73.789134,41.087252],[-73.789466,41.087538],[-73.790021,41.088074],[-73.790493,41.088607],[-73.790749,41.088885],[-73.790984,41.089203],[-73.79114,41.089403],[-73.791476,41.089875],[-73.79198,41.090768],[-73.79226,41.091291],[-73.792651,41.092136],[-73.792785,41.092452],[-73.79302,41.093157],[-73.79315,41.093595],[-73.793529,41.09486],[-73.793836,41.095901],[-73.793895,41.096096],[-73.794561,41.098338],[-73.794848,41.099299],[-73.794941,41.099614],[-73.795062,41.100023],[-73.795396,41.101146],[-73.795576,41.101751],[-73.795924,41.102923],[-73.796075,41.103517],[-73.796145,41.103799],[-73.796256,41.104233],[-73.796285,41.104348],[-73.796321,41.104531],[-73.796355,41.104883],[-73.796428,41.105564],[-73.796444,41.106144],[-73.796445,41.106397],[-73.796433,41.106679],[-73.796419,41.107],[-73.796401,41.107158],[-73.796342,41.107586],[-73.796272,41.107999],[-73.79617,41.108468],[-73.795977,41.109248],[-73.795731,41.109944],[-73.79572,41.109975],[-73.795382,41.110784],[-73.795167,41.11118],[-73.794787,41.111775],[-73.794532,41.112078],[-73.794084,41.112553],[-73.793628,41.112946],[-73.793218,41.113282],[-73.792995,41.113426],[-73.792755,41.113582],[-73.792668,41.113637]]}},{"type":"Feature","properties":{"agency":"MNR","color":"#0039A6","description":"Harlem Line","route":"Harlem","routeId":"2","shapeId":"osm-1158719-76984994","source":"OpenStreetMap","sourceUrl":"https://www.openstreetmap.org/copyright"},"geometry":{"type":"LineString","coordinates":[[-73.770758,41.069203],[-73.770756,41.069397]]}},{"type":"Feature","properties":{"agency":"MNR","color":"#0039A6","description":"Harlem Line","route":"Harlem","routeId":"2","shapeId":"osm-1158719-76984995","source":"OpenStreetMap","sourceUrl":"https://www.openstreetmap.org/copyright"},"geometry":{"type":"LineString","coordinates":[[-73.770801,41.069395],[-73.770801,41.069202]]}},{"type":"Feature","properties":{"agency":"MNR","color":"#0039A6","description":"Harlem Line","route":"Harlem","routeId":"2","shapeId":"osm-1158719-78449295","source":"OpenStreetMap","sourceUrl":"https://www.openstreetmap.org/copyright"},"geometry":{"type":"LineString","coordinates":[[-73.927644,40.815092],[-73.927896,40.814738],[-73.928399,40.814037]]}},{"type":"Feature","properties":{"agency":"MNR","color":"#0039A6","description":"Harlem Line","route":"Harlem","routeId":"2","shapeId":"osm-1158719-84305575","source":"OpenStreetMap","sourceUrl":"https://www.openstreetmap.org/copyright"},"geometry":{"type":"LineString","coordinates":[[-73.8636,40.894078],[-73.863742,40.893861]]}},{"type":"Feature","properties":{"agency":"MNR","color":"#0039A6","description":"Harlem Line","route":"Harlem","routeId":"2","shapeId":"osm-1158719-84454303","source":"OpenStreetMap","sourceUrl":"https://www.openstreetmap.org/copyright"},"geometry":{"type":"LineString","coordinates":[[-73.931288,40.812032],[-73.932866,40.811419]]}},{"type":"Feature","properties":{"agency":"MNR","color":"#0039A6","description":"Harlem Line","route":"Harlem","routeId":"2","shapeId":"osm-1158719-84454307","source":"OpenStreetMap","sourceUrl":"https://www.openstreetmap.org/copyright"},"geometry":{"type":"LineString","coordinates":[[-73.933987,40.810983],[-73.934245,40.810879],[-73.934499,40.81077],[-73.934737,40.810629],[-73.93493,40.810503],[-73.93515,40.810331],[-73.935338,40.81015],[-73.935606,40.809816]]}},{"type":"Feature","properties":{"agency":"MNR","color":"#0039A6","description":"Harlem Line","route":"Harlem","routeId":"2","shapeId":"osm-1158719-84454309","source":"OpenStreetMap","sourceUrl":"https://www.openstreetmap.org/copyright"},"geometry":{"type":"LineString","coordinates":[[-73.932866,40.811419],[-73.933987,40.810983]]}},{"type":"Feature","properties":{"agency":"MNR","color":"#0039A6","description":"Harlem Line","route":"Harlem","routeId":"2","shapeId":"osm-1158719-95048713","source":"OpenStreetMap","sourceUrl":"https://www.openstreetmap.org/copyright"},"geometry":{"type":"LineString","coordinates":[[-73.787782,41.129696],[-73.787629,41.129556],[-73.787516,41.129452],[-73.787282,41.129236],[-73.786877,41.128865],[-73.786441,41.128461],[-73.78573,41.127811],[-73.785155,41.127285],[-73.784618,41.126792]]}},{"type":"Feature","properties":{"agency":"MNR","color":"#0039A6","description":"Harlem Line","route":"Harlem","routeId":"2","shapeId":"osm-1158719-95048723","source":"OpenStreetMap","sourceUrl":"https://www.openstreetmap.org/copyright"},"geometry":{"type":"LineString","coordinates":[[-73.775216,41.032712],[-73.775187,41.032422]]}},{"type":"Feature","properties":{"agency":"MNR","color":"#0039A6","description":"Harlem Line","route":"Harlem","routeId":"2","shapeId":"osm-1158719-95048751","source":"OpenStreetMap","sourceUrl":"https://www.openstreetmap.org/copyright"},"geometry":{"type":"LineString","coordinates":[[-73.774344,41.045183],[-73.774376,41.045079],[-73.774669,41.044125],[-73.775613,41.040903],[-73.775683,41.040663],[-73.775807,41.04009],[-73.775861,41.039506],[-73.775848,41.039122],[-73.775817,41.038748],[-73.775747,41.037998],[-73.775684,41.037383],[-73.775625,41.036774]]}},{"type":"Feature","properties":{"agency":"MNR","color":"#0039A6","description":"Harlem Line","route":"Harlem","routeId":"2","shapeId":"osm-1158719-95048780","source":"OpenStreetMap","sourceUrl":"https://www.openstreetmap.org/copyright"},"geometry":{"type":"LineString","coordinates":[[-73.775146,41.031817],[-73.775151,41.031599]]}},{"type":"Feature","properties":{"agency":"MNR","color":"#0039A6","description":"Harlem Line","route":"Harlem","routeId":"2","shapeId":"osm-1158719-95048796","source":"OpenStreetMap","sourceUrl":"https://www.openstreetmap.org/copyright"},"geometry":{"type":"LineString","coordinates":[[-73.775187,41.032422],[-73.775158,41.032094],[-73.775146,41.031817]]}},{"type":"Feature","properties":{"agency":"MNR","color":"#0039A6","description":"Harlem Line","route":"Harlem","routeId":"2","shapeId":"osm-1158719-95048799","source":"OpenStreetMap","sourceUrl":"https://www.openstreetmap.org/copyright"},"geometry":{"type":"LineString","coordinates":[[-73.78271,41.124353],[-73.78267,41.124243],[-73.782629,41.124128]]}},{"type":"Feature","properties":{"agency":"MNR","color":"#0039A6","description":"Harlem Line","route":"Harlem","routeId":"2","shapeId":"osm-1158719-105354667","source":"OpenStreetMap","sourceUrl":"https://www.openstreetmap.org/copyright"},"geometry":{"type":"LineString","coordinates":[[-73.949923,40.790269],[-73.94999,40.790178],[-73.952068,40.787322]]}},{"type":"Feature","properties":{"agency":"MNR","color":"#0039A6","description":"Harlem Line","route":"Harlem","routeId":"2","shapeId":"osm-1158719-115808938","source":"OpenStreetMap","sourceUrl":"https://www.openstreetmap.org/copyright"},"geometry":{"type":"LineString","coordinates":[[-73.786649,41.145703],[-73.786755,41.1456]]}},{"type":"Feature","properties":{"agency":"MNR","color":"#0039A6","description":"Harlem Line","route":"Harlem","routeId":"2","shapeId":"osm-1158719-115808940","source":"OpenStreetMap","sourceUrl":"https://www.openstreetmap.org/copyright"},"geometry":{"type":"LineString","coordinates":[[-73.726284,41.212507],[-73.725232,41.214122],[-73.72449,41.215282],[-73.723784,41.216407],[-73.720934,41.22087],[-73.720098,41.222219],[-73.719574,41.223023],[-73.719208,41.223574],[-73.718594,41.224548],[-73.717938,41.225491],[-73.717574,41.22594],[-73.717293,41.226232],[-73.717017,41.226486],[-73.716608,41.226829],[-73.71617,41.227182],[-73.715402,41.227672],[-73.701819,41.236111],[-73.700962,41.236656],[-73.700271,41.237096],[-73.69991,41.237318],[-73.699544,41.237536],[-73.699524,41.237548],[-73.699204,41.237726],[-73.698874,41.237901],[-73.698495,41.238083],[-73.698072,41.238264],[-73.691847,41.24067],[-73.691371,41.240865],[-73.690857,41.241087],[-73.690336,41.241326],[-73.689841,41.241567],[-73.689425,41.241782],[-73.688975,41.242029],[-73.688558,41.24227],[-73.68816,41.242512],[-73.686932,41.243291],[-73.686579,41.243521],[-73.686239,41.24376],[-73.685894,41.24403],[-73.685589,41.244296],[-73.685294,41.244575],[-73.684789,41.245073]]}},{"type":"Feature","properties":{"agency":"MNR","color":"#0039A6","description":"Harlem Line","route":"Harlem","routeId":"2","shapeId":"osm-1158719-115808947","source":"OpenStreetMap","sourceUrl":"https://www.openstreetmap.org/copyright"},"geometry":{"type":"LineString","coordinates":[[-73.740286,41.197914],[-73.740161,41.198033]]}},{"type":"Feature","properties":{"agency":"MNR","color":"#0039A6","description":"Harlem Line","route":"Harlem","routeId":"2","shapeId":"osm-1158719-115808949","source":"OpenStreetMap","sourceUrl":"https://www.openstreetmap.org/copyright"},"geometry":{"type":"LineString","coordinates":[[-73.774131,41.158836],[-73.773487,41.159516],[-73.771712,41.161388],[-73.771343,41.161803],[-73.770819,41.16239],[-73.770012,41.163351],[-73.769284,41.164322],[-73.767185,41.167155],[-73.766495,41.168092],[-73.765126,41.169936],[-73.764567,41.170691],[-73.76437,41.170958],[-73.764086,41.171342],[-73.763905,41.171587],[-73.763003,41.172803],[-73.761606,41.17468],[-73.761213,41.175213],[-73.76082,41.17574],[-73.759711,41.177237],[-73.758816,41.178449],[-73.757478,41.18027],[-73.755583,41.182812],[-73.755135,41.183414],[-73.754973,41.18363],[-73.754792,41.183872],[-73.754618,41.184099],[-73.754432,41.184329],[-73.75424,41.184561],[-73.754029,41.184806],[-73.753834,41.185024],[-73.753572,41.1853],[-73.753298,41.185582],[-73.753024,41.185854],[-73.752755,41.186111],[-73.751903,41.186914],[-73.751141,41.187643],[-73.750499,41.188246],[-73.749795,41.188915],[-73.74943,41.189259],[-73.749104,41.189566],[-73.746128,41.192399],[-73.743984,41.194428],[-73.74319,41.19518],[-73.742184,41.196135],[-73.741145,41.197115],[-73.740286,41.197914]]}},{"type":"Feature","properties":{"agency":"MNR","color":"#0039A6","description":"Harlem Line","route":"Harlem","routeId":"2","shapeId":"osm-1158719-115808950","source":"OpenStreetMap","sourceUrl":"https://www.openstreetmap.org/copyright"},"geometry":{"type":"LineString","coordinates":[[-73.684616,41.245249],[-73.684405,41.245462],[-73.684216,41.245672],[-73.684035,41.2459],[-73.683882,41.246112],[-73.683741,41.246331]]}},{"type":"Feature","properties":{"agency":"MNR","color":"#0039A6","description":"Harlem Line","route":"Harlem","routeId":"2","shapeId":"osm-1158719-115808952","source":"OpenStreetMap","sourceUrl":"https://www.openstreetmap.org/copyright"},"geometry":{"type":"LineString","coordinates":[[-73.73519,41.202766],[-73.736277,41.201761],[-73.736503,41.201546],[-73.737277,41.200808],[-73.737684,41.200428]]}},{"type":"Feature","properties":{"agency":"MNR","color":"#0039A6","description":"Harlem Line","route":"Harlem","routeId":"2","shapeId":"osm-1158719-115808956","source":"OpenStreetMap","sourceUrl":"https://www.openstreetmap.org/copyright"},"geometry":{"type":"LineString","coordinates":[[-73.786708,41.145569],[-73.786602,41.145678]]}},{"type":"Feature","properties":{"agency":"MNR","color":"#0039A6","description":"Harlem Line","route":"Harlem","routeId":"2","shapeId":"osm-1158719-115808957","source":"OpenStreetMap","sourceUrl":"https://www.openstreetmap.org/copyright"},"geometry":{"type":"LineString","coordinates":[[-73.740318,41.197939],[-73.741179,41.197134],[-73.74222,41.196151],[-73.742651,41.19572],[-73.743221,41.195194],[-73.744014,41.194443],[-73.746163,41.192419],[-73.748274,41.190379],[-73.749135,41.189584],[-73.749464,41.189279],[-73.749832,41.188934],[-73.750535,41.188271],[-73.751181,41.187659],[-73.751941,41.186938],[-73.752789,41.186138],[-73.753063,41.185875],[-73.75334,41.1856],[-73.753622,41.185315],[-73.753878,41.185044],[-73.75407,41.184828],[-73.754283,41.184581],[-73.754477,41.184347],[-73.754659,41.184119],[-73.754834,41.183894],[-73.755016,41.183646],[-73.755174,41.183433],[-73.755618,41.182827],[-73.757519,41.180286],[-73.758858,41.178466],[-73.759753,41.177257],[-73.760858,41.175766],[-73.761252,41.175232],[-73.761649,41.174701],[-73.763039,41.172819],[-73.763939,41.171602],[-73.764121,41.171358],[-73.764407,41.170975],[-73.7646,41.170709],[-73.765167,41.16995],[-73.766533,41.168109],[-73.767221,41.167176],[-73.769327,41.164338],[-73.770059,41.163371],[-73.77086,41.162404],[-73.77138,41.161821],[-73.771749,41.161407],[-73.77353,41.159541],[-73.774199,41.158866]]}},{"type":"Feature","properties":{"agency":"MNR","color":"#0039A6","description":"Harlem Line","route":"Harlem","routeId":"2","shapeId":"osm-1158719-115808958","source":"OpenStreetMap","sourceUrl":"https://www.openstreetmap.org/copyright"},"geometry":{"type":"LineString","coordinates":[[-73.684789,41.245073],[-73.684616,41.245249]]}},{"type":"Feature","properties":{"agency":"MNR","color":"#0039A6","description":"Harlem Line","route":"Harlem","routeId":"2","shapeId":"osm-1158719-115808961","source":"OpenStreetMap","sourceUrl":"https://www.openstreetmap.org/copyright"},"geometry":{"type":"LineString","coordinates":[[-73.735111,41.202844],[-73.735159,41.202797],[-73.73519,41.202766]]}},{"type":"Feature","properties":{"agency":"MNR","color":"#0039A6","description":"Harlem Line","route":"Harlem","routeId":"2","shapeId":"osm-1158719-115808962","source":"OpenStreetMap","sourceUrl":"https://www.openstreetmap.org/copyright"},"geometry":{"type":"LineString","coordinates":[[-73.73515,41.202744],[-73.735071,41.202819]]}},{"type":"Feature","properties":{"agency":"MNR","color":"#0039A6","description":"Harlem Line","route":"Harlem","routeId":"2","shapeId":"osm-1158719-115808963","source":"OpenStreetMap","sourceUrl":"https://www.openstreetmap.org/copyright"},"geometry":{"type":"LineString","coordinates":[[-73.781388,41.151222],[-73.782502,41.150042],[-73.784255,41.148193],[-73.785029,41.147361],[-73.785395,41.146975],[-73.785674,41.146696],[-73.786032,41.146331],[-73.786649,41.145703]]}},{"type":"Feature","properties":{"agency":"MNR","color":"#0039A6","description":"Harlem Line","route":"Harlem","routeId":"2","shapeId":"osm-1158719-115808964","source":"OpenStreetMap","sourceUrl":"https://www.openstreetmap.org/copyright"},"geometry":{"type":"LineString","coordinates":[[-73.740195,41.198055],[-73.740318,41.197939]]}},{"type":"Feature","properties":{"agency":"MNR","color":"#0039A6","description":"Harlem Line","route":"Harlem","routeId":"2","shapeId":"osm-1158719-115808965","source":"OpenStreetMap","sourceUrl":"https://www.openstreetmap.org/copyright"},"geometry":{"type":"LineString","coordinates":[[-73.740161,41.198033],[-73.739912,41.198266],[-73.738097,41.199987],[-73.737689,41.200377],[-73.737656,41.200409]]}},{"type":"Feature","properties":{"agency":"MNR","color":"#0039A6","description":"Harlem Line","route":"Harlem","routeId":"2","shapeId":"osm-1158719-115808967","source":"OpenStreetMap","sourceUrl":"https://www.openstreetmap.org/copyright"},"geometry":{"type":"LineString","coordinates":[[-73.683741,41.246331],[-73.683443,41.246794]]}},{"type":"Feature","properties":{"agency":"MNR","color":"#0039A6","description":"Harlem Line","route":"Harlem","routeId":"2","shapeId":"osm-1158719-115809841","source":"OpenStreetMap","sourceUrl":"https://www.openstreetmap.org/copyright"},"geometry":{"type":"LineString","coordinates":[[-73.661805,41.353709],[-73.661985,41.353492],[-73.662146,41.353287],[-73.662283,41.353091],[-73.662398,41.352894],[-73.662503,41.352697],[-73.662605,41.352485],[-73.662682,41.352282],[-73.662752,41.352086],[-73.662814,41.351876],[-73.662861,41.351669],[-73.662899,41.351448],[-73.662922,41.351243],[-73.66294,41.351035],[-73.662942,41.350825],[-73.66293,41.350614],[-73.662909,41.350408],[-73.662876,41.350207]]}},{"type":"Feature","properties":{"agency":"MNR","color":"#0039A6","description":"Harlem Line","route":"Harlem","routeId":"2","shapeId":"osm-1158719-152995373","source":"OpenStreetMap","sourceUrl":"https://www.openstreetmap.org/copyright"},"geometry":{"type":"LineString","coordinates":[[-73.91858,40.823553],[-73.919691,40.822843]]}},{"type":"Feature","properties":{"agency":"MNR","color":"#0039A6","description":"Harlem Line","route":"Harlem","routeId":"2","shapeId":"osm-1158719-152995374","source":"OpenStreetMap","sourceUrl":"https://www.openstreetmap.org/copyright"},"geometry":{"type":"LineString","coordinates":[[-73.916387,40.824956],[-73.916693,40.82476],[-73.917576,40.824193]]}},{"type":"Feature","properties":{"agency":"MNR","color":"#0039A6","description":"Harlem Line","route":"Harlem","routeId":"2","shapeId":"osm-1158719-152995375","source":"OpenStreetMap","sourceUrl":"https://www.openstreetmap.org/copyright"},"geometry":{"type":"LineString","coordinates":[[-73.911521,40.828096],[-73.912226,40.827633]]}},{"type":"Feature","properties":{"agency":"MNR","color":"#0039A6","description":"Harlem Line","route":"Harlem","routeId":"2","shapeId":"osm-1158719-152995378","source":"OpenStreetMap","sourceUrl":"https://www.openstreetmap.org/copyright"},"geometry":{"type":"LineString","coordinates":[[-73.891635,40.860004],[-73.892399,40.858953],[-73.894237,40.856426],[-73.894688,40.855784],[-73.895114,40.855116],[-73.897331,40.851214],[-73.898245,40.849598],[-73.899575,40.847246],[-73.901761,40.843356],[-73.902852,40.841421],[-73.903942,40.839484],[-73.905745,40.836273],[-73.906144,40.835564],[-73.908359,40.831618],[-73.908586,40.831218],[-73.908819,40.830817]]}},{"type":"Feature","properties":{"agency":"MNR","color":"#0039A6","description":"Harlem Line","route":"Harlem","routeId":"2","shapeId":"osm-1158719-153008136","source":"OpenStreetMap","sourceUrl":"https://www.openstreetmap.org/copyright"},"geometry":{"type":"LineString","coordinates":[[-73.891596,40.859988],[-73.890484,40.861511]]}},{"type":"Feature","properties":{"agency":"MNR","color":"#0039A6","description":"Harlem Line","route":"Harlem","routeId":"2","shapeId":"osm-1158719-153008139","source":"OpenStreetMap","sourceUrl":"https://www.openstreetmap.org/copyright"},"geometry":{"type":"LineString","coordinates":[[-73.91226,40.827512],[-73.91152,40.827996]]}},{"type":"Feature","properties":{"agency":"MNR","color":"#0039A6","description":"Harlem Line","route":"Harlem","routeId":"2","shapeId":"osm-1158719-153008146","source":"OpenStreetMap","sourceUrl":"https://www.openstreetmap.org/copyright"},"geometry":{"type":"LineString","coordinates":[[-73.890565,40.861545],[-73.891677,40.860019]]}},{"type":"Feature","properties":{"agency":"MNR","color":"#0039A6","description":"Harlem Line","route":"Harlem","routeId":"2","shapeId":"osm-1158719-153008148","source":"OpenStreetMap","sourceUrl":"https://www.openstreetmap.org/copyright"},"geometry":{"type":"LineString","coordinates":[[-73.890524,40.861528],[-73.891635,40.860004]]}},{"type":"Feature","properties":{"agency":"MNR","color":"#0039A6","description":"Harlem Line","route":"Harlem","routeId":"2","shapeId":"osm-1158719-153008150","source":"OpenStreetMap","sourceUrl":"https://www.openstreetmap.org/copyright"},"geometry":{"type":"LineString","coordinates":[[-73.91966,40.822815],[-73.919177,40.823123]]}},{"type":"Feature","properties":{"agency":"MNR","color":"#0039A6","description":"Harlem Line","route":"Harlem","routeId":"2","shapeId":"osm-1158719-153008152","source":"OpenStreetMap","sourceUrl":"https://www.openstreetmap.org/copyright"},"geometry":{"type":"LineString","coordinates":[[-73.919629,40.822787],[-73.919501,40.822868]]}},{"type":"Feature","properties":{"agency":"MNR","color":"#0039A6","description":"Harlem Line","route":"Harlem","routeId":"2","shapeId":"osm-1158719-153008154","source":"OpenStreetMap","sourceUrl":"https://www.openstreetmap.org/copyright"},"geometry":{"type":"LineString","coordinates":[[-73.912246,40.827569],[-73.911528,40.828038]]}},{"type":"Feature","properties":{"agency":"MNR","color":"#0039A6","description":"Harlem Line","route":"Harlem","routeId":"2","shapeId":"osm-1158719-153008156","source":"OpenStreetMap","sourceUrl":"https://www.openstreetmap.org/copyright"},"geometry":{"type":"LineString","coordinates":[[-73.919048,40.823298],[-73.91972,40.822869]]}},{"type":"Feature","properties":{"agency":"MNR","color":"#0039A6","description":"Harlem Line","route":"Harlem","routeId":"2","shapeId":"osm-1158719-153008161","source":"OpenStreetMap","sourceUrl":"https://www.openstreetmap.org/copyright"},"geometry":{"type":"LineString","coordinates":[[-73.916773,40.824664],[-73.916659,40.824738],[-73.916194,40.825038]]}},{"type":"Feature","properties":{"agency":"MNR","color":"#0039A6","description":"Harlem Line","route":"Harlem","routeId":"2","shapeId":"osm-1158719-153008162","source":"OpenStreetMap","sourceUrl":"https://www.openstreetmap.org/copyright"},"geometry":{"type":"LineString","coordinates":[[-73.91153,40.828135],[-73.911998,40.827837],[-73.912212,40.827686]]}},{"type":"Feature","properties":{"agency":"MNR","color":"#0039A6","description":"Harlem Line","route":"Harlem","routeId":"2","shapeId":"osm-1158719-153008170","source":"OpenStreetMap","sourceUrl":"https://www.openstreetmap.org/copyright"},"geometry":{"type":"LineString","coordinates":[[-73.908778,40.830802],[-73.908544,40.831204],[-73.908317,40.831604],[-73.906103,40.835551],[-73.905704,40.836261],[-73.9039,40.83947],[-73.902811,40.841408],[-73.90172,40.843343],[-73.899525,40.847247],[-73.898202,40.849586],[-73.897289,40.8512],[-73.895073,40.855102],[-73.894647,40.855769],[-73.894197,40.856409],[-73.892359,40.858936],[-73.891596,40.859988]]}},{"type":"Feature","properties":{"agency":"MNR","color":"#0039A6","description":"Harlem Line","route":"Harlem","routeId":"2","shapeId":"osm-1158719-153008176","source":"OpenStreetMap","sourceUrl":"https://www.openstreetmap.org/copyright"},"geometry":{"type":"LineString","coordinates":[[-73.891677,40.860019],[-73.892438,40.858969],[-73.894276,40.856442],[-73.894728,40.8558],[-73.895155,40.85513],[-73.897372,40.851227],[-73.898286,40.849611],[-73.899934,40.846699],[-73.901803,40.84337],[-73.902894,40.841435],[-73.903983,40.839497],[-73.905787,40.836287],[-73.906186,40.835578],[-73.9084,40.831631],[-73.908627,40.831231],[-73.90886,40.830831]]}},{"type":"Feature","properties":{"agency":"MNR","color":"#0039A6","description":"Harlem Line","route":"Harlem","routeId":"2","shapeId":"osm-1158719-153008178","source":"OpenStreetMap","sourceUrl":"https://www.openstreetmap.org/copyright"},"geometry":{"type":"LineString","coordinates":[[-73.926511,40.816764],[-73.927101,40.815919],[-73.927333,40.815598],[-73.927536,40.815317],[-73.927562,40.815278],[-73.927657,40.81515]]}},{"type":"Feature","properties":{"agency":"MNR","color":"#0039A6","description":"Harlem Line","route":"Harlem","routeId":"2","shapeId":"osm-1158719-153008185","source":"OpenStreetMap","sourceUrl":"https://www.openstreetmap.org/copyright"},"geometry":{"type":"LineString","coordinates":[[-73.915232,40.82574],[-73.91527,40.825716],[-73.916002,40.825248],[-73.91673,40.824781],[-73.918193,40.823842],[-73.918544,40.82362],[-73.919048,40.823298]]}},{"type":"Feature","properties":{"agency":"MNR","color":"#0039A6","description":"Harlem Line","route":"Harlem","routeId":"2","shapeId":"osm-1158719-153008191","source":"OpenStreetMap","sourceUrl":"https://www.openstreetmap.org/copyright"},"geometry":{"type":"LineString","coordinates":[[-73.951958,40.787276],[-73.949872,40.790131],[-73.949834,40.790182]]}},{"type":"Feature","properties":{"agency":"MNR","color":"#0039A6","description":"Harlem Line","route":"Harlem","routeId":"2","shapeId":"osm-1158719-153008193","source":"OpenStreetMap","sourceUrl":"https://www.openstreetmap.org/copyright"},"geometry":{"type":"LineString","coordinates":[[-73.951994,40.787292],[-73.949909,40.790146],[-73.949843,40.790237]]}},{"type":"Feature","properties":{"agency":"MNR","color":"#0039A6","description":"Harlem Line","route":"Harlem","routeId":"2","shapeId":"osm-1158719-153008195","source":"OpenStreetMap","sourceUrl":"https://www.openstreetmap.org/copyright"},"geometry":{"type":"LineString","coordinates":[[-73.915142,40.825662],[-73.914697,40.825948],[-73.914545,40.826046],[-73.914041,40.826368],[-73.913948,40.826428],[-73.913124,40.826956],[-73.91226,40.827512]]}},{"type":"Feature","properties":{"agency":"MNR","color":"#0039A6","description":"Harlem Line","route":"Harlem","routeId":"2","shapeId":"osm-1158719-153008199","source":"OpenStreetMap","sourceUrl":"https://www.openstreetmap.org/copyright"},"geometry":{"type":"LineString","coordinates":[[-73.87508,40.871714],[-73.874342,40.872701],[-73.873887,40.873318],[-73.873428,40.87394],[-73.87297,40.874559],[-73.872745,40.874868],[-73.872526,40.875182],[-73.872333,40.875484],[-73.872145,40.87581],[-73.87205,40.875982],[-73.87191,40.876266],[-73.871613,40.87693],[-73.870861,40.878669],[-73.870228,40.880135],[-73.869895,40.88091],[-73.869435,40.881973],[-73.868978,40.883034],[-73.868083,40.885128],[-73.868071,40.885158],[-73.867174,40.887248],[-73.866262,40.88936],[-73.866142,40.889637],[-73.866028,40.889892],[-73.865788,40.890391],[-73.865566,40.890828],[-73.86534,40.891243],[-73.864905,40.891984]]}},{"type":"Feature","properties":{"agency":"MNR","color":"#0039A6","description":"Harlem Line","route":"Harlem","routeId":"2","shapeId":"osm-1158719-153008204","source":"OpenStreetMap","sourceUrl":"https://www.openstreetmap.org/copyright"},"geometry":{"type":"LineString","coordinates":[[-73.864987,40.892013],[-73.865423,40.89127],[-73.86565,40.890853],[-73.865873,40.890415],[-73.866113,40.889915],[-73.866228,40.889658],[-73.866348,40.889382],[-73.867259,40.887269],[-73.868157,40.885179],[-73.868169,40.88515],[-73.869064,40.883055],[-73.86998,40.880931],[-73.870314,40.880156],[-73.870947,40.87869],[-73.871442,40.877543],[-73.871698,40.876952],[-73.871994,40.876289],[-73.872134,40.876007],[-73.872228,40.875837],[-73.872415,40.875512],[-73.872606,40.875213],[-73.872824,40.8749],[-73.87305,40.874599],[-73.873509,40.873976],[-73.873966,40.873351],[-73.874421,40.872735],[-73.875165,40.871743]]}},{"type":"Feature","properties":{"agency":"MNR","color":"#0039A6","description":"Harlem Line","route":"Harlem","routeId":"2","shapeId":"osm-1158719-153008209","source":"OpenStreetMap","sourceUrl":"https://www.openstreetmap.org/copyright"},"geometry":{"type":"LineString","coordinates":[[-73.864943,40.891997],[-73.86508,40.891774],[-73.865382,40.891257],[-73.865608,40.890841],[-73.865831,40.890403],[-73.866071,40.889904],[-73.866185,40.889648],[-73.866305,40.889371],[-73.867217,40.887258],[-73.868114,40.885168],[-73.868126,40.88514],[-73.869021,40.883044],[-73.869477,40.881982],[-73.869938,40.88092],[-73.870101,40.88053],[-73.870272,40.880145],[-73.870904,40.878679],[-73.871069,40.878297],[-73.871656,40.876941],[-73.871952,40.876277],[-73.872092,40.875994],[-73.872186,40.875823],[-73.872374,40.875498],[-73.872566,40.875198],[-73.872785,40.874884],[-73.87301,40.874575],[-73.873467,40.873957],[-73.873926,40.873335],[-73.874382,40.872718],[-73.875122,40.871729]]}},{"type":"Feature","properties":{"agency":"MNR","color":"#0039A6","description":"Harlem Line","route":"Harlem","routeId":"2","shapeId":"osm-1158719-153008211","source":"OpenStreetMap","sourceUrl":"https://www.openstreetmap.org/copyright"},"geometry":{"type":"LineString","coordinates":[[-73.912212,40.827686],[-73.913216,40.827038],[-73.91404,40.82651],[-73.914135,40.826449],[-73.914593,40.826159]]}},{"type":"Feature","properties":{"agency":"MNR","color":"#0039A6","description":"Harlem Line","route":"Harlem","routeId":"2","shapeId":"osm-1158719-153008214","source":"OpenStreetMap","sourceUrl":"https://www.openstreetmap.org/copyright"},"geometry":{"type":"LineString","coordinates":[[-73.912226,40.827633],[-73.913187,40.827012],[-73.91401,40.826484],[-73.914106,40.826423],[-73.914955,40.825878],[-73.915206,40.825714]]}},{"type":"Feature","properties":{"agency":"MNR","color":"#0039A6","description":"Harlem Line","route":"Harlem","routeId":"2","shapeId":"osm-1158719-153008215","source":"OpenStreetMap","sourceUrl":"https://www.openstreetmap.org/copyright"},"geometry":{"type":"LineString","coordinates":[[-73.91518,40.825692],[-73.914923,40.82585],[-73.9148,40.825926],[-73.914074,40.826394],[-73.913979,40.826456],[-73.913155,40.826984],[-73.912246,40.827569]]}},{"type":"Feature","properties":{"agency":"MNR","color":"#0039A6","description":"Harlem Line","route":"Harlem","routeId":"2","shapeId":"osm-1158719-153008218","source":"OpenStreetMap","sourceUrl":"https://www.openstreetmap.org/copyright"},"geometry":{"type":"LineString","coordinates":[[-73.891556,40.859973],[-73.890444,40.861494]]}},{"type":"Feature","properties":{"agency":"MNR","color":"#0039A6","description":"Harlem Line","route":"Harlem","routeId":"2","shapeId":"osm-1158719-153008220","source":"OpenStreetMap","sourceUrl":"https://www.openstreetmap.org/copyright"},"geometry":{"type":"LineString","coordinates":[[-73.908735,40.830787],[-73.9085,40.83119],[-73.908274,40.83159],[-73.906059,40.835537],[-73.90566,40.836247],[-73.903856,40.839456],[-73.902767,40.841394],[-73.901676,40.843329],[-73.89956,40.847097],[-73.89816,40.84957],[-73.897246,40.851186],[-73.89503,40.855087],[-73.894605,40.855752],[-73.894155,40.856392],[-73.892318,40.858919],[-73.891556,40.859973]]}},{"type":"Feature","properties":{"agency":"MNR","color":"#0039A6","description":"Harlem Line","route":"Harlem","routeId":"2","shapeId":"osm-1158719-153188763","source":"OpenStreetMap","sourceUrl":"https://www.openstreetmap.org/copyright"},"geometry":{"type":"LineString","coordinates":[[-73.863276,40.894637],[-73.863434,40.894401]]}},{"type":"Feature","properties":{"agency":"MNR","color":"#0039A6","description":"Harlem Line","route":"Harlem","routeId":"2","shapeId":"osm-1158719-153188765","source":"OpenStreetMap","sourceUrl":"https://www.openstreetmap.org/copyright"},"geometry":{"type":"LineString","coordinates":[[-73.863434,40.894401],[-73.863618,40.894123],[-73.864014,40.893521],[-73.864295,40.893102]]}},{"type":"Feature","properties":{"agency":"MNR","color":"#0039A6","description":"Harlem Line","route":"Harlem","routeId":"2","shapeId":"osm-1158719-153188766","source":"OpenStreetMap","sourceUrl":"https://www.openstreetmap.org/copyright"},"geometry":{"type":"LineString","coordinates":[[-73.863257,40.894582],[-73.863418,40.894346]]}},{"type":"Feature","properties":{"agency":"MNR","color":"#0039A6","description":"Harlem Line","route":"Harlem","routeId":"2","shapeId":"osm-1158719-153188767","source":"OpenStreetMap","sourceUrl":"https://www.openstreetmap.org/copyright"},"geometry":{"type":"LineString","coordinates":[[-73.861666,40.896994],[-73.861685,40.896964],[-73.862409,40.89587],[-73.863257,40.894582]]}},{"type":"Feature","properties":{"agency":"MNR","color":"#0039A6","description":"Harlem Line","route":"Harlem","routeId":"2","shapeId":"osm-1158719-153188768","source":"OpenStreetMap","sourceUrl":"https://www.openstreetmap.org/copyright"},"geometry":{"type":"LineString","coordinates":[[-73.863401,40.894292],[-73.863239,40.894527]]}},{"type":"Feature","properties":{"agency":"MNR","color":"#0039A6","description":"Harlem Line","route":"Harlem","routeId":"2","shapeId":"osm-1158719-153188769","source":"OpenStreetMap","sourceUrl":"https://www.openstreetmap.org/copyright"},"geometry":{"type":"LineString","coordinates":[[-73.862902,40.895036],[-73.862745,40.895274],[-73.862466,40.895704]]}},{"type":"Feature","properties":{"agency":"MNR","color":"#0039A6","description":"Harlem Line","route":"Harlem","routeId":"2","shapeId":"osm-1158719-153188770","source":"OpenStreetMap","sourceUrl":"https://www.openstreetmap.org/copyright"},"geometry":{"type":"LineString","coordinates":[[-73.863385,40.894237],[-73.86322,40.894473]]}},{"type":"Feature","properties":{"agency":"MNR","color":"#0039A6","description":"Harlem Line","route":"Harlem","routeId":"2","shapeId":"osm-1158719-153188771","source":"OpenStreetMap","sourceUrl":"https://www.openstreetmap.org/copyright"},"geometry":{"type":"LineString","coordinates":[[-73.875032,40.871698],[-73.874301,40.872684],[-73.873845,40.873301],[-73.873386,40.873922],[-73.872928,40.874541],[-73.872703,40.874851],[-73.872483,40.875166],[-73.872289,40.875469],[-73.872101,40.875796],[-73.872006,40.875969],[-73.871859,40.876248],[-73.871731,40.876514],[-73.871551,40.876908],[-73.871253,40.877601],[-73.870702,40.878894],[-73.870397,40.879611],[-73.870183,40.880123],[-73.869849,40.880899],[-73.868933,40.883023],[-73.868037,40.885118],[-73.868025,40.885147],[-73.867128,40.887237],[-73.866217,40.889349],[-73.866097,40.889625],[-73.865983,40.88988],[-73.865744,40.890378],[-73.865522,40.890815],[-73.865067,40.891628],[-73.86486,40.891969]]}},{"type":"Feature","properties":{"agency":"MNR","color":"#0039A6","description":"Harlem Line","route":"Harlem","routeId":"2","shapeId":"osm-1158719-179601878","source":"OpenStreetMap","sourceUrl":"https://www.openstreetmap.org/copyright"},"geometry":{"type":"LineString","coordinates":[[-73.631196,41.385334],[-73.631022,41.385515],[-73.630846,41.385685],[-73.630645,41.385867],[-73.630435,41.386045],[-73.630221,41.386213],[-73.62998,41.386382],[-73.629746,41.386528],[-73.629517,41.386664],[-73.629282,41.386794],[-73.629015,41.386935],[-73.628749,41.387067],[-73.628483,41.387192],[-73.628188,41.387322],[-73.627891,41.387446],[-73.627601,41.387556],[-73.62731,41.387661],[-73.627016,41.387754],[-73.626683,41.387847],[-73.626367,41.387925],[-73.625574,41.388104],[-73.62526,41.388185],[-73.624947,41.388276],[-73.624629,41.388379],[-73.624306,41.388503],[-73.624016,41.388624],[-73.623734,41.388762]]}},{"type":"Feature","properties":{"agency":"MNR","color":"#0039A6","description":"Harlem Line","route":"Harlem","routeId":"2","shapeId":"osm-1158719-179601883","source":"OpenStreetMap","sourceUrl":"https://www.openstreetmap.org/copyright"},"geometry":{"type":"LineString","coordinates":[[-73.657465,41.356768],[-73.656213,41.357134],[-73.655899,41.357229],[-73.655595,41.357329],[-73.655292,41.357437],[-73.654997,41.35755],[-73.654722,41.357669],[-73.654443,41.357793],[-73.654161,41.357932],[-73.653894,41.358073],[-73.653631,41.35822],[-73.653369,41.358377],[-73.653109,41.358541],[-73.652859,41.358709],[-73.652609,41.358884],[-73.644821,41.364526],[-73.6446,41.364693],[-73.644397,41.364855],[-73.644213,41.36502],[-73.644034,41.365193],[-73.643867,41.365366],[-73.643714,41.365548],[-73.643556,41.365749],[-73.643413,41.365952],[-73.643288,41.366151],[-73.643174,41.366358],[-73.643062,41.366575],[-73.642974,41.366768],[-73.642897,41.366965],[-73.642823,41.367185],[-73.642765,41.36741],[-73.642724,41.367628],[-73.642691,41.36784],[-73.642668,41.368079],[-73.642651,41.368295],[-73.64234,41.37294],[-73.642321,41.373167],[-73.642292,41.373377],[-73.642257,41.373592],[-73.642212,41.373804],[-73.642161,41.374023],[-73.642094,41.374257],[-73.642017,41.374477],[-73.641937,41.37469],[-73.641851,41.37489]]}},{"type":"Feature","properties":{"agency":"MNR","color":"#0039A6","description":"Harlem Line","route":"Harlem","routeId":"2","shapeId":"osm-1158719-180740856","source":"OpenStreetMap","sourceUrl":"https://www.openstreetmap.org/copyright"},"geometry":{"type":"LineString","coordinates":[[-73.927746,40.815023],[-73.928517,40.813958]]}},{"type":"Feature","properties":{"agency":"MNR","color":"#0039A6","description":"Harlem Line","route":"Harlem","routeId":"2","shapeId":"osm-1158719-180743239","source":"OpenStreetMap","sourceUrl":"https://www.openstreetmap.org/copyright"},"geometry":{"type":"LineString","coordinates":[[-73.933917,40.810878],[-73.932794,40.81131]]}},{"type":"Feature","properties":{"agency":"MNR","color":"#0039A6","description":"Harlem Line","route":"Harlem","routeId":"2","shapeId":"osm-1158719-180743244","source":"OpenStreetMap","sourceUrl":"https://www.openstreetmap.org/copyright"},"geometry":{"type":"LineString","coordinates":[[-73.933938,40.810909],[-73.932817,40.811344]]}},{"type":"Feature","properties":{"agency":"MNR","color":"#0039A6","description":"Harlem Line","route":"Harlem","routeId":"2","shapeId":"osm-1158719-180743247","source":"OpenStreetMap","sourceUrl":"https://www.openstreetmap.org/copyright"},"geometry":{"type":"LineString","coordinates":[[-73.932888,40.811452],[-73.934009,40.811015]]}},{"type":"Feature","properties":{"agency":"MNR","color":"#0039A6","description":"Harlem Line","route":"Harlem","routeId":"2","shapeId":"osm-1158719-180743248","source":"OpenStreetMap","sourceUrl":"https://www.openstreetmap.org/copyright"},"geometry":{"type":"LineString","coordinates":[[-73.932794,40.81131],[-73.932455,40.811439]]}},{"type":"Feature","properties":{"agency":"MNR","color":"#0039A6","description":"Harlem Line","route":"Harlem","routeId":"2","shapeId":"osm-1158719-180743249","source":"OpenStreetMap","sourceUrl":"https://www.openstreetmap.org/copyright"},"geometry":{"type":"LineString","coordinates":[[-73.932528,40.81159],[-73.932888,40.811452]]}},{"type":"Feature","properties":{"agency":"MNR","color":"#0039A6","description":"Harlem Line","route":"Harlem","routeId":"2","shapeId":"osm-1158719-180743250","source":"OpenStreetMap","sourceUrl":"https://www.openstreetmap.org/copyright"},"geometry":{"type":"LineString","coordinates":[[-73.929491,40.812967],[-73.929792,40.812768]]}},{"type":"Feature","properties":{"agency":"MNR","color":"#0039A6","description":"Harlem Line","route":"Harlem","routeId":"2","shapeId":"osm-1158719-180743251","source":"OpenStreetMap","sourceUrl":"https://www.openstreetmap.org/copyright"},"geometry":{"type":"LineString","coordinates":[[-73.929664,40.812672],[-73.929371,40.812879]]}},{"type":"Feature","properties":{"agency":"MNR","color":"#0039A6","description":"Harlem Line","route":"Harlem","routeId":"2","shapeId":"osm-1158719-180743252","source":"OpenStreetMap","sourceUrl":"https://www.openstreetmap.org/copyright"},"geometry":{"type":"LineString","coordinates":[[-73.929623,40.812642],[-73.929334,40.812853]]}},{"type":"Feature","properties":{"agency":"MNR","color":"#0039A6","description":"Harlem Line","route":"Harlem","routeId":"2","shapeId":"osm-1158719-180743253","source":"OpenStreetMap","sourceUrl":"https://www.openstreetmap.org/copyright"},"geometry":{"type":"LineString","coordinates":[[-73.932817,40.811344],[-73.931258,40.811944]]}},{"type":"Feature","properties":{"agency":"MNR","color":"#0039A6","description":"Harlem Line","route":"Harlem","routeId":"2","shapeId":"osm-1158719-180743254","source":"OpenStreetMap","sourceUrl":"https://www.openstreetmap.org/copyright"},"geometry":{"type":"LineString","coordinates":[[-73.925249,40.818199],[-73.925052,40.818424],[-73.924829,40.818671],[-73.924604,40.818908],[-73.924384,40.819134],[-73.924085,40.819431],[-73.923774,40.819722],[-73.923371,40.820079],[-73.922954,40.820458],[-73.922534,40.820797],[-73.922188,40.821066],[-73.921849,40.821323],[-73.921557,40.821529],[-73.921475,40.821585],[-73.921262,40.821731],[-73.920902,40.821973],[-73.920619,40.822152],[-73.919629,40.822787]]}},{"type":"Feature","properties":{"agency":"MNR","color":"#0039A6","description":"Harlem Line","route":"Harlem","routeId":"2","shapeId":"osm-1158719-180743255","source":"OpenStreetMap","sourceUrl":"https://www.openstreetmap.org/copyright"},"geometry":{"type":"LineString","coordinates":[[-73.929371,40.812879],[-73.929217,40.813007],[-73.929101,40.813102],[-73.928858,40.813347],[-73.928748,40.813462],[-73.928652,40.813574],[-73.92852,40.813748],[-73.928471,40.813817]]}},{"type":"Feature","properties":{"agency":"MNR","color":"#0039A6","description":"Harlem Line","route":"Harlem","routeId":"2","shapeId":"osm-1158719-180743256","source":"OpenStreetMap","sourceUrl":"https://www.openstreetmap.org/copyright"},"geometry":{"type":"LineString","coordinates":[[-73.931199,40.811929],[-73.931161,40.811944],[-73.930447,40.812221],[-73.930011,40.81242],[-73.929623,40.812642]]}},{"type":"Feature","properties":{"agency":"MNR","color":"#0039A6","description":"Harlem Line","route":"Harlem","routeId":"2","shapeId":"osm-1158719-180743257","source":"OpenStreetMap","sourceUrl":"https://www.openstreetmap.org/copyright"},"geometry":{"type":"LineString","coordinates":[[-73.931206,40.811965],[-73.931176,40.811976],[-73.930465,40.812259],[-73.93002,40.812459],[-73.929664,40.812672]]}},{"type":"Feature","properties":{"agency":"MNR","color":"#0039A6","description":"Harlem Line","route":"Harlem","routeId":"2","shapeId":"osm-1158719-180743258","source":"OpenStreetMap","sourceUrl":"https://www.openstreetmap.org/copyright"},"geometry":{"type":"LineString","coordinates":[[-73.929792,40.812768],[-73.930148,40.812548],[-73.930553,40.812356],[-73.931214,40.812106],[-73.931224,40.812102]]}},{"type":"Feature","properties":{"agency":"MNR","color":"#0039A6","description":"Harlem Line","route":"Harlem","routeId":"2","shapeId":"osm-1158719-180743259","source":"OpenStreetMap","sourceUrl":"https://www.openstreetmap.org/copyright"},"geometry":{"type":"LineString","coordinates":[[-73.928585,40.813862],[-73.92865,40.81377],[-73.928799,40.813589],[-73.92895,40.813424],[-73.92919,40.8132],[-73.929491,40.812967]]}},{"type":"Feature","properties":{"agency":"MNR","color":"#0039A6","description":"Harlem Line","route":"Harlem","routeId":"2","shapeId":"osm-1158719-180750894","source":"OpenStreetMap","sourceUrl":"https://www.openstreetmap.org/copyright"},"geometry":{"type":"LineString","coordinates":[[-73.940239,40.803309],[-73.939582,40.804131],[-73.939257,40.804543],[-73.938352,40.805773],[-73.938099,40.806176],[-73.937587,40.806939],[-73.936026,40.809072],[-73.935607,40.809658],[-73.935518,40.80978]]}},{"type":"Feature","properties":{"agency":"MNR","color":"#0039A6","description":"Harlem Line","route":"Harlem","routeId":"2","shapeId":"osm-1158719-180750897","source":"OpenStreetMap","sourceUrl":"https://www.openstreetmap.org/copyright"},"geometry":{"type":"LineString","coordinates":[[-73.934009,40.811015],[-73.934268,40.81091],[-73.93452,40.810797],[-73.934763,40.810663],[-73.934963,40.810532],[-73.935192,40.810353],[-73.935376,40.810164],[-73.935644,40.809834]]}},{"type":"Feature","properties":{"agency":"MNR","color":"#0039A6","description":"Harlem Line","route":"Harlem","routeId":"2","shapeId":"osm-1158719-180750906","source":"OpenStreetMap","sourceUrl":"https://www.openstreetmap.org/copyright"},"geometry":{"type":"LineString","coordinates":[[-73.957264,40.780207],[-73.961783,40.774017],[-73.967164,40.766647],[-73.968423,40.764921],[-73.968835,40.764356],[-73.968838,40.764352],[-73.968843,40.764346]]}},{"type":"Feature","properties":{"agency":"MNR","color":"#0039A6","description":"Harlem Line","route":"Harlem","routeId":"2","shapeId":"osm-1158719-180750911","source":"OpenStreetMap","sourceUrl":"https://www.openstreetmap.org/copyright"},"geometry":{"type":"LineString","coordinates":[[-73.96872,40.764297],[-73.968717,40.764302],[-73.968302,40.764871],[-73.967046,40.766593],[-73.961669,40.773965],[-73.957149,40.780161]]}},{"type":"Feature","properties":{"agency":"MNR","color":"#0039A6","description":"Harlem Line","route":"Harlem","routeId":"2","shapeId":"osm-1158719-180750912","source":"OpenStreetMap","sourceUrl":"https://www.openstreetmap.org/copyright"},"geometry":{"type":"LineString","coordinates":[[-73.935551,40.809803],[-73.935258,40.810124],[-73.93508,40.810285],[-73.934895,40.810429],[-73.934689,40.810557],[-73.934437,40.810698],[-73.934192,40.810806],[-73.933938,40.810909]]}},{"type":"Feature","properties":{"agency":"MNR","color":"#0039A6","description":"Harlem Line","route":"Harlem","routeId":"2","shapeId":"osm-1158719-181397682","source":"OpenStreetMap","sourceUrl":"https://www.openstreetmap.org/copyright"},"geometry":{"type":"LineString","coordinates":[[-73.641851,41.37489],[-73.641766,41.375072]]}},{"type":"Feature","properties":{"agency":"MNR","color":"#0039A6","description":"Harlem Line","route":"Harlem","routeId":"2","shapeId":"osm-1158719-181397683","source":"OpenStreetMap","sourceUrl":"https://www.openstreetmap.org/copyright"},"geometry":{"type":"LineString","coordinates":[[-73.641808,41.375084],[-73.641894,41.374901]]}},{"type":"Feature","properties":{"agency":"MNR","color":"#0039A6","description":"Harlem Line","route":"Harlem","routeId":"2","shapeId":"osm-1158719-181397685","source":"OpenStreetMap","sourceUrl":"https://www.openstreetmap.org/copyright"},"geometry":{"type":"LineString","coordinates":[[-73.641894,41.374901],[-73.64198,41.374699],[-73.64206,41.374486],[-73.642138,41.374265],[-73.642205,41.374029],[-73.642256,41.37381],[-73.642302,41.373596],[-73.642336,41.373381],[-73.642366,41.37317],[-73.642385,41.372942],[-73.642696,41.368296],[-73.642713,41.368081],[-73.642736,41.367844],[-73.642768,41.367632],[-73.642809,41.367415],[-73.642867,41.367191],[-73.642939,41.366974],[-73.643017,41.366779],[-73.643103,41.366587],[-73.643215,41.366371],[-73.643328,41.366164],[-73.643453,41.365966],[-73.643594,41.365765],[-73.643751,41.365566],[-73.643904,41.365385],[-73.644069,41.365213],[-73.644247,41.36504],[-73.64443,41.364877],[-73.644632,41.364716],[-73.644852,41.364549],[-73.652639,41.358908],[-73.652889,41.358733],[-73.653138,41.358566],[-73.653397,41.358403],[-73.653658,41.358246],[-73.65392,41.3581],[-73.654186,41.357959],[-73.654466,41.357821],[-73.654744,41.357698],[-73.655018,41.357579],[-73.655311,41.357467],[-73.655613,41.35736],[-73.655916,41.357259],[-73.656229,41.357165],[-73.657481,41.356798]]}},{"type":"Feature","properties":{"agency":"MNR","color":"#0039A6","description":"Harlem Line","route":"Harlem","routeId":"2","shapeId":"osm-1158719-181397686","source":"OpenStreetMap","sourceUrl":"https://www.openstreetmap.org/copyright"},"geometry":{"type":"LineString","coordinates":[[-73.604261,41.524117],[-73.604298,41.523806],[-73.604328,41.523482],[-73.604345,41.523145],[-73.604353,41.522822],[-73.604358,41.522523],[-73.604356,41.522191],[-73.60435,41.521838],[-73.604337,41.519966],[-73.604232,41.516982],[-73.604155,41.514669],[-73.604142,41.513604],[-73.604141,41.513562],[-73.604142,41.513503],[-73.604145,41.513282],[-73.604183,41.512525],[-73.604209,41.512176],[-73.604303,41.511257],[-73.604398,41.5105],[-73.604518,41.509787],[-73.604641,41.509134],[-73.604681,41.508925],[-73.604713,41.508763]]}},{"type":"Feature","properties":{"agency":"MNR","color":"#0039A6","description":"Harlem Line","route":"Harlem","routeId":"2","shapeId":"osm-1158719-181397688","source":"OpenStreetMap","sourceUrl":"https://www.openstreetmap.org/copyright"},"geometry":{"type":"LineString","coordinates":[[-73.631233,41.385353],[-73.633035,41.383412],[-73.633209,41.383231],[-73.633411,41.383034],[-73.633598,41.382862],[-73.633803,41.382689],[-73.634002,41.382532],[-73.63422,41.382371],[-73.63444,41.382218],[-73.634681,41.382061],[-73.63547,41.38157],[-73.635725,41.381403],[-73.635964,41.381238],[-73.6362,41.381061],[-73.636422,41.380882],[-73.636641,41.380696],[-73.636838,41.380518],[-73.637034,41.38033],[-73.637234,41.380137],[-73.640619,41.376696],[-73.640806,41.376499],[-73.640985,41.376303],[-73.64116,41.376094],[-73.641317,41.375889],[-73.641462,41.375688],[-73.641589,41.375486],[-73.641705,41.375281],[-73.641808,41.375084]]}},{"type":"Feature","properties":{"agency":"MNR","color":"#0039A6","description":"Harlem Line","route":"Harlem","routeId":"2","shapeId":"osm-1158719-181408120","source":"OpenStreetMap","sourceUrl":"https://www.openstreetmap.org/copyright"},"geometry":{"type":"LineString","coordinates":[[-73.660829,41.35481],[-73.661805,41.353709]]}},{"type":"Feature","properties":{"agency":"MNR","color":"#0039A6","description":"Harlem Line","route":"Harlem","routeId":"2","shapeId":"osm-1158719-181918023","source":"OpenStreetMap","sourceUrl":"https://www.openstreetmap.org/copyright"},"geometry":{"type":"LineString","coordinates":[[-73.623758,41.388789],[-73.624038,41.388652],[-73.624326,41.388531],[-73.624647,41.388409],[-73.624964,41.388306],[-73.625275,41.388215],[-73.625587,41.388135],[-73.62638,41.387956],[-73.626698,41.387877],[-73.627032,41.387785],[-73.627328,41.38769],[-73.62762,41.387586],[-73.627911,41.387475],[-73.628209,41.38735],[-73.628505,41.387219],[-73.628772,41.387095],[-73.629039,41.386962],[-73.629307,41.386821],[-73.629543,41.38669],[-73.629773,41.386553],[-73.630009,41.386406],[-73.63025,41.386237]]}},{"type":"Feature","properties":{"agency":"MNR","color":"#0039A6","description":"Harlem Line","route":"Harlem","routeId":"2","shapeId":"osm-1158719-181921160","source":"OpenStreetMap","sourceUrl":"https://www.openstreetmap.org/copyright"},"geometry":{"type":"LineString","coordinates":[[-73.661867,41.347174],[-73.661915,41.347321]]}},{"type":"Feature","properties":{"agency":"MNR","color":"#0039A6","description":"Harlem Line","route":"Harlem","routeId":"2","shapeId":"osm-1158719-181921161","source":"OpenStreetMap","sourceUrl":"https://www.openstreetmap.org/copyright"},"geometry":{"type":"LineString","coordinates":[[-73.662545,41.349085],[-73.662467,41.348848]]}},{"type":"Feature","properties":{"agency":"MNR","color":"#0039A6","description":"Harlem Line","route":"Harlem","routeId":"2","shapeId":"osm-1158719-181921162","source":"OpenStreetMap","sourceUrl":"https://www.openstreetmap.org/copyright"},"geometry":{"type":"LineString","coordinates":[[-73.662499,41.349092],[-73.662682,41.349641],[-73.662737,41.349829],[-73.662762,41.349921],[-73.662786,41.350013]]}},{"type":"Feature","properties":{"agency":"MNR","color":"#0039A6","description":"Harlem Line","route":"Harlem","routeId":"2","shapeId":"osm-1158719-181921165","source":"OpenStreetMap","sourceUrl":"https://www.openstreetmap.org/copyright"},"geometry":{"type":"LineString","coordinates":[[-73.662786,41.350013],[-73.662831,41.350212]]}},{"type":"Feature","properties":{"agency":"MNR","color":"#0039A6","description":"Harlem Line","route":"Harlem","routeId":"2","shapeId":"osm-1158719-181921168","source":"OpenStreetMap","sourceUrl":"https://www.openstreetmap.org/copyright"},"geometry":{"type":"LineString","coordinates":[[-73.661959,41.347313],[-73.661912,41.347168]]}},{"type":"Feature","properties":{"agency":"MNR","color":"#0039A6","description":"Harlem Line","route":"Harlem","routeId":"2","shapeId":"osm-1158719-181921169","source":"OpenStreetMap","sourceUrl":"https://www.openstreetmap.org/copyright"},"geometry":{"type":"LineString","coordinates":[[-73.662831,41.350212],[-73.662864,41.350411],[-73.662884,41.350617],[-73.662897,41.350825],[-73.662894,41.351034],[-73.662877,41.35124],[-73.662854,41.351445],[-73.662816,41.351664],[-73.662769,41.351869],[-73.662707,41.352077],[-73.662638,41.352273],[-73.662561,41.352474],[-73.66246,41.352685],[-73.662356,41.352881],[-73.662242,41.353076],[-73.662106,41.35327],[-73.661946,41.353474],[-73.661768,41.35369]]}},{"type":"Feature","properties":{"agency":"MNR","color":"#0039A6","description":"Harlem Line","route":"Harlem","routeId":"2","shapeId":"osm-1158719-181921170","source":"OpenStreetMap","sourceUrl":"https://www.openstreetmap.org/copyright"},"geometry":{"type":"LineString","coordinates":[[-73.661915,41.347321],[-73.662008,41.347645],[-73.662065,41.347861],[-73.662137,41.348094],[-73.662214,41.348324],[-73.662303,41.348549],[-73.662423,41.348856]]}},{"type":"Feature","properties":{"agency":"MNR","color":"#0039A6","description":"Harlem Line","route":"Harlem","routeId":"2","shapeId":"osm-1158719-181921171","source":"OpenStreetMap","sourceUrl":"https://www.openstreetmap.org/copyright"},"geometry":{"type":"LineString","coordinates":[[-73.662831,41.350006],[-73.662782,41.349821],[-73.662726,41.349633],[-73.662545,41.349085]]}},{"type":"Feature","properties":{"agency":"MNR","color":"#0039A6","description":"Harlem Line","route":"Harlem","routeId":"2","shapeId":"osm-1158719-181921172","source":"OpenStreetMap","sourceUrl":"https://www.openstreetmap.org/copyright"},"geometry":{"type":"LineString","coordinates":[[-73.662876,41.350207],[-73.662831,41.350006]]}},{"type":"Feature","properties":{"agency":"MNR","color":"#0039A6","description":"Harlem Line","route":"Harlem","routeId":"2","shapeId":"osm-1158719-181921175","source":"OpenStreetMap","sourceUrl":"https://www.openstreetmap.org/copyright"},"geometry":{"type":"LineString","coordinates":[[-73.662423,41.348856],[-73.662499,41.349092]]}},{"type":"Feature","properties":{"agency":"MNR","color":"#0039A6","description":"Harlem Line","route":"Harlem","routeId":"2","shapeId":"osm-1158719-181921176","source":"OpenStreetMap","sourceUrl":"https://www.openstreetmap.org/copyright"},"geometry":{"type":"LineString","coordinates":[[-73.662467,41.348848],[-73.662373,41.34853],[-73.662306,41.348296],[-73.662235,41.348078],[-73.662154,41.347843],[-73.662077,41.347632],[-73.661959,41.347313]]}},{"type":"Feature","properties":{"agency":"MNR","color":"#0039A6","description":"Harlem Line","route":"Harlem","routeId":"2","shapeId":"osm-1158719-182831093","source":"OpenStreetMap","sourceUrl":"https://www.openstreetmap.org/copyright"},"geometry":{"type":"LineString","coordinates":[[-73.683443,41.246794],[-73.682768,41.247828],[-73.682605,41.248078],[-73.682464,41.248317],[-73.682323,41.24857],[-73.682208,41.248815],[-73.682099,41.249066],[-73.682005,41.249319],[-73.681922,41.249593],[-73.681858,41.249875],[-73.681812,41.250147],[-73.681779,41.250382],[-73.681759,41.250706],[-73.681758,41.251001],[-73.681781,41.251331],[-73.681829,41.251681],[-73.681901,41.252029],[-73.681995,41.2524],[-73.683307,41.25723]]}},{"type":"Feature","properties":{"agency":"MNR","color":"#0039A6","description":"Harlem Line","route":"Harlem","routeId":"2","shapeId":"osm-1158719-182831095","source":"OpenStreetMap","sourceUrl":"https://www.openstreetmap.org/copyright"},"geometry":{"type":"LineString","coordinates":[[-73.684665,41.262239],[-73.684763,41.262596]]}},{"type":"Feature","properties":{"agency":"MNR","color":"#0039A6","description":"Harlem Line","route":"Harlem","routeId":"2","shapeId":"osm-1158719-183382873","source":"OpenStreetMap","sourceUrl":"https://www.openstreetmap.org/copyright"},"geometry":{"type":"LineString","coordinates":[[-73.678791,41.28865],[-73.678691,41.288929],[-73.678419,41.289693],[-73.67832,41.289991],[-73.678232,41.290288],[-73.678137,41.290616],[-73.678049,41.290947],[-73.677963,41.291294],[-73.677888,41.291633],[-73.677812,41.292018],[-73.677747,41.29238],[-73.677695,41.292721],[-73.677643,41.293098],[-73.677601,41.293491],[-73.677568,41.293874],[-73.677541,41.294291],[-73.677523,41.294641],[-73.67752,41.29499],[-73.677522,41.295401],[-73.677541,41.295786],[-73.677554,41.296179],[-73.677551,41.296516],[-73.677526,41.296834],[-73.67748,41.297126],[-73.677407,41.297439],[-73.677314,41.297747],[-73.677189,41.298076],[-73.677049,41.298386],[-73.676903,41.298681],[-73.675959,41.300423],[-73.675778,41.30077],[-73.675633,41.301082],[-73.675516,41.301377],[-73.675418,41.301672],[-73.675343,41.301985],[-73.675288,41.302313],[-73.675259,41.302617],[-73.675246,41.302941],[-73.675243,41.303731],[-73.675233,41.304052],[-73.675208,41.304343],[-73.675162,41.304657],[-73.6751,41.304971],[-73.675017,41.305281],[-73.674927,41.305603],[-73.674462,41.307015],[-73.674332,41.307382],[-73.674229,41.307633],[-73.674111,41.307869],[-73.673995,41.308085],[-73.673869,41.308276],[-73.673725,41.308488],[-73.673566,41.308696],[-73.673396,41.308899],[-73.673203,41.30911],[-73.672945,41.309376],[-73.665788,41.316638],[-73.665455,41.316975],[-73.665126,41.317296],[-73.664789,41.317607],[-73.664467,41.317897],[-73.664141,41.318182],[-73.663801,41.318459],[-73.663446,41.318739],[-73.663091,41.319007],[-73.66271,41.319288],[-73.66225,41.319617],[-73.661839,41.319908],[-73.661138,41.320397]]}},{"type":"Feature","properties":{"agency":"MNR","color":"#0039A6","description":"Harlem Line","route":"Harlem","routeId":"2","shapeId":"osm-1158719-183382874","source":"OpenStreetMap","sourceUrl":"https://www.openstreetmap.org/copyright"},"geometry":{"type":"LineString","coordinates":[[-73.659135,41.327072],[-73.659185,41.327373]]}},{"type":"Feature","properties":{"agency":"MNR","color":"#0039A6","description":"Harlem Line","route":"Harlem","routeId":"2","shapeId":"osm-1158719-183382875","source":"OpenStreetMap","sourceUrl":"https://www.openstreetmap.org/copyright"},"geometry":{"type":"LineString","coordinates":[[-73.661179,41.320428],[-73.662741,41.319313],[-73.663124,41.319031],[-73.663479,41.318763],[-73.663835,41.318483],[-73.664176,41.318205],[-73.664502,41.317919],[-73.664824,41.317629],[-73.665161,41.317317],[-73.665491,41.316996],[-73.665825,41.316659],[-73.672982,41.309397],[-73.673241,41.30913],[-73.673434,41.308918],[-73.673605,41.308713],[-73.673766,41.308505],[-73.67391,41.308292],[-73.674037,41.308099],[-73.674154,41.307881],[-73.674273,41.307644],[-73.674376,41.307391],[-73.674507,41.307023],[-73.674972,41.305611],[-73.675062,41.305288],[-73.675145,41.304977],[-73.675207,41.304661],[-73.675253,41.304346],[-73.675279,41.304053],[-73.675289,41.303732],[-73.675292,41.302942],[-73.675305,41.302619],[-73.675334,41.302317],[-73.675389,41.301991],[-73.675463,41.301679],[-73.67556,41.301386],[-73.675677,41.301092],[-73.675821,41.300782],[-73.676005,41.300434],[-73.676944,41.298693],[-73.67709,41.298397],[-73.67723,41.298086],[-73.677356,41.297755],[-73.67745,41.297446],[-73.677523,41.297131],[-73.677569,41.296837],[-73.677595,41.296517],[-73.677598,41.296179],[-73.677596,41.295785],[-73.677594,41.295397],[-73.677607,41.29499],[-73.677622,41.294646],[-73.677641,41.29429],[-73.67767,41.293875],[-73.677704,41.293493],[-73.67774,41.293098],[-73.67778,41.292721],[-73.677828,41.292385],[-73.677883,41.292021],[-73.677948,41.291639],[-73.678016,41.29129],[-73.678091,41.290953],[-73.67818,41.290623],[-73.678292,41.290243]]}},{"type":"Feature","properties":{"agency":"MNR","color":"#0039A6","description":"Harlem Line","route":"Harlem","routeId":"2","shapeId":"osm-1158719-183382876","source":"OpenStreetMap","sourceUrl":"https://www.openstreetmap.org/copyright"},"geometry":{"type":"LineString","coordinates":[[-73.659238,41.327368],[-73.659189,41.327068]]}},{"type":"Feature","properties":{"agency":"MNR","color":"#0039A6","description":"Harlem Line","route":"Harlem","routeId":"2","shapeId":"osm-1158719-183382877","source":"OpenStreetMap","sourceUrl":"https://www.openstreetmap.org/copyright"},"geometry":{"type":"LineString","coordinates":[[-73.659185,41.327373],[-73.659763,41.330866],[-73.659811,41.331175],[-73.659843,41.331505],[-73.659846,41.331809],[-73.659824,41.3321],[-73.659787,41.332408],[-73.65972,41.332715],[-73.659628,41.333031],[-73.65951,41.33333],[-73.659374,41.333619],[-73.659206,41.333926],[-73.659008,41.334258],[-73.658583,41.334936],[-73.658407,41.335225],[-73.658239,41.335545],[-73.658115,41.335833],[-73.658009,41.336128],[-73.657937,41.336384],[-73.65789,41.336643],[-73.657858,41.33692],[-73.657843,41.33719],[-73.657845,41.33749],[-73.657874,41.337792],[-73.657933,41.33812],[-73.657996,41.338391],[-73.658071,41.33864],[-73.658152,41.338847],[-73.658255,41.339065],[-73.658369,41.339292],[-73.658491,41.339507],[-73.658623,41.339727],[-73.659761,41.341529],[-73.659887,41.341734],[-73.660006,41.34194],[-73.660113,41.34214],[-73.660221,41.342358],[-73.660315,41.342556],[-73.660402,41.342751],[-73.660481,41.342957],[-73.660562,41.343173],[-73.660633,41.343379],[-73.661867,41.347174]]}},{"type":"Feature","properties":{"agency":"MNR","color":"#0039A6","description":"Harlem Line","route":"Harlem","routeId":"2","shapeId":"osm-1158719-184252688","source":"OpenStreetMap","sourceUrl":"https://www.openstreetmap.org/copyright"},"geometry":{"type":"LineString","coordinates":[[-73.583252,41.682337],[-73.583185,41.682013],[-73.583105,41.681646],[-73.582963,41.68094],[-73.582821,41.680252],[-73.582714,41.679722],[-73.582522,41.67879],[-73.582354,41.677931],[-73.582038,41.676409],[-73.581761,41.675063],[-73.58143,41.673452],[-73.581212,41.672366],[-73.58101,41.671358],[-73.580766,41.670183],[-73.580662,41.669714],[-73.580562,41.669294],[-73.580455,41.66888],[-73.580357,41.66853],[-73.58026,41.668193],[-73.580165,41.667878],[-73.580052,41.66753],[-73.579941,41.667199],[-73.579826,41.666863],[-73.579718,41.666565]]}},{"type":"Feature","properties":{"agency":"MNR","color":"#0039A6","description":"Harlem Line","route":"Harlem","routeId":"2","shapeId":"osm-1158719-184252689","source":"OpenStreetMap","sourceUrl":"https://www.openstreetmap.org/copyright"},"geometry":{"type":"LineString","coordinates":[[-73.60617,41.501478],[-73.606188,41.501387]]}},{"type":"Feature","properties":{"agency":"MNR","color":"#0039A6","description":"Harlem Line","route":"Harlem","routeId":"2","shapeId":"osm-1158719-184252690","source":"OpenStreetMap","sourceUrl":"https://www.openstreetmap.org/copyright"},"geometry":{"type":"LineString","coordinates":[[-73.576413,41.65907],[-73.576342,41.658911]]}},{"type":"Feature","properties":{"agency":"MNR","color":"#0039A6","description":"Harlem Line","route":"Harlem","routeId":"2","shapeId":"osm-1158719-184252691","source":"OpenStreetMap","sourceUrl":"https://www.openstreetmap.org/copyright"},"geometry":{"type":"LineString","coordinates":[[-73.586497,41.693838],[-73.586448,41.693673]]}},{"type":"Feature","properties":{"agency":"MNR","color":"#0039A6","description":"Harlem Line","route":"Harlem","routeId":"2","shapeId":"osm-1158719-184252692","source":"OpenStreetMap","sourceUrl":"https://www.openstreetmap.org/copyright"},"geometry":{"type":"LineString","coordinates":[[-73.588186,41.592523],[-73.588214,41.592455]]}},{"type":"Feature","properties":{"agency":"MNR","color":"#0039A6","description":"Harlem Line","route":"Harlem","routeId":"2","shapeId":"osm-1158719-184252693","source":"OpenStreetMap","sourceUrl":"https://www.openstreetmap.org/copyright"},"geometry":{"type":"LineString","coordinates":[[-73.603187,41.529113],[-73.603228,41.528946]]}},{"type":"Feature","properties":{"agency":"MNR","color":"#0039A6","description":"Harlem Line","route":"Harlem","routeId":"2","shapeId":"osm-1158719-184252694","source":"OpenStreetMap","sourceUrl":"https://www.openstreetmap.org/copyright"},"geometry":{"type":"LineString","coordinates":[[-73.579718,41.666565],[-73.579655,41.666403]]}},{"type":"Feature","properties":{"agency":"MNR","color":"#0039A6","description":"Harlem Line","route":"Harlem","routeId":"2","shapeId":"osm-1158719-184252695","source":"OpenStreetMap","sourceUrl":"https://www.openstreetmap.org/copyright"},"geometry":{"type":"LineString","coordinates":[[-73.583285,41.682499],[-73.583252,41.682337]]}},{"type":"Feature","properties":{"agency":"MNR","color":"#0039A6","description":"Harlem Line","route":"Harlem","routeId":"2","shapeId":"osm-1158719-184252696","source":"OpenStreetMap","sourceUrl":"https://www.openstreetmap.org/copyright"},"geometry":{"type":"LineString","coordinates":[[-73.604161,41.524747],[-73.604189,41.524587]]}},{"type":"Feature","properties":{"agency":"MNR","color":"#0039A6","description":"Harlem Line","route":"Harlem","routeId":"2","shapeId":"osm-1158719-184252697","source":"OpenStreetMap","sourceUrl":"https://www.openstreetmap.org/copyright"},"geometry":{"type":"LineString","coordinates":[[-73.604189,41.524587],[-73.604226,41.524361],[-73.604261,41.524117]]}},{"type":"Feature","properties":{"agency":"MNR","color":"#0039A6","description":"Harlem Line","route":"Harlem","routeId":"2","shapeId":"osm-1158719-184252698","source":"OpenStreetMap","sourceUrl":"https://www.openstreetmap.org/copyright"},"geometry":{"type":"LineString","coordinates":[[-73.588214,41.592455],[-73.588534,41.591626],[-73.588778,41.590993],[-73.589618,41.588796],[-73.591174,41.584763],[-73.591375,41.584256],[-73.591686,41.583284],[-73.59213,41.582133],[-73.592245,41.581823],[-73.592339,41.581539],[-73.592417,41.581265],[-73.592486,41.581003],[-73.593264,41.57791],[-73.593338,41.577625],[-73.593412,41.577346],[-73.593483,41.577097],[-73.593567,41.576822],[-73.593659,41.576547],[-73.593756,41.576269],[-73.593857,41.576004],[-73.594107,41.575548],[-73.59436,41.57498],[-73.594436,41.574826],[-73.594639,41.574415],[-73.594901,41.57394],[-73.595435,41.573012],[-73.595797,41.572418],[-73.59615,41.571823],[-73.596955,41.570491],[-73.597556,41.569483],[-73.597844,41.568995],[-73.598044,41.568665],[-73.598312,41.568214],[-73.598576,41.567766],[-73.598857,41.567294],[-73.599238,41.566667],[-73.599529,41.566176],[-73.59978,41.565741],[-73.600023,41.565343],[-73.600133,41.565154],[-73.600205,41.565024],[-73.600262,41.564917],[-73.600325,41.564799],[-73.600469,41.564524],[-73.600539,41.564378],[-73.600643,41.564144],[-73.600694,41.56401],[-73.600756,41.563873],[-73.600882,41.563566],[-73.601048,41.563095],[-73.601129,41.562869],[-73.601202,41.562622],[-73.601284,41.562311],[-73.601361,41.562004],[-73.601384,41.561929],[-73.601401,41.561862],[-73.601488,41.561512],[-73.60158,41.561121],[-73.60168,41.560601],[-73.601782,41.559925],[-73.601954,41.558791],[-73.602013,41.558392]]}},{"type":"Feature","properties":{"agency":"MNR","color":"#0039A6","description":"Harlem Line","route":"Harlem","routeId":"2","shapeId":"osm-1158719-184252699","source":"OpenStreetMap","sourceUrl":"https://www.openstreetmap.org/copyright"},"geometry":{"type":"LineString","coordinates":[[-73.603228,41.528946],[-73.603528,41.527701],[-73.60373,41.526838],[-73.604021,41.525411],[-73.604071,41.525193],[-73.604116,41.52498],[-73.604161,41.524747]]}},{"type":"Feature","properties":{"agency":"MNR","color":"#0039A6","description":"Harlem Line","route":"Harlem","routeId":"2","shapeId":"osm-1158719-184252700","source":"OpenStreetMap","sourceUrl":"https://www.openstreetmap.org/copyright"},"geometry":{"type":"LineString","coordinates":[[-73.570043,41.65044],[-73.569903,41.650288],[-73.569761,41.650127],[-73.569618,41.649941],[-73.569495,41.649772],[-73.56938,41.64962],[-73.569256,41.649462],[-73.569153,41.649323],[-73.56904,41.649152],[-73.568937,41.648993],[-73.568837,41.648809],[-73.56876,41.648668],[-73.568675,41.648498],[-73.568595,41.648339],[-73.568508,41.64815],[-73.56843,41.647958],[-73.56836,41.647773],[-73.568299,41.64759],[-73.568242,41.647406],[-73.568188,41.647216],[-73.56815,41.647071],[-73.568115,41.646909],[-73.568104,41.646837],[-73.568063,41.646602]]}},{"type":"Feature","properties":{"agency":"MNR","color":"#0039A6","description":"Harlem Line","route":"Harlem","routeId":"2","shapeId":"osm-1158719-184252701","source":"OpenStreetMap","sourceUrl":"https://www.openstreetmap.org/copyright"},"geometry":{"type":"LineString","coordinates":[[-73.579655,41.666403],[-73.579514,41.666038],[-73.579342,41.66562],[-73.579214,41.665317],[-73.579022,41.664891],[-73.578809,41.664416],[-73.577754,41.662066],[-73.576413,41.65907]]}},{"type":"Feature","properties":{"agency":"MNR","color":"#0039A6","description":"Harlem Line","route":"Harlem","routeId":"2","shapeId":"osm-1158719-184252702","source":"OpenStreetMap","sourceUrl":"https://www.openstreetmap.org/copyright"},"geometry":{"type":"LineString","coordinates":[[-73.610874,41.483863],[-73.610781,41.483243],[-73.61044,41.481275],[-73.610226,41.479822],[-73.609925,41.477931],[-73.609797,41.477127],[-73.609685,41.476362],[-73.609616,41.475481],[-73.609616,41.474574],[-73.609685,41.473745],[-73.609942,41.472131],[-73.61123,41.467307],[-73.613144,41.460193],[-73.614972,41.45342],[-73.615118,41.452764],[-73.615247,41.45212],[-73.61535,41.451374],[-73.615401,41.450853],[-73.615427,41.450268],[-73.615418,41.449734],[-73.615384,41.449155],[-73.61504,41.4461],[-73.614989,41.445296],[-73.615006,41.444479],[-73.6151,41.443771],[-73.615238,41.443044],[-73.615469,41.442343],[-73.615554,41.442084],[-73.615701,41.441635],[-73.616028,41.440926]]}},{"type":"Feature","properties":{"agency":"MNR","color":"#0039A6","description":"Harlem Line","route":"Harlem","routeId":"2","shapeId":"osm-1158719-184252703","source":"OpenStreetMap","sourceUrl":"https://www.openstreetmap.org/copyright"},"geometry":{"type":"LineString","coordinates":[[-73.586448,41.693673],[-73.586024,41.692223],[-73.585675,41.691061],[-73.585389,41.690079],[-73.584716,41.687759],[-73.58434,41.686484],[-73.584019,41.685405],[-73.5839,41.685025],[-73.583776,41.684616],[-73.583676,41.684251],[-73.583578,41.683866],[-73.583463,41.683366],[-73.583285,41.682499]]}},{"type":"Feature","properties":{"agency":"MNR","color":"#0039A6","description":"Harlem Line","route":"Harlem","routeId":"2","shapeId":"osm-1158719-188526658","source":"OpenStreetMap","sourceUrl":"https://www.openstreetmap.org/copyright"},"geometry":{"type":"LineString","coordinates":[[-73.782629,41.124128],[-73.7826,41.124036],[-73.782575,41.123954],[-73.782553,41.123863],[-73.782532,41.123768],[-73.78252,41.123674],[-73.782503,41.12358],[-73.782489,41.12349],[-73.782475,41.123396],[-73.782463,41.123297],[-73.782455,41.123197],[-73.782449,41.123097],[-73.782445,41.122989],[-73.782443,41.122879]]}},{"type":"Feature","properties":{"agency":"MNR","color":"#0039A6","description":"Harlem Line","route":"Harlem","routeId":"2","shapeId":"osm-1158719-223180996","source":"OpenStreetMap","sourceUrl":"https://www.openstreetmap.org/copyright"},"geometry":{"type":"LineString","coordinates":[[-73.601588,41.544085],[-73.601342,41.538605],[-73.601331,41.538203],[-73.601339,41.537904],[-73.601353,41.537568],[-73.601378,41.537199],[-73.601414,41.536873],[-73.60146,41.53651],[-73.6015,41.536242],[-73.601556,41.535984],[-73.601602,41.535764],[-73.601743,41.535168],[-73.601998,41.534105],[-73.602263,41.53297],[-73.602594,41.531579],[-73.602795,41.530727],[-73.603187,41.529113]]}},{"type":"Feature","properties":{"agency":"MNR","color":"#0039A6","description":"Harlem Line","route":"Harlem","routeId":"2","shapeId":"osm-1158719-223180997","source":"OpenStreetMap","sourceUrl":"https://www.openstreetmap.org/copyright"},"geometry":{"type":"LineString","coordinates":[[-73.601592,41.54417],[-73.601588,41.544085]]}},{"type":"Feature","properties":{"agency":"MNR","color":"#0039A6","description":"Harlem Line","route":"Harlem","routeId":"2","shapeId":"osm-1158719-263921789","source":"OpenStreetMap","sourceUrl":"https://www.openstreetmap.org/copyright"},"geometry":{"type":"LineString","coordinates":[[-73.558048,41.780738],[-73.558337,41.780392],[-73.558942,41.779666],[-73.559314,41.779218],[-73.559523,41.778964],[-73.561403,41.776711],[-73.562328,41.775496],[-73.564048,41.77344],[-73.565342,41.771874],[-73.566938,41.769954],[-73.567249,41.769576],[-73.567555,41.769193],[-73.567877,41.768769],[-73.568174,41.768354],[-73.568465,41.767914],[-73.568721,41.767493],[-73.568923,41.767131],[-73.569108,41.766786],[-73.569299,41.766407],[-73.569575,41.765885]]}},{"type":"Feature","properties":{"agency":"MNR","color":"#0039A6","description":"Harlem Line","route":"Harlem","routeId":"2","shapeId":"osm-1158719-263921790","source":"OpenStreetMap","sourceUrl":"https://www.openstreetmap.org/copyright"},"geometry":{"type":"LineString","coordinates":[[-73.571786,41.761296],[-73.571853,41.761158],[-73.572001,41.760828],[-73.572096,41.760598],[-73.5722,41.760327],[-73.572296,41.76003],[-73.572399,41.75969],[-73.572546,41.759076],[-73.572824,41.757821],[-73.573227,41.756018],[-73.57365,41.754071],[-73.573947,41.752715],[-73.573977,41.752575]]}},{"type":"Feature","properties":{"agency":"MNR","color":"#0039A6","description":"Harlem Line","route":"Harlem","routeId":"2","shapeId":"osm-1158719-263921791","source":"OpenStreetMap","sourceUrl":"https://www.openstreetmap.org/copyright"},"geometry":{"type":"LineString","coordinates":[[-73.562202,41.813864],[-73.562192,41.813806],[-73.56196,41.812548],[-73.561886,41.812141],[-73.561726,41.811463],[-73.561653,41.811111],[-73.561564,41.810714],[-73.561474,41.810363],[-73.561381,41.809995],[-73.56077,41.807585],[-73.560413,41.806266],[-73.560128,41.805226],[-73.559685,41.803761],[-73.559513,41.803129],[-73.559435,41.802833],[-73.559339,41.802447],[-73.559244,41.802079],[-73.559181,41.801854],[-73.559117,41.801655],[-73.559042,41.80145],[-73.558962,41.801268],[-73.558871,41.801083],[-73.558759,41.800884],[-73.558642,41.80069],[-73.558527,41.800517],[-73.558401,41.800345],[-73.558269,41.800182],[-73.558129,41.800023],[-73.557974,41.799856],[-73.557826,41.799706],[-73.557662,41.799546],[-73.556527,41.798485]]}},{"type":"Feature","properties":{"agency":"MNR","color":"#0039A6","description":"Harlem Line","route":"Harlem","routeId":"2","shapeId":"osm-1158719-263921792","source":"OpenStreetMap","sourceUrl":"https://www.openstreetmap.org/copyright"},"geometry":{"type":"LineString","coordinates":[[-73.552714,41.790272],[-73.552845,41.78994],[-73.552993,41.789578],[-73.55413,41.786814],[-73.554451,41.786145],[-73.554567,41.785865],[-73.554688,41.785572],[-73.555027,41.78488],[-73.555207,41.78454],[-73.555454,41.78412],[-73.55589,41.783432],[-73.55634,41.782815],[-73.557255,41.781686],[-73.557855,41.780969]]}},{"type":"Feature","properties":{"agency":"MNR","color":"#0039A6","description":"Harlem Line","route":"Harlem","routeId":"2","shapeId":"osm-1158719-263921793","source":"OpenStreetMap","sourceUrl":"https://www.openstreetmap.org/copyright"},"geometry":{"type":"LineString","coordinates":[[-73.556527,41.798485],[-73.556424,41.798389]]}},{"type":"Feature","properties":{"agency":"MNR","color":"#0039A6","description":"Harlem Line","route":"Harlem","routeId":"2","shapeId":"osm-1158719-263921794","source":"OpenStreetMap","sourceUrl":"https://www.openstreetmap.org/copyright"},"geometry":{"type":"LineString","coordinates":[[-73.552541,41.794101],[-73.552504,41.79401]]}},{"type":"Feature","properties":{"agency":"MNR","color":"#0039A6","description":"Harlem Line","route":"Harlem","routeId":"2","shapeId":"osm-1158719-263921795","source":"OpenStreetMap","sourceUrl":"https://www.openstreetmap.org/copyright"},"geometry":{"type":"LineString","coordinates":[[-73.575283,41.746622],[-73.57536,41.746266]]}},{"type":"Feature","properties":{"agency":"MNR","color":"#0039A6","description":"Harlem Line","route":"Harlem","routeId":"2","shapeId":"osm-1158719-263921796","source":"OpenStreetMap","sourceUrl":"https://www.openstreetmap.org/copyright"},"geometry":{"type":"LineString","coordinates":[[-73.557855,41.780969],[-73.558048,41.780738]]}},{"type":"Feature","properties":{"agency":"MNR","color":"#0039A6","description":"Harlem Line","route":"Harlem","routeId":"2","shapeId":"osm-1158719-263921797","source":"OpenStreetMap","sourceUrl":"https://www.openstreetmap.org/copyright"},"geometry":{"type":"LineString","coordinates":[[-73.569575,41.765885],[-73.56972,41.76558]]}},{"type":"Feature","properties":{"agency":"MNR","color":"#0039A6","description":"Harlem Line","route":"Harlem","routeId":"2","shapeId":"osm-1158719-263921798","source":"OpenStreetMap","sourceUrl":"https://www.openstreetmap.org/copyright"},"geometry":{"type":"LineString","coordinates":[[-73.571634,41.761609],[-73.571786,41.761296]]}},{"type":"Feature","properties":{"agency":"MNR","color":"#0039A6","description":"Harlem Line","route":"Harlem","routeId":"2","shapeId":"osm-1158719-263921799","source":"OpenStreetMap","sourceUrl":"https://www.openstreetmap.org/copyright"},"geometry":{"type":"LineString","coordinates":[[-73.56972,41.76558],[-73.571484,41.761917],[-73.571634,41.761609]]}},{"type":"Feature","properties":{"agency":"MNR","color":"#0039A6","description":"Harlem Line","route":"Harlem","routeId":"2","shapeId":"osm-1158719-302696128","source":"OpenStreetMap","sourceUrl":"https://www.openstreetmap.org/copyright"},"geometry":{"type":"LineString","coordinates":[[-73.79272,41.136694],[-73.792731,41.13653],[-73.79274,41.136372],[-73.792745,41.136235],[-73.792748,41.136119],[-73.79275,41.136003],[-73.79275,41.135878],[-73.792746,41.135764],[-73.792741,41.135657],[-73.792729,41.135542],[-73.792711,41.135431],[-73.792692,41.135326],[-73.792665,41.135215],[-73.792635,41.135106],[-73.792602,41.135008],[-73.792567,41.134912],[-73.792529,41.134816],[-73.792493,41.134732],[-73.792456,41.13465],[-73.792414,41.134561],[-73.792364,41.134459],[-73.792314,41.134358],[-73.792264,41.13426],[-73.792212,41.134162],[-73.79215,41.134051],[-73.792088,41.133941],[-73.792011,41.133813],[-73.791928,41.133679],[-73.791846,41.133554],[-73.79177,41.13344],[-73.791685,41.133325],[-73.791601,41.133219],[-73.791513,41.133118],[-73.791417,41.133013],[-73.79132,41.132915],[-73.791218,41.13282],[-73.791115,41.132727],[-73.790801,41.132452],[-73.790646,41.132317],[-73.790518,41.132202]]}},{"type":"Feature","properties":{"agency":"MNR","color":"#0039A6","description":"Harlem Line","route":"Harlem","routeId":"2","shapeId":"osm-1158719-302696129","source":"OpenStreetMap","sourceUrl":"https://www.openstreetmap.org/copyright"},"geometry":{"type":"LineString","coordinates":[[-73.787827,41.129736],[-73.787782,41.129696]]}},{"type":"Feature","properties":{"agency":"MNR","color":"#0039A6","description":"Harlem Line","route":"Harlem","routeId":"2","shapeId":"osm-1158719-302696130","source":"OpenStreetMap","sourceUrl":"https://www.openstreetmap.org/copyright"},"geometry":{"type":"LineString","coordinates":[[-73.787748,41.129719],[-73.787792,41.129758]]}},{"type":"Feature","properties":{"agency":"MNR","color":"#0039A6","description":"Harlem Line","route":"Harlem","routeId":"2","shapeId":"osm-1158719-302696131","source":"OpenStreetMap","sourceUrl":"https://www.openstreetmap.org/copyright"},"geometry":{"type":"LineString","coordinates":[[-73.79266,41.136691],[-73.792627,41.137059],[-73.792609,41.137276],[-73.792583,41.137469],[-73.792517,41.137836],[-73.792429,41.138216],[-73.792312,41.138599],[-73.79215,41.139049],[-73.791924,41.139576],[-73.791685,41.140039],[-73.791391,41.140555],[-73.791032,41.141077],[-73.790741,41.141473],[-73.790273,41.14202],[-73.789486,41.142826],[-73.788644,41.143678],[-73.787356,41.14493],[-73.786927,41.145363],[-73.786708,41.145569]]}},{"type":"Feature","properties":{"agency":"MNR","color":"#0039A6","description":"Harlem Line","route":"Harlem","routeId":"2","shapeId":"osm-1158719-327356427","source":"OpenStreetMap","sourceUrl":"https://www.openstreetmap.org/copyright"},"geometry":{"type":"LineString","coordinates":[[-73.862809,40.895353],[-73.863039,40.894997],[-73.863276,40.894637]]}},{"type":"Feature","properties":{"agency":"MNR","color":"#0039A6","description":"Harlem Line","route":"Harlem","routeId":"2","shapeId":"osm-1158719-327356428","source":"OpenStreetMap","sourceUrl":"https://www.openstreetmap.org/copyright"},"geometry":{"type":"LineString","coordinates":[[-73.86322,40.894473],[-73.86218,40.896072]]}},{"type":"Feature","properties":{"agency":"MNR","color":"#0039A6","description":"Harlem Line","route":"Harlem","routeId":"2","shapeId":"osm-1158719-340682529","source":"OpenStreetMap","sourceUrl":"https://www.openstreetmap.org/copyright"},"geometry":{"type":"LineString","coordinates":[[-73.861446,40.897407],[-73.861468,40.897374]]}},{"type":"Feature","properties":{"agency":"MNR","color":"#0039A6","description":"Harlem Line","route":"Harlem","routeId":"2","shapeId":"osm-1158719-340682530","source":"OpenStreetMap","sourceUrl":"https://www.openstreetmap.org/copyright"},"geometry":{"type":"LineString","coordinates":[[-73.85973,40.899802],[-73.859615,40.899974],[-73.858935,40.900998],[-73.858384,40.901825],[-73.857915,40.902529],[-73.856987,40.903921],[-73.856153,40.905177],[-73.855814,40.905681],[-73.854997,40.906907],[-73.854699,40.907356],[-73.854337,40.9079],[-73.853777,40.908722],[-73.853045,40.909672],[-73.852769,40.910001],[-73.85163,40.911367],[-73.851248,40.911825],[-73.850056,40.913256],[-73.849939,40.913395]]}},{"type":"Feature","properties":{"agency":"MNR","color":"#0039A6","description":"Harlem Line","route":"Harlem","routeId":"2","shapeId":"osm-1158719-340682532","source":"OpenStreetMap","sourceUrl":"https://www.openstreetmap.org/copyright"},"geometry":{"type":"LineString","coordinates":[[-73.860371,40.898757],[-73.860305,40.898852],[-73.860262,40.898919]]}},{"type":"Feature","properties":{"agency":"MNR","color":"#0039A6","description":"Harlem Line","route":"Harlem","routeId":"2","shapeId":"osm-1158719-340723768","source":"OpenStreetMap","sourceUrl":"https://www.openstreetmap.org/copyright"},"geometry":{"type":"LineString","coordinates":[[-73.921033,40.822031],[-73.921357,40.821812],[-73.921565,40.821669],[-73.921653,40.821608],[-73.921948,40.8214],[-73.92229,40.821142],[-73.922637,40.820871],[-73.923061,40.820529],[-73.923479,40.820148],[-73.923883,40.819791],[-73.924197,40.819497],[-73.924498,40.819199],[-73.924719,40.818971],[-73.924953,40.818736],[-73.925191,40.818494],[-73.925328,40.818354]]}},{"type":"Feature","properties":{"agency":"MNR","color":"#0039A6","description":"Harlem Line","route":"Harlem","routeId":"2","shapeId":"osm-1158719-340723769","source":"OpenStreetMap","sourceUrl":"https://www.openstreetmap.org/copyright"},"geometry":{"type":"LineString","coordinates":[[-73.92529,40.818218],[-73.925092,40.818444],[-73.924868,40.818692],[-73.924643,40.818929],[-73.924423,40.819156],[-73.924123,40.819453],[-73.923811,40.819746],[-73.923408,40.820103],[-73.92299,40.820482],[-73.922569,40.820822],[-73.922223,40.821092],[-73.921883,40.821349],[-73.92159,40.821556],[-73.921502,40.821615],[-73.921294,40.821759],[-73.920934,40.822],[-73.920649,40.82218],[-73.91966,40.822815]]}},{"type":"Feature","properties":{"agency":"MNR","color":"#0039A6","description":"Harlem Line","route":"Harlem","routeId":"2","shapeId":"osm-1158719-340723770","source":"OpenStreetMap","sourceUrl":"https://www.openstreetmap.org/copyright"},"geometry":{"type":"LineString","coordinates":[[-73.926424,40.816897],[-73.926504,40.816773],[-73.926511,40.816764]]}},{"type":"Feature","properties":{"agency":"MNR","color":"#0039A6","description":"Harlem Line","route":"Harlem","routeId":"2","shapeId":"osm-1158719-340723775","source":"OpenStreetMap","sourceUrl":"https://www.openstreetmap.org/copyright"},"geometry":{"type":"LineString","coordinates":[[-73.857517,40.903233],[-73.858432,40.901847],[-73.858557,40.901661],[-73.858989,40.901014],[-73.859665,40.89999],[-73.85968,40.899967],[-73.859779,40.899818]]}},{"type":"Feature","properties":{"agency":"MNR","color":"#0039A6","description":"Harlem Line","route":"Harlem","routeId":"2","shapeId":"osm-1158719-340723777","source":"OpenStreetMap","sourceUrl":"https://www.openstreetmap.org/copyright"},"geometry":{"type":"LineString","coordinates":[[-73.927657,40.81515],[-73.927746,40.815023]]}},{"type":"Feature","properties":{"agency":"MNR","color":"#0039A6","description":"Harlem Line","route":"Harlem","routeId":"2","shapeId":"osm-1158719-340723786","source":"OpenStreetMap","sourceUrl":"https://www.openstreetmap.org/copyright"},"geometry":{"type":"LineString","coordinates":[[-73.86127,40.897419],[-73.860605,40.898409],[-73.860371,40.898757]]}},{"type":"Feature","properties":{"agency":"MNR","color":"#0039A6","description":"Harlem Line","route":"Harlem","routeId":"2","shapeId":"osm-1158719-340895912","source":"OpenStreetMap","sourceUrl":"https://www.openstreetmap.org/copyright"},"geometry":{"type":"LineString","coordinates":[[-73.931258,40.811944],[-73.931206,40.811965]]}},{"type":"Feature","properties":{"agency":"MNR","color":"#0039A6","description":"Harlem Line","route":"Harlem","routeId":"2","shapeId":"osm-1158719-340895917","source":"OpenStreetMap","sourceUrl":"https://www.openstreetmap.org/copyright"},"geometry":{"type":"LineString","coordinates":[[-73.932455,40.811439],[-73.931199,40.811929]]}},{"type":"Feature","properties":{"agency":"MNR","color":"#0039A6","description":"Harlem Line","route":"Harlem","routeId":"2","shapeId":"osm-1158719-340895927","source":"OpenStreetMap","sourceUrl":"https://www.openstreetmap.org/copyright"},"geometry":{"type":"LineString","coordinates":[[-73.919691,40.822843],[-73.920681,40.822208],[-73.920966,40.822028],[-73.921326,40.821786],[-73.921536,40.821643],[-73.921623,40.821583],[-73.921917,40.821375],[-73.922257,40.821117],[-73.922604,40.820847],[-73.923027,40.820507],[-73.923445,40.820126],[-73.923848,40.819769],[-73.924161,40.819476],[-73.924462,40.819178],[-73.924682,40.818951],[-73.924908,40.818713],[-73.925132,40.818465],[-73.925333,40.818236]]}},{"type":"Feature","properties":{"agency":"MNR","color":"#0039A6","description":"Harlem Line","route":"Harlem","routeId":"2","shapeId":"osm-1158719-340895928","source":"OpenStreetMap","sourceUrl":"https://www.openstreetmap.org/copyright"},"geometry":{"type":"LineString","coordinates":[[-73.927475,40.815329],[-73.927496,40.815301],[-73.927644,40.815092]]}},{"type":"Feature","properties":{"agency":"MNR","color":"#0039A6","description":"Harlem Line","route":"Harlem","routeId":"2","shapeId":"osm-1158719-372870994","source":"OpenStreetMap","sourceUrl":"https://www.openstreetmap.org/copyright"},"geometry":{"type":"LineString","coordinates":[[-73.790863,41.016096],[-73.790724,41.016244],[-73.789613,41.017434],[-73.788482,41.018642],[-73.787691,41.019475],[-73.786597,41.020574],[-73.785781,41.021375],[-73.785584,41.021573],[-73.785119,41.022024],[-73.784509,41.022587],[-73.783765,41.023259],[-73.783037,41.023959]]}},{"type":"Feature","properties":{"agency":"MNR","color":"#0039A6","description":"Harlem Line","route":"Harlem","routeId":"2","shapeId":"osm-1158719-372871056","source":"OpenStreetMap","sourceUrl":"https://www.openstreetmap.org/copyright"},"geometry":{"type":"LineString","coordinates":[[-73.78564,41.021574],[-73.785811,41.021406],[-73.78663,41.020605],[-73.786764,41.020471],[-73.786891,41.020345],[-73.787732,41.019499],[-73.788107,41.019118],[-73.788524,41.01866],[-73.789652,41.017458],[-73.789755,41.017347]]}},{"type":"Feature","properties":{"agency":"MNR","color":"#0039A6","description":"Harlem Line","route":"Harlem","routeId":"2","shapeId":"osm-1158719-373419168","source":"OpenStreetMap","sourceUrl":"https://www.openstreetmap.org/copyright"},"geometry":{"type":"LineString","coordinates":[[-73.808913,40.987433],[-73.808905,40.987469],[-73.808778,40.988042],[-73.808538,40.989173],[-73.808356,40.990029],[-73.808017,40.991531],[-73.807932,40.991859],[-73.807836,40.992135],[-73.807688,40.992479],[-73.807512,40.992833],[-73.806471,40.994729]]}},{"type":"Feature","properties":{"agency":"MNR","color":"#0039A6","description":"Harlem Line","route":"Harlem","routeId":"2","shapeId":"osm-1158719-373419173","source":"OpenStreetMap","sourceUrl":"https://www.openstreetmap.org/copyright"},"geometry":{"type":"LineString","coordinates":[[-73.811801,40.979567],[-73.811714,40.979774]]}},{"type":"Feature","properties":{"agency":"MNR","color":"#0039A6","description":"Harlem Line","route":"Harlem","routeId":"2","shapeId":"osm-1158719-373419175","source":"OpenStreetMap","sourceUrl":"https://www.openstreetmap.org/copyright"},"geometry":{"type":"LineString","coordinates":[[-73.811774,40.979757],[-73.811857,40.97956]]}},{"type":"Feature","properties":{"agency":"MNR","color":"#0039A6","description":"Harlem Line","route":"Harlem","routeId":"2","shapeId":"osm-1158719-373419176","source":"OpenStreetMap","sourceUrl":"https://www.openstreetmap.org/copyright"},"geometry":{"type":"LineString","coordinates":[[-73.811857,40.97956],[-73.812544,40.977916],[-73.812726,40.977478],[-73.813118,40.97654],[-73.813276,40.976158],[-73.81352,40.975573],[-73.813925,40.974612],[-73.815113,40.971765],[-73.815583,40.970629]]}},{"type":"Feature","properties":{"agency":"MNR","color":"#0039A6","description":"Harlem Line","route":"Harlem","routeId":"2","shapeId":"osm-1158719-759735445","source":"OpenStreetMap","sourceUrl":"https://www.openstreetmap.org/copyright"},"geometry":{"type":"LineString","coordinates":[[-73.973623,40.757572],[-73.973531,40.757697],[-73.973473,40.757777],[-73.97322,40.758124],[-73.972968,40.75847],[-73.972716,40.758817],[-73.972463,40.759163]]}},{"type":"Feature","properties":{"agency":"MNR","color":"#0039A6","description":"Harlem Line","route":"Harlem","routeId":"2","shapeId":"osm-1158719-759735446","source":"OpenStreetMap","sourceUrl":"https://www.openstreetmap.org/copyright"},"geometry":{"type":"LineString","coordinates":[[-73.973512,40.757794],[-73.97326,40.758141],[-73.973008,40.758487],[-73.972756,40.758833]]}},{"type":"Feature","properties":{"agency":"MNR","color":"#0039A6","description":"Harlem Line","route":"Harlem","routeId":"2","shapeId":"osm-1158719-759735450","source":"OpenStreetMap","sourceUrl":"https://www.openstreetmap.org/copyright"},"geometry":{"type":"LineString","coordinates":[[-73.97334,40.758174],[-73.973087,40.75852]]}},{"type":"Feature","properties":{"agency":"MNR","color":"#0039A6","description":"Harlem Line","route":"Harlem","routeId":"2","shapeId":"osm-1158719-759735465","source":"OpenStreetMap","sourceUrl":"https://www.openstreetmap.org/copyright"},"geometry":{"type":"LineString","coordinates":[[-73.971329,40.760721],[-73.971202,40.760895],[-73.97095,40.761242],[-73.970763,40.761497]]}},{"type":"Feature","properties":{"agency":"MNR","color":"#0039A6","description":"Harlem Line","route":"Harlem","routeId":"2","shapeId":"osm-1158719-759735467","source":"OpenStreetMap","sourceUrl":"https://www.openstreetmap.org/copyright"},"geometry":{"type":"LineString","coordinates":[[-73.970763,40.761497],[-73.970659,40.76164],[-73.970656,40.761645],[-73.970014,40.762524]]}},{"type":"Feature","properties":{"agency":"MNR","color":"#0039A6","description":"Harlem Line","route":"Harlem","routeId":"2","shapeId":"osm-1158719-759735468","source":"OpenStreetMap","sourceUrl":"https://www.openstreetmap.org/copyright"},"geometry":{"type":"LineString","coordinates":[[-73.968761,40.764312],[-73.968758,40.764318],[-73.968343,40.764887],[-73.967087,40.766608],[-73.961709,40.77398],[-73.951994,40.787292]]}},{"type":"Feature","properties":{"agency":"MNR","color":"#0039A6","description":"Harlem Line","route":"Harlem","routeId":"2","shapeId":"osm-1158719-759735469","source":"OpenStreetMap","sourceUrl":"https://www.openstreetmap.org/copyright"},"geometry":{"type":"LineString","coordinates":[[-73.952031,40.787307],[-73.961748,40.773996],[-73.967127,40.766625],[-73.968383,40.764904],[-73.968797,40.764334],[-73.968801,40.764329]]}},{"type":"Feature","properties":{"agency":"MNR","color":"#0039A6","description":"Harlem Line","route":"Harlem","routeId":"2","shapeId":"osm-1158719-759735470","source":"OpenStreetMap","sourceUrl":"https://www.openstreetmap.org/copyright"},"geometry":{"type":"LineString","coordinates":[[-73.970676,40.761765],[-73.970739,40.761676],[-73.970742,40.761671],[-73.970858,40.761513]]}},{"type":"Feature","properties":{"agency":"MNR","color":"#0039A6","description":"Harlem Line","route":"Harlem","routeId":"2","shapeId":"osm-1158719-759735471","source":"OpenStreetMap","sourceUrl":"https://www.openstreetmap.org/copyright"},"geometry":{"type":"LineString","coordinates":[[-73.971162,40.761019],[-73.970989,40.761258],[-73.970737,40.761605],[-73.9707,40.761655],[-73.970697,40.761659],[-73.970321,40.762165]]}},{"type":"Feature","properties":{"agency":"MNR","color":"#0039A6","description":"Harlem Line","route":"Harlem","routeId":"2","shapeId":"osm-1158719-759735472","source":"OpenStreetMap","sourceUrl":"https://www.openstreetmap.org/copyright"},"geometry":{"type":"LineString","coordinates":[[-73.971406,40.760686],[-73.971242,40.760912],[-73.971162,40.761019]]}},{"type":"Feature","properties":{"agency":"MNR","color":"#0039A6","description":"Harlem Line","route":"Harlem","routeId":"2","shapeId":"osm-1158719-759735473","source":"OpenStreetMap","sourceUrl":"https://www.openstreetmap.org/copyright"},"geometry":{"type":"LineString","coordinates":[[-73.972251,40.759526],[-73.971998,40.759873],[-73.971494,40.760566],[-73.971406,40.760686]]}},{"type":"Feature","properties":{"agency":"MNR","color":"#0039A6","description":"Harlem Line","route":"Harlem","routeId":"2","shapeId":"osm-1158719-759735474","source":"OpenStreetMap","sourceUrl":"https://www.openstreetmap.org/copyright"},"geometry":{"type":"LineString","coordinates":[[-73.970987,40.761333],[-73.970858,40.761513]]}},{"type":"Feature","properties":{"agency":"MNR","color":"#0039A6","description":"Harlem Line","route":"Harlem","routeId":"2","shapeId":"osm-1158719-759735475","source":"OpenStreetMap","sourceUrl":"https://www.openstreetmap.org/copyright"},"geometry":{"type":"LineString","coordinates":[[-73.971281,40.760929],[-73.971029,40.761275],[-73.970987,40.761333]]}},{"type":"Feature","properties":{"agency":"MNR","color":"#0039A6","description":"Harlem Line","route":"Harlem","routeId":"2","shapeId":"osm-1158719-759735477","source":"OpenStreetMap","sourceUrl":"https://www.openstreetmap.org/copyright"},"geometry":{"type":"LineString","coordinates":[[-73.971786,40.760236],[-73.971534,40.760582],[-73.971281,40.760929]]}},{"type":"Feature","properties":{"agency":"MNR","color":"#0039A6","description":"Harlem Line","route":"Harlem","routeId":"2","shapeId":"osm-1158719-759735507","source":"OpenStreetMap","sourceUrl":"https://www.openstreetmap.org/copyright"},"geometry":{"type":"LineString","coordinates":[[-73.97233,40.759559],[-73.972078,40.759906],[-73.971826,40.760252],[-73.971573,40.760599],[-73.971281,40.760929]]}},{"type":"Feature","properties":{"agency":"MNR","color":"#0039A6","description":"Harlem Line","route":"Harlem","routeId":"2","shapeId":"osm-1158719-759735508","source":"OpenStreetMap","sourceUrl":"https://www.openstreetmap.org/copyright"},"geometry":{"type":"LineString","coordinates":[[-73.972289,40.75954],[-73.972038,40.759889],[-73.971786,40.760236]]}},{"type":"Feature","properties":{"agency":"MNR","color":"#0039A6","description":"Harlem Line","route":"Harlem","routeId":"2","shapeId":"osm-1158719-759735510","source":"OpenStreetMap","sourceUrl":"https://www.openstreetmap.org/copyright"},"geometry":{"type":"LineString","coordinates":[[-73.972211,40.75951],[-73.971959,40.759856],[-73.971706,40.760203],[-73.971454,40.760549],[-73.971329,40.760721]]}},{"type":"Feature","properties":{"agency":"MNR","color":"#0039A6","description":"Harlem Line","route":"Harlem","routeId":"2","shapeId":"osm-1158719-759735512","source":"OpenStreetMap","sourceUrl":"https://www.openstreetmap.org/copyright"},"geometry":{"type":"LineString","coordinates":[[-73.976959,40.753066],[-73.976243,40.754046],[-73.975009,40.755741],[-73.974762,40.756077],[-73.974524,40.756405]]}},{"type":"Feature","properties":{"agency":"MNR","color":"#0039A6","description":"Harlem Line","route":"Harlem","routeId":"2","shapeId":"osm-1158719-759735514","source":"OpenStreetMap","sourceUrl":"https://www.openstreetmap.org/copyright"},"geometry":{"type":"LineString","coordinates":[[-73.976998,40.753083],[-73.976285,40.754063],[-73.975049,40.755758],[-73.974823,40.756102],[-73.974605,40.756437],[-73.974367,40.756764]]}},{"type":"Feature","properties":{"agency":"MNR","color":"#0039A6","description":"Harlem Line","route":"Harlem","routeId":"2","shapeId":"osm-1158719-759771422","source":"OpenStreetMap","sourceUrl":"https://www.openstreetmap.org/copyright"},"geometry":{"type":"LineString","coordinates":[[-73.97413,40.75709],[-73.973651,40.757746],[-73.973592,40.757827],[-73.97334,40.758174]]}},{"type":"Feature","properties":{"agency":"MNR","color":"#0039A6","description":"Harlem Line","route":"Harlem","routeId":"2","shapeId":"osm-1158719-759771425","source":"OpenStreetMap","sourceUrl":"https://www.openstreetmap.org/copyright"},"geometry":{"type":"LineString","coordinates":[[-73.973772,40.757366],[-73.973623,40.757572]]}},{"type":"Feature","properties":{"agency":"MNR","color":"#0039A6","description":"Harlem Line","route":"Harlem","routeId":"2","shapeId":"osm-1158719-759771432","source":"OpenStreetMap","sourceUrl":"https://www.openstreetmap.org/copyright"},"geometry":{"type":"LineString","coordinates":[[-73.974367,40.756764],[-73.97413,40.75709]]}},{"type":"Feature","properties":{"agency":"MNR","color":"#0039A6","description":"Harlem Line","route":"Harlem","routeId":"2","shapeId":"osm-1158719-759771433","source":"OpenStreetMap","sourceUrl":"https://www.openstreetmap.org/copyright"},"geometry":{"type":"LineString","coordinates":[[-73.974287,40.756731],[-73.974049,40.757058]]}},{"type":"Feature","properties":{"agency":"MNR","color":"#0039A6","description":"Harlem Line","route":"Harlem","routeId":"2","shapeId":"osm-1158719-759771445","source":"OpenStreetMap","sourceUrl":"https://www.openstreetmap.org/copyright"},"geometry":{"type":"LineString","coordinates":[[-73.974722,40.75606],[-73.974483,40.756388],[-73.974246,40.756715],[-73.974009,40.75704],[-73.973772,40.757366]]}},{"type":"Feature","properties":{"agency":"MNR","color":"#0039A6","description":"Harlem Line","route":"Harlem","routeId":"2","shapeId":"osm-1158719-759771447","source":"OpenStreetMap","sourceUrl":"https://www.openstreetmap.org/copyright"},"geometry":{"type":"LineString","coordinates":[[-73.974049,40.757058],[-73.973571,40.757714],[-73.973512,40.757794]]}},{"type":"Feature","properties":{"agency":"MNR","color":"#0039A6","description":"Harlem Line","route":"Harlem","routeId":"2","shapeId":"osm-1158719-759771450","source":"OpenStreetMap","sourceUrl":"https://www.openstreetmap.org/copyright"},"geometry":{"type":"LineString","coordinates":[[-73.974524,40.756405],[-73.974287,40.756731]]}},{"type":"Feature","properties":{"agency":"MNR","color":"#0039A6","description":"Harlem Line","route":"Harlem","routeId":"2","shapeId":"osm-1158719-760062787","source":"OpenStreetMap","sourceUrl":"https://www.openstreetmap.org/copyright"},"geometry":{"type":"LineString","coordinates":[[-73.914593,40.826159],[-73.914984,40.825904],[-73.915232,40.82574]]}},{"type":"Feature","properties":{"agency":"MNR","color":"#0039A6","description":"Harlem Line","route":"Harlem","routeId":"2","shapeId":"osm-1158719-760062818","source":"OpenStreetMap","sourceUrl":"https://www.openstreetmap.org/copyright"},"geometry":{"type":"LineString","coordinates":[[-73.861117,40.897725],[-73.860646,40.898423],[-73.860613,40.898472],[-73.859833,40.899647]]}},{"type":"Feature","properties":{"agency":"MNR","color":"#0039A6","description":"Harlem Line","route":"Harlem","routeId":"2","shapeId":"osm-1158719-760062819","source":"OpenStreetMap","sourceUrl":"https://www.openstreetmap.org/copyright"},"geometry":{"type":"LineString","coordinates":[[-73.860688,40.898459],[-73.8607,40.898443],[-73.861328,40.897497]]}},{"type":"Feature","properties":{"agency":"MNR","color":"#0039A6","description":"Harlem Line","route":"Harlem","routeId":"2","shapeId":"osm-1158719-760062823","source":"OpenStreetMap","sourceUrl":"https://www.openstreetmap.org/copyright"},"geometry":{"type":"LineString","coordinates":[[-73.862087,40.896268],[-73.861634,40.89696]]}},{"type":"Feature","properties":{"agency":"MNR","color":"#0039A6","description":"Harlem Line","route":"Harlem","routeId":"2","shapeId":"osm-1158719-760062824","source":"OpenStreetMap","sourceUrl":"https://www.openstreetmap.org/copyright"},"geometry":{"type":"LineString","coordinates":[[-73.861815,40.896606],[-73.861604,40.896928]]}},{"type":"Feature","properties":{"agency":"MNR","color":"#0039A6","description":"Harlem Line","route":"Harlem","routeId":"2","shapeId":"osm-1158719-760062825","source":"OpenStreetMap","sourceUrl":"https://www.openstreetmap.org/copyright"},"geometry":{"type":"LineString","coordinates":[[-73.862466,40.895704],[-73.862087,40.896268]]}},{"type":"Feature","properties":{"agency":"MNR","color":"#0039A6","description":"Harlem Line","route":"Harlem","routeId":"2","shapeId":"osm-1158719-760062826","source":"OpenStreetMap","sourceUrl":"https://www.openstreetmap.org/copyright"},"geometry":{"type":"LineString","coordinates":[[-73.863871,40.893501],[-73.863725,40.89372],[-73.863385,40.894237]]}},{"type":"Feature","properties":{"agency":"MNR","color":"#0039A6","description":"Harlem Line","route":"Harlem","routeId":"2","shapeId":"osm-1158719-760062827","source":"OpenStreetMap","sourceUrl":"https://www.openstreetmap.org/copyright"},"geometry":{"type":"LineString","coordinates":[[-73.863418,40.894346],[-73.8636,40.894078]]}},{"type":"Feature","properties":{"agency":"MNR","color":"#0039A6","description":"Harlem Line","route":"Harlem","routeId":"2","shapeId":"osm-1158719-760062828","source":"OpenStreetMap","sourceUrl":"https://www.openstreetmap.org/copyright"},"geometry":{"type":"LineString","coordinates":[[-73.863239,40.894527],[-73.862902,40.895036]]}},{"type":"Feature","properties":{"agency":"MNR","color":"#0039A6","description":"Harlem Line","route":"Harlem","routeId":"2","shapeId":"osm-1158719-760062830","source":"OpenStreetMap","sourceUrl":"https://www.openstreetmap.org/copyright"},"geometry":{"type":"LineString","coordinates":[[-73.863742,40.893861],[-73.864497,40.892702],[-73.864693,40.8924],[-73.864943,40.891997]]}},{"type":"Feature","properties":{"agency":"MNR","color":"#0039A6","description":"Harlem Line","route":"Harlem","routeId":"2","shapeId":"osm-1158719-760062831","source":"OpenStreetMap","sourceUrl":"https://www.openstreetmap.org/copyright"},"geometry":{"type":"LineString","coordinates":[[-73.864295,40.893102],[-73.864544,40.892718],[-73.864643,40.892569],[-73.864987,40.892013]]}},{"type":"Feature","properties":{"agency":"MNR","color":"#0039A6","description":"Harlem Line","route":"Harlem","routeId":"2","shapeId":"osm-1158719-760062832","source":"OpenStreetMap","sourceUrl":"https://www.openstreetmap.org/copyright"},"geometry":{"type":"LineString","coordinates":[[-73.886567,40.864635],[-73.885937,40.864977],[-73.884739,40.865633],[-73.883945,40.866068]]}},{"type":"Feature","properties":{"agency":"MNR","color":"#0039A6","description":"Harlem Line","route":"Harlem","routeId":"2","shapeId":"osm-1158719-760062833","source":"OpenStreetMap","sourceUrl":"https://www.openstreetmap.org/copyright"},"geometry":{"type":"LineString","coordinates":[[-73.883269,40.866519],[-73.883452,40.866419],[-73.884907,40.865629]]}},{"type":"Feature","properties":{"agency":"MNR","color":"#0039A6","description":"Harlem Line","route":"Harlem","routeId":"2","shapeId":"osm-1158719-760062834","source":"OpenStreetMap","sourceUrl":"https://www.openstreetmap.org/copyright"},"geometry":{"type":"LineString","coordinates":[[-73.884425,40.865932],[-73.88482,40.865717],[-73.885672,40.865251]]}},{"type":"Feature","properties":{"agency":"MNR","color":"#0039A6","description":"Harlem Line","route":"Harlem","routeId":"2","shapeId":"osm-1158719-760062836","source":"OpenStreetMap","sourceUrl":"https://www.openstreetmap.org/copyright"},"geometry":{"type":"LineString","coordinates":[[-73.885175,40.865439],[-73.884767,40.865662],[-73.883707,40.86624]]}},{"type":"Feature","properties":{"agency":"MNR","color":"#0039A6","description":"Harlem Line","route":"Harlem","routeId":"2","shapeId":"osm-1158719-760062837","source":"OpenStreetMap","sourceUrl":"https://www.openstreetmap.org/copyright"},"geometry":{"type":"LineString","coordinates":[[-73.884907,40.865629],[-73.885991,40.865034],[-73.886715,40.864643]]}},{"type":"Feature","properties":{"agency":"MNR","color":"#0039A6","description":"Harlem Line","route":"Harlem","routeId":"2","shapeId":"osm-1158719-760062838","source":"OpenStreetMap","sourceUrl":"https://www.openstreetmap.org/copyright"},"geometry":{"type":"LineString","coordinates":[[-73.885622,40.865193],[-73.885175,40.865439]]}},{"type":"Feature","properties":{"agency":"MNR","color":"#0039A6","description":"Harlem Line","route":"Harlem","routeId":"2","shapeId":"osm-1158719-760062839","source":"OpenStreetMap","sourceUrl":"https://www.openstreetmap.org/copyright"},"geometry":{"type":"LineString","coordinates":[[-73.885672,40.865251],[-73.886017,40.865062],[-73.886991,40.864535],[-73.887218,40.864412],[-73.887593,40.864205],[-73.887957,40.863991],[-73.888255,40.863807],[-73.888405,40.863706],[-73.888559,40.863599],[-73.888859,40.863374],[-73.889137,40.863143],[-73.889366,40.862932],[-73.889376,40.862921],[-73.889663,40.862634],[-73.889868,40.862406],[-73.890094,40.862147],[-73.890361,40.861815],[-73.890503,40.86163],[-73.890565,40.861545]]}},{"type":"Feature","properties":{"agency":"MNR","color":"#0039A6","description":"Harlem Line","route":"Harlem","routeId":"2","shapeId":"osm-1158719-760062840","source":"OpenStreetMap","sourceUrl":"https://www.openstreetmap.org/copyright"},"geometry":{"type":"LineString","coordinates":[[-73.886715,40.864643],[-73.886964,40.864507],[-73.887192,40.864384],[-73.887566,40.864177],[-73.887929,40.863965],[-73.888225,40.863781],[-73.888374,40.86368],[-73.888529,40.863574],[-73.888827,40.86335],[-73.889103,40.863121],[-73.889332,40.862909],[-73.889341,40.862901],[-73.889627,40.862614],[-73.88983,40.862387],[-73.890056,40.862129],[-73.890323,40.861797],[-73.890524,40.861528]]}},{"type":"Feature","properties":{"agency":"MNR","color":"#0039A6","description":"Harlem Line","route":"Harlem","routeId":"2","shapeId":"osm-1158719-760062842","source":"OpenStreetMap","sourceUrl":"https://www.openstreetmap.org/copyright"},"geometry":{"type":"LineString","coordinates":[[-73.890444,40.861494],[-73.890393,40.861565],[-73.890243,40.861761],[-73.889977,40.862092],[-73.889753,40.862348],[-73.889551,40.862574],[-73.889461,40.862667],[-73.889268,40.862857],[-73.889257,40.862867],[-73.889033,40.863075],[-73.888759,40.863302],[-73.888464,40.863523],[-73.888312,40.863628],[-73.888165,40.863727],[-73.887871,40.86391],[-73.88751,40.864121],[-73.887138,40.864327],[-73.886912,40.864452],[-73.886567,40.864635]]}},{"type":"Feature","properties":{"agency":"MNR","color":"#0039A6","description":"Harlem Line","route":"Harlem","routeId":"2","shapeId":"osm-1158719-760062843","source":"OpenStreetMap","sourceUrl":"https://www.openstreetmap.org/copyright"},"geometry":{"type":"LineString","coordinates":[[-73.890484,40.861511],[-73.890284,40.86178],[-73.890017,40.862111],[-73.889793,40.862368],[-73.88959,40.862595],[-73.889305,40.862879],[-73.889297,40.862887],[-73.889069,40.863098],[-73.888794,40.863327],[-73.888497,40.86355],[-73.888344,40.863655],[-73.888196,40.863755],[-73.887901,40.863938],[-73.887539,40.86415],[-73.887165,40.864357],[-73.886941,40.864481],[-73.885965,40.865006],[-73.885622,40.865193]]}},{"type":"Feature","properties":{"agency":"MNR","color":"#0039A6","description":"Harlem Line","route":"Harlem","routeId":"2","shapeId":"osm-1158719-760062845","source":"OpenStreetMap","sourceUrl":"https://www.openstreetmap.org/copyright"},"geometry":{"type":"LineString","coordinates":[[-73.915206,40.825714],[-73.915339,40.825628]]}},{"type":"Feature","properties":{"agency":"MNR","color":"#0039A6","description":"Harlem Line","route":"Harlem","routeId":"2","shapeId":"osm-1158719-760062846","source":"OpenStreetMap","sourceUrl":"https://www.openstreetmap.org/copyright"},"geometry":{"type":"LineString","coordinates":[[-73.915739,40.825278],[-73.915142,40.825662]]}},{"type":"Feature","properties":{"agency":"MNR","color":"#0039A6","description":"Harlem Line","route":"Harlem","routeId":"2","shapeId":"osm-1158719-760062847","source":"OpenStreetMap","sourceUrl":"https://www.openstreetmap.org/copyright"},"geometry":{"type":"LineString","coordinates":[[-73.916194,40.825038],[-73.91518,40.825692]]}},{"type":"Feature","properties":{"agency":"MNR","color":"#0039A6","description":"Harlem Line","route":"Harlem","routeId":"2","shapeId":"osm-1158719-760062848","source":"OpenStreetMap","sourceUrl":"https://www.openstreetmap.org/copyright"},"geometry":{"type":"LineString","coordinates":[[-73.915339,40.825628],[-73.916387,40.824956]]}},{"type":"Feature","properties":{"agency":"MNR","color":"#0039A6","description":"Harlem Line","route":"Harlem","routeId":"2","shapeId":"osm-1158719-760062849","source":"OpenStreetMap","sourceUrl":"https://www.openstreetmap.org/copyright"},"geometry":{"type":"LineString","coordinates":[[-73.917207,40.824384],[-73.916773,40.824664]]}},{"type":"Feature","properties":{"agency":"MNR","color":"#0039A6","description":"Harlem Line","route":"Harlem","routeId":"2","shapeId":"osm-1158719-760062853","source":"OpenStreetMap","sourceUrl":"https://www.openstreetmap.org/copyright"},"geometry":{"type":"LineString","coordinates":[[-73.917576,40.824193],[-73.918164,40.823816],[-73.918515,40.823594],[-73.91858,40.823553]]}},{"type":"Feature","properties":{"agency":"MNR","color":"#0039A6","description":"Harlem Line","route":"Harlem","routeId":"2","shapeId":"osm-1158719-760062854","source":"OpenStreetMap","sourceUrl":"https://www.openstreetmap.org/copyright"},"geometry":{"type":"LineString","coordinates":[[-73.919177,40.823123],[-73.918484,40.823565],[-73.918132,40.823788],[-73.917207,40.824384]]}},{"type":"Feature","properties":{"agency":"MNR","color":"#0039A6","description":"Harlem Line","route":"Harlem","routeId":"2","shapeId":"osm-1158719-760062855","source":"OpenStreetMap","sourceUrl":"https://www.openstreetmap.org/copyright"},"geometry":{"type":"LineString","coordinates":[[-73.919501,40.822868],[-73.918453,40.823538],[-73.918101,40.82376],[-73.916623,40.82471],[-73.915739,40.825278]]}},{"type":"Feature","properties":{"agency":"MNR","color":"#0039A6","description":"Harlem Line","route":"Harlem","routeId":"2","shapeId":"osm-1158719-760062876","source":"OpenStreetMap","sourceUrl":"https://www.openstreetmap.org/copyright"},"geometry":{"type":"LineString","coordinates":[[-73.91972,40.822869],[-73.92071,40.822234],[-73.920995,40.822054],[-73.921033,40.822031]]}},{"type":"Feature","properties":{"agency":"MNR","color":"#0039A6","description":"Harlem Line","route":"Harlem","routeId":"2","shapeId":"osm-1158719-760062878","source":"OpenStreetMap","sourceUrl":"https://www.openstreetmap.org/copyright"},"geometry":{"type":"LineString","coordinates":[[-73.928429,40.813798],[-73.927801,40.814695],[-73.927567,40.815043],[-73.92741,40.815266],[-73.926976,40.815868],[-73.926212,40.816945]]}},{"type":"Feature","properties":{"agency":"MNR","color":"#0039A6","description":"Harlem Line","route":"Harlem","routeId":"2","shapeId":"osm-1158719-760062879","source":"OpenStreetMap","sourceUrl":"https://www.openstreetmap.org/copyright"},"geometry":{"type":"LineString","coordinates":[[-73.926937,40.816007],[-73.926856,40.816122]]}},{"type":"Feature","properties":{"agency":"MNR","color":"#0039A6","description":"Harlem Line","route":"Harlem","routeId":"2","shapeId":"osm-1158719-760062880","source":"OpenStreetMap","sourceUrl":"https://www.openstreetmap.org/copyright"},"geometry":{"type":"LineString","coordinates":[[-73.928337,40.814007],[-73.928144,40.814281],[-73.927839,40.814711],[-73.927609,40.815059],[-73.927453,40.815283],[-73.926937,40.816007]]}},{"type":"Feature","properties":{"agency":"MNR","color":"#0039A6","description":"Harlem Line","route":"Harlem","routeId":"2","shapeId":"osm-1158719-760062881","source":"OpenStreetMap","sourceUrl":"https://www.openstreetmap.org/copyright"},"geometry":{"type":"LineString","coordinates":[[-73.927091,40.815865],[-73.927475,40.815329]]}},{"type":"Feature","properties":{"agency":"MNR","color":"#0039A6","description":"Harlem Line","route":"Harlem","routeId":"2","shapeId":"osm-1158719-760062882","source":"OpenStreetMap","sourceUrl":"https://www.openstreetmap.org/copyright"},"geometry":{"type":"LineString","coordinates":[[-73.931224,40.812102],[-73.932528,40.81159]]}},{"type":"Feature","properties":{"agency":"MNR","color":"#0039A6","description":"Harlem Line","route":"Harlem","routeId":"2","shapeId":"osm-1158719-760062883","source":"OpenStreetMap","sourceUrl":"https://www.openstreetmap.org/copyright"},"geometry":{"type":"LineString","coordinates":[[-73.931215,40.812061],[-73.931288,40.812032]]}},{"type":"Feature","properties":{"agency":"MNR","color":"#0039A6","description":"Harlem Line","route":"Harlem","routeId":"2","shapeId":"osm-1158719-760095393","source":"OpenStreetMap","sourceUrl":"https://www.openstreetmap.org/copyright"},"geometry":{"type":"LineString","coordinates":[[-73.733398,41.204402],[-73.732173,41.205526],[-73.731478,41.206182]]}},{"type":"Feature","properties":{"agency":"MNR","color":"#0039A6","description":"Harlem Line","route":"Harlem","routeId":"2","shapeId":"osm-1158719-760095394","source":"OpenStreetMap","sourceUrl":"https://www.openstreetmap.org/copyright"},"geometry":{"type":"LineString","coordinates":[[-73.732353,41.205426],[-73.732475,41.205316],[-73.732715,41.205103]]}},{"type":"Feature","properties":{"agency":"MNR","color":"#0039A6","description":"Harlem Line","route":"Harlem","routeId":"2","shapeId":"osm-1158719-760095396","source":"OpenStreetMap","sourceUrl":"https://www.openstreetmap.org/copyright"},"geometry":{"type":"LineString","coordinates":[[-73.732715,41.205103],[-73.732777,41.205048],[-73.733523,41.204345],[-73.733552,41.204318],[-73.734342,41.203579],[-73.735111,41.202844]]}},{"type":"Feature","properties":{"agency":"MNR","color":"#0039A6","description":"Harlem Line","route":"Harlem","routeId":"2","shapeId":"osm-1158719-760095397","source":"OpenStreetMap","sourceUrl":"https://www.openstreetmap.org/copyright"},"geometry":{"type":"LineString","coordinates":[[-73.735071,41.202819],[-73.734299,41.203559],[-73.733512,41.204297],[-73.733479,41.204328],[-73.733398,41.204402]]}},{"type":"Feature","properties":{"agency":"MNR","color":"#0039A6","description":"Harlem Line","route":"Harlem","routeId":"2","shapeId":"osm-1158719-760106035","source":"OpenStreetMap","sourceUrl":"https://www.openstreetmap.org/copyright"},"geometry":{"type":"LineString","coordinates":[[-73.562456,41.815292],[-73.562323,41.814533],[-73.562285,41.814302]]}},{"type":"Feature","properties":{"agency":"MNR","color":"#0039A6","description":"Harlem Line","route":"Harlem","routeId":"2","shapeId":"osm-1158719-760106041","source":"OpenStreetMap","sourceUrl":"https://www.openstreetmap.org/copyright"},"geometry":{"type":"LineString","coordinates":[[-73.622853,41.417941],[-73.622949,41.417633],[-73.623125,41.417117],[-73.623193,41.416918],[-73.623259,41.416704],[-73.623319,41.416486],[-73.623368,41.416264],[-73.623403,41.416054],[-73.623432,41.415843],[-73.623448,41.415629],[-73.623464,41.415417],[-73.623467,41.415192],[-73.623466,41.414988],[-73.623455,41.414775],[-73.623437,41.414566],[-73.62341,41.414347],[-73.623379,41.414143],[-73.62334,41.413941],[-73.623285,41.413721],[-73.623229,41.413513],[-73.622954,41.41262],[-73.622921,41.412516],[-73.622698,41.411766]]}},{"type":"Feature","properties":{"agency":"MNR","color":"#0039A6","description":"Harlem Line","route":"Harlem","routeId":"2","shapeId":"osm-1158719-760106042","source":"OpenStreetMap","sourceUrl":"https://www.openstreetmap.org/copyright"},"geometry":{"type":"LineString","coordinates":[[-73.622819,41.412497],[-73.62283,41.412534],[-73.623126,41.413525],[-73.623234,41.413952],[-73.623275,41.414148],[-73.623306,41.414341],[-73.623309,41.414357],[-73.623335,41.414575],[-73.623351,41.414784],[-73.623364,41.414991],[-73.623368,41.415194],[-73.623365,41.415412],[-73.623353,41.415617],[-73.623335,41.415842],[-73.623309,41.416046],[-73.623273,41.416259],[-73.623234,41.416478],[-73.623186,41.41669],[-73.623074,41.417112],[-73.622853,41.417941]]}},{"type":"Feature","properties":{"agency":"MNR","color":"#0039A6","description":"Harlem Line","route":"Harlem","routeId":"2","shapeId":"osm-1158719-760106047","source":"OpenStreetMap","sourceUrl":"https://www.openstreetmap.org/copyright"},"geometry":{"type":"LineString","coordinates":[[-73.62034,41.399631],[-73.620329,41.399505]]}},{"type":"Feature","properties":{"agency":"MNR","color":"#0039A6","description":"Harlem Line","route":"Harlem","routeId":"2","shapeId":"osm-1158719-760106048","source":"OpenStreetMap","sourceUrl":"https://www.openstreetmap.org/copyright"},"geometry":{"type":"LineString","coordinates":[[-73.620194,41.39845],[-73.620236,41.399005],[-73.620285,41.39961],[-73.62037,41.400756]]}},{"type":"Feature","properties":{"agency":"MNR","color":"#0039A6","description":"Harlem Line","route":"Harlem","routeId":"2","shapeId":"osm-1158719-760106053","source":"OpenStreetMap","sourceUrl":"https://www.openstreetmap.org/copyright"},"geometry":{"type":"LineString","coordinates":[[-73.62037,41.400756],[-73.620387,41.40096],[-73.620419,41.401324],[-73.620493,41.402015],[-73.620556,41.402604],[-73.620607,41.403029],[-73.620769,41.404115],[-73.621001,41.40564],[-73.621083,41.406228],[-73.621119,41.406439],[-73.621155,41.40664],[-73.621195,41.406861],[-73.621242,41.407075],[-73.621289,41.407265],[-73.621336,41.407461],[-73.621391,41.407663],[-73.621442,41.407837],[-73.622042,41.409871],[-73.622173,41.410323],[-73.622211,41.410449]]}},{"type":"Feature","properties":{"agency":"MNR","color":"#0039A6","description":"Harlem Line","route":"Harlem","routeId":"2","shapeId":"osm-1158719-760106054","source":"OpenStreetMap","sourceUrl":"https://www.openstreetmap.org/copyright"},"geometry":{"type":"LineString","coordinates":[[-73.622559,41.411297],[-73.6225,41.411062],[-73.62244,41.410865],[-73.622372,41.410672],[-73.622243,41.410311],[-73.622237,41.410296],[-73.622164,41.410089],[-73.622092,41.409863],[-73.621493,41.407829],[-73.621442,41.407653],[-73.62139,41.407464],[-73.621342,41.40727],[-73.621293,41.407069],[-73.621245,41.406859],[-73.621207,41.406657],[-73.621172,41.40645],[-73.621135,41.406227],[-73.621049,41.405638],[-73.620818,41.404111],[-73.620664,41.403023],[-73.620603,41.402602],[-73.620543,41.402014],[-73.620473,41.401324]]}},{"type":"Feature","properties":{"agency":"MNR","color":"#0039A6","description":"Harlem Line","route":"Harlem","routeId":"2","shapeId":"osm-1158719-784790326","source":"OpenStreetMap","sourceUrl":"https://www.openstreetmap.org/copyright"},"geometry":{"type":"LineString","coordinates":[[-73.570962,41.638744],[-73.571076,41.638529],[-73.571136,41.638421],[-73.571472,41.637817],[-73.571526,41.637721],[-73.571995,41.636868],[-73.573004,41.63494],[-73.573397,41.634224],[-73.57396,41.633197],[-73.574362,41.632473],[-73.575289,41.630797],[-73.575449,41.630509],[-73.575621,41.630195],[-73.575755,41.629935],[-73.575902,41.629636],[-73.57602,41.62936],[-73.576133,41.629069],[-73.576221,41.628802],[-73.576303,41.628493],[-73.576381,41.628175],[-73.576447,41.627844],[-73.576492,41.627581],[-73.576517,41.627384],[-73.576532,41.627132],[-73.576528,41.626887],[-73.576513,41.62664],[-73.576488,41.626384],[-73.576257,41.624065],[-73.576042,41.622006],[-73.576019,41.621796],[-73.576002,41.621559],[-73.575991,41.621312],[-73.57599,41.621083],[-73.575997,41.620851],[-73.576009,41.620635],[-73.576036,41.620409],[-73.576067,41.620196],[-73.576105,41.61998],[-73.576151,41.619761],[-73.576206,41.619542],[-73.576266,41.619342],[-73.57633,41.619155],[-73.576397,41.618978],[-73.576472,41.618795]]}},{"type":"Feature","properties":{"agency":"MNR","color":"#0039A6","description":"Harlem Line","route":"Harlem","routeId":"2","shapeId":"osm-1158719-793654747","source":"OpenStreetMap","sourceUrl":"https://www.openstreetmap.org/copyright"},"geometry":{"type":"LineString","coordinates":[[-73.946686,40.794703],[-73.949883,40.790324]]}},{"type":"Feature","properties":{"agency":"MNR","color":"#0039A6","description":"Harlem Line","route":"Harlem","routeId":"2","shapeId":"osm-1158719-793654748","source":"OpenStreetMap","sourceUrl":"https://www.openstreetmap.org/copyright"},"geometry":{"type":"LineString","coordinates":[[-73.949883,40.790324],[-73.949923,40.790269]]}},{"type":"Feature","properties":{"agency":"MNR","color":"#0039A6","description":"Harlem Line","route":"Harlem","routeId":"2","shapeId":"osm-1158719-793654749","source":"OpenStreetMap","sourceUrl":"https://www.openstreetmap.org/copyright"},"geometry":{"type":"LineString","coordinates":[[-73.949834,40.790182],[-73.949803,40.790225]]}},{"type":"Feature","properties":{"agency":"MNR","color":"#0039A6","description":"Harlem Line","route":"Harlem","routeId":"2","shapeId":"osm-1158719-793654750","source":"OpenStreetMap","sourceUrl":"https://www.openstreetmap.org/copyright"},"geometry":{"type":"LineString","coordinates":[[-73.949803,40.790225],[-73.946639,40.794553]]}},{"type":"Feature","properties":{"agency":"MNR","color":"#0039A6","description":"Harlem Line","route":"Harlem","routeId":"2","shapeId":"osm-1158719-793654751","source":"OpenStreetMap","sourceUrl":"https://www.openstreetmap.org/copyright"},"geometry":{"type":"LineString","coordinates":[[-73.947529,40.793405],[-73.94731,40.793704]]}},{"type":"Feature","properties":{"agency":"MNR","color":"#0039A6","description":"Harlem Line","route":"Harlem","routeId":"2","shapeId":"osm-1158719-793654752","source":"OpenStreetMap","sourceUrl":"https://www.openstreetmap.org/copyright"},"geometry":{"type":"LineString","coordinates":[[-73.948996,40.791396],[-73.947529,40.793405]]}},{"type":"Feature","properties":{"agency":"MNR","color":"#0039A6","description":"Harlem Line","route":"Harlem","routeId":"2","shapeId":"osm-1158719-793654753","source":"OpenStreetMap","sourceUrl":"https://www.openstreetmap.org/copyright"},"geometry":{"type":"LineString","coordinates":[[-73.94923,40.791076],[-73.948996,40.791396]]}},{"type":"Feature","properties":{"agency":"MNR","color":"#0039A6","description":"Harlem Line","route":"Harlem","routeId":"2","shapeId":"osm-1158719-793654754","source":"OpenStreetMap","sourceUrl":"https://www.openstreetmap.org/copyright"},"geometry":{"type":"LineString","coordinates":[[-73.949843,40.790237],[-73.94923,40.791076]]}},{"type":"Feature","properties":{"agency":"MNR","color":"#0039A6","description":"Harlem Line","route":"Harlem","routeId":"2","shapeId":"osm-1158719-793654755","source":"OpenStreetMap","sourceUrl":"https://www.openstreetmap.org/copyright"},"geometry":{"type":"LineString","coordinates":[[-73.947278,40.793823],[-73.948208,40.792549]]}},{"type":"Feature","properties":{"agency":"MNR","color":"#0039A6","description":"Harlem Line","route":"Harlem","routeId":"2","shapeId":"osm-1158719-793654756","source":"OpenStreetMap","sourceUrl":"https://www.openstreetmap.org/copyright"},"geometry":{"type":"LineString","coordinates":[[-73.948208,40.792549],[-73.948409,40.792274]]}},{"type":"Feature","properties":{"agency":"MNR","color":"#0039A6","description":"Harlem Line","route":"Harlem","routeId":"2","shapeId":"osm-1158719-793654757","source":"OpenStreetMap","sourceUrl":"https://www.openstreetmap.org/copyright"},"geometry":{"type":"LineString","coordinates":[[-73.948409,40.792274],[-73.949205,40.791184]]}},{"type":"Feature","properties":{"agency":"MNR","color":"#0039A6","description":"Harlem Line","route":"Harlem","routeId":"2","shapeId":"osm-1158719-793654758","source":"OpenStreetMap","sourceUrl":"https://www.openstreetmap.org/copyright"},"geometry":{"type":"LineString","coordinates":[[-73.949205,40.791184],[-73.949882,40.790256]]}},{"type":"Feature","properties":{"agency":"MNR","color":"#0039A6","description":"Harlem Line","route":"Harlem","routeId":"2","shapeId":"osm-1158719-793919913","source":"OpenStreetMap","sourceUrl":"https://www.openstreetmap.org/copyright"},"geometry":{"type":"LineString","coordinates":[[-73.808708,40.988586],[-73.808829,40.98804],[-73.80895,40.987477],[-73.809113,40.986729],[-73.809234,40.986255]]}},{"type":"Feature","properties":{"agency":"MNR","color":"#0039A6","description":"Harlem Line","route":"Harlem","routeId":"2","shapeId":"osm-1158719-793919914","source":"OpenStreetMap","sourceUrl":"https://www.openstreetmap.org/copyright"},"geometry":{"type":"LineString","coordinates":[[-73.808918,40.987411],[-73.808913,40.987433]]}},{"type":"Feature","properties":{"agency":"MNR","color":"#0039A6","description":"Harlem Line","route":"Harlem","routeId":"2","shapeId":"osm-1158719-793919915","source":"OpenStreetMap","sourceUrl":"https://www.openstreetmap.org/copyright"},"geometry":{"type":"LineString","coordinates":[[-73.811714,40.979774],[-73.81154,40.980204],[-73.810905,40.981766],[-73.810479,40.98274],[-73.810078,40.983693],[-73.809684,40.984659],[-73.809352,40.985606],[-73.80919,40.986247]]}},{"type":"Feature","properties":{"agency":"MNR","color":"#0039A6","description":"Harlem Line","route":"Harlem","routeId":"2","shapeId":"osm-1158719-793919916","source":"OpenStreetMap","sourceUrl":"https://www.openstreetmap.org/copyright"},"geometry":{"type":"LineString","coordinates":[[-73.809234,40.986255],[-73.8094,40.985617],[-73.809732,40.984669],[-73.810125,40.983705],[-73.810525,40.982748],[-73.810935,40.981774],[-73.811583,40.980212],[-73.811774,40.979757]]}},{"type":"Feature","properties":{"agency":"MNR","color":"#0039A6","description":"Harlem Line","route":"Harlem","routeId":"2","shapeId":"osm-1158719-793919919","source":"OpenStreetMap","sourceUrl":"https://www.openstreetmap.org/copyright"},"geometry":{"type":"LineString","coordinates":[[-73.789755,41.017347],[-73.790763,41.016261],[-73.791679,41.015288],[-73.792366,41.014555]]}},{"type":"Feature","properties":{"agency":"MNR","color":"#0039A6","description":"Harlem Line","route":"Harlem","routeId":"2","shapeId":"osm-1158719-793919920","source":"OpenStreetMap","sourceUrl":"https://www.openstreetmap.org/copyright"},"geometry":{"type":"LineString","coordinates":[[-73.792366,41.014555],[-73.792574,41.014333],[-73.793657,41.013193],[-73.794053,41.012749],[-73.79424,41.012555],[-73.79455,41.012235],[-73.794612,41.01217],[-73.795447,41.011274],[-73.795498,41.011219],[-73.796119,41.010557],[-73.796251,41.010416],[-73.79635,41.010308],[-73.796849,41.009776],[-73.796922,41.009688],[-73.797799,41.008747],[-73.79798,41.008535],[-73.798165,41.008313],[-73.79834,41.008091],[-73.798611,41.007736],[-73.799331,41.006693],[-73.799533,41.006401],[-73.800116,41.005548],[-73.800703,41.004677],[-73.800921,41.004357],[-73.801531,41.003453],[-73.802867,41.001491],[-73.803132,41.001068],[-73.803425,41.000535],[-73.803689,41],[-73.803843,40.999684],[-73.804209,40.998942],[-73.804719,40.997952],[-73.805317,40.99689],[-73.805805,40.996002],[-73.806368,40.995007]]}},{"type":"Feature","properties":{"agency":"MNR","color":"#0039A6","description":"Harlem Line","route":"Harlem","routeId":"2","shapeId":"osm-1158719-793919921","source":"OpenStreetMap","sourceUrl":"https://www.openstreetmap.org/copyright"},"geometry":{"type":"LineString","coordinates":[[-73.791188,41.015749],[-73.790863,41.016096]]}},{"type":"Feature","properties":{"agency":"MNR","color":"#0039A6","description":"Harlem Line","route":"Harlem","routeId":"2","shapeId":"osm-1158719-793919925","source":"OpenStreetMap","sourceUrl":"https://www.openstreetmap.org/copyright"},"geometry":{"type":"LineString","coordinates":[[-73.817455,40.966045],[-73.816912,40.967346]]}},{"type":"Feature","properties":{"agency":"MNR","color":"#0039A6","description":"Harlem Line","route":"Harlem","routeId":"2","shapeId":"osm-1158719-793919926","source":"OpenStreetMap","sourceUrl":"https://www.openstreetmap.org/copyright"},"geometry":{"type":"LineString","coordinates":[[-73.816984,40.967299],[-73.817611,40.965798]]}},{"type":"Feature","properties":{"agency":"MNR","color":"#0039A6","description":"Harlem Line","route":"Harlem","routeId":"2","shapeId":"osm-1158719-793919927","source":"OpenStreetMap","sourceUrl":"https://www.openstreetmap.org/copyright"},"geometry":{"type":"LineString","coordinates":[[-73.81631,40.968905],[-73.816704,40.96797],[-73.816984,40.967299]]}},{"type":"Feature","properties":{"agency":"MNR","color":"#0039A6","description":"Harlem Line","route":"Harlem","routeId":"2","shapeId":"osm-1158719-793919928","source":"OpenStreetMap","sourceUrl":"https://www.openstreetmap.org/copyright"},"geometry":{"type":"LineString","coordinates":[[-73.824993,40.954027],[-73.824842,40.954211],[-73.823185,40.956233],[-73.822221,40.957412]]}},{"type":"Feature","properties":{"agency":"MNR","color":"#0039A6","description":"Harlem Line","route":"Harlem","routeId":"2","shapeId":"osm-1158719-793919929","source":"OpenStreetMap","sourceUrl":"https://www.openstreetmap.org/copyright"},"geometry":{"type":"LineString","coordinates":[[-73.823186,40.956321],[-73.823237,40.95626],[-73.823903,40.955451]]}},{"type":"Feature","properties":{"agency":"MNR","color":"#0039A6","description":"Harlem Line","route":"Harlem","routeId":"2","shapeId":"osm-1158719-793919930","source":"OpenStreetMap","sourceUrl":"https://www.openstreetmap.org/copyright"},"geometry":{"type":"LineString","coordinates":[[-73.822905,40.956765],[-73.823308,40.95628],[-73.824965,40.954251],[-73.825748,40.953292]]}},{"type":"Feature","properties":{"agency":"MNR","color":"#0039A6","description":"Harlem Line","route":"Harlem","routeId":"2","shapeId":"osm-1158719-793919931","source":"OpenStreetMap","sourceUrl":"https://www.openstreetmap.org/copyright"},"geometry":{"type":"LineString","coordinates":[[-73.823903,40.955451],[-73.824143,40.955163]]}},{"type":"Feature","properties":{"agency":"MNR","color":"#0039A6","description":"Harlem Line","route":"Harlem","routeId":"2","shapeId":"osm-1158719-793919932","source":"OpenStreetMap","sourceUrl":"https://www.openstreetmap.org/copyright"},"geometry":{"type":"LineString","coordinates":[[-73.824143,40.955163],[-73.824792,40.95437]]}},{"type":"Feature","properties":{"agency":"MNR","color":"#0039A6","description":"Harlem Line","route":"Harlem","routeId":"2","shapeId":"osm-1158719-793919933","source":"OpenStreetMap","sourceUrl":"https://www.openstreetmap.org/copyright"},"geometry":{"type":"LineString","coordinates":[[-73.822221,40.957412],[-73.822047,40.957624],[-73.821663,40.958092],[-73.82129,40.958551],[-73.821086,40.958797],[-73.820916,40.959007],[-73.820476,40.959539],[-73.82011,40.960053],[-73.820031,40.960163],[-73.819798,40.960552],[-73.819589,40.960956],[-73.819451,40.961267],[-73.819048,40.962232],[-73.818647,40.963189],[-73.818619,40.963262],[-73.818247,40.964138],[-73.817455,40.966045]]}},{"type":"Feature","properties":{"agency":"MNR","color":"#0039A6","description":"Harlem Line","route":"Harlem","routeId":"2","shapeId":"osm-1158719-793919934","source":"OpenStreetMap","sourceUrl":"https://www.openstreetmap.org/copyright"},"geometry":{"type":"LineString","coordinates":[[-73.817611,40.965798],[-73.81829,40.964151],[-73.818659,40.963271],[-73.818691,40.963199],[-73.819093,40.962247],[-73.819494,40.961281],[-73.819639,40.960974],[-73.819857,40.96057],[-73.819872,40.960545],[-73.820088,40.960175],[-73.820511,40.959573],[-73.820962,40.959008],[-73.821691,40.958124],[-73.822093,40.95764],[-73.822478,40.957176],[-73.823186,40.956321]]}},{"type":"Feature","properties":{"agency":"MNR","color":"#0039A6","description":"Harlem Line","route":"Harlem","routeId":"2","shapeId":"osm-1158719-793919935","source":"OpenStreetMap","sourceUrl":"https://www.openstreetmap.org/copyright"},"geometry":{"type":"LineString","coordinates":[[-73.816984,40.967299],[-73.817393,40.966417],[-73.817508,40.966165],[-73.818339,40.96416],[-73.819134,40.962256],[-73.819558,40.961291],[-73.819708,40.96099],[-73.819926,40.960595],[-73.820167,40.960203],[-73.820283,40.960039],[-73.820593,40.959614],[-73.820703,40.959475],[-73.821112,40.958966],[-73.821209,40.958846],[-73.821771,40.958163],[-73.822165,40.957678],[-73.822253,40.95757],[-73.82255,40.957211],[-73.822905,40.956765]]}},{"type":"Feature","properties":{"agency":"MNR","color":"#0039A6","description":"Harlem Line","route":"Harlem","routeId":"2","shapeId":"osm-1158719-793919936","source":"OpenStreetMap","sourceUrl":"https://www.openstreetmap.org/copyright"},"geometry":{"type":"LineString","coordinates":[[-73.842567,40.922864],[-73.843347,40.921582],[-73.843819,40.920882],[-73.844742,40.919714],[-73.846418,40.917719]]}},{"type":"Feature","properties":{"agency":"MNR","color":"#0039A6","description":"Harlem Line","route":"Harlem","routeId":"2","shapeId":"osm-1158719-793919937","source":"OpenStreetMap","sourceUrl":"https://www.openstreetmap.org/copyright"},"geometry":{"type":"LineString","coordinates":[[-73.846418,40.917719],[-73.846609,40.917495]]}},{"type":"Feature","properties":{"agency":"MNR","color":"#0039A6","description":"Harlem Line","route":"Harlem","routeId":"2","shapeId":"osm-1158719-793919938","source":"OpenStreetMap","sourceUrl":"https://www.openstreetmap.org/copyright"},"geometry":{"type":"LineString","coordinates":[[-73.848164,40.915499],[-73.846667,40.917287],[-73.846006,40.918074]]}},{"type":"Feature","properties":{"agency":"MNR","color":"#0039A6","description":"Harlem Line","route":"Harlem","routeId":"2","shapeId":"osm-1158719-793919939","source":"OpenStreetMap","sourceUrl":"https://www.openstreetmap.org/copyright"},"geometry":{"type":"LineString","coordinates":[[-73.846741,40.917264],[-73.847303,40.916594]]}},{"type":"Feature","properties":{"agency":"MNR","color":"#0039A6","description":"Harlem Line","route":"Harlem","routeId":"2","shapeId":"osm-1158719-793919940","source":"OpenStreetMap","sourceUrl":"https://www.openstreetmap.org/copyright"},"geometry":{"type":"LineString","coordinates":[[-73.846609,40.917495],[-73.847766,40.916103],[-73.848676,40.915067]]}},{"type":"Feature","properties":{"agency":"MNR","color":"#0039A6","description":"Harlem Line","route":"Harlem","routeId":"2","shapeId":"osm-1158719-793919941","source":"OpenStreetMap","sourceUrl":"https://www.openstreetmap.org/copyright"},"geometry":{"type":"LineString","coordinates":[[-73.847303,40.916594],[-73.847496,40.916364]]}},{"type":"Feature","properties":{"agency":"MNR","color":"#0039A6","description":"Harlem Line","route":"Harlem","routeId":"2","shapeId":"osm-1158719-793919942","source":"OpenStreetMap","sourceUrl":"https://www.openstreetmap.org/copyright"},"geometry":{"type":"LineString","coordinates":[[-73.847496,40.916364],[-73.847754,40.916056]]}},{"type":"Feature","properties":{"agency":"MNR","color":"#0039A6","description":"Harlem Line","route":"Harlem","routeId":"2","shapeId":"osm-1158719-793919943","source":"OpenStreetMap","sourceUrl":"https://www.openstreetmap.org/copyright"},"geometry":{"type":"LineString","coordinates":[[-73.848387,40.915235],[-73.848164,40.915499]]}},{"type":"Feature","properties":{"agency":"MNR","color":"#0039A6","description":"Harlem Line","route":"Harlem","routeId":"2","shapeId":"osm-1158719-793919944","source":"OpenStreetMap","sourceUrl":"https://www.openstreetmap.org/copyright"},"geometry":{"type":"LineString","coordinates":[[-73.848575,40.91502],[-73.848387,40.915235]]}},{"type":"Feature","properties":{"agency":"MNR","color":"#0039A6","description":"Harlem Line","route":"Harlem","routeId":"2","shapeId":"osm-1158719-793919945","source":"OpenStreetMap","sourceUrl":"https://www.openstreetmap.org/copyright"},"geometry":{"type":"LineString","coordinates":[[-73.848069,40.915686],[-73.848607,40.915035]]}},{"type":"Feature","properties":{"agency":"MNR","color":"#0039A6","description":"Harlem Line","route":"Harlem","routeId":"2","shapeId":"osm-1158719-793919946","source":"OpenStreetMap","sourceUrl":"https://www.openstreetmap.org/copyright"},"geometry":{"type":"LineString","coordinates":[[-73.848796,40.914926],[-73.84906,40.91461]]}},{"type":"Feature","properties":{"agency":"MNR","color":"#0039A6","description":"Harlem Line","route":"Harlem","routeId":"2","shapeId":"osm-1158719-793940257","source":"OpenStreetMap","sourceUrl":"https://www.openstreetmap.org/copyright"},"geometry":{"type":"LineString","coordinates":[[-73.573977,41.752575],[-73.574152,41.751775],[-73.574154,41.751764],[-73.574337,41.750933],[-73.574589,41.749788],[-73.574634,41.749584],[-73.574738,41.749118],[-73.574907,41.74835],[-73.574928,41.748255],[-73.575102,41.747449]]}},{"type":"Feature","properties":{"agency":"MNR","color":"#0039A6","description":"Harlem Line","route":"Harlem","routeId":"2","shapeId":"osm-1158719-793940258","source":"OpenStreetMap","sourceUrl":"https://www.openstreetmap.org/copyright"},"geometry":{"type":"LineString","coordinates":[[-73.575102,41.747449],[-73.575135,41.747308],[-73.575283,41.746622]]}},{"type":"Feature","properties":{"agency":"MNR","color":"#0039A6","description":"Harlem Line","route":"Harlem","routeId":"2","shapeId":"osm-1158719-793940259","source":"OpenStreetMap","sourceUrl":"https://www.openstreetmap.org/copyright"},"geometry":{"type":"LineString","coordinates":[[-73.568063,41.646602],[-73.568031,41.646394],[-73.568008,41.646152],[-73.567994,41.645903],[-73.567992,41.645631],[-73.567994,41.645527],[-73.567997,41.645362],[-73.568022,41.645094],[-73.568047,41.644885],[-73.568087,41.644649],[-73.568127,41.644426],[-73.568188,41.644187],[-73.568226,41.644061],[-73.568297,41.64383],[-73.568393,41.643545],[-73.568481,41.64333],[-73.568547,41.64318],[-73.568654,41.642956],[-73.568716,41.642822],[-73.568867,41.642545],[-73.569125,41.642068],[-73.569618,41.641182],[-73.569878,41.640708],[-73.570209,41.640113],[-73.570368,41.639826],[-73.570522,41.639518],[-73.570694,41.639236],[-73.570922,41.638816]]}},{"type":"Feature","properties":{"agency":"MNR","color":"#0039A6","description":"Harlem Line","route":"Harlem","routeId":"2","shapeId":"osm-1158719-793940263","source":"OpenStreetMap","sourceUrl":"https://www.openstreetmap.org/copyright"},"geometry":{"type":"LineString","coordinates":[[-73.605725,41.503649],[-73.605752,41.503511],[-73.605814,41.503198],[-73.60617,41.501478]]}},{"type":"Feature","properties":{"agency":"MNR","color":"#0039A6","description":"Harlem Line","route":"Harlem","routeId":"2","shapeId":"osm-1158719-793940264","source":"OpenStreetMap","sourceUrl":"https://www.openstreetmap.org/copyright"},"geometry":{"type":"LineString","coordinates":[[-73.604713,41.508763],[-73.604853,41.508044],[-73.604939,41.507608],[-73.605368,41.505448],[-73.605544,41.504559],[-73.605725,41.503649]]}},{"type":"Feature","properties":{"agency":"MNR","color":"#0039A6","description":"Harlem Line","route":"Harlem","routeId":"2","shapeId":"osm-1158719-793940266","source":"OpenStreetMap","sourceUrl":"https://www.openstreetmap.org/copyright"},"geometry":{"type":"LineString","coordinates":[[-73.617426,41.437877],[-73.617583,41.437478],[-73.617701,41.437176],[-73.618104,41.435645],[-73.618533,41.43413],[-73.618795,41.433159],[-73.618907,41.43279],[-73.619022,41.432439],[-73.619155,41.432103],[-73.619299,41.431795],[-73.619463,41.431466],[-73.620575,41.429373],[-73.620737,41.429055],[-73.620889,41.42871],[-73.621,41.428394],[-73.621077,41.428096],[-73.621131,41.427804],[-73.621167,41.427484],[-73.621177,41.427119],[-73.621162,41.426719],[-73.621101,41.425827],[-73.621084,41.425417],[-73.621099,41.425007],[-73.621133,41.424633],[-73.621187,41.424229],[-73.621271,41.423799],[-73.621375,41.423354],[-73.621476,41.422955],[-73.621947,41.421211]]}},{"type":"Feature","properties":{"agency":"MNR","color":"#0039A6","description":"Harlem Line","route":"Harlem","routeId":"2","shapeId":"osm-1158719-793940268","source":"OpenStreetMap","sourceUrl":"https://www.openstreetmap.org/copyright"},"geometry":{"type":"LineString","coordinates":[[-73.620473,41.401324],[-73.620437,41.400961],[-73.620409,41.400578]]}},{"type":"Feature","properties":{"agency":"MNR","color":"#0039A6","description":"Harlem Line","route":"Harlem","routeId":"2","shapeId":"osm-1158719-793940269","source":"OpenStreetMap","sourceUrl":"https://www.openstreetmap.org/copyright"},"geometry":{"type":"LineString","coordinates":[[-73.620409,41.400578],[-73.62034,41.399631]]}},{"type":"Feature","properties":{"agency":"MNR","color":"#0039A6","description":"Harlem Line","route":"Harlem","routeId":"2","shapeId":"osm-1158719-793940270","source":"OpenStreetMap","sourceUrl":"https://www.openstreetmap.org/copyright"},"geometry":{"type":"LineString","coordinates":[[-73.622698,41.411766],[-73.622651,41.411602]]}},{"type":"Feature","properties":{"agency":"MNR","color":"#0039A6","description":"Harlem Line","route":"Harlem","routeId":"2","shapeId":"osm-1158719-793940271","source":"OpenStreetMap","sourceUrl":"https://www.openstreetmap.org/copyright"},"geometry":{"type":"LineString","coordinates":[[-73.622211,41.410449],[-73.622365,41.410969],[-73.622819,41.412497]]}},{"type":"Feature","properties":{"agency":"MNR","color":"#0039A6","description":"Harlem Line","route":"Harlem","routeId":"2","shapeId":"osm-1158719-793940272","source":"OpenStreetMap","sourceUrl":"https://www.openstreetmap.org/copyright"},"geometry":{"type":"LineString","coordinates":[[-73.622651,41.411602],[-73.622559,41.411297]]}},{"type":"Feature","properties":{"agency":"MNR","color":"#0039A6","description":"Harlem Line","route":"Harlem","routeId":"2","shapeId":"osm-1158719-793940273","source":"OpenStreetMap","sourceUrl":"https://www.openstreetmap.org/copyright"},"geometry":{"type":"LineString","coordinates":[[-73.679539,41.28655],[-73.678791,41.28865]]}},{"type":"Feature","properties":{"agency":"MNR","color":"#0039A6","description":"Harlem Line","route":"Harlem","routeId":"2","shapeId":"osm-1158719-793940274","source":"OpenStreetMap","sourceUrl":"https://www.openstreetmap.org/copyright"},"geometry":{"type":"LineString","coordinates":[[-73.684763,41.262596],[-73.686201,41.267913],[-73.686288,41.268243],[-73.686369,41.26859],[-73.686428,41.268915],[-73.686467,41.269239],[-73.686478,41.269586],[-73.686466,41.269919],[-73.686424,41.27029],[-73.686346,41.270663],[-73.686251,41.271018],[-73.686119,41.271375],[-73.685966,41.271716],[-73.685789,41.27205],[-73.685592,41.272376],[-73.685365,41.272713],[-73.685147,41.273018],[-73.684924,41.273339],[-73.684684,41.273686],[-73.68446,41.274031],[-73.684239,41.274399],[-73.684019,41.274776],[-73.683802,41.275166],[-73.683593,41.275567],[-73.683386,41.275987],[-73.683217,41.276362],[-73.683064,41.276716],[-73.682927,41.277066],[-73.682787,41.277439],[-73.679653,41.286231],[-73.679539,41.28655]]}},{"type":"Feature","properties":{"agency":"MNR","color":"#0039A6","description":"Harlem Line","route":"Harlem","routeId":"2","shapeId":"osm-1158719-793940275","source":"OpenStreetMap","sourceUrl":"https://www.openstreetmap.org/copyright"},"geometry":{"type":"LineString","coordinates":[[-73.679199,41.28765],[-73.679244,41.287525]]}},{"type":"Feature","properties":{"agency":"MNR","color":"#0039A6","description":"Harlem Line","route":"Harlem","routeId":"2","shapeId":"osm-1158719-793940276","source":"OpenStreetMap","sourceUrl":"https://www.openstreetmap.org/copyright"},"geometry":{"type":"LineString","coordinates":[[-73.678292,41.290243],[-73.678365,41.290002],[-73.678467,41.289702],[-73.678739,41.288939],[-73.679199,41.28765]]}},{"type":"Feature","properties":{"agency":"MNR","color":"#0039A6","description":"Harlem Line","route":"Harlem","routeId":"2","shapeId":"osm-1158719-793940279","source":"OpenStreetMap","sourceUrl":"https://www.openstreetmap.org/copyright"},"geometry":{"type":"LineString","coordinates":[[-73.679244,41.287525],[-73.679701,41.28624],[-73.682834,41.27745],[-73.682975,41.277077],[-73.683112,41.276727],[-73.683264,41.276374],[-73.683442,41.275979],[-73.683639,41.275581],[-73.683848,41.27518],[-73.684064,41.274791],[-73.684285,41.274414],[-73.684505,41.274047],[-73.684729,41.273703],[-73.684968,41.273356],[-73.685191,41.273036],[-73.685414,41.272728],[-73.68564,41.272394],[-73.685837,41.272065],[-73.686015,41.271726],[-73.68616,41.271384],[-73.686293,41.271026],[-73.686389,41.270669],[-73.686467,41.270294],[-73.686509,41.269921],[-73.686521,41.269586],[-73.68651,41.269237],[-73.686471,41.268912],[-73.686411,41.268585],[-73.68633,41.268237],[-73.686243,41.267907],[-73.684805,41.262589]]}},{"type":"Feature","properties":{"agency":"MNR","color":"#0039A6","description":"Harlem Line","route":"Harlem","routeId":"2","shapeId":"osm-1158719-793940280","source":"OpenStreetMap","sourceUrl":"https://www.openstreetmap.org/copyright"},"geometry":{"type":"LineString","coordinates":[[-73.731478,41.206182],[-73.73137,41.206284],[-73.730909,41.206721],[-73.73068,41.206948],[-73.730375,41.207341],[-73.730118,41.207688],[-73.730027,41.207844],[-73.729899,41.208051],[-73.729669,41.20847],[-73.729589,41.208627],[-73.729405,41.20894],[-73.729293,41.209116],[-73.729203,41.209248],[-73.729108,41.20938],[-73.729,41.209538],[-73.728881,41.209695],[-73.728576,41.210057],[-73.728377,41.210289],[-73.727978,41.210686],[-73.727838,41.210825]]}},{"type":"Feature","properties":{"agency":"MNR","color":"#0039A6","description":"Harlem Line","route":"Harlem","routeId":"2","shapeId":"osm-1158719-793940282","source":"OpenStreetMap","sourceUrl":"https://www.openstreetmap.org/copyright"},"geometry":{"type":"LineString","coordinates":[[-73.787709,41.129684],[-73.787748,41.129719]]}},{"type":"Feature","properties":{"agency":"MNR","color":"#0039A6","description":"Harlem Line","route":"Harlem","routeId":"2","shapeId":"osm-1158719-793940283","source":"OpenStreetMap","sourceUrl":"https://www.openstreetmap.org/copyright"},"geometry":{"type":"LineString","coordinates":[[-73.788547,41.130448],[-73.789322,41.131161],[-73.78961,41.131426],[-73.789889,41.131683],[-73.79048,41.132227]]}},{"type":"Feature","properties":{"agency":"MNR","color":"#0039A6","description":"Harlem Line","route":"Harlem","routeId":"2","shapeId":"osm-1158719-793940284","source":"OpenStreetMap","sourceUrl":"https://www.openstreetmap.org/copyright"},"geometry":{"type":"LineString","coordinates":[[-73.787792,41.129758],[-73.788311,41.130231],[-73.788547,41.130448]]}},{"type":"Feature","properties":{"agency":"MNR","color":"#0039A6","description":"Harlem Line","route":"Harlem","routeId":"2","shapeId":"osm-1158719-793940285","source":"OpenStreetMap","sourceUrl":"https://www.openstreetmap.org/copyright"},"geometry":{"type":"LineString","coordinates":[[-73.789648,41.131404],[-73.78936,41.131141]]}},{"type":"Feature","properties":{"agency":"MNR","color":"#0039A6","description":"Harlem Line","route":"Harlem","routeId":"2","shapeId":"osm-1158719-793940286","source":"OpenStreetMap","sourceUrl":"https://www.openstreetmap.org/copyright"},"geometry":{"type":"LineString","coordinates":[[-73.78936,41.131141],[-73.788912,41.130735],[-73.788345,41.130209],[-73.787827,41.129736]]}},{"type":"Feature","properties":{"agency":"MNR","color":"#0039A6","description":"Harlem Line","route":"Harlem","routeId":"2","shapeId":"osm-1158719-793940314","source":"OpenStreetMap","sourceUrl":"https://www.openstreetmap.org/copyright"},"geometry":{"type":"LineString","coordinates":[[-73.77205,41.05952],[-73.772366,41.060254]]}},{"type":"Feature","properties":{"agency":"MNR","color":"#0039A6","description":"Harlem Line","route":"Harlem","routeId":"2","shapeId":"osm-1158719-793940315","source":"OpenStreetMap","sourceUrl":"https://www.openstreetmap.org/copyright"},"geometry":{"type":"LineString","coordinates":[[-73.771968,41.052995],[-73.77172,41.053844],[-73.771698,41.053938],[-73.77166,41.054108],[-73.771643,41.05421],[-73.771616,41.054417],[-73.771511,41.056168],[-73.771473,41.056869],[-73.771466,41.057375],[-73.771481,41.057621],[-73.771554,41.058093],[-73.771625,41.058407],[-73.771736,41.058757],[-73.771847,41.059054],[-73.77205,41.05952]]}},{"type":"Feature","properties":{"agency":"MNR","color":"#0039A6","description":"Harlem Line","route":"Harlem","routeId":"2","shapeId":"osm-1158719-793940316","source":"OpenStreetMap","sourceUrl":"https://www.openstreetmap.org/copyright"},"geometry":{"type":"LineString","coordinates":[[-73.772145,41.052409],[-73.771968,41.052995]]}},{"type":"Feature","properties":{"agency":"MNR","color":"#0039A6","description":"Harlem Line","route":"Harlem","routeId":"2","shapeId":"osm-1158719-793940318","source":"OpenStreetMap","sourceUrl":"https://www.openstreetmap.org/copyright"},"geometry":{"type":"LineString","coordinates":[[-73.772363,41.051689],[-73.772172,41.052323]]}},{"type":"Feature","properties":{"agency":"MNR","color":"#0039A6","description":"Harlem Line","route":"Harlem","routeId":"2","shapeId":"osm-1158719-793940319","source":"OpenStreetMap","sourceUrl":"https://www.openstreetmap.org/copyright"},"geometry":{"type":"LineString","coordinates":[[-73.77189,41.053433],[-73.771972,41.053145]]}},{"type":"Feature","properties":{"agency":"MNR","color":"#0039A6","description":"Harlem Line","route":"Harlem","routeId":"2","shapeId":"osm-1158719-793940320","source":"OpenStreetMap","sourceUrl":"https://www.openstreetmap.org/copyright"},"geometry":{"type":"LineString","coordinates":[[-73.771697,41.054207],[-73.771747,41.053943],[-73.771762,41.053862],[-73.771789,41.053767],[-73.77189,41.053433]]}},{"type":"Feature","properties":{"agency":"MNR","color":"#0039A6","description":"Harlem Line","route":"Harlem","routeId":"2","shapeId":"osm-1158719-793940321","source":"OpenStreetMap","sourceUrl":"https://www.openstreetmap.org/copyright"},"geometry":{"type":"LineString","coordinates":[[-73.772172,41.052323],[-73.772145,41.052409]]}},{"type":"Feature","properties":{"agency":"MNR","color":"#0039A6","description":"Harlem Line","route":"Harlem","routeId":"2","shapeId":"osm-1158719-793940322","source":"OpenStreetMap","sourceUrl":"https://www.openstreetmap.org/copyright"},"geometry":{"type":"LineString","coordinates":[[-73.773423,41.04811],[-73.773387,41.048243],[-73.773323,41.04845],[-73.772787,41.050265],[-73.772454,41.051366],[-73.772397,41.051579],[-73.772378,41.051637],[-73.772363,41.051689]]}},{"type":"Feature","properties":{"agency":"MNR","color":"#0039A6","description":"Harlem Line","route":"Harlem","routeId":"2","shapeId":"osm-1158719-793940323","source":"OpenStreetMap","sourceUrl":"https://www.openstreetmap.org/copyright"},"geometry":{"type":"LineString","coordinates":[[-73.772385,41.051808],[-73.772432,41.051667],[-73.772534,41.051376],[-73.773053,41.049693],[-73.773186,41.049265],[-73.773261,41.049005],[-73.77332,41.048779],[-73.773393,41.048462],[-73.773442,41.048249],[-73.77369,41.047418]]}},{"type":"Feature","properties":{"agency":"MNR","color":"#0039A6","description":"Harlem Line","route":"Harlem","routeId":"2","shapeId":"osm-1158719-793940324","source":"OpenStreetMap","sourceUrl":"https://www.openstreetmap.org/copyright"},"geometry":{"type":"LineString","coordinates":[[-73.773912,41.046464],[-73.773423,41.04811]]}},{"type":"Feature","properties":{"agency":"MNR","color":"#0039A6","description":"Harlem Line","route":"Harlem","routeId":"2","shapeId":"osm-1158719-793940325","source":"OpenStreetMap","sourceUrl":"https://www.openstreetmap.org/copyright"},"geometry":{"type":"LineString","coordinates":[[-73.77369,41.047418],[-73.773722,41.047303]]}},{"type":"Feature","properties":{"agency":"MNR","color":"#0039A6","description":"Harlem Line","route":"Harlem","routeId":"2","shapeId":"osm-1158719-793940326","source":"OpenStreetMap","sourceUrl":"https://www.openstreetmap.org/copyright"},"geometry":{"type":"LineString","coordinates":[[-73.773722,41.047303],[-73.773921,41.046578],[-73.77401,41.046291],[-73.774203,41.045668],[-73.77426,41.045473],[-73.774344,41.045183]]}},{"type":"Feature","properties":{"agency":"MNR","color":"#0039A6","description":"Harlem Line","route":"Harlem","routeId":"2","shapeId":"osm-1158719-793940327","source":"OpenStreetMap","sourceUrl":"https://www.openstreetmap.org/copyright"},"geometry":{"type":"LineString","coordinates":[[-73.774086,41.045869],[-73.774054,41.04597],[-73.773912,41.046464]]}},{"type":"Feature","properties":{"agency":"MNR","color":"#0039A6","description":"Harlem Line","route":"Harlem","routeId":"2","shapeId":"osm-1158719-793940328","source":"OpenStreetMap","sourceUrl":"https://www.openstreetmap.org/copyright"},"geometry":{"type":"LineString","coordinates":[[-73.771972,41.053145],[-73.772078,41.052808],[-73.77218,41.052454],[-73.772385,41.051808]]}},{"type":"Feature","properties":{"agency":"MNR","color":"#0039A6","description":"Harlem Line","route":"Harlem","routeId":"2","shapeId":"osm-1158719-793940329","source":"OpenStreetMap","sourceUrl":"https://www.openstreetmap.org/copyright"},"geometry":{"type":"LineString","coordinates":[[-73.775575,41.036777],[-73.77564,41.037382],[-73.7757,41.038002],[-73.775776,41.038748],[-73.775803,41.039124],[-73.775813,41.039505],[-73.775765,41.040081],[-73.775634,41.040658],[-73.775568,41.040884],[-73.774328,41.045071],[-73.774086,41.045869]]}},{"type":"Feature","properties":{"agency":"MNR","color":"#0039A6","description":"Harlem Line","route":"Harlem","routeId":"2","shapeId":"osm-1158719-794487276","source":"OpenStreetMap","sourceUrl":"https://www.openstreetmap.org/copyright"},"geometry":{"type":"LineString","coordinates":[[-73.929334,40.812853],[-73.929017,40.813128],[-73.928809,40.813332],[-73.92871,40.813445],[-73.92848,40.813729],[-73.928429,40.813798]]}},{"type":"Feature","properties":{"agency":"MNR","color":"#0039A6","description":"Harlem Line","route":"Harlem","routeId":"2","shapeId":"osm-1158719-794487277","source":"OpenStreetMap","sourceUrl":"https://www.openstreetmap.org/copyright"},"geometry":{"type":"LineString","coordinates":[[-73.935518,40.80978],[-73.93525,40.810084],[-73.935126,40.810192],[-73.934883,40.810388],[-73.934545,40.810598],[-73.934171,40.810774],[-73.933917,40.810878]]}},{"type":"Feature","properties":{"agency":"MNR","color":"#0039A6","description":"Harlem Line","route":"Harlem","routeId":"2","shapeId":"osm-1158719-794487278","source":"OpenStreetMap","sourceUrl":"https://www.openstreetmap.org/copyright"},"geometry":{"type":"LineString","coordinates":[[-73.940283,40.803324],[-73.939662,40.804174],[-73.938176,40.806207],[-73.93763,40.806956],[-73.936055,40.809081],[-73.935644,40.80967],[-73.935551,40.809803]]}},{"type":"Feature","properties":{"agency":"MNR","color":"#0039A6","description":"Harlem Line","route":"Harlem","routeId":"2","shapeId":"osm-1158719-794487279","source":"OpenStreetMap","sourceUrl":"https://www.openstreetmap.org/copyright"},"geometry":{"type":"LineString","coordinates":[[-73.935644,40.809834],[-73.935728,40.809714],[-73.936144,40.809117],[-73.937715,40.80699],[-73.938308,40.806267],[-73.938626,40.805858],[-73.939509,40.804645],[-73.939795,40.804226],[-73.94037,40.803354]]}},{"type":"Feature","properties":{"agency":"MNR","color":"#0039A6","description":"Harlem Line","route":"Harlem","routeId":"2","shapeId":"osm-1158719-794487280","source":"OpenStreetMap","sourceUrl":"https://www.openstreetmap.org/copyright"},"geometry":{"type":"LineString","coordinates":[[-73.946639,40.794553],[-73.946507,40.794734],[-73.940239,40.803309]]}},{"type":"Feature","properties":{"agency":"MNR","color":"#0039A6","description":"Harlem Line","route":"Harlem","routeId":"2","shapeId":"osm-1158719-794487281","source":"OpenStreetMap","sourceUrl":"https://www.openstreetmap.org/copyright"},"geometry":{"type":"LineString","coordinates":[[-73.94731,40.793704],[-73.946547,40.794749],[-73.940283,40.803324]]}},{"type":"Feature","properties":{"agency":"MNR","color":"#0039A6","description":"Harlem Line","route":"Harlem","routeId":"2","shapeId":"osm-1158719-794487282","source":"OpenStreetMap","sourceUrl":"https://www.openstreetmap.org/copyright"},"geometry":{"type":"LineString","coordinates":[[-73.940326,40.803339],[-73.946587,40.794768],[-73.947278,40.793823]]}},{"type":"Feature","properties":{"agency":"MNR","color":"#0039A6","description":"Harlem Line","route":"Harlem","routeId":"2","shapeId":"osm-1158719-794487283","source":"OpenStreetMap","sourceUrl":"https://www.openstreetmap.org/copyright"},"geometry":{"type":"LineString","coordinates":[[-73.94037,40.803354],[-73.946628,40.794784],[-73.946686,40.794703]]}},{"type":"Feature","properties":{"agency":"MNR","color":"#0039A6","description":"Harlem Line","route":"Harlem","routeId":"2","shapeId":"osm-1158719-794487284","source":"OpenStreetMap","sourceUrl":"https://www.openstreetmap.org/copyright"},"geometry":{"type":"LineString","coordinates":[[-73.956658,40.780834],[-73.9525,40.786533]]}},{"type":"Feature","properties":{"agency":"MNR","color":"#0039A6","description":"Harlem Line","route":"Harlem","routeId":"2","shapeId":"osm-1158719-794487285","source":"OpenStreetMap","sourceUrl":"https://www.openstreetmap.org/copyright"},"geometry":{"type":"LineString","coordinates":[[-73.956772,40.780881],[-73.957264,40.780207]]}},{"type":"Feature","properties":{"agency":"MNR","color":"#0039A6","description":"Harlem Line","route":"Harlem","routeId":"2","shapeId":"osm-1158719-794487286","source":"OpenStreetMap","sourceUrl":"https://www.openstreetmap.org/copyright"},"geometry":{"type":"LineString","coordinates":[[-73.9525,40.786533],[-73.951958,40.787276]]}},{"type":"Feature","properties":{"agency":"MNR","color":"#0039A6","description":"Harlem Line","route":"Harlem","routeId":"2","shapeId":"osm-1158719-794487287","source":"OpenStreetMap","sourceUrl":"https://www.openstreetmap.org/copyright"},"geometry":{"type":"LineString","coordinates":[[-73.952611,40.786579],[-73.956772,40.780881]]}},{"type":"Feature","properties":{"agency":"MNR","color":"#0039A6","description":"Harlem Line","route":"Harlem","routeId":"2","shapeId":"osm-1158719-794487288","source":"OpenStreetMap","sourceUrl":"https://www.openstreetmap.org/copyright"},"geometry":{"type":"LineString","coordinates":[[-73.957149,40.780161],[-73.956658,40.780834]]}},{"type":"Feature","properties":{"agency":"MNR","color":"#0039A6","description":"Harlem Line","route":"Harlem","routeId":"2","shapeId":"osm-1158719-794487289","source":"OpenStreetMap","sourceUrl":"https://www.openstreetmap.org/copyright"},"geometry":{"type":"LineString","coordinates":[[-73.952068,40.787322],[-73.952611,40.786579]]}},{"type":"Feature","properties":{"agency":"MNR","color":"#0039A6","description":"Harlem Line","route":"Harlem","routeId":"2","shapeId":"osm-1158719-794487290","source":"OpenStreetMap","sourceUrl":"https://www.openstreetmap.org/copyright"},"geometry":{"type":"LineString","coordinates":[[-73.968843,40.764346],[-73.968882,40.764292],[-73.969298,40.763729],[-73.969581,40.763345],[-73.969813,40.763021],[-73.970032,40.762715],[-73.970135,40.762574],[-73.97015,40.762552],[-73.970198,40.762486],[-73.970765,40.761712],[-73.970781,40.76169],[-73.970785,40.761686],[-73.970872,40.761566]]}},{"type":"Feature","properties":{"agency":"MNR","color":"#0039A6","description":"Harlem Line","route":"Harlem","routeId":"2","shapeId":"osm-1158719-794487291","source":"OpenStreetMap","sourceUrl":"https://www.openstreetmap.org/copyright"},"geometry":{"type":"LineString","coordinates":[[-73.968801,40.764329],[-73.968839,40.764277],[-73.969318,40.763621],[-73.969774,40.762996],[-73.970104,40.762544],[-73.970112,40.762533],[-73.970676,40.761765]]}},{"type":"Feature","properties":{"agency":"MNR","color":"#0039A6","description":"Harlem Line","route":"Harlem","routeId":"2","shapeId":"osm-1158719-794487292","source":"OpenStreetMap","sourceUrl":"https://www.openstreetmap.org/copyright"},"geometry":{"type":"LineString","coordinates":[[-73.970321,40.762165],[-73.970067,40.762521],[-73.969872,40.76279],[-73.969444,40.763377],[-73.969278,40.763604],[-73.968761,40.764312]]}},{"type":"Feature","properties":{"agency":"MNR","color":"#0039A6","description":"Harlem Line","route":"Harlem","routeId":"2","shapeId":"osm-1158719-794544980","source":"OpenStreetMap","sourceUrl":"https://www.openstreetmap.org/copyright"},"geometry":{"type":"LineString","coordinates":[[-73.770756,41.069397],[-73.770762,41.069588],[-73.770777,41.069778],[-73.77081,41.069992],[-73.770851,41.070201],[-73.770911,41.070427],[-73.770972,41.070628],[-73.771043,41.070839],[-73.771143,41.071071],[-73.771246,41.07128],[-73.771361,41.071477],[-73.771489,41.071682],[-73.771621,41.071866],[-73.771761,41.072045],[-73.7719,41.072211],[-73.772044,41.072368],[-73.772185,41.072515],[-73.772313,41.072643],[-73.772468,41.072784]]}},{"type":"Feature","properties":{"agency":"MNR","color":"#0039A6","description":"Harlem Line","route":"Harlem","routeId":"2","shapeId":"osm-1158719-794544981","source":"OpenStreetMap","sourceUrl":"https://www.openstreetmap.org/copyright"},"geometry":{"type":"LineString","coordinates":[[-73.772508,41.072758],[-73.772348,41.072617],[-73.772217,41.072492],[-73.772076,41.072345],[-73.771938,41.072192],[-73.771803,41.072029],[-73.77166,41.071844],[-73.771535,41.071664],[-73.771409,41.071461],[-73.771295,41.071265],[-73.771192,41.071058],[-73.771094,41.070828],[-73.771023,41.070619],[-73.770962,41.070418],[-73.770903,41.070195],[-73.77086,41.069993],[-73.770825,41.069775],[-73.770807,41.069587],[-73.770801,41.069395]]}},{"type":"Feature","properties":{"agency":"MNR","color":"#0039A6","description":"Harlem Line","route":"Harlem","routeId":"2","shapeId":"osm-1158719-794544982","source":"OpenStreetMap","sourceUrl":"https://www.openstreetmap.org/copyright"},"geometry":{"type":"LineString","coordinates":[[-73.772616,41.072908],[-73.772755,41.073019],[-73.772896,41.073122],[-73.773041,41.073227],[-73.773192,41.073325],[-73.77337,41.073433],[-73.773539,41.073531],[-73.773716,41.073624],[-73.773909,41.073716],[-73.774092,41.073798],[-73.77427,41.073872],[-73.774545,41.073982],[-73.774626,41.074014],[-73.774808,41.074084],[-73.775473,41.074334],[-73.775774,41.074444],[-73.776046,41.074557],[-73.776296,41.074681],[-73.776554,41.074827]]}},{"type":"Feature","properties":{"agency":"MNR","color":"#0039A6","description":"Harlem Line","route":"Harlem","routeId":"2","shapeId":"osm-1158719-794544983","source":"OpenStreetMap","sourceUrl":"https://www.openstreetmap.org/copyright"},"geometry":{"type":"LineString","coordinates":[[-73.776585,41.074796],[-73.776343,41.074654],[-73.77608,41.074517],[-73.775815,41.074396],[-73.775601,41.074305],[-73.775373,41.074215],[-73.77471,41.073964],[-73.774313,41.073813],[-73.774134,41.073739],[-73.773951,41.073659],[-73.773768,41.073573],[-73.773581,41.073478],[-73.77341,41.073386],[-73.773236,41.073287],[-73.773076,41.073187],[-73.772925,41.073085],[-73.772779,41.072981],[-73.772631,41.072865]]}},{"type":"Feature","properties":{"agency":"MNR","color":"#0039A6","description":"Harlem Line","route":"Harlem","routeId":"2","shapeId":"osm-1158719-794544984","source":"OpenStreetMap","sourceUrl":"https://www.openstreetmap.org/copyright"},"geometry":{"type":"LineString","coordinates":[[-73.775625,41.036774],[-73.775582,41.036322],[-73.775482,41.035339],[-73.775372,41.034207],[-73.775286,41.033465],[-73.775216,41.032712]]}},{"type":"Feature","properties":{"agency":"MNR","color":"#0039A6","description":"Harlem Line","route":"Harlem","routeId":"2","shapeId":"osm-1158719-794544985","source":"OpenStreetMap","sourceUrl":"https://www.openstreetmap.org/copyright"},"geometry":{"type":"LineString","coordinates":[[-73.77505,41.032718],[-73.775209,41.034198],[-73.775228,41.03434],[-73.775351,41.035341],[-73.775513,41.036325],[-73.775575,41.036777]]}},{"type":"Feature","properties":{"agency":"MNR","color":"#0039A6","description":"Harlem Line","route":"Harlem","routeId":"2","shapeId":"osm-1158719-794544986","source":"OpenStreetMap","sourceUrl":"https://www.openstreetmap.org/copyright"},"geometry":{"type":"LineString","coordinates":[[-73.777463,41.028041],[-73.777958,41.027737],[-73.779137,41.027026],[-73.780092,41.026441],[-73.780573,41.026123],[-73.780873,41.025912],[-73.781395,41.025516],[-73.781661,41.025291],[-73.782063,41.024942],[-73.782516,41.024516],[-73.782944,41.024106]]}},{"type":"Feature","properties":{"agency":"MNR","color":"#0039A6","description":"Harlem Line","route":"Harlem","routeId":"2","shapeId":"osm-1158719-794544987","source":"OpenStreetMap","sourceUrl":"https://www.openstreetmap.org/copyright"},"geometry":{"type":"LineString","coordinates":[[-73.782925,41.024066],[-73.78248,41.024493],[-73.782024,41.024919],[-73.781619,41.025265],[-73.781356,41.025484],[-73.780846,41.02588],[-73.780541,41.026096],[-73.780067,41.026413],[-73.779108,41.027002],[-73.778517,41.027351],[-73.777935,41.027704],[-73.777524,41.027949],[-73.77741,41.028018]]}},{"type":"Feature","properties":{"agency":"MNR","color":"#0039A6","description":"Harlem Line","route":"Harlem","routeId":"2","shapeId":"osm-1158719-794544988","source":"OpenStreetMap","sourceUrl":"https://www.openstreetmap.org/copyright"},"geometry":{"type":"LineString","coordinates":[[-73.80919,40.986247],[-73.809069,40.986721],[-73.808918,40.987411]]}},{"type":"Feature","properties":{"agency":"MNR","color":"#0039A6","description":"Harlem Line","route":"Harlem","routeId":"2","shapeId":"osm-1158719-794544989","source":"OpenStreetMap","sourceUrl":"https://www.openstreetmap.org/copyright"},"geometry":{"type":"LineString","coordinates":[[-73.835628,40.93599],[-73.835742,40.935124],[-73.835774,40.934763],[-73.835863,40.934149]]}},{"type":"Feature","properties":{"agency":"MNR","color":"#0039A6","description":"Harlem Line","route":"Harlem","routeId":"2","shapeId":"osm-1158719-794544990","source":"OpenStreetMap","sourceUrl":"https://www.openstreetmap.org/copyright"},"geometry":{"type":"LineString","coordinates":[[-73.835818,40.934143],[-73.835731,40.93475],[-73.835696,40.93513],[-73.835584,40.935987]]}},{"type":"Feature","properties":{"agency":"MNR","color":"#0039A6","description":"Harlem Line","route":"Harlem","routeId":"2","shapeId":"osm-1158719-794544991","source":"OpenStreetMap","sourceUrl":"https://www.openstreetmap.org/copyright"},"geometry":{"type":"LineString","coordinates":[[-73.835863,40.934149],[-73.835909,40.93396],[-73.836034,40.933446],[-73.83612,40.933202],[-73.836203,40.933019],[-73.836426,40.932655]]}},{"type":"Feature","properties":{"agency":"MNR","color":"#0039A6","description":"Harlem Line","route":"Harlem","routeId":"2","shapeId":"osm-1158719-794544992","source":"OpenStreetMap","sourceUrl":"https://www.openstreetmap.org/copyright"},"geometry":{"type":"LineString","coordinates":[[-73.836383,40.932642],[-73.836265,40.932834],[-73.83616,40.933006],[-73.836077,40.933189],[-73.835991,40.933433],[-73.835818,40.934143]]}},{"type":"Feature","properties":{"agency":"MNR","color":"#0039A6","description":"Harlem Line","route":"Harlem","routeId":"2","shapeId":"osm-1158719-794544993","source":"OpenStreetMap","sourceUrl":"https://www.openstreetmap.org/copyright"},"geometry":{"type":"LineString","coordinates":[[-73.860233,40.89995],[-73.860318,40.899793],[-73.860401,40.89963],[-73.86045,40.899521],[-73.860526,40.899344],[-73.860551,40.899291],[-73.860764,40.89874],[-73.860861,40.898508],[-73.860971,40.898245],[-73.861446,40.897407]]}},{"type":"Feature","properties":{"agency":"MNR","color":"#0039A6","description":"Harlem Line","route":"Harlem","routeId":"2","shapeId":"osm-1158719-794544994","source":"OpenStreetMap","sourceUrl":"https://www.openstreetmap.org/copyright"},"geometry":{"type":"LineString","coordinates":[[-73.86486,40.891969],[-73.864462,40.892609],[-73.864419,40.892678],[-73.863871,40.893501]]}},{"type":"Feature","properties":{"agency":"MNR","color":"#0039A6","description":"Harlem Line","route":"Harlem","routeId":"2","shapeId":"osm-1158719-794544995","source":"OpenStreetMap","sourceUrl":"https://www.openstreetmap.org/copyright"},"geometry":{"type":"LineString","coordinates":[[-73.883945,40.866068],[-73.883398,40.866362],[-73.882872,40.866648],[-73.880869,40.867735],[-73.877653,40.869479],[-73.876821,40.869964],[-73.876473,40.870199],[-73.876144,40.870453],[-73.875998,40.870588],[-73.875855,40.870723],[-73.875588,40.871006],[-73.875376,40.871255],[-73.875179,40.87151],[-73.875032,40.871698]]}},{"type":"Feature","properties":{"agency":"MNR","color":"#0039A6","description":"Harlem Line","route":"Harlem","routeId":"2","shapeId":"osm-1158719-794544996","source":"OpenStreetMap","sourceUrl":"https://www.openstreetmap.org/copyright"},"geometry":{"type":"LineString","coordinates":[[-73.883707,40.86624],[-73.883426,40.866391],[-73.882898,40.866678],[-73.877681,40.869508],[-73.876851,40.869991],[-73.876506,40.870225],[-73.876179,40.870477],[-73.876035,40.870611],[-73.875893,40.870745],[-73.875627,40.871026],[-73.875417,40.871274],[-73.875223,40.871524],[-73.87508,40.871714]]}},{"type":"Feature","properties":{"agency":"MNR","color":"#0039A6","description":"Harlem Line","route":"Harlem","routeId":"2","shapeId":"osm-1158719-794544997","source":"OpenStreetMap","sourceUrl":"https://www.openstreetmap.org/copyright"},"geometry":{"type":"LineString","coordinates":[[-73.875122,40.871729],[-73.875257,40.871548],[-73.875456,40.871291],[-73.875665,40.871045],[-73.875929,40.870765],[-73.876071,40.870632],[-73.876213,40.8705],[-73.876537,40.87025],[-73.87688,40.870018],[-73.877708,40.869535],[-73.882143,40.867131],[-73.882922,40.866707],[-73.883269,40.866519]]}},{"type":"Feature","properties":{"agency":"MNR","color":"#0039A6","description":"Harlem Line","route":"Harlem","routeId":"2","shapeId":"osm-1158719-794544998","source":"OpenStreetMap","sourceUrl":"https://www.openstreetmap.org/copyright"},"geometry":{"type":"LineString","coordinates":[[-73.875165,40.871743],[-73.875303,40.871555],[-73.875494,40.871309],[-73.875702,40.871064],[-73.875965,40.870786],[-73.876106,40.870654],[-73.876247,40.870522],[-73.876569,40.870275],[-73.876909,40.870044],[-73.877735,40.869563],[-73.882898,40.866762],[-73.882944,40.866737],[-73.883479,40.866447],[-73.884425,40.865932]]}},{"type":"Feature","properties":{"agency":"MNR","color":"#0039A6","description":"Harlem Line","route":"Harlem","routeId":"2","shapeId":"osm-1158719-794544999","source":"OpenStreetMap","sourceUrl":"https://www.openstreetmap.org/copyright"},"geometry":{"type":"LineString","coordinates":[[-73.90886,40.830831],[-73.909003,40.830606],[-73.90915,40.830392],[-73.909348,40.830124],[-73.909536,40.829861],[-73.910108,40.829266],[-73.910844,40.828628],[-73.911191,40.828379],[-73.91153,40.828135]]}},{"type":"Feature","properties":{"agency":"MNR","color":"#0039A6","description":"Harlem Line","route":"Harlem","routeId":"2","shapeId":"osm-1158719-794545000","source":"OpenStreetMap","sourceUrl":"https://www.openstreetmap.org/copyright"},"geometry":{"type":"LineString","coordinates":[[-73.908819,40.830817],[-73.908963,40.830591],[-73.90911,40.830376],[-73.909308,40.830107],[-73.909497,40.829843],[-73.910072,40.829245],[-73.910812,40.828604],[-73.911161,40.828351],[-73.911521,40.828096]]}},{"type":"Feature","properties":{"agency":"MNR","color":"#0039A6","description":"Harlem Line","route":"Harlem","routeId":"2","shapeId":"osm-1158719-794545001","source":"OpenStreetMap","sourceUrl":"https://www.openstreetmap.org/copyright"},"geometry":{"type":"LineString","coordinates":[[-73.911528,40.828038],[-73.91115,40.828305],[-73.910778,40.828576],[-73.910037,40.829224],[-73.909459,40.829825],[-73.909269,40.830091],[-73.90907,40.83036],[-73.908922,40.830575],[-73.908778,40.830802]]}},{"type":"Feature","properties":{"agency":"MNR","color":"#0039A6","description":"Harlem Line","route":"Harlem","routeId":"2","shapeId":"osm-1158719-794545002","source":"OpenStreetMap","sourceUrl":"https://www.openstreetmap.org/copyright"},"geometry":{"type":"LineString","coordinates":[[-73.91152,40.827996],[-73.911127,40.828273],[-73.910745,40.828555],[-73.909999,40.829202],[-73.909419,40.829805],[-73.909227,40.830073],[-73.909029,40.830342],[-73.908879,40.830559],[-73.908735,40.830787]]}},{"type":"Feature","properties":{"agency":"MNR","color":"#0039A6","description":"Harlem Line","route":"Harlem","routeId":"2","shapeId":"osm-1158719-794545003","source":"OpenStreetMap","sourceUrl":"https://www.openstreetmap.org/copyright"},"geometry":{"type":"LineString","coordinates":[[-73.926212,40.816945],[-73.926165,40.817011],[-73.925643,40.817719]]}},{"type":"Feature","properties":{"agency":"MNR","color":"#0039A6","description":"Harlem Line","route":"Harlem","routeId":"2","shapeId":"osm-1158719-794545004","source":"OpenStreetMap","sourceUrl":"https://www.openstreetmap.org/copyright"},"geometry":{"type":"LineString","coordinates":[[-73.926856,40.816122],[-73.92663,40.816448],[-73.926208,40.817029],[-73.925685,40.817737]]}},{"type":"Feature","properties":{"agency":"MNR","color":"#0039A6","description":"Harlem Line","route":"Harlem","routeId":"2","shapeId":"osm-1158719-794545005","source":"OpenStreetMap","sourceUrl":"https://www.openstreetmap.org/copyright"},"geometry":{"type":"LineString","coordinates":[[-73.925727,40.817756],[-73.92625,40.817047],[-73.926673,40.816465],[-73.927091,40.815865]]}},{"type":"Feature","properties":{"agency":"MNR","color":"#0039A6","description":"Harlem Line","route":"Harlem","routeId":"2","shapeId":"osm-1158719-794545006","source":"OpenStreetMap","sourceUrl":"https://www.openstreetmap.org/copyright"},"geometry":{"type":"LineString","coordinates":[[-73.925793,40.817779],[-73.925924,40.817608],[-73.926051,40.817424],[-73.926173,40.817243],[-73.926424,40.816897]]}},{"type":"Feature","properties":{"agency":"MNR","color":"#0039A6","description":"Harlem Line","route":"Harlem","routeId":"2","shapeId":"osm-1158719-794551282","source":"OpenStreetMap","sourceUrl":"https://www.openstreetmap.org/copyright"},"geometry":{"type":"LineString","coordinates":[[-73.616028,41.440926],[-73.616043,41.440894],[-73.617092,41.43863],[-73.617426,41.437877]]}},{"type":"Feature","properties":{"agency":"MNR","color":"#0039A6","description":"Harlem Line","route":"Harlem","routeId":"2","shapeId":"osm-1158719-794551283","source":"OpenStreetMap","sourceUrl":"https://www.openstreetmap.org/copyright"},"geometry":{"type":"LineString","coordinates":[[-73.621947,41.421211],[-73.622628,41.418743],[-73.622778,41.418205],[-73.622805,41.41811],[-73.622823,41.418046],[-73.622853,41.417941]]}},{"type":"Feature","properties":{"agency":"MNR","color":"#0039A6","description":"Harlem Line","route":"Harlem","routeId":"2","shapeId":"osm-1158719-794551284","source":"OpenStreetMap","sourceUrl":"https://www.openstreetmap.org/copyright"},"geometry":{"type":"LineString","coordinates":[[-73.61995,41.395304],[-73.620044,41.396508],[-73.620184,41.398318],[-73.620194,41.39845]]}},{"type":"Feature","properties":{"agency":"MNR","color":"#0039A6","description":"Harlem Line","route":"Harlem","routeId":"2","shapeId":"osm-1158719-794551285","source":"OpenStreetMap","sourceUrl":"https://www.openstreetmap.org/copyright"},"geometry":{"type":"LineString","coordinates":[[-73.619927,41.393122],[-73.619909,41.393231],[-73.619892,41.393343],[-73.619878,41.393453],[-73.619868,41.393556],[-73.619861,41.393665],[-73.619858,41.393772],[-73.619856,41.393884],[-73.619858,41.394],[-73.619862,41.394112],[-73.619868,41.394211],[-73.619876,41.394325],[-73.619912,41.394819],[-73.619917,41.39487],[-73.61995,41.395304]]}},{"type":"Feature","properties":{"agency":"MNR","color":"#0039A6","description":"Harlem Line","route":"Harlem","routeId":"2","shapeId":"osm-1158719-794551286","source":"OpenStreetMap","sourceUrl":"https://www.openstreetmap.org/copyright"},"geometry":{"type":"LineString","coordinates":[[-73.620329,41.399505],[-73.620261,41.398618],[-73.620244,41.398449],[-73.620234,41.398314],[-73.620093,41.396504],[-73.620065,41.396126],[-73.620057,41.396004],[-73.620051,41.395884],[-73.620048,41.395778],[-73.620042,41.395488],[-73.62004,41.39535],[-73.620034,41.395203],[-73.620025,41.395046],[-73.620015,41.394916],[-73.619938,41.393882],[-73.619936,41.393772],[-73.619936,41.393666],[-73.61994,41.393558],[-73.619947,41.393457],[-73.619959,41.393348],[-73.619972,41.393242],[-73.619989,41.39313]]}},{"type":"Feature","properties":{"agency":"MNR","color":"#0039A6","description":"Harlem Line","route":"Harlem","routeId":"2","shapeId":"osm-1158719-794551287","source":"OpenStreetMap","sourceUrl":"https://www.openstreetmap.org/copyright"},"geometry":{"type":"LineString","coordinates":[[-73.619989,41.39313],[-73.620016,41.392985],[-73.620038,41.39288],[-73.620092,41.392675],[-73.620158,41.392454],[-73.620234,41.392257],[-73.620313,41.392083],[-73.620418,41.391872],[-73.620541,41.391658],[-73.620661,41.391465],[-73.62079,41.391278],[-73.620947,41.391079],[-73.621101,41.390902],[-73.62127,41.390721],[-73.621454,41.390542],[-73.622056,41.389982],[-73.622265,41.389795],[-73.622483,41.389612],[-73.622727,41.389421],[-73.622979,41.389238],[-73.623229,41.389081],[-73.623486,41.388932],[-73.623758,41.388789]]}},{"type":"Feature","properties":{"agency":"MNR","color":"#0039A6","description":"Harlem Line","route":"Harlem","routeId":"2","shapeId":"osm-1158719-794551288","source":"OpenStreetMap","sourceUrl":"https://www.openstreetmap.org/copyright"},"geometry":{"type":"LineString","coordinates":[[-73.623734,41.388762],[-73.62346,41.388905],[-73.623202,41.389055],[-73.62295,41.389213],[-73.622696,41.389398],[-73.622451,41.38959],[-73.622233,41.389774],[-73.622023,41.389961],[-73.62142,41.390521],[-73.621235,41.390701],[-73.621065,41.390884],[-73.62091,41.391062],[-73.620752,41.391262],[-73.620622,41.391451],[-73.620501,41.391645],[-73.620377,41.39186],[-73.620272,41.392058],[-73.620188,41.392249],[-73.620109,41.392445],[-73.620036,41.39266],[-73.619978,41.392862],[-73.619927,41.393122]]}},{"type":"Feature","properties":{"agency":"MNR","color":"#0039A6","description":"Harlem Line","route":"Harlem","routeId":"2","shapeId":"osm-1158719-794551289","source":"OpenStreetMap","sourceUrl":"https://www.openstreetmap.org/copyright"},"geometry":{"type":"LineString","coordinates":[[-73.641766,41.375072],[-73.641663,41.375268],[-73.641548,41.375473],[-73.641422,41.375672],[-73.641278,41.375872],[-73.641121,41.376077],[-73.640947,41.376285],[-73.640769,41.376479],[-73.640582,41.376676],[-73.637198,41.380117],[-73.636999,41.38031],[-73.636803,41.380497],[-73.636606,41.380675],[-73.636389,41.380859],[-73.636167,41.381038],[-73.635932,41.381214],[-73.635695,41.381378],[-73.635441,41.381545],[-73.634652,41.382036],[-73.63441,41.382193],[-73.634189,41.382347],[-73.63397,41.382509],[-73.63377,41.382667],[-73.633564,41.382841],[-73.633376,41.383013],[-73.633173,41.38321],[-73.632998,41.383392],[-73.631196,41.385334]]}},{"type":"Feature","properties":{"agency":"MNR","color":"#0039A6","description":"Harlem Line","route":"Harlem","routeId":"2","shapeId":"osm-1158719-794551290","source":"OpenStreetMap","sourceUrl":"https://www.openstreetmap.org/copyright"},"geometry":{"type":"LineString","coordinates":[[-73.63025,41.386237],[-73.630468,41.386068],[-73.63068,41.385889],[-73.630881,41.385706],[-73.631058,41.385535],[-73.631233,41.385353]]}},{"type":"Feature","properties":{"agency":"MNR","color":"#0039A6","description":"Harlem Line","route":"Harlem","routeId":"2","shapeId":"osm-1158719-794551291","source":"OpenStreetMap","sourceUrl":"https://www.openstreetmap.org/copyright"},"geometry":{"type":"LineString","coordinates":[[-73.660793,41.35479],[-73.660624,41.35497],[-73.660474,41.355128],[-73.66029,41.355301],[-73.660116,41.355447],[-73.65992,41.355598],[-73.659688,41.355762],[-73.659436,41.355927],[-73.659187,41.35607],[-73.658927,41.35621],[-73.658662,41.356335],[-73.658361,41.356463],[-73.65807,41.356572],[-73.657778,41.356671],[-73.657465,41.356768]]}},{"type":"Feature","properties":{"agency":"MNR","color":"#0039A6","description":"Harlem Line","route":"Harlem","routeId":"2","shapeId":"osm-1158719-794551292","source":"OpenStreetMap","sourceUrl":"https://www.openstreetmap.org/copyright"},"geometry":{"type":"LineString","coordinates":[[-73.657481,41.356798],[-73.657796,41.356701],[-73.658089,41.356602],[-73.658382,41.356492],[-73.658684,41.356363],[-73.658952,41.356237],[-73.659214,41.356097],[-73.659464,41.355953],[-73.659718,41.355787],[-73.659951,41.355621],[-73.660148,41.35547],[-73.660324,41.355322],[-73.660509,41.355148],[-73.66066,41.35499],[-73.660829,41.35481]]}},{"type":"Feature","properties":{"agency":"MNR","color":"#0039A6","description":"Harlem Line","route":"Harlem","routeId":"2","shapeId":"osm-1158719-794551293","source":"OpenStreetMap","sourceUrl":"https://www.openstreetmap.org/copyright"},"geometry":{"type":"LineString","coordinates":[[-73.661138,41.320397],[-73.660799,41.320645],[-73.660515,41.320868],[-73.660278,41.321075],[-73.660051,41.321294],[-73.659836,41.32153],[-73.659644,41.321767],[-73.65947,41.322008],[-73.659312,41.322261],[-73.659176,41.322509],[-73.659054,41.322782],[-73.658944,41.323078],[-73.658865,41.323366],[-73.658816,41.323618],[-73.658785,41.323874],[-73.658761,41.324122],[-73.658753,41.324373],[-73.658758,41.324629],[-73.658773,41.324868],[-73.658795,41.325134],[-73.658825,41.325401],[-73.658865,41.325664],[-73.658914,41.325925],[-73.658981,41.326236]]}},{"type":"Feature","properties":{"agency":"MNR","color":"#0039A6","description":"Harlem Line","route":"Harlem","routeId":"2","shapeId":"osm-1158719-794551294","source":"OpenStreetMap","sourceUrl":"https://www.openstreetmap.org/copyright"},"geometry":{"type":"LineString","coordinates":[[-73.659052,41.326228],[-73.658888,41.325127],[-73.658857,41.324863],[-73.658837,41.324624],[-73.658829,41.324371],[-73.658827,41.324125],[-73.65884,41.32388],[-73.658867,41.323623],[-73.658915,41.323372],[-73.658989,41.323085],[-73.659097,41.322792],[-73.659219,41.322521],[-73.659353,41.322275],[-73.65951,41.322024],[-73.659684,41.321784],[-73.659875,41.321548],[-73.660088,41.321314],[-73.660315,41.321098],[-73.660553,41.320894],[-73.660834,41.320678],[-73.661179,41.320428]]}},{"type":"Feature","properties":{"agency":"MNR","color":"#0039A6","description":"Harlem Line","route":"Harlem","routeId":"2","shapeId":"osm-1158719-794551295","source":"OpenStreetMap","sourceUrl":"https://www.openstreetmap.org/copyright"},"geometry":{"type":"LineString","coordinates":[[-73.659189,41.327068],[-73.659052,41.326228]]}},{"type":"Feature","properties":{"agency":"MNR","color":"#0039A6","description":"Harlem Line","route":"Harlem","routeId":"2","shapeId":"osm-1158719-794551296","source":"OpenStreetMap","sourceUrl":"https://www.openstreetmap.org/copyright"},"geometry":{"type":"LineString","coordinates":[[-73.658981,41.326236],[-73.659085,41.326768],[-73.659135,41.327072]]}},{"type":"Feature","properties":{"agency":"MNR","color":"#0039A6","description":"Harlem Line","route":"Harlem","routeId":"2","shapeId":"osm-1158719-794551297","source":"OpenStreetMap","sourceUrl":"https://www.openstreetmap.org/copyright"},"geometry":{"type":"LineString","coordinates":[[-73.683307,41.25723],[-73.68341,41.257587],[-73.683511,41.257943],[-73.6836,41.258302],[-73.683737,41.258849],[-73.683756,41.258912],[-73.683781,41.259014],[-73.683907,41.25947],[-73.684028,41.259944],[-73.684155,41.260398],[-73.684286,41.260838],[-73.684399,41.261225],[-73.684488,41.261603],[-73.684665,41.262239]]}},{"type":"Feature","properties":{"agency":"MNR","color":"#0039A6","description":"Harlem Line","route":"Harlem","routeId":"2","shapeId":"osm-1158719-794551298","source":"OpenStreetMap","sourceUrl":"https://www.openstreetmap.org/copyright"},"geometry":{"type":"LineString","coordinates":[[-73.699264,41.237775],[-73.699581,41.237599],[-73.699968,41.237374],[-73.700336,41.237147],[-73.700672,41.236933],[-73.701001,41.236716],[-73.70102,41.236703],[-73.701432,41.236425],[-73.701857,41.236145]]}},{"type":"Feature","properties":{"agency":"MNR","color":"#0039A6","description":"Harlem Line","route":"Harlem","routeId":"2","shapeId":"osm-1158719-794551299","source":"OpenStreetMap","sourceUrl":"https://www.openstreetmap.org/copyright"},"geometry":{"type":"LineString","coordinates":[[-73.701857,41.236145],[-73.715429,41.227702],[-73.716208,41.227203],[-73.716645,41.226852],[-73.717067,41.226514],[-73.717333,41.226249],[-73.717619,41.225959],[-73.717974,41.225506],[-73.718632,41.224562],[-73.719249,41.223587],[-73.719649,41.222986],[-73.719961,41.222504],[-73.720031,41.222396],[-73.72014,41.222233],[-73.72097,41.220886],[-73.722888,41.217886],[-73.723826,41.216425],[-73.724537,41.215289],[-73.725261,41.214132],[-73.726327,41.212523]]}},{"type":"Feature","properties":{"agency":"MNR","color":"#0039A6","description":"Harlem Line","route":"Harlem","routeId":"2","shapeId":"osm-1158719-794551300","source":"OpenStreetMap","sourceUrl":"https://www.openstreetmap.org/copyright"},"geometry":{"type":"LineString","coordinates":[[-73.737656,41.200409],[-73.736237,41.201741],[-73.73515,41.202744]]}},{"type":"Feature","properties":{"agency":"MNR","color":"#0039A6","description":"Harlem Line","route":"Harlem","routeId":"2","shapeId":"osm-1158719-794551301","source":"OpenStreetMap","sourceUrl":"https://www.openstreetmap.org/copyright"},"geometry":{"type":"LineString","coordinates":[[-73.737684,41.200428],[-73.738135,41.200006],[-73.739941,41.198296],[-73.740195,41.198055]]}},{"type":"Feature","properties":{"agency":"MNR","color":"#0039A6","description":"Harlem Line","route":"Harlem","routeId":"2","shapeId":"osm-1158719-794551302","source":"OpenStreetMap","sourceUrl":"https://www.openstreetmap.org/copyright"},"geometry":{"type":"LineString","coordinates":[[-73.726327,41.212523],[-73.726544,41.212229],[-73.726801,41.211931],[-73.727104,41.211618],[-73.727627,41.211104],[-73.72784,41.21089],[-73.728431,41.210326],[-73.728654,41.21009],[-73.728996,41.209695],[-73.729191,41.209431],[-73.729379,41.209151],[-73.729486,41.208984],[-73.729579,41.208834],[-73.72966,41.208689],[-73.729789,41.208455],[-73.729974,41.208119],[-73.73012,41.20787],[-73.730227,41.2077],[-73.730454,41.20736],[-73.730752,41.206985],[-73.730973,41.206755],[-73.731092,41.206631],[-73.73142,41.206316],[-73.732226,41.20554],[-73.732353,41.205426]]}},{"type":"Feature","properties":{"agency":"MNR","color":"#0039A6","description":"Harlem Line","route":"Harlem","routeId":"2","shapeId":"osm-1158719-794551303","source":"OpenStreetMap","sourceUrl":"https://www.openstreetmap.org/copyright"},"geometry":{"type":"LineString","coordinates":[[-73.727838,41.210825],[-73.727259,41.21141],[-73.726763,41.211912],[-73.72651,41.212213],[-73.726284,41.212507]]}},{"type":"Feature","properties":{"agency":"MNR","color":"#0039A6","description":"Harlem Line","route":"Harlem","routeId":"2","shapeId":"osm-1158719-794551304","source":"OpenStreetMap","sourceUrl":"https://www.openstreetmap.org/copyright"},"geometry":{"type":"LineString","coordinates":[[-73.786602,41.145678],[-73.785984,41.146302],[-73.785631,41.14667],[-73.785354,41.146959],[-73.784998,41.147341],[-73.784198,41.148162],[-73.782447,41.150022],[-73.781338,41.151201],[-73.780854,41.151702],[-73.780193,41.152386],[-73.779632,41.152995],[-73.778723,41.15397],[-73.778006,41.154704],[-73.776595,41.156225],[-73.775315,41.157578],[-73.774131,41.158836]]}},{"type":"Feature","properties":{"agency":"MNR","color":"#0039A6","description":"Harlem Line","route":"Harlem","routeId":"2","shapeId":"osm-1158719-794551305","source":"OpenStreetMap","sourceUrl":"https://www.openstreetmap.org/copyright"},"geometry":{"type":"LineString","coordinates":[[-73.774199,41.158866],[-73.775038,41.158021],[-73.775422,41.15763],[-73.775624,41.157408],[-73.776247,41.156714],[-73.776653,41.156245],[-73.778092,41.154741],[-73.778792,41.153999],[-73.7797,41.15303],[-73.78027,41.152415],[-73.780917,41.151737],[-73.781388,41.151222]]}},{"type":"Feature","properties":{"agency":"MNR","color":"#0039A6","description":"Harlem Line","route":"Harlem","routeId":"2","shapeId":"osm-1158719-794551306","source":"OpenStreetMap","sourceUrl":"https://www.openstreetmap.org/copyright"},"geometry":{"type":"LineString","coordinates":[[-73.79048,41.132227],[-73.790606,41.132343],[-73.790757,41.132482],[-73.791059,41.132762],[-73.791164,41.132861],[-73.791256,41.132951],[-73.791352,41.133051],[-73.791445,41.133154],[-73.791529,41.133253],[-73.79161,41.133358],[-73.791692,41.133473],[-73.79177,41.133592],[-73.791846,41.133712],[-73.791924,41.133843],[-73.791997,41.133971],[-73.792058,41.134082],[-73.792116,41.13419],[-73.792168,41.134289],[-73.792216,41.134388],[-73.792264,41.134489],[-73.792311,41.13459],[-73.79235,41.134676],[-73.792385,41.134757],[-73.792419,41.134839],[-73.792457,41.134935],[-73.792495,41.135032],[-73.792529,41.135127],[-73.792562,41.135231],[-73.792589,41.135333],[-73.792616,41.135444],[-73.792636,41.13555],[-73.792654,41.135662],[-73.792666,41.13577],[-73.792674,41.135882],[-73.792678,41.136002],[-73.79268,41.136119],[-73.792679,41.136233],[-73.792677,41.136371],[-73.79267,41.136528],[-73.79266,41.136691]]}},{"type":"Feature","properties":{"agency":"MNR","color":"#0039A6","description":"Harlem Line","route":"Harlem","routeId":"2","shapeId":"osm-1158719-794551307","source":"OpenStreetMap","sourceUrl":"https://www.openstreetmap.org/copyright"},"geometry":{"type":"LineString","coordinates":[[-73.790518,41.132202],[-73.789648,41.131404]]}},{"type":"Feature","properties":{"agency":"MNR","color":"#0039A6","description":"Harlem Line","route":"Harlem","routeId":"2","shapeId":"osm-1158719-794557861","source":"OpenStreetMap","sourceUrl":"https://www.openstreetmap.org/copyright"},"geometry":{"type":"LineString","coordinates":[[-73.552504,41.79401],[-73.552445,41.793855],[-73.552388,41.793677],[-73.552341,41.793515],[-73.5523,41.793348],[-73.552265,41.79317],[-73.55224,41.792999],[-73.552222,41.792846],[-73.552204,41.792668],[-73.552199,41.792518],[-73.552199,41.792347],[-73.552206,41.792201],[-73.552218,41.792036],[-73.552234,41.791893],[-73.552255,41.791741],[-73.552278,41.791602],[-73.552312,41.791447],[-73.552349,41.791303],[-73.552395,41.791145],[-73.552434,41.791012],[-73.552483,41.790866],[-73.55253,41.790737],[-73.55259,41.790581],[-73.552714,41.790272]]}},{"type":"Feature","properties":{"agency":"MNR","color":"#0039A6","description":"Harlem Line","route":"Harlem","routeId":"2","shapeId":"osm-1158719-794557862","source":"OpenStreetMap","sourceUrl":"https://www.openstreetmap.org/copyright"},"geometry":{"type":"LineString","coordinates":[[-73.576342,41.658911],[-73.57579,41.657687],[-73.575618,41.657337],[-73.575437,41.656991],[-73.575236,41.656632],[-73.575019,41.656265],[-73.574797,41.655918],[-73.574555,41.655563],[-73.574308,41.655224],[-73.574056,41.65489],[-73.573796,41.65457],[-73.573551,41.654284],[-73.57329,41.653985],[-73.572173,41.65277],[-73.570043,41.65044]]}},{"type":"Feature","properties":{"agency":"MNR","color":"#0039A6","description":"Harlem Line","route":"Harlem","routeId":"2","shapeId":"osm-1158719-794557864","source":"OpenStreetMap","sourceUrl":"https://www.openstreetmap.org/copyright"},"geometry":{"type":"LineString","coordinates":[[-73.610889,41.48398],[-73.610874,41.483863]]}},{"type":"Feature","properties":{"agency":"MNR","color":"#0039A6","description":"Harlem Line","route":"Harlem","routeId":"2","shapeId":"osm-1158719-794557865","source":"OpenStreetMap","sourceUrl":"https://www.openstreetmap.org/copyright"},"geometry":{"type":"LineString","coordinates":[[-73.610642,41.487607],[-73.610801,41.48712],[-73.610921,41.486631],[-73.611007,41.486052],[-73.611032,41.485474],[-73.611007,41.484895],[-73.610889,41.48398]]}},{"type":"Feature","properties":{"agency":"MNR","color":"#0039A6","description":"Harlem Line","route":"Harlem","routeId":"2","shapeId":"osm-1158719-794557866","source":"OpenStreetMap","sourceUrl":"https://www.openstreetmap.org/copyright"},"geometry":{"type":"LineString","coordinates":[[-73.610601,41.487708],[-73.610642,41.487607]]}},{"type":"Feature","properties":{"agency":"MNR","color":"#0039A6","description":"Harlem Line","route":"Harlem","routeId":"2","shapeId":"osm-1158719-794557867","source":"OpenStreetMap","sourceUrl":"https://www.openstreetmap.org/copyright"},"geometry":{"type":"LineString","coordinates":[[-73.606188,41.501387],[-73.606621,41.499238],[-73.606938,41.497638],[-73.607187,41.496403],[-73.607333,41.495818],[-73.607488,41.495304],[-73.607668,41.494777],[-73.60826,41.493324],[-73.609196,41.491093],[-73.609994,41.489164],[-73.610483,41.487994],[-73.610601,41.487708]]}},{"type":"Feature","properties":{"agency":"MNR","color":"#0039A6","description":"Harlem Line","route":"Harlem","routeId":"2","shapeId":"osm-1158719-799517536","source":"OpenStreetMap","sourceUrl":"https://www.openstreetmap.org/copyright"},"geometry":{"type":"LineString","coordinates":[[-73.782443,41.122879],[-73.782444,41.122795],[-73.782447,41.122712]]}},{"type":"Feature","properties":{"agency":"MNR","color":"#0039A6","description":"Harlem Line","route":"Harlem","routeId":"2","shapeId":"osm-1158719-799517537","source":"OpenStreetMap","sourceUrl":"https://www.openstreetmap.org/copyright"},"geometry":{"type":"LineString","coordinates":[[-73.782447,41.122712],[-73.782454,41.122613],[-73.782456,41.122509],[-73.782465,41.122409],[-73.782482,41.122283],[-73.782503,41.122155],[-73.782532,41.122025],[-73.782561,41.121912],[-73.782594,41.121799],[-73.78263,41.121683],[-73.782668,41.121566],[-73.782707,41.121462],[-73.782745,41.121364],[-73.782787,41.121262],[-73.782838,41.12115],[-73.78289,41.121042],[-73.782944,41.120929],[-73.783002,41.120815],[-73.783064,41.1207],[-73.783135,41.120577],[-73.783209,41.120451],[-73.783282,41.120334],[-73.783355,41.120221],[-73.783434,41.120107],[-73.783513,41.119995],[-73.783594,41.119884],[-73.783686,41.119762],[-73.783773,41.119654],[-73.783859,41.11955],[-73.783952,41.11944],[-73.784044,41.119336],[-73.784146,41.119224],[-73.784258,41.119103],[-73.784372,41.118988],[-73.784483,41.118879],[-73.784615,41.118756],[-73.784744,41.118637],[-73.78487,41.118526],[-73.785014,41.118407],[-73.785184,41.118274],[-73.78534,41.118156],[-73.785509,41.11803],[-73.785697,41.117898],[-73.785878,41.117775],[-73.786067,41.117656],[-73.786258,41.117537],[-73.786891,41.117164],[-73.787864,41.116577],[-73.788538,41.116172],[-73.790244,41.115144],[-73.791055,41.114658],[-73.791658,41.114295],[-73.791901,41.114149],[-73.792225,41.113954],[-73.792536,41.113767],[-73.792616,41.113718],[-73.7927,41.113666]]}},{"type":"Feature","properties":{"agency":"MNR","color":"#0039A6","description":"Harlem Line","route":"Harlem","routeId":"2","shapeId":"osm-1158719-799517538","source":"OpenStreetMap","sourceUrl":"https://www.openstreetmap.org/copyright"},"geometry":{"type":"LineString","coordinates":[[-73.7824,41.122712],[-73.782396,41.122794],[-73.782394,41.122878]]}},{"type":"Feature","properties":{"agency":"MNR","color":"#0039A6","description":"Harlem Line","route":"Harlem","routeId":"2","shapeId":"osm-1158719-799517539","source":"OpenStreetMap","sourceUrl":"https://www.openstreetmap.org/copyright"},"geometry":{"type":"LineString","coordinates":[[-73.792668,41.113637],[-73.792584,41.113689],[-73.792507,41.113737],[-73.792193,41.113926],[-73.791871,41.114121],[-73.791628,41.114267],[-73.791026,41.114631],[-73.790217,41.115116],[-73.788509,41.116147],[-73.787835,41.11655],[-73.786863,41.117136],[-73.786235,41.117508],[-73.786039,41.117629],[-73.785862,41.117741],[-73.785666,41.117871],[-73.785492,41.117992],[-73.785301,41.118133],[-73.785154,41.118247],[-73.784992,41.118377],[-73.784835,41.118507],[-73.784711,41.118614],[-73.784583,41.118731],[-73.784462,41.118845],[-73.784336,41.118967],[-73.784216,41.119091],[-73.784094,41.119219],[-73.784,41.119321],[-73.783917,41.119415],[-73.783823,41.119522],[-73.78374,41.119623],[-73.783651,41.119736],[-73.783562,41.119854],[-73.783472,41.119977],[-73.783391,41.120091],[-73.78332,41.120193],[-73.783241,41.120319],[-73.783169,41.120437],[-73.783091,41.120565],[-73.783022,41.12069],[-73.782963,41.120801],[-73.7829,41.12092],[-73.78285,41.121021],[-73.782799,41.121129],[-73.782749,41.121244],[-73.782705,41.121349],[-73.782666,41.121449],[-73.782628,41.121556],[-73.782586,41.12168],[-73.782553,41.121788],[-73.78252,41.121903],[-73.782491,41.122022],[-73.782463,41.122155],[-73.782441,41.122279],[-73.782421,41.122407],[-73.78241,41.122508],[-73.782405,41.122613],[-73.7824,41.122712]]}},{"type":"Feature","properties":{"agency":"MNR","color":"#0039A6","description":"Harlem Line","route":"Harlem","routeId":"2","shapeId":"osm-1158719-799517540","source":"OpenStreetMap","sourceUrl":"https://www.openstreetmap.org/copyright"},"geometry":{"type":"LineString","coordinates":[[-73.782394,41.122878],[-73.782396,41.122991],[-73.7824,41.123098],[-73.782407,41.123199],[-73.782416,41.123299],[-73.782427,41.123399],[-73.78244,41.123493],[-73.782455,41.123583],[-73.782472,41.123678],[-73.782486,41.123784],[-73.782509,41.12388],[-73.782531,41.123968],[-73.782552,41.124039],[-73.78257,41.124098]]}},{"type":"Feature","properties":{"agency":"MNR","color":"#0039A6","description":"Harlem Line","route":"Harlem","routeId":"2","shapeId":"osm-1158719-799517541","source":"OpenStreetMap","sourceUrl":"https://www.openstreetmap.org/copyright"},"geometry":{"type":"LineString","coordinates":[[-73.784618,41.126792],[-73.784305,41.1265],[-73.784158,41.126364],[-73.784046,41.126259],[-73.78395,41.126165],[-73.783854,41.126071],[-73.783774,41.12599],[-73.783702,41.125913],[-73.783638,41.125841],[-73.783566,41.12576],[-73.783503,41.125686],[-73.783442,41.125613],[-73.783383,41.125538],[-73.78333,41.125467],[-73.78327,41.125383],[-73.783218,41.12531],[-73.783173,41.125242],[-73.783111,41.125145],[-73.783047,41.125038],[-73.782991,41.124944],[-73.782928,41.124826],[-73.782873,41.124721],[-73.782818,41.124607],[-73.782762,41.124479],[-73.78271,41.124353]]}},{"type":"Feature","properties":{"agency":"MNR","color":"#0039A6","description":"Harlem Line","route":"Harlem","routeId":"2","shapeId":"osm-1158719-799517542","source":"OpenStreetMap","sourceUrl":"https://www.openstreetmap.org/copyright"},"geometry":{"type":"LineString","coordinates":[[-73.7927,41.113666],[-73.792785,41.113612],[-73.793252,41.113307],[-73.793664,41.11297],[-73.794122,41.112575],[-73.794572,41.112098],[-73.794828,41.111793],[-73.795239,41.111201],[-73.79546,41.110789],[-73.795822,41.109987],[-73.796063,41.109272],[-73.796272,41.1085],[-73.796322,41.108227],[-73.796355,41.108024],[-73.796418,41.107607],[-73.79646,41.107167],[-73.796467,41.107001],[-73.796481,41.10668],[-73.796492,41.106398],[-73.79649,41.106144],[-73.796476,41.105561],[-73.796403,41.10488],[-73.796369,41.104527],[-73.796332,41.104342],[-73.796303,41.104226],[-73.796192,41.103792],[-73.796122,41.10351],[-73.795969,41.102911],[-73.795621,41.101742],[-73.795443,41.101139],[-73.795108,41.100015],[-73.794988,41.099607],[-73.794895,41.099292],[-73.794607,41.098327],[-73.793936,41.096078],[-73.793881,41.095896],[-73.793572,41.094853],[-73.793194,41.093595],[-73.793067,41.093149],[-73.79284,41.092435],[-73.79273,41.092126],[-73.792329,41.091275],[-73.792024,41.090754],[-73.791519,41.08986],[-73.791182,41.089385],[-73.791026,41.089185],[-73.79079,41.088865],[-73.790532,41.088586],[-73.79006,41.088053],[-73.789502,41.087515],[-73.788913,41.087006],[-73.78805,41.086245],[-73.787378,41.085674],[-73.787076,41.085401],[-73.785646,41.084176],[-73.78483,41.083484],[-73.784078,41.082805],[-73.783846,41.082574],[-73.783636,41.082356],[-73.783224,41.081895]]}},{"type":"Feature","properties":{"agency":"MNR","color":"#0039A6","description":"Harlem Line","route":"Harlem","routeId":"2","shapeId":"osm-1158719-799517543","source":"OpenStreetMap","sourceUrl":"https://www.openstreetmap.org/copyright"},"geometry":{"type":"LineString","coordinates":[[-73.78458,41.126806],[-73.785118,41.127304],[-73.785694,41.127833],[-73.786401,41.128481],[-73.786841,41.128884],[-73.787245,41.129259],[-73.787481,41.129473],[-73.787709,41.129684]]}},{"type":"Feature","properties":{"agency":"MNR","color":"#0039A6","description":"Harlem Line","route":"Harlem","routeId":"2","shapeId":"osm-1158719-814020113","source":"OpenStreetMap","sourceUrl":"https://www.openstreetmap.org/copyright"},"geometry":{"type":"LineString","coordinates":[[-73.972463,40.759163],[-73.972211,40.75951]]}},{"type":"Feature","properties":{"agency":"MNR","color":"#0039A6","description":"Harlem Line","route":"Harlem","routeId":"2","shapeId":"osm-1158719-814020114","source":"OpenStreetMap","sourceUrl":"https://www.openstreetmap.org/copyright"},"geometry":{"type":"LineString","coordinates":[[-73.972756,40.758833],[-73.972503,40.75918],[-73.972251,40.759526]]}},{"type":"Feature","properties":{"agency":"MNR","color":"#0039A6","description":"Harlem Line","route":"Harlem","routeId":"2","shapeId":"osm-1158719-814020115","source":"OpenStreetMap","sourceUrl":"https://www.openstreetmap.org/copyright"},"geometry":{"type":"LineString","coordinates":[[-73.973087,40.75852],[-73.972835,40.758867],[-73.972583,40.759213],[-73.97233,40.759559]]}},{"type":"Feature","properties":{"agency":"MNR","color":"#0039A6","description":"Harlem Line","route":"Harlem","routeId":"2","shapeId":"osm-1158719-822180149","source":"OpenStreetMap","sourceUrl":"https://www.openstreetmap.org/copyright"},"geometry":{"type":"LineString","coordinates":[[-73.57775,41.735918],[-73.577958,41.735296],[-73.578378,41.734173],[-73.579454,41.731737],[-73.580198,41.73006],[-73.580328,41.729785],[-73.58056,41.729271],[-73.581909,41.726217],[-73.585571,41.717895],[-73.587821,41.712833],[-73.588459,41.711415],[-73.588649,41.710992],[-73.588829,41.710578]]}},{"type":"Feature","properties":{"agency":"MNR","color":"#0039A6","description":"Harlem Line","route":"Harlem","routeId":"2","shapeId":"osm-1158719-822180150","source":"OpenStreetMap","sourceUrl":"https://www.openstreetmap.org/copyright"},"geometry":{"type":"LineString","coordinates":[[-73.577719,41.736014],[-73.57775,41.735918]]}},{"type":"Feature","properties":{"agency":"MNR","color":"#0039A6","description":"Harlem Line","route":"Harlem","routeId":"2","shapeId":"osm-1158719-822210339","source":"OpenStreetMap","sourceUrl":"https://www.openstreetmap.org/copyright"},"geometry":{"type":"LineString","coordinates":[[-73.576472,41.618795],[-73.576553,41.618615],[-73.576642,41.618427],[-73.576838,41.618028],[-73.577655,41.616349],[-73.577984,41.615665],[-73.579008,41.613583],[-73.580186,41.611169],[-73.581626,41.60822],[-73.583394,41.604586],[-73.583563,41.60423],[-73.583724,41.60388],[-73.583892,41.603495],[-73.58404,41.603136],[-73.584179,41.602794],[-73.58444,41.602115],[-73.585615,41.599099],[-73.586322,41.597235],[-73.586594,41.596546],[-73.586643,41.596422],[-73.586875,41.595812],[-73.58705,41.595356],[-73.588056,41.592874],[-73.588078,41.592812],[-73.588186,41.592523]]}},{"type":"Feature","properties":{"agency":"MNR","color":"#0039A6","description":"Harlem Line","route":"Harlem","routeId":"2","shapeId":"osm-1158719-885935447","source":"OpenStreetMap","sourceUrl":"https://www.openstreetmap.org/copyright"},"geometry":{"type":"LineString","coordinates":[[-73.837287,40.931148],[-73.836383,40.932642]]}},{"type":"Feature","properties":{"agency":"MNR","color":"#0039A6","description":"Harlem Line","route":"Harlem","routeId":"2","shapeId":"osm-1158719-885935448","source":"OpenStreetMap","sourceUrl":"https://www.openstreetmap.org/copyright"},"geometry":{"type":"LineString","coordinates":[[-73.836426,40.932655],[-73.837344,40.931137]]}},{"type":"Feature","properties":{"agency":"MNR","color":"#0039A6","description":"Harlem Line","route":"Harlem","routeId":"2","shapeId":"osm-1158719-885935449","source":"OpenStreetMap","sourceUrl":"https://www.openstreetmap.org/copyright"},"geometry":{"type":"LineString","coordinates":[[-73.835691,40.935995],[-73.835807,40.93512],[-73.835935,40.934151],[-73.836125,40.933465],[-73.836215,40.933222],[-73.836482,40.932672],[-73.837438,40.931119]]}},{"type":"Feature","properties":{"agency":"MNR","color":"#0039A6","description":"Harlem Line","route":"Harlem","routeId":"2","shapeId":"osm-1158719-885935450","source":"OpenStreetMap","sourceUrl":"https://www.openstreetmap.org/copyright"},"geometry":{"type":"LineString","coordinates":[[-73.837438,40.931119],[-73.837537,40.930963]]}},{"type":"Feature","properties":{"agency":"MNR","color":"#0039A6","description":"Harlem Line","route":"Harlem","routeId":"2","shapeId":"osm-1158719-885935451","source":"OpenStreetMap","sourceUrl":"https://www.openstreetmap.org/copyright"},"geometry":{"type":"LineString","coordinates":[[-73.837344,40.931137],[-73.837441,40.930977]]}},{"type":"Feature","properties":{"agency":"MNR","color":"#0039A6","description":"Harlem Line","route":"Harlem","routeId":"2","shapeId":"osm-1158719-885935452","source":"OpenStreetMap","sourceUrl":"https://www.openstreetmap.org/copyright"},"geometry":{"type":"LineString","coordinates":[[-73.837384,40.930986],[-73.837287,40.931148]]}},{"type":"Feature","properties":{"agency":"MNR","color":"#0039A6","description":"Harlem Line","route":"Harlem","routeId":"2","shapeId":"osm-1158719-952176996","source":"OpenStreetMap","sourceUrl":"https://www.openstreetmap.org/copyright"},"geometry":{"type":"LineString","coordinates":[[-73.602024,41.558303],[-73.602072,41.557861],[-73.602116,41.557333],[-73.602127,41.556829],[-73.602129,41.556455],[-73.602108,41.555943],[-73.60205,41.554681],[-73.601972,41.552918],[-73.60192,41.551744],[-73.601887,41.550994],[-73.601825,41.549588],[-73.601705,41.546773],[-73.601592,41.54417]]}},{"type":"Feature","properties":{"agency":"MNR","color":"#0039A6","description":"Harlem Line","route":"Harlem","routeId":"2","shapeId":"osm-1158719-952176997","source":"OpenStreetMap","sourceUrl":"https://www.openstreetmap.org/copyright"},"geometry":{"type":"LineString","coordinates":[[-73.602013,41.558392],[-73.602024,41.558303]]}},{"type":"Feature","properties":{"agency":"MNR","color":"#0039A6","description":"Harlem Line","route":"Harlem","routeId":"2","shapeId":"osm-1158719-1157738027","source":"OpenStreetMap","sourceUrl":"https://www.openstreetmap.org/copyright"},"geometry":{"type":"LineString","coordinates":[[-73.562285,41.814302],[-73.56226,41.814157],[-73.562254,41.81413],[-73.562245,41.814092],[-73.562202,41.813864]]}},{"type":"Feature","properties":{"agency":"MNR","color":"#0039A6","description":"Harlem Line","route":"Harlem","routeId":"2","shapeId":"osm-1158719-1164557142","source":"OpenStreetMap","sourceUrl":"https://www.openstreetmap.org/copyright"},"geometry":{"type":"LineString","coordinates":[[-73.772631,41.072865],[-73.772508,41.072758]]}},{"type":"Feature","properties":{"agency":"MNR","color":"#0039A6","description":"Harlem Line","route":"Harlem","routeId":"2","shapeId":"osm-1158719-1164557143","source":"OpenStreetMap","sourceUrl":"https://www.openstreetmap.org/copyright"},"geometry":{"type":"LineString","coordinates":[[-73.772468,41.072784],[-73.772616,41.072908]]}},{"type":"Feature","properties":{"agency":"MNR","color":"#0039A6","description":"Harlem Line","route":"Harlem","routeId":"2","shapeId":"osm-1158719-1164557145","source":"OpenStreetMap","sourceUrl":"https://www.openstreetmap.org/copyright"},"geometry":{"type":"LineString","coordinates":[[-73.776554,41.074827],[-73.776803,41.074985],[-73.777038,41.07516],[-73.777258,41.075343],[-73.777464,41.075538],[-73.777658,41.075736],[-73.777868,41.075965],[-73.783186,41.081911]]}},{"type":"Feature","properties":{"agency":"MNR","color":"#0039A6","description":"Harlem Line","route":"Harlem","routeId":"2","shapeId":"osm-1158719-1164557146","source":"OpenStreetMap","sourceUrl":"https://www.openstreetmap.org/copyright"},"geometry":{"type":"LineString","coordinates":[[-73.783224,41.081895],[-73.777905,41.075944],[-73.777709,41.075724],[-73.777509,41.075521],[-73.777301,41.075327],[-73.777061,41.075127],[-73.776829,41.074954],[-73.776585,41.074796]]}},{"type":"Feature","properties":{"agency":"MNR","color":"#0039A6","description":"Harlem Line","route":"Harlem","routeId":"2","shapeId":"osm-1158719-1164572375","source":"OpenStreetMap","sourceUrl":"https://www.openstreetmap.org/copyright"},"geometry":{"type":"LineString","coordinates":[[-73.928471,40.813817],[-73.928343,40.813997],[-73.928337,40.814007]]}},{"type":"Feature","properties":{"agency":"MNR","color":"#0039A6","description":"Harlem Line","route":"Harlem","routeId":"2","shapeId":"osm-1158719-1164572377","source":"OpenStreetMap","sourceUrl":"https://www.openstreetmap.org/copyright"},"geometry":{"type":"LineString","coordinates":[[-73.928399,40.814037],[-73.928539,40.813844]]}},{"type":"Feature","properties":{"agency":"MNR","color":"#0039A6","description":"Harlem Line","route":"Harlem","routeId":"2","shapeId":"osm-1158719-1164572378","source":"OpenStreetMap","sourceUrl":"https://www.openstreetmap.org/copyright"},"geometry":{"type":"LineString","coordinates":[[-73.928517,40.813958],[-73.928585,40.813862]]}},{"type":"Feature","properties":{"agency":"MNR","color":"#0039A6","description":"Harlem Line","route":"Harlem","routeId":"2","shapeId":"osm-1158719-1164572379","source":"OpenStreetMap","sourceUrl":"https://www.openstreetmap.org/copyright"},"geometry":{"type":"LineString","coordinates":[[-73.925328,40.818354],[-73.925406,40.81826],[-73.925637,40.817976],[-73.925793,40.817779]]}},{"type":"Feature","properties":{"agency":"MNR","color":"#0039A6","description":"Harlem Line","route":"Harlem","routeId":"2","shapeId":"osm-1158719-1164572380","source":"OpenStreetMap","sourceUrl":"https://www.openstreetmap.org/copyright"},"geometry":{"type":"LineString","coordinates":[[-73.925333,40.818236],[-73.925562,40.817962],[-73.925727,40.817756]]}},{"type":"Feature","properties":{"agency":"MNR","color":"#0039A6","description":"Harlem Line","route":"Harlem","routeId":"2","shapeId":"osm-1158719-1164572381","source":"OpenStreetMap","sourceUrl":"https://www.openstreetmap.org/copyright"},"geometry":{"type":"LineString","coordinates":[[-73.925685,40.817737],[-73.92552,40.817942],[-73.925297,40.81821],[-73.92529,40.818218]]}},{"type":"Feature","properties":{"agency":"MNR","color":"#0039A6","description":"Harlem Line","route":"Harlem","routeId":"2","shapeId":"osm-1158719-1164572382","source":"OpenStreetMap","sourceUrl":"https://www.openstreetmap.org/copyright"},"geometry":{"type":"LineString","coordinates":[[-73.925643,40.817719],[-73.925479,40.817923],[-73.925257,40.818191],[-73.925249,40.818199]]}},{"type":"Feature","properties":{"agency":"MNR","color":"#0039A6","description":"Harlem Line","route":"Harlem","routeId":"2","shapeId":"osm-1158719-1410220853","source":"OpenStreetMap","sourceUrl":"https://www.openstreetmap.org/copyright"},"geometry":{"type":"LineString","coordinates":[[-73.859779,40.899818],[-73.860688,40.898459]]}},{"type":"Feature","properties":{"agency":"MNR","color":"#0039A6","description":"Harlem Line","route":"Harlem","routeId":"2","shapeId":"osm-1158719-1410220854","source":"OpenStreetMap","sourceUrl":"https://www.openstreetmap.org/copyright"},"geometry":{"type":"LineString","coordinates":[[-73.859833,40.899647],[-73.85973,40.899802]]}},{"type":"Feature","properties":{"agency":"MNR","color":"#0039A6","description":"Harlem Line","route":"Harlem","routeId":"2","shapeId":"osm-1158719-1410220855","source":"OpenStreetMap","sourceUrl":"https://www.openstreetmap.org/copyright"},"geometry":{"type":"LineString","coordinates":[[-73.860262,40.898919],[-73.859688,40.899786]]}},{"type":"Feature","properties":{"agency":"MNR","color":"#0039A6","description":"Harlem Line","route":"Harlem","routeId":"2","shapeId":"osm-1158719-1420841268","source":"OpenStreetMap","sourceUrl":"https://www.openstreetmap.org/copyright"},"geometry":{"type":"LineString","coordinates":[[-73.570959,41.638749],[-73.570962,41.638744]]}},{"type":"Feature","properties":{"agency":"MNR","color":"#0039A6","description":"Harlem Line","route":"Harlem","routeId":"2","shapeId":"osm-1158719-1420841269","source":"OpenStreetMap","sourceUrl":"https://www.openstreetmap.org/copyright"},"geometry":{"type":"LineString","coordinates":[[-73.570922,41.638816],[-73.570959,41.638749]]}},{"type":"Feature","properties":{"agency":"MNR","color":"#0039A6","description":"Harlem Line","route":"Harlem","routeId":"2","shapeId":"osm-1158719-1420841270","source":"OpenStreetMap","sourceUrl":"https://www.openstreetmap.org/copyright"},"geometry":{"type":"LineString","coordinates":[[-73.588856,41.710508],[-73.588965,41.710229],[-73.589093,41.709868],[-73.589196,41.709528],[-73.589313,41.709136],[-73.589399,41.708748],[-73.589469,41.708353],[-73.58951,41.707917],[-73.589518,41.707473],[-73.589507,41.706871],[-73.589491,41.706215],[-73.589471,41.705714],[-73.589426,41.705095],[-73.589376,41.704583],[-73.589316,41.704093],[-73.589239,41.703622],[-73.589163,41.703199],[-73.589072,41.70276],[-73.588981,41.702374],[-73.588887,41.702021],[-73.588774,41.701617],[-73.588497,41.700669],[-73.588236,41.699798],[-73.587925,41.698743],[-73.587517,41.697325],[-73.587081,41.69584],[-73.586497,41.693838]]}},{"type":"Feature","properties":{"agency":"MNR","color":"#0039A6","description":"Harlem Line","route":"Harlem","routeId":"2","shapeId":"osm-1158719-1420841271","source":"OpenStreetMap","sourceUrl":"https://www.openstreetmap.org/copyright"},"geometry":{"type":"LineString","coordinates":[[-73.588829,41.710578],[-73.588856,41.710508]]}},{"type":"Feature","properties":{"agency":"MNR","color":"#0039A6","description":"Harlem Line","route":"Harlem","routeId":"2","shapeId":"osm-1158719-1455571162","source":"OpenStreetMap","sourceUrl":"https://www.openstreetmap.org/copyright"},"geometry":{"type":"LineString","coordinates":[[-73.970014,40.762524],[-73.96872,40.764297]]}},{"type":"Feature","properties":{"agency":"MNR","color":"#E00034","description":"Waterbury Branch","route":"Waterbury","routeId":"6","shapeId":"osm-4582213-94482301","source":"OpenStreetMap","sourceUrl":"https://www.openstreetmap.org/copyright"},"geometry":{"type":"LineString","coordinates":[[-73.082287,41.316704],[-73.081913,41.316443]]}},{"type":"Feature","properties":{"agency":"MNR","color":"#E00034","description":"Waterbury Branch","route":"Waterbury","routeId":"6","shapeId":"osm-4582213-94482306","source":"OpenStreetMap","sourceUrl":"https://www.openstreetmap.org/copyright"},"geometry":{"type":"LineString","coordinates":[[-73.064326,41.29856],[-73.064092,41.297783],[-73.064022,41.297176],[-73.064007,41.297042],[-73.064082,41.295913],[-73.064223,41.294989],[-73.064529,41.293875],[-73.064776,41.293261],[-73.065108,41.292643],[-73.067351,41.289061],[-73.068144,41.28817],[-73.068949,41.287448],[-73.070951,41.286196],[-73.073139,41.285246],[-73.073391,41.285136],[-73.075152,41.284189],[-73.076222,41.28339],[-73.077152,41.282396],[-73.078452,41.280596],[-73.078772,41.280116],[-73.079426,41.278693],[-73.080576,41.276229],[-73.081305,41.274395],[-73.081766,41.272722],[-73.082097,41.271524],[-73.082226,41.271052],[-73.082476,41.269996],[-73.082552,41.269196],[-73.082463,41.268581],[-73.081213,41.26475],[-73.080762,41.263496],[-73.080282,41.262054],[-73.079879,41.26063],[-73.079965,41.258877],[-73.080061,41.258508],[-73.080203,41.257964],[-73.080765,41.256654],[-73.081891,41.255186],[-73.086348,41.250082],[-73.088999,41.247035],[-73.089523,41.246466],[-73.090034,41.245871],[-73.090161,41.245732],[-73.090539,41.24532],[-73.091,41.244708],[-73.091277,41.24431],[-73.091584,41.243749],[-73.091742,41.243431],[-73.091879,41.242983],[-73.092159,41.241755],[-73.09242,41.241053],[-73.09267,41.240561],[-73.092959,41.2401],[-73.093352,41.239496],[-73.095237,41.236607],[-73.095699,41.2359],[-73.096061,41.235329],[-73.096525,41.234625],[-73.09675,41.234268],[-73.097064,41.233787]]}},{"type":"Feature","properties":{"agency":"MNR","color":"#E00034","description":"Waterbury Branch","route":"Waterbury","routeId":"6","shapeId":"osm-4582213-122587107","source":"OpenStreetMap","sourceUrl":"https://www.openstreetmap.org/copyright"},"geometry":{"type":"LineString","coordinates":[[-73.081021,41.315694],[-73.080337,41.315029],[-73.079675,41.314369],[-73.079183,41.313846],[-73.078107,41.312479],[-73.077819,41.312083],[-73.077589,41.311602]]}},{"type":"Feature","properties":{"agency":"MNR","color":"#E00034","description":"Waterbury Branch","route":"Waterbury","routeId":"6","shapeId":"osm-4582213-122587119","source":"OpenStreetMap","sourceUrl":"https://www.openstreetmap.org/copyright"},"geometry":{"type":"LineString","coordinates":[[-73.081913,41.316443],[-73.081021,41.315694]]}},{"type":"Feature","properties":{"agency":"MNR","color":"#E00034","description":"Waterbury Branch","route":"Waterbury","routeId":"6","shapeId":"osm-4582213-171002925","source":"OpenStreetMap","sourceUrl":"https://www.openstreetmap.org/copyright"},"geometry":{"type":"LineString","coordinates":[[-73.077389,41.310624],[-73.077233,41.310256],[-73.076889,41.309665]]}},{"type":"Feature","properties":{"agency":"MNR","color":"#E00034","description":"Waterbury Branch","route":"Waterbury","routeId":"6","shapeId":"osm-4582213-171002939","source":"OpenStreetMap","sourceUrl":"https://www.openstreetmap.org/copyright"},"geometry":{"type":"LineString","coordinates":[[-73.080379,41.345939],[-73.080208,41.345532],[-73.080036,41.345023],[-73.07995,41.344604],[-73.079949,41.34437],[-73.079955,41.3443],[-73.079963,41.344184],[-73.079986,41.343995],[-73.080044,41.343664]]}},{"type":"Feature","properties":{"agency":"MNR","color":"#E00034","description":"Waterbury Branch","route":"Waterbury","routeId":"6","shapeId":"osm-4582213-171002942","source":"OpenStreetMap","sourceUrl":"https://www.openstreetmap.org/copyright"},"geometry":{"type":"LineString","coordinates":[[-73.077589,41.311602],[-73.077503,41.311238],[-73.077389,41.310624]]}},{"type":"Feature","properties":{"agency":"MNR","color":"#E00034","description":"Waterbury Branch","route":"Waterbury","routeId":"6","shapeId":"osm-4582213-175126345","source":"OpenStreetMap","sourceUrl":"https://www.openstreetmap.org/copyright"},"geometry":{"type":"LineString","coordinates":[[-73.081273,41.338997],[-73.081556,41.337952],[-73.081771,41.337108],[-73.082326,41.335005],[-73.082955,41.332623],[-73.083018,41.332378],[-73.083027,41.332343],[-73.083149,41.331862],[-73.083374,41.330984],[-73.08347,41.330605],[-73.083745,41.329458],[-73.083899,41.328569],[-73.083942,41.327653],[-73.083933,41.326752],[-73.083928,41.326638],[-73.083891,41.326141],[-73.083841,41.325459],[-73.083811,41.324992],[-73.083573,41.321182],[-73.083544,41.320757],[-73.083534,41.320618]]}},{"type":"Feature","properties":{"agency":"MNR","color":"#E00034","description":"Waterbury Branch","route":"Waterbury","routeId":"6","shapeId":"osm-4582213-175126346","source":"OpenStreetMap","sourceUrl":"https://www.openstreetmap.org/copyright"},"geometry":{"type":"LineString","coordinates":[[-73.08099,41.340034],[-73.081273,41.338997]]}},{"type":"Feature","properties":{"agency":"MNR","color":"#E00034","description":"Waterbury Branch","route":"Waterbury","routeId":"6","shapeId":"osm-4582213-175126347","source":"OpenStreetMap","sourceUrl":"https://www.openstreetmap.org/copyright"},"geometry":{"type":"LineString","coordinates":[[-73.072072,41.397613],[-73.072055,41.396551]]}},{"type":"Feature","properties":{"agency":"MNR","color":"#E00034","description":"Waterbury Branch","route":"Waterbury","routeId":"6","shapeId":"osm-4582213-175126350","source":"OpenStreetMap","sourceUrl":"https://www.openstreetmap.org/copyright"},"geometry":{"type":"LineString","coordinates":[[-73.073181,41.392197],[-73.073314,41.391667],[-73.073497,41.391178],[-73.073753,41.390545],[-73.074186,41.389623],[-73.074397,41.389029],[-73.074538,41.388411],[-73.074551,41.38834],[-73.0749,41.386483],[-73.075015,41.38587],[-73.07523,41.385258],[-73.07551,41.384796],[-73.075819,41.384307],[-73.076346,41.383571],[-73.076637,41.383126],[-73.076929,41.382534]]}},{"type":"Feature","properties":{"agency":"MNR","color":"#E00034","description":"Waterbury Branch","route":"Waterbury","routeId":"6","shapeId":"osm-4582213-199582818","source":"OpenStreetMap","sourceUrl":"https://www.openstreetmap.org/copyright"},"geometry":{"type":"LineString","coordinates":[[-73.05356,41.498778],[-73.05365,41.498634]]}},{"type":"Feature","properties":{"agency":"MNR","color":"#E00034","description":"Waterbury Branch","route":"Waterbury","routeId":"6","shapeId":"osm-4582213-199582829","source":"OpenStreetMap","sourceUrl":"https://www.openstreetmap.org/copyright"},"geometry":{"type":"LineString","coordinates":[[-73.05365,41.498634],[-73.053849,41.498248],[-73.053947,41.497867],[-73.054042,41.497225],[-73.053939,41.496524],[-73.053655,41.495823],[-73.052535,41.493944],[-73.052358,41.493572],[-73.052213,41.493138],[-73.052159,41.492859],[-73.052152,41.492803],[-73.052145,41.492747],[-73.052132,41.492573],[-73.05213,41.492346],[-73.052154,41.492005],[-73.05226,41.491567],[-73.052574,41.490791]]}},{"type":"Feature","properties":{"agency":"MNR","color":"#E00034","description":"Waterbury Branch","route":"Waterbury","routeId":"6","shapeId":"osm-4582213-199582830","source":"OpenStreetMap","sourceUrl":"https://www.openstreetmap.org/copyright"},"geometry":{"type":"LineString","coordinates":[[-73.044316,41.548353],[-73.044167,41.547701]]}},{"type":"Feature","properties":{"agency":"MNR","color":"#E00034","description":"Waterbury Branch","route":"Waterbury","routeId":"6","shapeId":"osm-4582213-199582831","source":"OpenStreetMap","sourceUrl":"https://www.openstreetmap.org/copyright"},"geometry":{"type":"LineString","coordinates":[[-73.052915,41.490084],[-73.052999,41.489899]]}},{"type":"Feature","properties":{"agency":"MNR","color":"#E00034","description":"Waterbury Branch","route":"Waterbury","routeId":"6","shapeId":"osm-4582213-199582833","source":"OpenStreetMap","sourceUrl":"https://www.openstreetmap.org/copyright"},"geometry":{"type":"LineString","coordinates":[[-73.049214,41.501833],[-73.04936,41.501728]]}},{"type":"Feature","properties":{"agency":"MNR","color":"#E00034","description":"Waterbury Branch","route":"Waterbury","routeId":"6","shapeId":"osm-4582213-199582837","source":"OpenStreetMap","sourceUrl":"https://www.openstreetmap.org/copyright"},"geometry":{"type":"LineString","coordinates":[[-73.053791,41.466529],[-73.053855,41.466401],[-73.053958,41.466214],[-73.054143,41.465753],[-73.054147,41.46573],[-73.054244,41.465227],[-73.054256,41.465161],[-73.054266,41.465112],[-73.054191,41.464349],[-73.054148,41.463971],[-73.054115,41.463673],[-73.054089,41.462963],[-73.054095,41.462941],[-73.054193,41.462477],[-73.05428,41.462211],[-73.054358,41.462017],[-73.05465,41.46149],[-73.054848,41.461238],[-73.055147,41.460929],[-73.055452,41.460652],[-73.055671,41.460453],[-73.055922,41.460285],[-73.056264,41.46007],[-73.056786,41.459825],[-73.056856,41.459794],[-73.057474,41.459582]]}},{"type":"Feature","properties":{"agency":"MNR","color":"#E00034","description":"Waterbury Branch","route":"Waterbury","routeId":"6","shapeId":"osm-4582213-199582839","source":"OpenStreetMap","sourceUrl":"https://www.openstreetmap.org/copyright"},"geometry":{"type":"LineString","coordinates":[[-73.053744,41.518633],[-73.053916,41.518496],[-73.054076,41.518359],[-73.054229,41.51821],[-73.054375,41.51805],[-73.054512,41.517894],[-73.054633,41.517737],[-73.054749,41.517569],[-73.054836,41.517422],[-73.054849,41.517399],[-73.054944,41.517228],[-73.055031,41.517047],[-73.055108,41.516861],[-73.055167,41.516687],[-73.05522,41.516493],[-73.055256,41.516297],[-73.055283,41.516083],[-73.055289,41.515894],[-73.055286,41.5157],[-73.055187,41.515143],[-73.054924,41.514481],[-73.054561,41.513813],[-73.054099,41.513236],[-73.053333,41.512543],[-73.052543,41.512029],[-73.051616,41.511515],[-73.050569,41.511],[-73.049823,41.510576],[-73.049282,41.510126],[-73.048853,41.509612],[-73.048484,41.509053],[-73.04814,41.508365],[-73.047909,41.507626],[-73.047408,41.505515],[-73.047392,41.505449],[-73.047355,41.504784],[-73.047459,41.504097],[-73.047673,41.503524],[-73.047965,41.50301],[-73.048317,41.502567],[-73.048866,41.502085],[-73.049214,41.501833]]}},{"type":"Feature","properties":{"agency":"MNR","color":"#E00034","description":"Waterbury Branch","route":"Waterbury","routeId":"6","shapeId":"osm-4582213-199582840","source":"OpenStreetMap","sourceUrl":"https://www.openstreetmap.org/copyright"},"geometry":{"type":"LineString","coordinates":[[-73.068967,41.446904],[-73.069062,41.446517],[-73.069094,41.446162],[-73.06908,41.445803],[-73.069033,41.445623],[-73.068966,41.445419],[-73.068896,41.445228],[-73.068805,41.445068],[-73.068688,41.444882],[-73.068519,41.44467],[-73.068355,41.444505],[-73.068168,41.444355],[-73.06789,41.444167],[-73.067644,41.444042],[-73.067496,41.443967],[-73.067241,41.443837],[-73.066,41.443376],[-73.065481,41.443187],[-73.065001,41.442962],[-73.06435,41.442574],[-73.064097,41.442369],[-73.063966,41.44225],[-73.063925,41.442213],[-73.063795,41.44207],[-73.063646,41.441894],[-73.063519,41.441716],[-73.063429,41.441564],[-73.063326,41.441375],[-73.063283,41.441277],[-73.063225,41.441126],[-73.063186,41.441013],[-73.063163,41.440926],[-73.063116,41.440718],[-73.063097,41.440608],[-73.063034,41.440158],[-73.063019,41.440072],[-73.062998,41.439951]]}},{"type":"Feature","properties":{"agency":"MNR","color":"#E00034","description":"Waterbury Branch","route":"Waterbury","routeId":"6","shapeId":"osm-4582213-199582844","source":"OpenStreetMap","sourceUrl":"https://www.openstreetmap.org/copyright"},"geometry":{"type":"LineString","coordinates":[[-73.042807,41.544144],[-73.042631,41.543971]]}},{"type":"Feature","properties":{"agency":"MNR","color":"#E00034","description":"Waterbury Branch","route":"Waterbury","routeId":"6","shapeId":"osm-4582213-199582847","source":"OpenStreetMap","sourceUrl":"https://www.openstreetmap.org/copyright"},"geometry":{"type":"LineString","coordinates":[[-73.043957,41.546442],[-73.043925,41.546155]]}},{"type":"Feature","properties":{"agency":"MNR","color":"#E00034","description":"Waterbury Branch","route":"Waterbury","routeId":"6","shapeId":"osm-4582213-199582850","source":"OpenStreetMap","sourceUrl":"https://www.openstreetmap.org/copyright"},"geometry":{"type":"LineString","coordinates":[[-73.053628,41.518724],[-73.053744,41.518633]]}},{"type":"Feature","properties":{"agency":"MNR","color":"#E00034","description":"Waterbury Branch","route":"Waterbury","routeId":"6","shapeId":"osm-4582213-199582851","source":"OpenStreetMap","sourceUrl":"https://www.openstreetmap.org/copyright"},"geometry":{"type":"LineString","coordinates":[[-73.052059,41.500092],[-73.052763,41.49959],[-73.053312,41.499083],[-73.05356,41.498778]]}},{"type":"Feature","properties":{"agency":"MNR","color":"#E00034","description":"Waterbury Branch","route":"Waterbury","routeId":"6","shapeId":"osm-4582213-199582854","source":"OpenStreetMap","sourceUrl":"https://www.openstreetmap.org/copyright"},"geometry":{"type":"LineString","coordinates":[[-73.04437,41.548562],[-73.044316,41.548353]]}},{"type":"Feature","properties":{"agency":"MNR","color":"#E00034","description":"Waterbury Branch","route":"Waterbury","routeId":"6","shapeId":"osm-4582213-199582855","source":"OpenStreetMap","sourceUrl":"https://www.openstreetmap.org/copyright"},"geometry":{"type":"LineString","coordinates":[[-73.044167,41.547701],[-73.044054,41.547109]]}},{"type":"Feature","properties":{"agency":"MNR","color":"#E00034","description":"Waterbury Branch","route":"Waterbury","routeId":"6","shapeId":"osm-4582213-199582857","source":"OpenStreetMap","sourceUrl":"https://www.openstreetmap.org/copyright"},"geometry":{"type":"LineString","coordinates":[[-73.044054,41.547109],[-73.043957,41.546442]]}},{"type":"Feature","properties":{"agency":"MNR","color":"#E00034","description":"Waterbury Branch","route":"Waterbury","routeId":"6","shapeId":"osm-4582213-199582858","source":"OpenStreetMap","sourceUrl":"https://www.openstreetmap.org/copyright"},"geometry":{"type":"LineString","coordinates":[[-73.052999,41.489899],[-73.054007,41.487665],[-73.054342,41.486938],[-73.054479,41.486186],[-73.054436,41.485575],[-73.054153,41.484688],[-73.05381,41.484083],[-73.052737,41.482887],[-73.052256,41.482296],[-73.052135,41.481978]]}},{"type":"Feature","properties":{"agency":"MNR","color":"#E00034","description":"Waterbury Branch","route":"Waterbury","routeId":"6","shapeId":"osm-4582213-199582859","source":"OpenStreetMap","sourceUrl":"https://www.openstreetmap.org/copyright"},"geometry":{"type":"LineString","coordinates":[[-73.043925,41.546155],[-73.043862,41.545768],[-73.04377,41.545454],[-73.043561,41.544987],[-73.043196,41.544493],[-73.042807,41.544144]]}},{"type":"Feature","properties":{"agency":"MNR","color":"#E00034","description":"Waterbury Branch","route":"Waterbury","routeId":"6","shapeId":"osm-4582213-199582860","source":"OpenStreetMap","sourceUrl":"https://www.openstreetmap.org/copyright"},"geometry":{"type":"LineString","coordinates":[[-73.040672,41.533637],[-73.04103,41.532041],[-73.041482,41.529966],[-73.04197,41.527793],[-73.041993,41.527699],[-73.042027,41.527565],[-73.04209,41.527334],[-73.042153,41.52713],[-73.042226,41.526933],[-73.042302,41.52675],[-73.042393,41.526552],[-73.04249,41.526358],[-73.042596,41.526164],[-73.042705,41.525982],[-73.042832,41.525785],[-73.042958,41.525608],[-73.043099,41.525427],[-73.043232,41.525265],[-73.043375,41.525103],[-73.043529,41.524938],[-73.043679,41.524793],[-73.043849,41.524635],[-73.044022,41.524488],[-73.044213,41.524331],[-73.044403,41.524186],[-73.044594,41.524048],[-73.044806,41.523907],[-73.045021,41.523777],[-73.045242,41.52365],[-73.045477,41.523521],[-73.050181,41.521133],[-73.050398,41.521022],[-73.050622,41.520901],[-73.050825,41.520781],[-73.051027,41.520657],[-73.051237,41.520522],[-73.051435,41.520389],[-73.051637,41.520248],[-73.051859,41.520087],[-73.052826,41.519338]]}},{"type":"Feature","properties":{"agency":"MNR","color":"#E00034","description":"Waterbury Branch","route":"Waterbury","routeId":"6","shapeId":"osm-4582213-199583413","source":"OpenStreetMap","sourceUrl":"https://www.openstreetmap.org/copyright"},"geometry":{"type":"LineString","coordinates":[[-73.085664,41.353837],[-73.085519,41.353592]]}},{"type":"Feature","properties":{"agency":"MNR","color":"#E00034","description":"Waterbury Branch","route":"Waterbury","routeId":"6","shapeId":"osm-4582213-199583414","source":"OpenStreetMap","sourceUrl":"https://www.openstreetmap.org/copyright"},"geometry":{"type":"LineString","coordinates":[[-73.085519,41.353592],[-73.084877,41.35251],[-73.084485,41.351858]]}},{"type":"Feature","properties":{"agency":"MNR","color":"#E00034","description":"Waterbury Branch","route":"Waterbury","routeId":"6","shapeId":"osm-4582213-199583415","source":"OpenStreetMap","sourceUrl":"https://www.openstreetmap.org/copyright"},"geometry":{"type":"LineString","coordinates":[[-73.084121,41.369102],[-73.084266,41.368884]]}},{"type":"Feature","properties":{"agency":"MNR","color":"#E00034","description":"Waterbury Branch","route":"Waterbury","routeId":"6","shapeId":"osm-4582213-199583416","source":"OpenStreetMap","sourceUrl":"https://www.openstreetmap.org/copyright"},"geometry":{"type":"LineString","coordinates":[[-73.087048,41.365244],[-73.087371,41.364898],[-73.087601,41.364667],[-73.087749,41.364544],[-73.088152,41.364207],[-73.088501,41.3639],[-73.088778,41.363622],[-73.088987,41.363366],[-73.089146,41.363146],[-73.089361,41.362824],[-73.089692,41.362341],[-73.089942,41.361875],[-73.089975,41.361813],[-73.090093,41.361575],[-73.090199,41.361266],[-73.090336,41.360705],[-73.090362,41.360074],[-73.090226,41.359442],[-73.089996,41.358875],[-73.089692,41.358373],[-73.08807,41.356453],[-73.086585,41.355081],[-73.086122,41.354546],[-73.085664,41.353837]]}},{"type":"Feature","properties":{"agency":"MNR","color":"#E00034","description":"Waterbury Branch","route":"Waterbury","routeId":"6","shapeId":"osm-4582213-256639077","source":"OpenStreetMap","sourceUrl":"https://www.openstreetmap.org/copyright"},"geometry":{"type":"LineString","coordinates":[[-73.083443,41.319235],[-73.083333,41.318281],[-73.083256,41.317817],[-73.083101,41.317462],[-73.082844,41.31714],[-73.082287,41.316704]]}},{"type":"Feature","properties":{"agency":"MNR","color":"#E00034","description":"Waterbury Branch","route":"Waterbury","routeId":"6","shapeId":"osm-4582213-310983630","source":"OpenStreetMap","sourceUrl":"https://www.openstreetmap.org/copyright"},"geometry":{"type":"LineString","coordinates":[[-73.052039,41.481765],[-73.051741,41.480817],[-73.051372,41.479221],[-73.051072,41.477923],[-73.050883,41.477029],[-73.050909,41.476219],[-73.05107,41.475419],[-73.051342,41.47426],[-73.052195,41.470622],[-73.052537,41.469315]]}},{"type":"Feature","properties":{"agency":"MNR","color":"#E00034","description":"Waterbury Branch","route":"Waterbury","routeId":"6","shapeId":"osm-4582213-310983632","source":"OpenStreetMap","sourceUrl":"https://www.openstreetmap.org/copyright"},"geometry":{"type":"LineString","coordinates":[[-73.052135,41.481978],[-73.052039,41.481765]]}},{"type":"Feature","properties":{"agency":"MNR","color":"#E00034","description":"Waterbury Branch","route":"Waterbury","routeId":"6","shapeId":"osm-4582213-570597660","source":"OpenStreetMap","sourceUrl":"https://www.openstreetmap.org/copyright"},"geometry":{"type":"LineString","coordinates":[[-73.106279,41.20921],[-73.105963,41.208442],[-73.105902,41.208294],[-73.105831,41.208105],[-73.105803,41.208015],[-73.105787,41.207958],[-73.105771,41.207827],[-73.105765,41.207775],[-73.105761,41.20767],[-73.105762,41.207627],[-73.105762,41.207573],[-73.105787,41.207379],[-73.105797,41.207333],[-73.105863,41.207131],[-73.10592,41.207009],[-73.10598,41.2069],[-73.106061,41.206778],[-73.106152,41.206666],[-73.106314,41.206505],[-73.106396,41.206436],[-73.106559,41.20632],[-73.10668,41.206246],[-73.106762,41.206204],[-73.106895,41.206142],[-73.107018,41.206091],[-73.107112,41.206057],[-73.107292,41.205996]]}},{"type":"Feature","properties":{"agency":"MNR","color":"#E00034","description":"Waterbury Branch","route":"Waterbury","routeId":"6","shapeId":"osm-4582213-570597661","source":"OpenStreetMap","sourceUrl":"https://www.openstreetmap.org/copyright"},"geometry":{"type":"LineString","coordinates":[[-73.071977,41.304532],[-73.068175,41.302414],[-73.067268,41.301902],[-73.066621,41.301469],[-73.066122,41.301073],[-73.065539,41.300534],[-73.065166,41.300091],[-73.06478,41.299531],[-73.064534,41.299082],[-73.064326,41.29856]]}},{"type":"Feature","properties":{"agency":"MNR","color":"#E00034","description":"Waterbury Branch","route":"Waterbury","routeId":"6","shapeId":"osm-4582213-570597662","source":"OpenStreetMap","sourceUrl":"https://www.openstreetmap.org/copyright"},"geometry":{"type":"LineString","coordinates":[[-73.076487,41.308992],[-73.075711,41.307693],[-73.07564,41.307573],[-73.075246,41.307019],[-73.074909,41.306602],[-73.074339,41.306063],[-73.073763,41.305593],[-73.072849,41.305018]]}},{"type":"Feature","properties":{"agency":"MNR","color":"#E00034","description":"Waterbury Branch","route":"Waterbury","routeId":"6","shapeId":"osm-4582213-570597664","source":"OpenStreetMap","sourceUrl":"https://www.openstreetmap.org/copyright"},"geometry":{"type":"LineString","coordinates":[[-73.080044,41.343664],[-73.080125,41.343353],[-73.080702,41.34117],[-73.080809,41.340747],[-73.080812,41.340733]]}},{"type":"Feature","properties":{"agency":"MNR","color":"#E00034","description":"Waterbury Branch","route":"Waterbury","routeId":"6","shapeId":"osm-4582213-570597665","source":"OpenStreetMap","sourceUrl":"https://www.openstreetmap.org/copyright"},"geometry":{"type":"LineString","coordinates":[[-73.084291,41.351577],[-73.084036,41.351209],[-73.082413,41.349021],[-73.081478,41.347761],[-73.081023,41.347104],[-73.080706,41.346615]]}},{"type":"Feature","properties":{"agency":"MNR","color":"#E00034","description":"Waterbury Branch","route":"Waterbury","routeId":"6","shapeId":"osm-4582213-697880088","source":"OpenStreetMap","sourceUrl":"https://www.openstreetmap.org/copyright"},"geometry":{"type":"LineString","coordinates":[[-73.071968,41.427548],[-73.071987,41.42749]]}},{"type":"Feature","properties":{"agency":"MNR","color":"#E00034","description":"Waterbury Branch","route":"Waterbury","routeId":"6","shapeId":"osm-4582213-697880089","source":"OpenStreetMap","sourceUrl":"https://www.openstreetmap.org/copyright"},"geometry":{"type":"LineString","coordinates":[[-73.071987,41.42749],[-73.072226,41.4268],[-73.072337,41.426253],[-73.072397,41.425713],[-73.072466,41.424149],[-73.072497,41.423929],[-73.072505,41.423554],[-73.072526,41.42293],[-73.072533,41.422188],[-73.072563,41.421583],[-73.072801,41.420098],[-73.073075,41.418641],[-73.073312,41.417249],[-73.073532,41.415978],[-73.0737,41.415482],[-73.073848,41.415046],[-73.074084,41.414369],[-73.07428,41.413545],[-73.074352,41.413197],[-73.074396,41.412774],[-73.074397,41.412383],[-73.074361,41.412024],[-73.074313,41.411433],[-73.074276,41.410809],[-73.074263,41.410454],[-73.074112,41.408366],[-73.073958,41.40771],[-73.073809,41.40739],[-73.073685,41.407119],[-73.07338,41.406637],[-73.073108,41.4063],[-73.072765,41.405908],[-73.072532,41.40567],[-73.072319,41.405466],[-73.072028,41.405123],[-73.071641,41.404661],[-73.071366,41.404167],[-73.071176,41.403768],[-73.071055,41.40337],[-73.070996,41.403177],[-73.070948,41.402646],[-73.070929,41.402081],[-73.071008,41.401587],[-73.071189,41.401022],[-73.071305,41.400721]]}},{"type":"Feature","properties":{"agency":"MNR","color":"#E00034","description":"Waterbury Branch","route":"Waterbury","routeId":"6","shapeId":"osm-4582213-794178367","source":"OpenStreetMap","sourceUrl":"https://www.openstreetmap.org/copyright"},"geometry":{"type":"LineString","coordinates":[[-73.106543,41.214111],[-73.106584,41.213989],[-73.106658,41.213766],[-73.106673,41.21372],[-73.106741,41.213489],[-73.1068,41.213222],[-73.106853,41.212924],[-73.106906,41.212539],[-73.106928,41.212192],[-73.106924,41.211668],[-73.106885,41.211246],[-73.106844,41.210957],[-73.106758,41.210604],[-73.106676,41.210263],[-73.106624,41.210095],[-73.106543,41.209861],[-73.106392,41.209493],[-73.106331,41.209345],[-73.106279,41.20921]]}},{"type":"Feature","properties":{"agency":"MNR","color":"#E00034","description":"Waterbury Branch","route":"Waterbury","routeId":"6","shapeId":"osm-4582213-794178368","source":"OpenStreetMap","sourceUrl":"https://www.openstreetmap.org/copyright"},"geometry":{"type":"LineString","coordinates":[[-73.103171,41.221266],[-73.103536,41.220497],[-73.103651,41.220249],[-73.103721,41.220096],[-73.10392,41.219691],[-73.104028,41.219469],[-73.104084,41.219348],[-73.104469,41.218528],[-73.105953,41.215396],[-73.106203,41.214892],[-73.106287,41.214721],[-73.106543,41.214111]]}},{"type":"Feature","properties":{"agency":"MNR","color":"#E00034","description":"Waterbury Branch","route":"Waterbury","routeId":"6","shapeId":"osm-4582213-794616141","source":"OpenStreetMap","sourceUrl":"https://www.openstreetmap.org/copyright"},"geometry":{"type":"LineString","coordinates":[[-73.040287,41.534928],[-73.040532,41.534253],[-73.040672,41.533637]]}},{"type":"Feature","properties":{"agency":"MNR","color":"#E00034","description":"Waterbury Branch","route":"Waterbury","routeId":"6","shapeId":"osm-4582213-794616142","source":"OpenStreetMap","sourceUrl":"https://www.openstreetmap.org/copyright"},"geometry":{"type":"LineString","coordinates":[[-73.042631,41.543971],[-73.042267,41.54359],[-73.042124,41.543399],[-73.041982,41.543205],[-73.041848,41.542924],[-73.041767,41.542664],[-73.04175,41.542588],[-73.041714,41.542411],[-73.041661,41.542152],[-73.041591,41.541741],[-73.041578,41.541563],[-73.041575,41.541189],[-73.041605,41.540352],[-73.04153,41.53986],[-73.041405,41.539443],[-73.04135,41.539354],[-73.04114,41.53908],[-73.040941,41.538857],[-73.040713,41.538645],[-73.040282,41.538264],[-73.039964,41.537896],[-73.03977,41.53752],[-73.039748,41.537463],[-73.03968,41.537127],[-73.039661,41.536703],[-73.039676,41.536533],[-73.039756,41.536274],[-73.039779,41.536217]]}},{"type":"Feature","properties":{"agency":"MNR","color":"#E00034","description":"Waterbury Branch","route":"Waterbury","routeId":"6","shapeId":"osm-4582213-794616143","source":"OpenStreetMap","sourceUrl":"https://www.openstreetmap.org/copyright"},"geometry":{"type":"LineString","coordinates":[[-73.052826,41.519338],[-73.053628,41.518724]]}},{"type":"Feature","properties":{"agency":"MNR","color":"#E00034","description":"Waterbury Branch","route":"Waterbury","routeId":"6","shapeId":"osm-4582213-794616144","source":"OpenStreetMap","sourceUrl":"https://www.openstreetmap.org/copyright"},"geometry":{"type":"LineString","coordinates":[[-73.04936,41.501728],[-73.049561,41.501583],[-73.051124,41.50065]]}},{"type":"Feature","properties":{"agency":"MNR","color":"#E00034","description":"Waterbury Branch","route":"Waterbury","routeId":"6","shapeId":"osm-4582213-794616145","source":"OpenStreetMap","sourceUrl":"https://www.openstreetmap.org/copyright"},"geometry":{"type":"LineString","coordinates":[[-73.052574,41.490791],[-73.052915,41.490084]]}},{"type":"Feature","properties":{"agency":"MNR","color":"#E00034","description":"Waterbury Branch","route":"Waterbury","routeId":"6","shapeId":"osm-4582213-794616146","source":"OpenStreetMap","sourceUrl":"https://www.openstreetmap.org/copyright"},"geometry":{"type":"LineString","coordinates":[[-73.052804,41.468293],[-73.053027,41.467788],[-73.053199,41.467548],[-73.053343,41.46726],[-73.053694,41.466724],[-73.053791,41.466529]]}},{"type":"Feature","properties":{"agency":"MNR","color":"#E00034","description":"Waterbury Branch","route":"Waterbury","routeId":"6","shapeId":"osm-4582213-794616148","source":"OpenStreetMap","sourceUrl":"https://www.openstreetmap.org/copyright"},"geometry":{"type":"LineString","coordinates":[[-73.057474,41.459582],[-73.057849,41.45946],[-73.058383,41.459288],[-73.058764,41.45915],[-73.058986,41.459045],[-73.05925,41.458927],[-73.059651,41.458674],[-73.059774,41.458607],[-73.060314,41.458203],[-73.060734,41.457702],[-73.060874,41.457529],[-73.060973,41.457408],[-73.061224,41.457108],[-73.061461,41.456742],[-73.061632,41.456462],[-73.061849,41.456144],[-73.061886,41.456087],[-73.062118,41.455755],[-73.062331,41.455404],[-73.062353,41.455375],[-73.062726,41.454876],[-73.063176,41.454428],[-73.063558,41.45407],[-73.063852,41.453831],[-73.064159,41.453599],[-73.064186,41.453578],[-73.064699,41.453253],[-73.065253,41.452888],[-73.06565,41.452632],[-73.066219,41.452244],[-73.066644,41.451908],[-73.066889,41.451686],[-73.067278,41.451259],[-73.067618,41.450765],[-73.067839,41.450319],[-73.068006,41.449895],[-73.068151,41.449447],[-73.068791,41.447454],[-73.068967,41.446904]]}},{"type":"Feature","properties":{"agency":"MNR","color":"#E00034","description":"Waterbury Branch","route":"Waterbury","routeId":"6","shapeId":"osm-4582213-794616149","source":"OpenStreetMap","sourceUrl":"https://www.openstreetmap.org/copyright"},"geometry":{"type":"LineString","coordinates":[[-73.062952,41.439604],[-73.062935,41.439478],[-73.062842,41.43878],[-73.062797,41.438447],[-73.062776,41.438296],[-73.062786,41.43773],[-73.062897,41.437144],[-73.063103,41.436552],[-73.063378,41.436089],[-73.063513,41.435895],[-73.063732,41.435623],[-73.063909,41.435427],[-73.06402,41.435318],[-73.064218,41.435131],[-73.064595,41.434835],[-73.064779,41.434707],[-73.065158,41.434473],[-73.065506,41.434292],[-73.066433,41.43381],[-73.066572,41.433739],[-73.066749,41.433648],[-73.06777,41.433126],[-73.068496,41.432751],[-73.06897,41.432458],[-73.069231,41.432279],[-73.069585,41.431992],[-73.069852,41.431746],[-73.070123,41.431463],[-73.070285,41.43127],[-73.070403,41.431105],[-73.070676,41.430726],[-73.07083,41.430423],[-73.070951,41.430155],[-73.071342,41.429167],[-73.071968,41.427548]]}},{"type":"Feature","properties":{"agency":"MNR","color":"#E00034","description":"Waterbury Branch","route":"Waterbury","routeId":"6","shapeId":"osm-4582213-794616150","source":"OpenStreetMap","sourceUrl":"https://www.openstreetmap.org/copyright"},"geometry":{"type":"LineString","coordinates":[[-73.071305,41.400721],[-73.07162,41.399908],[-73.071779,41.399404],[-73.071917,41.39892]]}},{"type":"Feature","properties":{"agency":"MNR","color":"#E00034","description":"Waterbury Branch","route":"Waterbury","routeId":"6","shapeId":"osm-4582213-794616151","source":"OpenStreetMap","sourceUrl":"https://www.openstreetmap.org/copyright"},"geometry":{"type":"LineString","coordinates":[[-73.07964,41.377318],[-73.079683,41.377249],[-73.079766,41.377115],[-73.080019,41.376718],[-73.080517,41.375971],[-73.08098,41.375166],[-73.081289,41.374464],[-73.081761,41.373182],[-73.082096,41.372319],[-73.082497,41.371544],[-73.083035,41.370731],[-73.084121,41.369102]]}},{"type":"Feature","properties":{"agency":"MNR","color":"#E00034","description":"Waterbury Branch","route":"Waterbury","routeId":"6","shapeId":"osm-4582213-794616152","source":"OpenStreetMap","sourceUrl":"https://www.openstreetmap.org/copyright"},"geometry":{"type":"LineString","coordinates":[[-73.072055,41.396551],[-73.072071,41.396301],[-73.072185,41.395911],[-73.072367,41.395503],[-73.072418,41.395403],[-73.072739,41.394719],[-73.072828,41.394533],[-73.072922,41.394279],[-73.073013,41.393769],[-73.073046,41.3933],[-73.073049,41.393252]]}},{"type":"Feature","properties":{"agency":"MNR","color":"#E00034","description":"Waterbury Branch","route":"Waterbury","routeId":"6","shapeId":"osm-4582213-794616153","source":"OpenStreetMap","sourceUrl":"https://www.openstreetmap.org/copyright"},"geometry":{"type":"LineString","coordinates":[[-73.084266,41.368884],[-73.084426,41.368644],[-73.085224,41.367472],[-73.085894,41.366596],[-73.086216,41.366213]]}},{"type":"Feature","properties":{"agency":"MNR","color":"#E00034","description":"Waterbury Branch","route":"Waterbury","routeId":"6","shapeId":"osm-4582213-794616154","source":"OpenStreetMap","sourceUrl":"https://www.openstreetmap.org/copyright"},"geometry":{"type":"LineString","coordinates":[[-73.100329,41.227213],[-73.102084,41.223528],[-73.102212,41.22326],[-73.102909,41.221795],[-73.102957,41.221694],[-73.103025,41.221546],[-73.103171,41.221266]]}},{"type":"Feature","properties":{"agency":"MNR","color":"#E00034","description":"Waterbury Branch","route":"Waterbury","routeId":"6","shapeId":"osm-4582213-794616155","source":"OpenStreetMap","sourceUrl":"https://www.openstreetmap.org/copyright"},"geometry":{"type":"LineString","coordinates":[[-73.097064,41.233787],[-73.097351,41.233287],[-73.097552,41.2329],[-73.097583,41.232841],[-73.097876,41.232285],[-73.098241,41.23157],[-73.098466,41.231094],[-73.09885,41.230289],[-73.099188,41.229576],[-73.100329,41.227213]]}},{"type":"Feature","properties":{"agency":"MNR","color":"#E00034","description":"Waterbury Branch","route":"Waterbury","routeId":"6","shapeId":"osm-4582213-962382858","source":"OpenStreetMap","sourceUrl":"https://www.openstreetmap.org/copyright"},"geometry":{"type":"LineString","coordinates":[[-73.079578,41.377419],[-73.07964,41.377318]]}},{"type":"Feature","properties":{"agency":"MNR","color":"#E00034","description":"Waterbury Branch","route":"Waterbury","routeId":"6","shapeId":"osm-4582213-962382859","source":"OpenStreetMap","sourceUrl":"https://www.openstreetmap.org/copyright"},"geometry":{"type":"LineString","coordinates":[[-73.076929,41.382534],[-73.078157,41.379984],[-73.078551,41.379172],[-73.079023,41.378315],[-73.079507,41.377526],[-73.079578,41.377419]]}},{"type":"Feature","properties":{"agency":"MNR","color":"#E00034","description":"Waterbury Branch","route":"Waterbury","routeId":"6","shapeId":"osm-4582213-1020679008","source":"OpenStreetMap","sourceUrl":"https://www.openstreetmap.org/copyright"},"geometry":{"type":"LineString","coordinates":[[-73.080404,41.345998],[-73.080379,41.345939]]}},{"type":"Feature","properties":{"agency":"MNR","color":"#E00034","description":"Waterbury Branch","route":"Waterbury","routeId":"6","shapeId":"osm-4582213-1020679009","source":"OpenStreetMap","sourceUrl":"https://www.openstreetmap.org/copyright"},"geometry":{"type":"LineString","coordinates":[[-73.080706,41.346615],[-73.080525,41.346259],[-73.080457,41.346125],[-73.080404,41.345998]]}},{"type":"Feature","properties":{"agency":"MNR","color":"#E00034","description":"Waterbury Branch","route":"Waterbury","routeId":"6","shapeId":"osm-4582213-1073432886","source":"OpenStreetMap","sourceUrl":"https://www.openstreetmap.org/copyright"},"geometry":{"type":"LineString","coordinates":[[-73.073139,41.392409],[-73.073181,41.392197]]}},{"type":"Feature","properties":{"agency":"MNR","color":"#E00034","description":"Waterbury Branch","route":"Waterbury","routeId":"6","shapeId":"osm-4582213-1073432887","source":"OpenStreetMap","sourceUrl":"https://www.openstreetmap.org/copyright"},"geometry":{"type":"LineString","coordinates":[[-73.073049,41.393252],[-73.073139,41.392409]]}},{"type":"Feature","properties":{"agency":"MNR","color":"#E00034","description":"Waterbury Branch","route":"Waterbury","routeId":"6","shapeId":"osm-4582213-1228956332","source":"OpenStreetMap","sourceUrl":"https://www.openstreetmap.org/copyright"},"geometry":{"type":"LineString","coordinates":[[-73.072849,41.305018],[-73.072256,41.304687],[-73.071977,41.304532]]}},{"type":"Feature","properties":{"agency":"MNR","color":"#E00034","description":"Waterbury Branch","route":"Waterbury","routeId":"6","shapeId":"osm-4582213-1228956333","source":"OpenStreetMap","sourceUrl":"https://www.openstreetmap.org/copyright"},"geometry":{"type":"LineString","coordinates":[[-73.076889,41.309665],[-73.076487,41.308992]]}},{"type":"Feature","properties":{"agency":"MNR","color":"#E00034","description":"Waterbury Branch","route":"Waterbury","routeId":"6","shapeId":"osm-4582213-1228956334","source":"OpenStreetMap","sourceUrl":"https://www.openstreetmap.org/copyright"},"geometry":{"type":"LineString","coordinates":[[-73.083534,41.320618],[-73.083532,41.320579],[-73.083494,41.320023],[-73.083451,41.319403],[-73.083443,41.319235]]}},{"type":"Feature","properties":{"agency":"MNR","color":"#E00034","description":"Waterbury Branch","route":"Waterbury","routeId":"6","shapeId":"osm-4582213-1228956336","source":"OpenStreetMap","sourceUrl":"https://www.openstreetmap.org/copyright"},"geometry":{"type":"LineString","coordinates":[[-73.080812,41.340733],[-73.08099,41.340034]]}},{"type":"Feature","properties":{"agency":"MNR","color":"#E00034","description":"Waterbury Branch","route":"Waterbury","routeId":"6","shapeId":"osm-4582213-1228956337","source":"OpenStreetMap","sourceUrl":"https://www.openstreetmap.org/copyright"},"geometry":{"type":"LineString","coordinates":[[-73.084485,41.351858],[-73.084291,41.351577]]}},{"type":"Feature","properties":{"agency":"MNR","color":"#E00034","description":"Waterbury Branch","route":"Waterbury","routeId":"6","shapeId":"osm-4582213-1228956338","source":"OpenStreetMap","sourceUrl":"https://www.openstreetmap.org/copyright"},"geometry":{"type":"LineString","coordinates":[[-73.086216,41.366213],[-73.086692,41.365649],[-73.087048,41.365244]]}},{"type":"Feature","properties":{"agency":"MNR","color":"#E00034","description":"Waterbury Branch","route":"Waterbury","routeId":"6","shapeId":"osm-4582213-1228956339","source":"OpenStreetMap","sourceUrl":"https://www.openstreetmap.org/copyright"},"geometry":{"type":"LineString","coordinates":[[-73.071917,41.39892],[-73.071928,41.398863],[-73.072012,41.398431],[-73.072043,41.398109],[-73.072055,41.397993],[-73.072072,41.397613]]}},{"type":"Feature","properties":{"agency":"MNR","color":"#E00034","description":"Waterbury Branch","route":"Waterbury","routeId":"6","shapeId":"osm-4582213-1228968707","source":"OpenStreetMap","sourceUrl":"https://www.openstreetmap.org/copyright"},"geometry":{"type":"LineString","coordinates":[[-73.062998,41.439951],[-73.062952,41.439604]]}},{"type":"Feature","properties":{"agency":"MNR","color":"#E00034","description":"Waterbury Branch","route":"Waterbury","routeId":"6","shapeId":"osm-4582213-1228968708","source":"OpenStreetMap","sourceUrl":"https://www.openstreetmap.org/copyright"},"geometry":{"type":"LineString","coordinates":[[-73.052537,41.469315],[-73.052664,41.468833],[-73.052804,41.468293]]}},{"type":"Feature","properties":{"agency":"MNR","color":"#E00034","description":"Waterbury Branch","route":"Waterbury","routeId":"6","shapeId":"osm-4582213-1228968709","source":"OpenStreetMap","sourceUrl":"https://www.openstreetmap.org/copyright"},"geometry":{"type":"LineString","coordinates":[[-73.051124,41.50065],[-73.052059,41.500092]]}},{"type":"Feature","properties":{"agency":"MNR","color":"#E00034","description":"Waterbury Branch","route":"Waterbury","routeId":"6","shapeId":"osm-4582213-1228968710","source":"OpenStreetMap","sourceUrl":"https://www.openstreetmap.org/copyright"},"geometry":{"type":"LineString","coordinates":[[-73.039779,41.536217],[-73.040078,41.535465],[-73.040287,41.534928]]}},{"type":"Feature","properties":{"agency":"MNR","color":"#E00034","description":"Waterbury Branch Bridgeport connector","route":"Waterbury","routeId":"6","shapeId":"mta-gtfs-waterbury-bridgeport-connector","source":"MTA Metro-North GTFS","sourceUrl":"https://rrgtfsfeeds.s3.amazonaws.com/gtfsmnr.zip"},"geometry":{"type":"LineString","coordinates":[[-73.18707,41.17967],[-73.1871,41.18049],[-73.18695,41.18131],[-73.18676,41.18184],[-73.18634,41.1826],[-73.1853,41.18404],[-73.18459,41.18466],[-73.1837,41.18514],[-73.18304,41.18537],[-73.18128,41.18571],[-73.17912,41.18594],[-73.17767,41.186],[-73.17477,41.18593],[-73.15012,41.1847],[-73.14794,41.18481],[-73.14584,41.18524],[-73.14388,41.18596],[-73.14214,41.18695],[-73.1276,41.1969],[-73.12102,41.20163],[-73.1196,41.20249],[-73.11834,41.20303],[-73.11665,41.20353],[-73.107292,41.205996]]}}]}
