{"type":"FeatureCollection","metadata":{"generatedAt":"2026-09-24T22:40:49.692Z","source":"NJ Transit rail GTFS","sourceUrl":"https://www.njtransit.com/rail_data.zip","supplementalSource":"Official NJ Transit GTFS service shapes with Metro Memory fallback geometry","routeCount":21,"feedVersion":null},"features":[{"type":"Feature","properties":{"agency":"NJ Transit","color":"#075AAA","description":"Atlantic City Rail Line","route":"ATLC","routeId":"1","shapeId":"1","source":"NJ Transit GTFS"},"geometry":{"type":"LineString","coordinates":[[-74.441486,39.363299],[-74.454366,39.36674],[-74.456252,39.36716],[-74.460838,39.367943],[-74.462101,39.368269],[-74.462692,39.368508],[-74.463702,39.369081],[-74.465216,39.370125],[-74.465787,39.370588],[-74.490237,39.387232],[-74.491645,39.38829],[-74.492908,39.38946],[-74.494003,39.390723],[-74.494924,39.392069],[-74.495657,39.39348],[-74.496024,39.394398],[-74.496588,39.396215],[-74.4969,39.398067],[-74.496973,39.399618],[-74.496818,39.413432],[-74.496897,39.415098],[-74.4972,39.416748],[-74.497726,39.418364],[-74.498462,39.419929],[-74.499411,39.421425],[-74.500552,39.422836],[-74.501879,39.424149],[-74.503376,39.425347],[-74.533878,39.446817],[-74.648021,39.526449],[-74.799478,39.631656],[-74.849792,39.666488],[-74.85082,39.66728],[-74.851738,39.668148],[-74.852531,39.669085],[-74.853193,39.670083],[-74.853715,39.67113],[-74.854096,39.672209],[-74.854326,39.673316],[-74.854404,39.674437],[-74.854335,39.675555],[-74.85411,39.676662],[-74.853739,39.677747],[-74.853222,39.678794],[-74.852791,39.679479],[-74.845302,39.690399],[-74.84436,39.691964],[-74.843636,39.693594],[-74.843136,39.695277],[-74.842868,39.696987],[-74.842834,39.698711],[-74.843029,39.700429],[-74.844512,39.706907],[-74.844971,39.708356],[-74.845621,39.709765],[-74.846714,39.711461],[-74.877388,39.752012],[-74.878087,39.75305],[-74.888142,39.769895],[-74.889215,39.771407],[-74.890488,39.772824],[-74.891946,39.774128],[-74.893575,39.775312],[-74.894466,39.775863],[-74.943688,39.804666],[-74.945244,39.805455],[-74.946896,39.806115],[-74.960019,39.81005],[-74.962,39.810716],[-74.96388,39.811538],[-74.966318,39.812939],[-74.977585,39.820444],[-74.978646,39.821055],[-74.996641,39.830581],[-74.997895,39.831449],[-74.999027,39.832414],[-75.000021,39.833463],[-75.000868,39.83459],[-75.001835,39.836371],[-75.008035,39.850998],[-75.008587,39.852522],[-75.008928,39.854078],[-75.009059,39.855643],[-75.00919,39.863949],[-75.009573,39.866319],[-75.009921,39.86773],[-75.010455,39.869109],[-75.010989,39.870123],[-75.012009,39.871657],[-75.012718,39.872531],[-75.014052,39.873915],[-75.015568,39.875184],[-75.017248,39.876321],[-75.02321,39.879533],[-75.024525,39.880338],[-75.025791,39.8813],[-75.029657,39.884583],[-75.030477,39.885367],[-75.031185,39.886211],[-75.031776,39.887107],[-75.032242,39.888047],[-75.034198,39.89287],[-75.034815,39.894226],[-75.038413,39.900107],[-75.039094,39.901132],[-75.039907,39.902093],[-75.042247,39.90433],[-75.042753,39.905113],[-75.042921,39.90553],[-75.043037,39.905957],[-75.043088,39.906768],[-75.041235,39.934914],[-75.041123,39.935758],[-75.038097,39.950758],[-75.037985,39.951616],[-75.037986,39.952479],[-75.03811,39.953334],[-75.038595,39.954948],[-75.038979,39.955647],[-75.047822,39.966621],[-75.050431,39.969427],[-75.053401,39.972006],[-75.055604,39.973609],[-75.074391,39.98622],[-75.075868,39.987319],[-75.077671,39.989053],[-75.083608,39.995734],[-75.084552,39.996682],[-75.085616,39.997548],[-75.086792,39.998324],[-75.088067,39.999003],[-75.089428,39.999573],[-75.09086,40.000033],[-75.092209,40.000349],[-75.098301,40.00153],[-75.123747,40.004884],[-75.126344,40.005117],[-75.128963,40.005141],[-75.131567,40.004958],[-75.134131,40.004563],[-75.136629,40.003966],[-75.138798,40.003259],[-75.162293,39.994558],[-75.163654,39.993986],[-75.177421,39.987058],[-75.178674,39.986354],[-75.191456,39.977903],[-75.193414,39.976722],[-75.197614,39.973017],[-75.197955,39.972505],[-75.19649,39.968594],[-75.191055,39.96692],[-75.189151,39.966462],[-75.188527,39.966147],[-75.188,39.965742],[-75.186911,39.964473],[-75.186511,39.963673],[-75.186399,39.962478],[-75.18645,39.961905],[-75.187312,39.958444],[-75.187267,39.957957],[-75.18713,39.95765],[-75.18691,39.957367],[-75.186451,39.957028],[-75.185674,39.956773],[-75.184066,39.956734],[-75.182327,39.956565]]}},{"type":"Feature","properties":{"agency":"NJ Transit","color":"#DD3439","description":"Northeast Corridor","route":"NEC","routeId":"10","shapeId":"1611","source":"NJ Transit GTFS"},"geometry":{"type":"LineString","coordinates":[[-74.190717,40.704415],[-74.185504,40.713216],[-74.184487,40.714721],[-74.183249,40.716165],[-74.170772,40.728074],[-74.166456,40.73259],[-74.164655,40.734169],[-74.162822,40.735443],[-74.153269,40.740762],[-74.152068,40.741175],[-74.150778,40.741392],[-74.130544,40.743132],[-74.12607,40.743699],[-74.121701,40.744617],[-74.118188,40.745639],[-74.088091,40.755737],[-74.08607,40.756518],[-74.053384,40.771412],[-74.052383,40.771814],[-74.05133,40.772135],[-74.050241,40.772373],[-74.049125,40.772521],[-74.047992,40.772579],[-74.04686,40.772549],[-74.045736,40.772428],[-74.044638,40.772217],[-74.043571,40.771921],[-74.042552,40.771543],[-73.992366,40.750048]]}},{"type":"Feature","properties":{"agency":"NJ Transit","color":"#DD3439","description":"Northeast Corridor","route":"NEC","routeId":"10","shapeId":"1620","source":"NJ Transit GTFS"},"geometry":{"type":"LineString","coordinates":[[-74.445751,40.497278],[-74.442135,40.50024],[-74.436048,40.504907],[-74.435182,40.505545],[-74.433575,40.506542],[-74.410513,40.519403],[-74.392575,40.530476],[-74.389888,40.531931],[-74.384515,40.534504],[-74.383205,40.535063],[-74.381777,40.535535],[-74.379516,40.535998],[-74.373959,40.536559],[-74.372627,40.536847],[-74.370859,40.537346],[-74.355737,40.542306],[-74.354123,40.542911],[-74.352596,40.543648],[-74.351175,40.544503],[-74.34988,40.545465],[-74.348724,40.546528],[-74.347723,40.547674],[-74.34688,40.548896],[-74.346213,40.550176],[-74.344508,40.553988],[-74.34393,40.554969],[-74.343219,40.555903],[-74.342386,40.556772],[-74.341438,40.557572],[-74.336915,40.561003],[-74.336105,40.561701],[-74.335391,40.56246],[-74.332826,40.56553],[-74.332145,40.566234],[-74.330248,40.567916],[-74.328132,40.569443],[-74.325815,40.570788],[-74.322447,40.572336],[-74.320291,40.573468],[-74.318302,40.574764],[-74.311434,40.579573],[-74.308176,40.581585],[-74.29303,40.592244],[-74.291864,40.593083],[-74.289326,40.595207],[-74.284609,40.599588],[-74.271614,40.61093],[-74.264561,40.617315],[-74.219027,40.660628],[-74.218409,40.661351],[-74.217888,40.662116],[-74.217479,40.662921],[-74.216673,40.665412],[-74.216289,40.666224],[-74.215794,40.666999],[-74.206649,40.67961],[-74.202123,40.685704],[-74.199355,40.689757],[-74.185504,40.713216],[-74.184487,40.714721],[-74.183249,40.716165],[-74.182635,40.716773],[-74.170772,40.728074],[-74.167008,40.732037],[-74.165878,40.73313],[-74.16455,40.734251],[-74.163256,40.735163],[-74.16216,40.735846],[-74.159921,40.737098],[-74.156396,40.738983],[-74.153269,40.740762],[-74.152068,40.741175],[-74.15143,40.74131],[-74.130544,40.743132],[-74.12607,40.743699],[-74.121701,40.744617],[-74.118188,40.745639],[-74.088091,40.755737],[-74.08607,40.756518],[-74.053384,40.771412],[-74.052383,40.771814],[-74.05133,40.772135],[-74.050241,40.772373],[-74.049125,40.772521],[-74.047992,40.772579],[-74.04686,40.772549],[-74.045736,40.772428],[-74.044638,40.772217],[-74.043571,40.771921],[-74.042552,40.771543],[-73.992358,40.750046]]}},{"type":"Feature","properties":{"agency":"NJ Transit","color":"#DD3439","description":"Northeast Corridor","route":"NEC","routeId":"10","shapeId":"1628","source":"NJ Transit GTFS"},"geometry":{"type":"LineString","coordinates":[[-74.467363,40.476912],[-74.446288,40.496754],[-74.444816,40.49807],[-74.442135,40.50024],[-74.435182,40.505545],[-74.433575,40.506542],[-74.410513,40.519403],[-74.392354,40.530608],[-74.389888,40.531931],[-74.384515,40.534504],[-74.383205,40.535063],[-74.381777,40.535535],[-74.380285,40.535872],[-74.378769,40.536091],[-74.373959,40.536559],[-74.372627,40.536847],[-74.370859,40.537346],[-74.355737,40.542306],[-74.354123,40.542911],[-74.352596,40.543648],[-74.351175,40.544503],[-74.34988,40.545465],[-74.348724,40.546528],[-74.347723,40.547674],[-74.34688,40.548896],[-74.346213,40.550176],[-74.344508,40.553988],[-74.34393,40.554969],[-74.343219,40.555903],[-74.342386,40.556772],[-74.341438,40.557572],[-74.336915,40.561003],[-74.336105,40.561701],[-74.335391,40.56246],[-74.332826,40.56553],[-74.332145,40.566234],[-74.330248,40.567916],[-74.328132,40.569443],[-74.325815,40.570788],[-74.322447,40.572336],[-74.320291,40.573468],[-74.318302,40.574764],[-74.311434,40.579573],[-74.308176,40.581585],[-74.29303,40.592244],[-74.291864,40.593083],[-74.289326,40.595207],[-74.284609,40.599588],[-74.271614,40.61093],[-74.264561,40.617315],[-74.219027,40.660628],[-74.218409,40.661351],[-74.217888,40.662116],[-74.217479,40.662921],[-74.216673,40.665412],[-74.216289,40.666224],[-74.215794,40.666999],[-74.206649,40.67961],[-74.202123,40.685704],[-74.199355,40.689757],[-74.185504,40.713216],[-74.184487,40.714721],[-74.183249,40.716165],[-74.182635,40.716773],[-74.170772,40.728074],[-74.166266,40.732771],[-74.16455,40.734251],[-74.163256,40.735163],[-74.16216,40.735846],[-74.156396,40.738983],[-74.153819,40.740485],[-74.153269,40.740762],[-74.152068,40.741175],[-74.150778,40.741392],[-74.130544,40.743132],[-74.12607,40.743699],[-74.121701,40.744617],[-74.118188,40.745639],[-74.088091,40.755737],[-74.08607,40.756518],[-74.053384,40.771412],[-74.052383,40.771814],[-74.05133,40.772135],[-74.050241,40.772373],[-74.049125,40.772521],[-74.047992,40.772579],[-74.04686,40.772549],[-74.045736,40.772428],[-74.044638,40.772217],[-74.043571,40.771921],[-74.042552,40.771543],[-73.992366,40.750048]]}},{"type":"Feature","properties":{"agency":"NJ Transit","color":"#DD3439","description":"Northeast Corridor","route":"NEC","routeId":"10","shapeId":"1634","source":"NJ Transit GTFS"},"geometry":{"type":"LineString","coordinates":[[-74.164554,40.734221],[-74.162822,40.735443],[-74.159921,40.737098],[-74.156396,40.738983],[-74.153819,40.740485],[-74.153269,40.740762],[-74.152068,40.741175],[-74.150778,40.741392],[-74.130544,40.743132],[-74.12607,40.743699],[-74.121701,40.744617],[-74.118188,40.745639],[-74.112843,40.747399],[-74.088091,40.755737],[-74.08607,40.756518],[-74.053384,40.771412],[-74.052383,40.771814],[-74.05133,40.772135],[-74.050241,40.772373],[-74.049125,40.772521],[-74.047992,40.772579],[-74.04686,40.772549],[-74.045736,40.772428],[-74.044638,40.772217],[-74.043571,40.771921],[-74.042552,40.771543],[-73.992366,40.750048]]}},{"type":"Feature","properties":{"agency":"NJ Transit","color":"#DD3439","description":"Northeast Corridor","route":"NEC","routeId":"10","shapeId":"1684","source":"NJ Transit GTFS"},"geometry":{"type":"LineString","coordinates":[[-74.753926,40.218515],[-74.750043,40.22179],[-74.747243,40.22404],[-74.667278,40.281985],[-74.623757,40.316313],[-74.534832,40.386286],[-74.532086,40.388546],[-74.5296,40.391073],[-74.527473,40.39378],[-74.523729,40.400102],[-74.519919,40.405711],[-74.479705,40.464312],[-74.477903,40.466682],[-74.475695,40.469009],[-74.445657,40.497316],[-74.445751,40.497278],[-74.444816,40.49807],[-74.442135,40.50024],[-74.436048,40.504907],[-74.435182,40.505545],[-74.433575,40.506542],[-74.410513,40.519403],[-74.392575,40.530476],[-74.389888,40.531931],[-74.384515,40.534504],[-74.383205,40.535063],[-74.381777,40.535535],[-74.379516,40.535998],[-74.373959,40.536559],[-74.372627,40.536847],[-74.370859,40.537346],[-74.355737,40.542306],[-74.354123,40.542911],[-74.352596,40.543648],[-74.351175,40.544503],[-74.34988,40.545465],[-74.348724,40.546528],[-74.347723,40.547674],[-74.34688,40.548896],[-74.346213,40.550176],[-74.344508,40.553988],[-74.34393,40.554969],[-74.343219,40.555903],[-74.342386,40.556772],[-74.341438,40.557572],[-74.336915,40.561003],[-74.336105,40.561701],[-74.335391,40.56246],[-74.332826,40.56553],[-74.332145,40.566234],[-74.330248,40.567916],[-74.328132,40.569443],[-74.325815,40.570788],[-74.322447,40.572336],[-74.320291,40.573468],[-74.318302,40.574764],[-74.311434,40.579573],[-74.308176,40.581585],[-74.29303,40.592244],[-74.291864,40.593083],[-74.289326,40.595207],[-74.284609,40.599588],[-74.271614,40.61093],[-74.264561,40.617315],[-74.219027,40.660628],[-74.218409,40.661351],[-74.217888,40.662116],[-74.217479,40.662921],[-74.216673,40.665412],[-74.216289,40.666224],[-74.215794,40.666999],[-74.206649,40.67961],[-74.202123,40.685704],[-74.199355,40.689757],[-74.185504,40.713216],[-74.184487,40.714721],[-74.183249,40.716165],[-74.182635,40.716773],[-74.170772,40.728074],[-74.166456,40.73259],[-74.165174,40.733744],[-74.16389,40.734733],[-74.16216,40.735846],[-74.156396,40.738983],[-74.153819,40.740485],[-74.153269,40.740762],[-74.152068,40.741175],[-74.150778,40.741392],[-74.130544,40.743132],[-74.12607,40.743699],[-74.121701,40.744617],[-74.118188,40.745639],[-74.114637,40.746807],[-74.088091,40.755737],[-74.08607,40.756518],[-74.053384,40.771412],[-74.052383,40.771814],[-74.05133,40.772135],[-74.050241,40.772373],[-74.049125,40.772521],[-74.047992,40.772579],[-74.04686,40.772549],[-74.045736,40.772428],[-74.044638,40.772217],[-74.043571,40.771921],[-74.042552,40.771543],[-73.992366,40.750048]]}},{"type":"Feature","properties":{"agency":"NJ Transit","color":"#DD3439","description":"Northeast Corridor","route":"NEC","routeId":"10","shapeId":"1858","source":"NJ Transit GTFS"},"geometry":{"type":"LineString","coordinates":[[-74.075821,40.761188],[-74.053384,40.771412],[-74.052383,40.771814],[-74.05133,40.772135],[-74.050241,40.772373],[-74.049125,40.772521],[-74.047992,40.772579],[-74.04686,40.772549],[-74.045736,40.772428],[-74.044638,40.772217],[-74.043571,40.771921],[-74.042505,40.771524],[-73.992366,40.750048]]}},{"type":"Feature","properties":{"agency":"NJ Transit","color":"#DD3439","description":"Northeast Corridor","route":"NEC","routeId":"10","shapeId":"2015","source":"NJ Transit GTFS"},"geometry":{"type":"LineString","coordinates":[[-73.992358,40.750046],[-74.042552,40.771543],[-74.043571,40.771921],[-74.044638,40.772217],[-74.045736,40.772428],[-74.04686,40.772549],[-74.047992,40.772579],[-74.049125,40.772521],[-74.050241,40.772373],[-74.05133,40.772135],[-74.052383,40.771814],[-74.053384,40.771412],[-74.08607,40.756518],[-74.088091,40.755737],[-74.118188,40.745639],[-74.121701,40.744617],[-74.12607,40.743699],[-74.130544,40.743132],[-74.150778,40.741392],[-74.152068,40.741175],[-74.153269,40.740762],[-74.153819,40.740485],[-74.156396,40.738983],[-74.16216,40.735846],[-74.16389,40.734733],[-74.165174,40.733744],[-74.166825,40.732223],[-74.170772,40.728074],[-74.182635,40.716773],[-74.183249,40.716165],[-74.184487,40.714721],[-74.185504,40.713216],[-74.199355,40.689757],[-74.202123,40.685704],[-74.206649,40.67961],[-74.215794,40.666999],[-74.216289,40.666224],[-74.216673,40.665412],[-74.217479,40.662921],[-74.217888,40.662116],[-74.218409,40.661351],[-74.219027,40.660628],[-74.264561,40.617315],[-74.271614,40.61093],[-74.2768,40.606406]]}},{"type":"Feature","properties":{"agency":"NJ Transit","color":"#03A3DF","description":"North Jersey Coast Line","route":"NJCL","routeId":"11","shapeId":"2261","source":"NJ Transit GTFS"},"geometry":{"type":"LineString","coordinates":[[-74.046183,40.077178],[-74.050515,40.110283],[-74.05061,40.111286],[-74.050587,40.112894],[-74.050344,40.114492],[-74.049884,40.116062],[-74.049216,40.117586],[-74.038508,40.138299],[-74.038062,40.139327],[-74.037713,40.140503],[-74.031383,40.168818],[-74.030995,40.17027],[-74.004041,40.245233],[-74.003689,40.246644],[-74.00353,40.248075],[-74.003127,40.257592],[-74.00299,40.25849],[-74.002803,40.259049],[-74.002544,40.259586],[-74.001809,40.260589],[-74.000821,40.26145],[-73.999244,40.262584],[-73.998639,40.26322],[-73.998408,40.263571],[-73.990245,40.281528],[-73.989991,40.282216],[-73.989834,40.282925],[-73.988692,40.29036],[-73.98844,40.293127],[-73.988322,40.298115],[-73.988547,40.299],[-73.989122,40.299789],[-73.989983,40.300403],[-74.064399,40.33872],[-74.065141,40.339156],[-74.065822,40.339652],[-74.066433,40.3402],[-74.117369,40.390996],[-74.118994,40.392391],[-74.1208,40.393649],[-74.122766,40.394756],[-74.152396,40.409641],[-74.154112,40.410332],[-74.15507,40.410584],[-74.221179,40.419495],[-74.222734,40.419816],[-74.224208,40.420383],[-74.225496,40.421175],[-74.226049,40.421643],[-74.230874,40.427225],[-74.23386,40.431401],[-74.260923,40.463049],[-74.264387,40.467669],[-74.26509,40.468455],[-74.26589,40.469182],[-74.266787,40.469839],[-74.270969,40.47258],[-74.271594,40.473125],[-74.27214,40.473717],[-74.282728,40.487711],[-74.283066,40.488169],[-74.283544,40.489153],[-74.283676,40.489668],[-74.283735,40.490715],[-74.283654,40.491238],[-74.283281,40.492246],[-74.277689,40.501544],[-74.271337,40.514032],[-74.270505,40.515922],[-74.267294,40.524294],[-74.266905,40.525735],[-74.266718,40.527201],[-74.266733,40.528673],[-74.26695,40.530139],[-74.267365,40.531575],[-74.271154,40.54315],[-74.271829,40.544608],[-74.272703,40.546005],[-74.275656,40.55034],[-74.276078,40.551072],[-74.276495,40.552025],[-74.277297,40.554234],[-74.277611,40.55536],[-74.277739,40.556361],[-74.278312,40.566061],[-74.278292,40.567072],[-74.276976,40.584054],[-74.276956,40.58464],[-74.277024,40.585451],[-74.277204,40.586257],[-74.277493,40.587041],[-74.27789,40.5878],[-74.278385,40.58852],[-74.285057,40.59562],[-74.285415,40.59627],[-74.285589,40.596958],[-74.2856,40.597311],[-74.285486,40.598007],[-74.285184,40.59867],[-74.284964,40.598983],[-74.282931,40.601054],[-74.271614,40.61093],[-74.264561,40.617315],[-74.219027,40.660628],[-74.218409,40.661351],[-74.217888,40.662116],[-74.217479,40.662921],[-74.216673,40.665412],[-74.216289,40.666224],[-74.215794,40.666999],[-74.206649,40.67961],[-74.202123,40.685704],[-74.199355,40.689757],[-74.185504,40.713216],[-74.184487,40.714721],[-74.183249,40.716165],[-74.182635,40.716773],[-74.170772,40.728074],[-74.166825,40.732223],[-74.165174,40.733744],[-74.16389,40.734733],[-74.16216,40.735846],[-74.156396,40.738983],[-74.153819,40.740485],[-74.153269,40.740762],[-74.152068,40.741175],[-74.150778,40.741392],[-74.130544,40.743132],[-74.12607,40.743699],[-74.121701,40.744617],[-74.118188,40.745639],[-74.088091,40.755737],[-74.08607,40.756518],[-74.053384,40.771412],[-74.052383,40.771814],[-74.05133,40.772135],[-74.050241,40.772373],[-74.049125,40.772521],[-74.047992,40.772579],[-74.04686,40.772549],[-74.045736,40.772428],[-74.044638,40.772217],[-74.043571,40.771921],[-74.042552,40.771543],[-73.992358,40.750046]]}},{"type":"Feature","properties":{"agency":"NJ Transit","color":"#03A3DF","description":"North Jersey Coast Line","route":"NJCL","routeId":"11","shapeId":"2262","source":"NJ Transit GTFS"},"geometry":{"type":"LineString","coordinates":[[-74.28014,40.484308],[-74.283066,40.488169],[-74.283336,40.488651],[-74.283544,40.489153],[-74.283739,40.490191],[-74.283735,40.490715],[-74.283502,40.49175],[-74.283281,40.492246],[-74.277689,40.501544],[-74.271337,40.514032],[-74.270505,40.515922],[-74.267294,40.524294],[-74.266905,40.525735],[-74.266718,40.527201],[-74.266733,40.528673],[-74.26695,40.530139],[-74.267365,40.531575],[-74.271154,40.54315],[-74.271829,40.544608],[-74.272703,40.546005],[-74.275656,40.55034],[-74.276078,40.551072],[-74.276495,40.552025],[-74.277297,40.554234],[-74.277611,40.55536],[-74.277739,40.556361],[-74.278312,40.566061],[-74.278292,40.567072],[-74.276976,40.584054],[-74.276956,40.58464],[-74.277024,40.585451],[-74.277204,40.586257],[-74.277493,40.587041],[-74.27789,40.5878],[-74.278385,40.58852],[-74.285057,40.59562],[-74.285415,40.59627],[-74.285589,40.596958],[-74.285568,40.597662],[-74.285356,40.598344],[-74.285184,40.59867],[-74.284705,40.599273],[-74.282931,40.601054],[-74.271614,40.61093],[-74.264561,40.617315],[-74.219027,40.660628],[-74.218409,40.661351],[-74.217888,40.662116],[-74.217479,40.662921],[-74.216673,40.665412],[-74.216289,40.666224],[-74.215794,40.666999],[-74.206649,40.67961],[-74.202123,40.685704],[-74.199355,40.689757],[-74.185504,40.713216],[-74.184487,40.714721],[-74.183249,40.716165],[-74.182635,40.716773],[-74.170772,40.728074],[-74.166072,40.732952],[-74.1642,40.734511],[-74.16216,40.735846],[-74.156396,40.738983],[-74.153819,40.740485],[-74.153269,40.740762],[-74.152068,40.741175],[-74.150778,40.741392],[-74.130544,40.743132],[-74.12607,40.743699],[-74.121701,40.744617],[-74.118188,40.745639],[-74.113384,40.74722],[-74.088091,40.755737],[-74.085724,40.756672],[-74.053384,40.771412],[-74.052383,40.771814],[-74.05133,40.772135],[-74.050241,40.772373],[-74.049125,40.772521],[-74.047992,40.772579],[-74.04686,40.772549],[-74.045736,40.772428],[-74.044638,40.772217],[-74.043571,40.771921],[-74.042552,40.771543],[-73.992366,40.750048]]}},{"type":"Feature","properties":{"agency":"NJ Transit","color":"#03A3DF","description":"North Jersey Coast Line","route":"NJCL","routeId":"11","shapeId":"2269","source":"NJ Transit GTFS"},"geometry":{"type":"LineString","coordinates":[[-73.988331,40.297145],[-73.988322,40.298115],[-73.988547,40.299],[-73.989122,40.299789],[-73.989983,40.300403],[-74.064399,40.33872],[-74.065141,40.339156],[-74.065822,40.339652],[-74.066433,40.3402],[-74.117369,40.390996],[-74.118994,40.392391],[-74.1208,40.393649],[-74.122766,40.394756],[-74.152396,40.409641],[-74.154112,40.410332],[-74.15507,40.410584],[-74.221179,40.419495],[-74.222734,40.419816],[-74.223491,40.42007],[-74.224877,40.420756],[-74.225496,40.421175],[-74.226537,40.422156],[-74.230874,40.427225],[-74.23386,40.431401],[-74.260923,40.463049],[-74.264387,40.467669],[-74.26509,40.468455],[-74.26589,40.469182],[-74.266787,40.469839],[-74.270969,40.47258],[-74.271594,40.473125],[-74.27214,40.473717],[-74.282728,40.487711],[-74.283066,40.488169],[-74.283544,40.489153],[-74.283676,40.489668],[-74.283735,40.490715],[-74.283654,40.491238],[-74.283281,40.492246],[-74.277689,40.501544],[-74.271337,40.514032],[-74.270505,40.515922],[-74.267294,40.524294],[-74.266905,40.525735],[-74.266718,40.527201],[-74.266733,40.528673],[-74.26695,40.530139],[-74.267365,40.531575],[-74.271154,40.54315],[-74.271829,40.544608],[-74.272703,40.546005],[-74.275656,40.55034],[-74.276078,40.551072],[-74.276495,40.552025],[-74.277297,40.554234],[-74.277611,40.55536],[-74.277739,40.556361],[-74.278312,40.566061],[-74.278292,40.567072],[-74.276976,40.584054],[-74.276956,40.58464],[-74.277024,40.585451],[-74.277204,40.586257],[-74.277493,40.587041],[-74.27789,40.5878],[-74.278385,40.58852],[-74.285057,40.59562],[-74.285415,40.59627],[-74.285589,40.596958],[-74.285568,40.597662],[-74.285356,40.598344],[-74.285184,40.59867],[-74.284705,40.599273],[-74.282931,40.601054],[-74.271614,40.61093],[-74.264561,40.617315],[-74.219027,40.660628],[-74.218409,40.661351],[-74.217888,40.662116],[-74.217479,40.662921],[-74.216673,40.665412],[-74.216289,40.666224],[-74.215794,40.666999],[-74.206649,40.67961],[-74.202123,40.685704],[-74.199355,40.689757],[-74.185504,40.713216],[-74.184487,40.714721],[-74.183249,40.716165],[-74.182635,40.716773],[-74.170772,40.728074],[-74.166456,40.73259],[-74.164553,40.734248]]}},{"type":"Feature","properties":{"agency":"NJ Transit","color":"#03A3DF","description":"North Jersey Coast Line","route":"NJCL","routeId":"11","shapeId":"2281","source":"NJ Transit GTFS"},"geometry":{"type":"LineString","coordinates":[[-73.988331,40.297145],[-73.988322,40.298115],[-73.988547,40.299],[-73.989122,40.299789],[-73.989983,40.300403],[-74.064399,40.33872],[-74.065141,40.339156],[-74.065822,40.339652],[-74.066433,40.3402],[-74.117369,40.390996],[-74.118994,40.392391],[-74.1208,40.393649],[-74.122766,40.394756],[-74.152396,40.409641],[-74.154112,40.410332],[-74.15507,40.410584],[-74.221179,40.419495],[-74.222734,40.419816],[-74.224208,40.420383],[-74.225496,40.421175],[-74.226049,40.421643],[-74.230874,40.427225],[-74.23386,40.431401],[-74.260923,40.463049],[-74.264387,40.467669],[-74.26509,40.468455],[-74.26589,40.469182],[-74.266787,40.469839],[-74.270969,40.47258],[-74.271594,40.473125],[-74.27214,40.473717],[-74.282728,40.487711],[-74.283066,40.488169],[-74.283544,40.489153],[-74.283676,40.489668],[-74.283735,40.490715],[-74.283654,40.491238],[-74.283281,40.492246],[-74.277689,40.501544],[-74.271337,40.514032],[-74.270505,40.515922],[-74.267294,40.524294],[-74.266905,40.525735],[-74.266718,40.527201],[-74.266733,40.528673],[-74.26695,40.530139],[-74.267365,40.531575],[-74.271154,40.54315],[-74.271829,40.544608],[-74.272703,40.546005],[-74.275656,40.55034],[-74.276078,40.551072],[-74.276495,40.552025],[-74.277297,40.554234],[-74.277611,40.55536],[-74.277739,40.556361],[-74.278312,40.566061],[-74.278292,40.567072],[-74.277468,40.577683],[-74.27753,40.57762],[-74.277472,40.577617],[-74.276976,40.584054],[-74.276956,40.58464],[-74.277024,40.585451],[-74.277204,40.586257],[-74.277493,40.587041],[-74.27789,40.5878],[-74.278385,40.58852],[-74.285057,40.59562],[-74.285415,40.59627],[-74.285589,40.596958],[-74.2856,40.597311],[-74.285486,40.598007],[-74.285184,40.59867],[-74.284964,40.598983],[-74.282931,40.601054],[-74.271614,40.61093],[-74.264561,40.617315],[-74.219027,40.660628],[-74.218409,40.661351],[-74.217888,40.662116],[-74.217479,40.662921],[-74.216673,40.665412],[-74.216289,40.666224],[-74.215794,40.666999],[-74.206649,40.67961],[-74.202123,40.685704],[-74.199355,40.689757],[-74.185504,40.713216],[-74.184487,40.714721],[-74.183249,40.716165],[-74.182635,40.716773],[-74.170772,40.728074],[-74.166825,40.732223],[-74.165174,40.733744],[-74.16389,40.734733],[-74.16216,40.735846],[-74.156396,40.738983],[-74.153819,40.740485],[-74.153269,40.740762],[-74.152068,40.741175],[-74.150778,40.741392],[-74.130544,40.743132],[-74.12607,40.743699],[-74.121701,40.744617],[-74.118188,40.745639],[-74.088091,40.755737],[-74.08607,40.756518],[-74.053384,40.771412],[-74.052383,40.771814],[-74.05133,40.772135],[-74.050241,40.772373],[-74.049125,40.772521],[-74.047992,40.772579],[-74.04686,40.772549],[-74.045736,40.772428],[-74.044638,40.772217],[-74.043571,40.771921],[-74.042552,40.771543],[-73.992366,40.750048]]}},{"type":"Feature","properties":{"agency":"NJ Transit","color":"#03A3DF","description":"North Jersey Coast Line","route":"NJCL","routeId":"11","shapeId":"2310","source":"NJ Transit GTFS"},"geometry":{"type":"LineString","coordinates":[[-74.276692,40.606338],[-74.2768,40.606406],[-74.271614,40.61093],[-74.264561,40.617315],[-74.219027,40.660628],[-74.218409,40.661351],[-74.217888,40.662116],[-74.217479,40.662921],[-74.216673,40.665412],[-74.216289,40.666224],[-74.215794,40.666999],[-74.206649,40.67961],[-74.202123,40.685704],[-74.199355,40.689757],[-74.185504,40.713216],[-74.184487,40.714721],[-74.183249,40.716165],[-74.182635,40.716773],[-74.170772,40.728074],[-74.166825,40.732223],[-74.165174,40.733744],[-74.16389,40.734733],[-74.16216,40.735846],[-74.156396,40.738983],[-74.153819,40.740485],[-74.153269,40.740762],[-74.152068,40.741175],[-74.150778,40.741392],[-74.130544,40.743132],[-74.12607,40.743699],[-74.121701,40.744617],[-74.118188,40.745639],[-74.088091,40.755737],[-74.08607,40.756518],[-74.053384,40.771412],[-74.052383,40.771814],[-74.05133,40.772135],[-74.050241,40.772373],[-74.049125,40.772521],[-74.047992,40.772579],[-74.04686,40.772549],[-74.045736,40.772428],[-74.044638,40.772217],[-74.043571,40.771921],[-74.042552,40.771543],[-73.992366,40.750048]]}},{"type":"Feature","properties":{"agency":"NJ Transit","color":"#03A3DF","description":"North Jersey Coast Line","route":"NJCL","routeId":"11","shapeId":"2408","source":"NJ Transit GTFS"},"geometry":{"type":"LineString","coordinates":[[-74.047688,40.120573],[-74.038508,40.138299],[-74.038062,40.139327],[-74.037713,40.140503],[-74.031383,40.168818],[-74.030995,40.17027],[-74.004041,40.245233],[-74.003689,40.246644],[-74.00353,40.248075],[-74.003127,40.257592],[-74.00299,40.25849],[-74.002803,40.259049],[-74.002544,40.259586],[-74.001809,40.260589],[-74.000821,40.26145],[-73.999244,40.262584],[-73.998639,40.26322],[-73.998408,40.263571],[-73.990245,40.281528],[-73.989991,40.282216],[-73.989834,40.282925],[-73.988692,40.29036],[-73.98844,40.293127],[-73.988322,40.298115],[-73.988547,40.299],[-73.989122,40.299789],[-73.989983,40.300403],[-74.064399,40.33872],[-74.065141,40.339156],[-74.065822,40.339652],[-74.066433,40.3402],[-74.117369,40.390996],[-74.118994,40.392391],[-74.1208,40.393649],[-74.122766,40.394756],[-74.152396,40.409641],[-74.154112,40.410332],[-74.15507,40.410584],[-74.221179,40.419495],[-74.222734,40.419816],[-74.224208,40.420383],[-74.225496,40.421175],[-74.226049,40.421643],[-74.230874,40.427225],[-74.23386,40.431401],[-74.260923,40.463049],[-74.264387,40.467669],[-74.26509,40.468455],[-74.26589,40.469182],[-74.266787,40.469839],[-74.270969,40.47258],[-74.271594,40.473125],[-74.27214,40.473717],[-74.282728,40.487711],[-74.283066,40.488169],[-74.283544,40.489153],[-74.283676,40.489668],[-74.283735,40.490715],[-74.283654,40.491238],[-74.283281,40.492246],[-74.277689,40.501544],[-74.271337,40.514032],[-74.270505,40.515922],[-74.267294,40.524294],[-74.266905,40.525735],[-74.266718,40.527201],[-74.266733,40.528673],[-74.26695,40.530139],[-74.267365,40.531575],[-74.271154,40.54315],[-74.271829,40.544608],[-74.272703,40.546005],[-74.275656,40.55034],[-74.276078,40.551072],[-74.276495,40.552025],[-74.277297,40.554234],[-74.277611,40.55536],[-74.277739,40.556361],[-74.278312,40.566061],[-74.278292,40.567072],[-74.276976,40.584054],[-74.276956,40.58464],[-74.277024,40.585451],[-74.277204,40.586257],[-74.277493,40.587041],[-74.27789,40.5878],[-74.278385,40.58852],[-74.285057,40.59562],[-74.285415,40.59627],[-74.285589,40.596958],[-74.2856,40.597311],[-74.285486,40.598007],[-74.285184,40.59867],[-74.284964,40.598983],[-74.282931,40.601054],[-74.271614,40.61093],[-74.264561,40.617315],[-74.219027,40.660628],[-74.218409,40.661351],[-74.217888,40.662116],[-74.217479,40.662921],[-74.216673,40.665412],[-74.216289,40.666224],[-74.215794,40.666999],[-74.206649,40.67961],[-74.202123,40.685704],[-74.199355,40.689757],[-74.185504,40.713216],[-74.184487,40.714721],[-74.183249,40.716165],[-74.182635,40.716773],[-74.170772,40.728074],[-74.166825,40.732223],[-74.165174,40.733744],[-74.16389,40.734733],[-74.16216,40.735846],[-74.156396,40.738983],[-74.153819,40.740485],[-74.153269,40.740762],[-74.152068,40.741175],[-74.150778,40.741392],[-74.130544,40.743132],[-74.12607,40.743699],[-74.121701,40.744617],[-74.118188,40.745639],[-74.088091,40.755737],[-74.08607,40.756518],[-74.053384,40.771412],[-74.052383,40.771814],[-74.05133,40.772135],[-74.050241,40.772373],[-74.049125,40.772521],[-74.047992,40.772579],[-74.04686,40.772549],[-74.045736,40.772428],[-74.044638,40.772217],[-74.043571,40.771921],[-74.042552,40.771543],[-73.992358,40.750046]]}},{"type":"Feature","properties":{"agency":"NJ Transit","color":"#03A3DF","description":"North Jersey Coast Line","route":"NJCL","routeId":"11","shapeId":"2436","source":"NJ Transit GTFS"},"geometry":{"type":"LineString","coordinates":[[-74.075821,40.761188],[-74.053384,40.771412],[-74.052383,40.771814],[-74.05133,40.772135],[-74.050241,40.772373],[-74.049125,40.772521],[-74.047992,40.772579],[-74.04686,40.772549],[-74.045736,40.772428],[-74.044638,40.772217],[-74.043571,40.771921],[-74.042505,40.771524],[-73.992366,40.750048]]}},{"type":"Feature","properties":{"agency":"NJ Transit","color":"#03A3DF","description":"North Jersey Coast Line","route":"NJCLL","routeId":"12","shapeId":"2666","source":"NJ Transit GTFS"},"geometry":{"type":"LineString","coordinates":[[-74.046183,40.077178],[-74.050515,40.110283],[-74.05061,40.111286],[-74.050587,40.112894],[-74.050344,40.114492],[-74.049884,40.116062],[-74.049216,40.117586],[-74.038508,40.138299],[-74.038062,40.139327],[-74.037713,40.140503],[-74.031383,40.168818],[-74.030995,40.17027],[-74.004041,40.245233],[-74.003689,40.246644],[-74.00353,40.248075],[-74.003127,40.257592],[-74.00299,40.25849],[-74.002803,40.259049],[-74.002544,40.259586],[-74.001809,40.260589],[-74.000821,40.26145],[-73.999244,40.262584],[-73.998639,40.26322],[-73.998408,40.263571],[-73.990245,40.281528],[-73.989991,40.282216],[-73.989834,40.282925],[-73.988692,40.29036],[-73.98844,40.293127],[-73.988322,40.298115],[-73.988547,40.299],[-73.989122,40.299789],[-73.989983,40.300403],[-74.064399,40.33872],[-74.065141,40.339156],[-74.065822,40.339652],[-74.066433,40.3402],[-74.117369,40.390996],[-74.118994,40.392391],[-74.1208,40.393649],[-74.122766,40.394756],[-74.152396,40.409641],[-74.154112,40.410332],[-74.15507,40.410584],[-74.221179,40.419495],[-74.222734,40.419816],[-74.224208,40.420383],[-74.225496,40.421175],[-74.226049,40.421643],[-74.230874,40.427225],[-74.23386,40.431401],[-74.260923,40.463049],[-74.264387,40.467669],[-74.26509,40.468455],[-74.26589,40.469182],[-74.266787,40.469839],[-74.270969,40.47258],[-74.271594,40.473125],[-74.27214,40.473717],[-74.282728,40.487711],[-74.283066,40.488169],[-74.283544,40.489153],[-74.283676,40.489668],[-74.283735,40.490715],[-74.283654,40.491238],[-74.283281,40.492246],[-74.277689,40.501544],[-74.271337,40.514032],[-74.270505,40.515922],[-74.267294,40.524294],[-74.266905,40.525735],[-74.266718,40.527201],[-74.266733,40.528673],[-74.26695,40.530139],[-74.267365,40.531575],[-74.271154,40.54315],[-74.271829,40.544608],[-74.272703,40.546005],[-74.275656,40.55034],[-74.276078,40.551072],[-74.276495,40.552025],[-74.277297,40.554234],[-74.277611,40.55536],[-74.277739,40.556361],[-74.278312,40.566061],[-74.278292,40.567072],[-74.276976,40.584054],[-74.276956,40.58464],[-74.277024,40.585451],[-74.277204,40.586257],[-74.277493,40.587041],[-74.27789,40.5878],[-74.278385,40.58852],[-74.285057,40.59562],[-74.285415,40.59627],[-74.285589,40.596958],[-74.2856,40.597311],[-74.285486,40.598007],[-74.285184,40.59867],[-74.284964,40.598983],[-74.282931,40.601054],[-74.271614,40.61093],[-74.264561,40.617315],[-74.219027,40.660628],[-74.218409,40.661351],[-74.217888,40.662116],[-74.217479,40.662921],[-74.216673,40.665412],[-74.216289,40.666224],[-74.215794,40.666999],[-74.206649,40.67961],[-74.202123,40.685704],[-74.199355,40.689757],[-74.185504,40.713216],[-74.184487,40.714721],[-74.183249,40.716165],[-74.182635,40.716773],[-74.170772,40.728074],[-74.166825,40.732223],[-74.165174,40.733744],[-74.16389,40.734733],[-74.16216,40.735846],[-74.156396,40.738983],[-74.153819,40.740485],[-74.153269,40.740762],[-74.152068,40.741175],[-74.150778,40.741392],[-74.130544,40.743132],[-74.12607,40.743699],[-74.121701,40.744617],[-74.118188,40.745639],[-74.088091,40.755737],[-74.08607,40.756518],[-74.053384,40.771412],[-74.052383,40.771814],[-74.05133,40.772135],[-74.050241,40.772373],[-74.049125,40.772521],[-74.047992,40.772579],[-74.04686,40.772549],[-74.045736,40.772428],[-74.044638,40.772217],[-74.043571,40.771921],[-74.042552,40.771543],[-73.992358,40.750046]]}},{"type":"Feature","properties":{"agency":"NJ Transit","color":"#03A3DF","description":"North Jersey Coast Line","route":"NJCLL","routeId":"12","shapeId":"2667","source":"NJ Transit GTFS"},"geometry":{"type":"LineString","coordinates":[[-74.046183,40.077178],[-74.050515,40.110283],[-74.05061,40.111286],[-74.050587,40.112894],[-74.050344,40.114492],[-74.049884,40.116062],[-74.049216,40.117586],[-74.038508,40.138299],[-74.038062,40.139327],[-74.037713,40.140503],[-74.031383,40.168818],[-74.030995,40.17027],[-74.004041,40.245233],[-74.003689,40.246644],[-74.00353,40.248075],[-74.003127,40.257592],[-74.00299,40.25849],[-74.002803,40.259049],[-74.002544,40.259586],[-74.001809,40.260589],[-74.000821,40.26145],[-73.999244,40.262584],[-73.998639,40.26322],[-73.998408,40.263571],[-73.990245,40.281528],[-73.989991,40.282216],[-73.989834,40.282925],[-73.988692,40.29036],[-73.98844,40.293127],[-73.988342,40.297145]]}},{"type":"Feature","properties":{"agency":"NJ Transit","color":"#03A3DF","description":"North Jersey Coast Line","route":"NJCLL","routeId":"12","shapeId":"2735","source":"NJ Transit GTFS"},"geometry":{"type":"LineString","coordinates":[[-74.047688,40.120573],[-74.038508,40.138299],[-74.038062,40.139327],[-74.037713,40.140503],[-74.031383,40.168818],[-74.030995,40.17027],[-74.004041,40.245233],[-74.003689,40.246644],[-74.00353,40.248075],[-74.003127,40.257592],[-74.00299,40.25849],[-74.002803,40.259049],[-74.002544,40.259586],[-74.001809,40.260589],[-74.000821,40.26145],[-73.999244,40.262584],[-73.998639,40.26322],[-73.998408,40.263571],[-73.990245,40.281528],[-73.989991,40.282216],[-73.989834,40.282925],[-73.988692,40.29036],[-73.98844,40.293127],[-73.988342,40.297145]]}},{"type":"Feature","properties":{"agency":"NJ Transit","color":"#94219A","description":"Pascack Valley Line","route":"PASC","routeId":"14","shapeId":"2933","source":"NJ Transit GTFS"},"geometry":{"type":"LineString","coordinates":[[-74.043991,41.111978],[-74.044772,41.112035],[-74.044158,41.111992],[-74.042965,41.111759],[-74.041861,41.111342],[-74.040894,41.110761],[-74.038503,41.108649],[-74.037435,41.108007],[-74.036212,41.107547],[-74.034888,41.107289],[-74.021773,41.105673],[-74.020411,41.105245],[-74.019628,41.10479],[-74.019286,41.104522],[-74.018727,41.103905],[-74.018351,41.103217],[-74.018168,41.102483],[-74.018196,41.101738],[-74.019089,41.096476],[-74.019087,41.096065],[-74.018912,41.09526],[-74.018519,41.094498],[-74.017925,41.093815],[-74.017158,41.09324],[-74.016051,41.09256],[-74.015472,41.092064],[-74.015043,41.091489],[-74.014891,41.091179],[-74.014718,41.090533],[-74.014718,41.089995],[-74.0148,41.089549],[-74.015082,41.088921],[-74.02231,41.07967],[-74.023325,41.078207],[-74.024131,41.076672],[-74.024719,41.07508],[-74.025086,41.073452],[-74.025224,41.071803],[-74.025134,41.070153],[-74.024817,41.06852],[-74.022446,41.05962],[-74.022309,41.058767],[-74.02232,41.058181],[-74.022575,41.057038],[-74.024966,41.050549],[-74.025268,41.049385],[-74.025995,41.045537],[-74.026171,41.044904],[-74.026782,41.043699],[-74.027211,41.04314],[-74.029352,41.040646],[-74.038365,41.029611],[-74.03902,41.028655],[-74.039538,41.027652],[-74.039918,41.026613],[-74.04015,41.02555],[-74.040281,41.023626],[-74.040506,41.022237],[-74.043728,41.008489],[-74.043829,41.007727],[-74.043716,41.006653],[-74.043548,41.006129],[-74.043002,41.005138],[-74.028038,40.9843],[-74.0273,40.983004],[-74.027016,40.982207],[-74.026842,40.98139],[-74.026784,40.980565],[-74.026838,40.979741],[-74.030099,40.955421],[-74.030094,40.954199],[-74.029991,40.953478],[-74.029647,40.951727],[-74.029432,40.95099],[-74.029133,40.95031],[-74.027515,40.947819],[-74.027247,40.947227],[-74.027062,40.946619],[-74.026962,40.946],[-74.026948,40.945375],[-74.027209,40.940492],[-74.027441,40.939357],[-74.02783,40.938245],[-74.030233,40.93257],[-74.030834,40.931334],[-74.032655,40.927977],[-74.033006,40.927188],[-74.033245,40.926374],[-74.033369,40.925546],[-74.033305,40.923212],[-74.033382,40.921488],[-74.034355,40.91307],[-74.034602,40.911941],[-74.035044,40.910856],[-74.034928,40.911113],[-74.040117,40.900012],[-74.040714,40.898957],[-74.04241,40.896768],[-74.043072,40.895735],[-74.047968,40.886909],[-74.051492,40.87971],[-74.051971,40.878844],[-74.054335,40.87566],[-74.058675,40.870091],[-74.084036,40.836975],[-74.089967,40.829387],[-74.093464,40.824754],[-74.09418,40.823619],[-74.094734,40.822435],[-74.095122,40.821213],[-74.09534,40.819966],[-74.095388,40.818711],[-74.095262,40.817456],[-74.095114,40.81684],[-74.094962,40.81622],[-74.094495,40.815015],[-74.089019,40.803251],[-74.083887,40.792024],[-74.082465,40.789295],[-74.080836,40.785787],[-74.080179,40.783924],[-74.080094,40.783189],[-74.080154,40.782395],[-74.080302,40.781857],[-74.080563,40.781493],[-74.085738,40.778027],[-74.08627,40.77744],[-74.086618,40.776785],[-74.086796,40.776106],[-74.086803,40.775275],[-74.086655,40.774651],[-74.086408,40.774111],[-74.080689,40.7672],[-74.075102,40.760294],[-74.072391,40.757148],[-74.071532,40.755871],[-74.07085,40.754532],[-74.070357,40.753145],[-74.069291,40.749352],[-74.067487,40.743477],[-74.067156,40.742159],[-74.066866,40.741677],[-74.066393,40.741288],[-74.066001,40.741099],[-74.064142,40.740573],[-74.036954,40.734823],[-74.035942,40.73473],[-74.028046,40.73484]]}},{"type":"Feature","properties":{"agency":"NJ Transit","color":"#94219A","description":"Pascack Valley Line","route":"PASC","routeId":"14","shapeId":"2959","source":"NJ Transit GTFS"},"geometry":{"type":"LineString","coordinates":[[-74.043781,40.894458],[-74.047968,40.886909],[-74.051492,40.87971],[-74.051971,40.878844],[-74.054335,40.87566],[-74.058675,40.870091],[-74.084036,40.836975],[-74.089967,40.829387],[-74.093464,40.824754],[-74.09418,40.823619],[-74.094734,40.822435],[-74.095122,40.821213],[-74.09534,40.819966],[-74.095388,40.818711],[-74.095262,40.817456],[-74.095114,40.81684],[-74.094962,40.81622],[-74.094495,40.815015],[-74.089019,40.803251],[-74.083887,40.792024],[-74.082465,40.789295],[-74.080836,40.785787],[-74.080179,40.783924],[-74.080094,40.783189],[-74.080154,40.782395],[-74.080302,40.781857],[-74.080563,40.781493],[-74.085738,40.778027],[-74.08627,40.77744],[-74.086618,40.776785],[-74.086796,40.776106],[-74.086803,40.775275],[-74.086655,40.774651],[-74.086408,40.774111],[-74.080689,40.7672],[-74.075102,40.760294],[-74.072391,40.757148],[-74.071532,40.755871],[-74.07085,40.754532],[-74.070357,40.753145],[-74.069291,40.749352],[-74.067487,40.743477],[-74.067156,40.742159],[-74.066866,40.741677],[-74.066393,40.741288],[-74.066001,40.741099],[-74.064142,40.740573],[-74.036954,40.734823],[-74.035942,40.73473],[-74.028046,40.73484]]}},{"type":"Feature","properties":{"agency":"NJ Transit","color":"#94219A","description":"Pascack Valley Line","route":"PASC","routeId":"14","shapeId":"2961","source":"NJ Transit GTFS"},"geometry":{"type":"LineString","coordinates":[[-74.035044,40.910856],[-74.034928,40.911113],[-74.040117,40.900012],[-74.040714,40.898957],[-74.04241,40.896768],[-74.043072,40.895735],[-74.047968,40.886909],[-74.051492,40.87971],[-74.051971,40.878844],[-74.054335,40.87566],[-74.058675,40.870091],[-74.084036,40.836975],[-74.089967,40.829387],[-74.093464,40.824754],[-74.09418,40.823619],[-74.094734,40.822435],[-74.095122,40.821213],[-74.09534,40.819966],[-74.095388,40.818711],[-74.095262,40.817456],[-74.095114,40.81684],[-74.094962,40.81622],[-74.094495,40.815015],[-74.089019,40.803251],[-74.083887,40.792024],[-74.082465,40.789295],[-74.080836,40.785787],[-74.080179,40.783924],[-74.080094,40.783189],[-74.080154,40.782395],[-74.080302,40.781857],[-74.080563,40.781493],[-74.085738,40.778027],[-74.08627,40.77744],[-74.086618,40.776785],[-74.086796,40.776106],[-74.086803,40.775275],[-74.086655,40.774651],[-74.086408,40.774111],[-74.080689,40.7672],[-74.075102,40.760294],[-74.072391,40.757148],[-74.071532,40.755871],[-74.07085,40.754532],[-74.070357,40.753145],[-74.069291,40.749352],[-74.067487,40.743477],[-74.067156,40.742159],[-74.066866,40.741677],[-74.066393,40.741288],[-74.066001,40.741099],[-74.064142,40.740573],[-74.036954,40.734823],[-74.035942,40.73473],[-74.028046,40.73484]]}},{"type":"Feature","properties":{"agency":"NJ Transit","color":"#DD3439","description":"Princeton Shuttle","route":"PRIN","routeId":"15","shapeId":"3031","source":"NJ Transit GTFS"},"geometry":{"type":"LineString","coordinates":[[-74.65887,40.342088],[-74.658242,40.340816],[-74.657541,40.3398],[-74.654714,40.336177],[-74.653937,40.335443],[-74.653478,40.335125],[-74.652441,40.334607],[-74.644817,40.331625],[-74.643898,40.331214],[-74.642987,40.330707],[-74.642148,40.330132],[-74.628104,40.319371],[-74.62732,40.31859],[-74.626513,40.317362],[-74.626094,40.316949],[-74.625732,40.316735],[-74.625097,40.316538],[-74.624417,40.316496],[-74.623878,40.316587],[-74.623753,40.316316]]}},{"type":"Feature","properties":{"agency":"NJ Transit","color":"#F2A537","description":"Raritan Valley Line","route":"RARV","routeId":"16","shapeId":"3506","source":"NJ Transit GTFS"},"geometry":{"type":"LineString","coordinates":[[-74.634364,40.571005],[-74.627542,40.571188],[-74.626413,40.571117],[-74.625302,40.570953],[-74.624221,40.570703],[-74.62318,40.570369],[-74.62219,40.569952],[-74.613978,40.566069],[-74.612253,40.56539],[-74.610495,40.564872],[-74.608675,40.564496],[-74.576842,40.559199],[-74.57553,40.559019],[-74.573655,40.558887],[-74.571768,40.558906],[-74.516138,40.561622],[-74.513446,40.561879],[-74.510807,40.562354],[-74.508245,40.56303],[-74.505787,40.563913],[-74.503469,40.564984],[-74.501308,40.566234],[-74.398906,40.632066],[-74.383073,40.642312],[-74.381284,40.643359],[-74.379359,40.644258],[-74.377324,40.644997],[-74.375199,40.645573],[-74.373004,40.645976],[-74.281902,40.658444],[-74.303226,40.65552],[-74.281902,40.658444],[-74.281059,40.658622],[-74.280044,40.659],[-74.197303,40.708243],[-74.195487,40.709402],[-74.194236,40.710046],[-74.192202,40.71095],[-74.18688,40.712685],[-74.186135,40.713022],[-74.185362,40.713647],[-74.18405,40.715368],[-74.182635,40.716773],[-74.170772,40.728074],[-74.166456,40.73259],[-74.16455,40.734251]]}},{"type":"Feature","properties":{"agency":"NJ Transit","color":"#F2A537","description":"Raritan Valley Line","route":"RARV","routeId":"16","shapeId":"3536","source":"NJ Transit GTFS"},"geometry":{"type":"LineString","coordinates":[[-74.634364,40.571005],[-74.627542,40.571188],[-74.626413,40.571117],[-74.625302,40.570953],[-74.624221,40.570703],[-74.62318,40.570369],[-74.62219,40.569952],[-74.613978,40.566069],[-74.612253,40.56539],[-74.610495,40.564872],[-74.608675,40.564496],[-74.576842,40.559199],[-74.57553,40.559019],[-74.573655,40.558887],[-74.571768,40.558906],[-74.516138,40.561622],[-74.513446,40.561879],[-74.510807,40.562354],[-74.508245,40.56303],[-74.505787,40.563913],[-74.503469,40.564984],[-74.501308,40.566234],[-74.398906,40.632066],[-74.383073,40.642312],[-74.381284,40.643359],[-74.379359,40.644258],[-74.377324,40.644997],[-74.375199,40.645573],[-74.373004,40.645976],[-74.281902,40.658444],[-74.281059,40.658622],[-74.280044,40.659],[-74.197303,40.708243],[-74.195487,40.709402],[-74.194236,40.710046],[-74.192202,40.71095],[-74.18688,40.712685],[-74.186135,40.713022],[-74.185362,40.713647],[-74.183958,40.715469],[-74.170772,40.728074],[-74.166825,40.732223],[-74.165174,40.733744],[-74.16389,40.734733],[-74.16216,40.735846],[-74.156396,40.738983],[-74.153819,40.740485],[-74.152681,40.740992],[-74.15143,40.74131],[-74.150778,40.741392],[-74.130544,40.743132],[-74.12607,40.743699],[-74.121701,40.744617],[-74.118188,40.745639],[-74.088091,40.755737],[-74.08607,40.756518],[-74.053384,40.771412],[-74.052383,40.771814],[-74.05133,40.772135],[-74.050241,40.772373],[-74.049125,40.772521],[-74.047992,40.772579],[-74.04686,40.772549],[-74.045736,40.772428],[-74.044638,40.772217],[-74.043571,40.771921],[-74.042552,40.771543],[-73.992366,40.750048]]}},{"type":"Feature","properties":{"agency":"NJ Transit","color":"#F2A537","description":"Raritan Valley Line","route":"RARV","routeId":"16","shapeId":"3548","source":"NJ Transit GTFS"},"geometry":{"type":"LineString","coordinates":[[-74.895863,40.666884],[-74.891858,40.657586],[-74.891454,40.656841],[-74.887474,40.650494],[-74.886925,40.649807],[-74.886286,40.649165],[-74.885564,40.648579],[-74.881599,40.646184],[-74.880397,40.645617],[-74.87905,40.645244],[-74.87763,40.645093],[-74.876204,40.645173],[-74.873686,40.645499],[-74.872632,40.645482],[-74.872112,40.645411],[-74.871115,40.645148],[-74.870649,40.644959],[-74.86436,40.642065],[-74.86302,40.641509],[-74.861626,40.641065],[-74.860182,40.640736],[-74.858698,40.640523],[-74.847233,40.639341],[-74.845309,40.639015],[-74.838698,40.637514],[-74.834243,40.636596],[-74.811714,40.632965],[-74.810704,40.632759],[-74.809689,40.632469],[-74.808719,40.632096],[-74.807809,40.63165],[-74.785552,40.61945],[-74.784729,40.619052],[-74.783954,40.618762],[-74.690615,40.596818],[-74.688877,40.596264],[-74.687972,40.595851],[-74.687126,40.595368],[-74.686355,40.59482],[-74.685661,40.594212],[-74.685057,40.593554],[-74.677135,40.583909],[-74.67153,40.573786],[-74.670945,40.572926],[-74.670471,40.572408],[-74.669316,40.571501],[-74.667944,40.570796],[-74.667191,40.570531],[-74.665597,40.570185],[-74.663945,40.570098],[-74.62835,40.571185],[-74.626413,40.571117],[-74.625302,40.570953],[-74.624221,40.570703],[-74.62318,40.570369],[-74.62219,40.569952],[-74.613978,40.566069],[-74.612253,40.56539],[-74.610495,40.564872],[-74.608675,40.564496],[-74.576842,40.559199],[-74.57553,40.559019],[-74.573655,40.558887],[-74.571768,40.558906],[-74.516138,40.561622],[-74.513446,40.561879],[-74.510807,40.562354],[-74.508245,40.56303],[-74.505787,40.563913],[-74.503469,40.564984],[-74.501308,40.566234],[-74.398906,40.632066],[-74.383073,40.642312],[-74.381284,40.643359],[-74.379359,40.644258],[-74.377324,40.644997],[-74.375199,40.645573],[-74.373004,40.645976],[-74.281902,40.658444],[-74.303226,40.65552],[-74.281902,40.658444],[-74.281059,40.658622],[-74.280044,40.659],[-74.197303,40.708243],[-74.195487,40.709402],[-74.194236,40.710046],[-74.192202,40.71095],[-74.18688,40.712685],[-74.186135,40.713022],[-74.185362,40.713647],[-74.18405,40.715368],[-74.182635,40.716773],[-74.170772,40.728074],[-74.166456,40.73259],[-74.16455,40.734251]]}},{"type":"Feature","properties":{"agency":"NJ Transit","color":"#F2A537","description":"Raritan Valley Line","route":"RARV","routeId":"16","shapeId":"3552","source":"NJ Transit GTFS"},"geometry":{"type":"LineString","coordinates":[[-74.895863,40.666884],[-74.891858,40.657586],[-74.891454,40.656841],[-74.887474,40.650494],[-74.886925,40.649807],[-74.886286,40.649165],[-74.885564,40.648579],[-74.881599,40.646184],[-74.880397,40.645617],[-74.87905,40.645244],[-74.87763,40.645093],[-74.876204,40.645173],[-74.873686,40.645499],[-74.872632,40.645482],[-74.872112,40.645411],[-74.871115,40.645148],[-74.870649,40.644959],[-74.86436,40.642065],[-74.86302,40.641509],[-74.861626,40.641065],[-74.860182,40.640736],[-74.858698,40.640523],[-74.847233,40.639341],[-74.845309,40.639015],[-74.838698,40.637514],[-74.834243,40.636596],[-74.811714,40.632965],[-74.810704,40.632759],[-74.809689,40.632469],[-74.808719,40.632096],[-74.807809,40.63165],[-74.785552,40.61945],[-74.784729,40.619052],[-74.783954,40.618762],[-74.690615,40.596818],[-74.688877,40.596264],[-74.687972,40.595851],[-74.687126,40.595368],[-74.686355,40.59482],[-74.685661,40.594212],[-74.685057,40.593554],[-74.677135,40.583909],[-74.67153,40.573786],[-74.670945,40.572926],[-74.670471,40.572408],[-74.669316,40.571501],[-74.667944,40.570796],[-74.667191,40.570531],[-74.665597,40.570185],[-74.663945,40.570098],[-74.62835,40.571185],[-74.626413,40.571117],[-74.625302,40.570953],[-74.624221,40.570703],[-74.62318,40.570369],[-74.62219,40.569952],[-74.613978,40.566069],[-74.612253,40.56539],[-74.610495,40.564872],[-74.608675,40.564496],[-74.576842,40.559199],[-74.57553,40.559019],[-74.573655,40.558887],[-74.571768,40.558906],[-74.516138,40.561622],[-74.513446,40.561879],[-74.510807,40.562354],[-74.508245,40.56303],[-74.505787,40.563913],[-74.503469,40.564984],[-74.501308,40.566234],[-74.398906,40.632066],[-74.383073,40.642312],[-74.381284,40.643359],[-74.379359,40.644258],[-74.377324,40.644997],[-74.375199,40.645573],[-74.373004,40.645976],[-74.281902,40.658444],[-74.281059,40.658622],[-74.280044,40.659],[-74.197303,40.708243],[-74.195487,40.709402],[-74.194236,40.710046],[-74.192202,40.71095],[-74.18688,40.712685],[-74.186135,40.713022],[-74.185362,40.713647],[-74.183958,40.715469],[-74.170772,40.728074],[-74.166825,40.732223],[-74.165174,40.733744],[-74.16389,40.734733],[-74.16216,40.735846],[-74.156396,40.738983],[-74.153819,40.740485],[-74.152681,40.740992],[-74.15143,40.74131],[-74.150778,40.741392],[-74.130544,40.743132],[-74.12607,40.743699],[-74.121701,40.744617],[-74.118188,40.745639],[-74.088091,40.755737],[-74.08607,40.756518],[-74.053384,40.771412],[-74.052383,40.771814],[-74.05133,40.772135],[-74.050241,40.772373],[-74.049125,40.772521],[-74.047992,40.772579],[-74.04686,40.772549],[-74.045736,40.772428],[-74.044638,40.772217],[-74.043571,40.771921],[-74.042552,40.771543],[-73.992366,40.750048]]}},{"type":"Feature","properties":{"agency":"NJ Transit","color":"#F2A537","description":"Raritan Valley Line","route":"RARV","routeId":"16","shapeId":"3556","source":"NJ Transit GTFS"},"geometry":{"type":"LineString","coordinates":[[-74.420163,40.618425],[-74.398906,40.632066],[-74.383073,40.642312],[-74.381284,40.643359],[-74.379359,40.644258],[-74.377324,40.644997],[-74.375199,40.645573],[-74.373004,40.645976],[-74.281902,40.658444],[-74.303226,40.65552],[-74.281902,40.658444],[-74.281059,40.658622],[-74.280044,40.659],[-74.197303,40.708243],[-74.195487,40.709402],[-74.194236,40.710046],[-74.192202,40.71095],[-74.18688,40.712685],[-74.186135,40.713022],[-74.185362,40.713647],[-74.18405,40.715368],[-74.182635,40.716773],[-74.170772,40.728074],[-74.166456,40.73259],[-74.16455,40.734251]]}},{"type":"Feature","properties":{"agency":"NJ Transit","color":"#F2A537","description":"Raritan Valley Line","route":"RARV","routeId":"16","shapeId":"3651","source":"NJ Transit GTFS"},"geometry":{"type":"LineString","coordinates":[[-74.164554,40.734221],[-74.16548,40.733483],[-74.166456,40.73259],[-74.170772,40.728074],[-74.182635,40.716773],[-74.18405,40.715368],[-74.185362,40.713647],[-74.186135,40.713022],[-74.18688,40.712685],[-74.192202,40.71095],[-74.194236,40.710046],[-74.195487,40.709402],[-74.197303,40.708243],[-74.280044,40.659],[-74.281059,40.658622],[-74.281902,40.658444],[-74.373004,40.645976],[-74.375199,40.645573],[-74.377324,40.644997],[-74.379359,40.644258],[-74.381284,40.643359],[-74.383073,40.642312],[-74.398906,40.632066],[-74.501308,40.566234],[-74.503469,40.564984],[-74.505787,40.563913],[-74.508245,40.56303],[-74.510807,40.562354],[-74.513446,40.561879],[-74.516138,40.561622],[-74.571768,40.558906],[-74.573655,40.558887],[-74.57553,40.559019],[-74.576842,40.559199],[-74.608675,40.564496],[-74.610495,40.564872],[-74.612253,40.56539],[-74.613978,40.566069],[-74.62219,40.569952],[-74.62318,40.570369],[-74.624221,40.570703],[-74.625302,40.570953],[-74.626413,40.571117],[-74.62835,40.571185],[-74.663945,40.570098],[-74.665597,40.570185],[-74.667191,40.570531],[-74.667944,40.570796],[-74.669316,40.571501],[-74.670471,40.572408],[-74.670945,40.572926],[-74.67153,40.573786],[-74.677135,40.583909],[-74.685057,40.593554],[-74.685661,40.594212],[-74.686355,40.59482],[-74.687126,40.595368],[-74.687972,40.595851],[-74.688877,40.596264],[-74.690615,40.596818],[-74.783954,40.618762],[-74.784729,40.619052],[-74.785552,40.61945],[-74.807809,40.63165],[-74.808719,40.632096],[-74.809689,40.632469],[-74.810704,40.632759],[-74.811714,40.632965],[-74.834243,40.636596],[-74.838698,40.637514],[-74.845309,40.639015],[-74.847233,40.639341],[-74.858698,40.640523],[-74.860182,40.640736],[-74.861626,40.641065],[-74.86302,40.641509],[-74.86436,40.642065],[-74.870649,40.644959],[-74.871115,40.645148],[-74.872112,40.645411],[-74.872632,40.645482],[-74.873686,40.645499],[-74.876204,40.645173],[-74.87763,40.645093],[-74.87905,40.645244],[-74.880397,40.645617],[-74.881599,40.646184],[-74.885564,40.648579],[-74.886286,40.649165],[-74.886925,40.649807],[-74.887474,40.650494],[-74.891454,40.656841],[-74.891858,40.657586],[-74.895643,40.66644]]}},{"type":"Feature","properties":{"agency":"NJ Transit","color":"#F2A537","description":"Raritan Valley Line","route":"RARV","routeId":"16","shapeId":"3687","source":"NJ Transit GTFS"},"geometry":{"type":"LineString","coordinates":[[-73.992358,40.750046],[-74.042552,40.771543],[-74.043571,40.771921],[-74.044638,40.772217],[-74.045736,40.772428],[-74.04686,40.772549],[-74.047992,40.772579],[-74.049125,40.772521],[-74.050241,40.772373],[-74.05133,40.772135],[-74.052383,40.771814],[-74.053384,40.771412],[-74.08607,40.756518],[-74.088091,40.755737],[-74.118188,40.745639],[-74.121701,40.744617],[-74.12607,40.743699],[-74.130544,40.743132],[-74.150778,40.741392],[-74.15143,40.74131],[-74.152681,40.740992],[-74.153819,40.740485],[-74.156396,40.738983],[-74.16216,40.735846],[-74.16389,40.734733],[-74.165174,40.733744],[-74.166825,40.732223],[-74.170772,40.728074],[-74.183958,40.715469],[-74.185362,40.713647],[-74.186135,40.713022],[-74.18688,40.712685],[-74.192202,40.71095],[-74.194236,40.710046],[-74.195487,40.709402],[-74.197303,40.708243],[-74.280044,40.659],[-74.281059,40.658622],[-74.281902,40.658444],[-74.373004,40.645976],[-74.375199,40.645573],[-74.377324,40.644997],[-74.379359,40.644258],[-74.381284,40.643359],[-74.383073,40.642312],[-74.398906,40.632066],[-74.501308,40.566234],[-74.503469,40.564984],[-74.505787,40.563913],[-74.508245,40.56303],[-74.510807,40.562354],[-74.513446,40.561879],[-74.516138,40.561622],[-74.571768,40.558906],[-74.573655,40.558887],[-74.57553,40.559019],[-74.576842,40.559199],[-74.608675,40.564496],[-74.610495,40.564872],[-74.612253,40.56539],[-74.613978,40.566069],[-74.62219,40.569952],[-74.62318,40.570369],[-74.624221,40.570703],[-74.625302,40.570953],[-74.626413,40.571117],[-74.62835,40.571185],[-74.663945,40.570098],[-74.665597,40.570185],[-74.667191,40.570531],[-74.667944,40.570796],[-74.669316,40.571501],[-74.670471,40.572408],[-74.670945,40.572926],[-74.67153,40.573786],[-74.677135,40.583909],[-74.685057,40.593554],[-74.685661,40.594212],[-74.686355,40.59482],[-74.687126,40.595368],[-74.687972,40.595851],[-74.688877,40.596264],[-74.690615,40.596818],[-74.783954,40.618762],[-74.784729,40.619052],[-74.785552,40.61945],[-74.807809,40.63165],[-74.808719,40.632096],[-74.809689,40.632469],[-74.810704,40.632759],[-74.811714,40.632965],[-74.834243,40.636596],[-74.838698,40.637514],[-74.845309,40.639015],[-74.847233,40.639341],[-74.858698,40.640523],[-74.860182,40.640736],[-74.861626,40.641065],[-74.86302,40.641509],[-74.86436,40.642065],[-74.870649,40.644959],[-74.871115,40.645148],[-74.872112,40.645411],[-74.872632,40.645482],[-74.873686,40.645499],[-74.876204,40.645173],[-74.87763,40.645093],[-74.87905,40.645244],[-74.880397,40.645617],[-74.881599,40.646184],[-74.885564,40.648579],[-74.886286,40.649165],[-74.886925,40.649807],[-74.887474,40.650494],[-74.891454,40.656841],[-74.891858,40.657586],[-74.895643,40.66644]]}},{"type":"Feature","properties":{"agency":"NJ Transit","color":"#00008B","description":"Riverline Light Rail","route":"RVLN","routeId":"17","shapeId":"3773","source":"NJ Transit GTFS"},"geometry":{"type":"LineString","coordinates":[[-75.079622,39.96096],[-75.079586,39.961001],[-75.081525,39.958801],[-75.083101,39.957381],[-75.08614,39.954953],[-75.086615,39.954474],[-75.087708,39.953032],[-75.088257,39.952465],[-75.089916,39.951139],[-75.091577,39.9497],[-75.092744,39.948862],[-75.093682,39.948338],[-75.09666,39.946949],[-75.098124,39.946428],[-75.101088,39.945606],[-75.106657,39.94462],[-75.110562,39.94382],[-75.111036,39.943636],[-75.111896,39.943126],[-75.112353,39.942967],[-75.116084,39.942723],[-75.119308,39.94277],[-75.119533,39.9428],[-75.119752,39.942915],[-75.122285,39.944929],[-75.122407,39.945181],[-75.122423,39.945461],[-75.122006,39.94693],[-75.122035,39.947094],[-75.122178,39.947248],[-75.127218,39.948262],[-75.127525,39.948275],[-75.127743,39.948188],[-75.127889,39.947993],[-75.128983,39.944768],[-75.129336,39.942491],[-75.129292,39.942038],[-75.12842,39.940967]]}},{"type":"Feature","properties":{"agency":"NJ Transit","color":"#00008B","description":"Riverline Light Rail","route":"RVLN","routeId":"17","shapeId":"3774","source":"NJ Transit GTFS"},"geometry":{"type":"LineString","coordinates":[[-75.03961,39.993109],[-75.039528,39.993161],[-75.040643,39.99258],[-75.045888,39.990237],[-75.047156,39.989519],[-75.048085,39.98882],[-75.051105,39.986159],[-75.053936,39.98383],[-75.055978,39.982329],[-75.063144,39.977476],[-75.064193,39.976538],[-75.064706,39.975938],[-75.065202,39.975215],[-75.065928,39.973889],[-75.066123,39.973313],[-75.06635,39.972305],[-75.066651,39.971422],[-75.067068,39.970573],[-75.067506,39.969896],[-75.068276,39.968937],[-75.06915,39.968244],[-75.070107,39.96763],[-75.074639,39.965481],[-75.075688,39.964824],[-75.076644,39.964087],[-75.077497,39.96327],[-75.079155,39.961505],[-75.081525,39.958801],[-75.083101,39.957381],[-75.086315,39.954792],[-75.087708,39.953032],[-75.088257,39.952465],[-75.089916,39.951139],[-75.091577,39.9497],[-75.092744,39.948862],[-75.093882,39.94824],[-75.09666,39.946949],[-75.097691,39.946563],[-75.100216,39.945812],[-75.101477,39.945532],[-75.106657,39.94462],[-75.110562,39.94382],[-75.111036,39.943636],[-75.111896,39.943126],[-75.112353,39.942967],[-75.116084,39.942723],[-75.119222,39.942767],[-75.119633,39.942841],[-75.122013,39.944666],[-75.122335,39.945012],[-75.122423,39.945461],[-75.122006,39.94693],[-75.122035,39.947094],[-75.122178,39.947248],[-75.127218,39.948262],[-75.127575,39.948264],[-75.127743,39.948188],[-75.127889,39.947993],[-75.129,39.944713],[-75.129336,39.942491],[-75.129292,39.942038],[-75.12842,39.940967]]}},{"type":"Feature","properties":{"agency":"NJ Transit","color":"#00008B","description":"Riverline Light Rail","route":"RVLN","routeId":"17","shapeId":"3775","source":"NJ Transit GTFS"},"geometry":{"type":"LineString","coordinates":[[-75.128473,39.94094],[-75.12842,39.940967],[-75.129292,39.942038],[-75.129336,39.942491],[-75.129,39.944713],[-75.127889,39.947993],[-75.127743,39.948188],[-75.127575,39.948264],[-75.127218,39.948262],[-75.122178,39.947248],[-75.122035,39.947094],[-75.122006,39.94693],[-75.122423,39.945461],[-75.122335,39.945012],[-75.122013,39.944666],[-75.119633,39.942841],[-75.119222,39.942767],[-75.116084,39.942723],[-75.112353,39.942967],[-75.111896,39.943126],[-75.111036,39.943636],[-75.110562,39.94382],[-75.106657,39.94462],[-75.101477,39.945532],[-75.100216,39.945812],[-75.097691,39.946563],[-75.09666,39.946949],[-75.093882,39.94824],[-75.092744,39.948862],[-75.091577,39.9497],[-75.089916,39.951139],[-75.088257,39.952465],[-75.087708,39.953032],[-75.086315,39.954792],[-75.083101,39.957381],[-75.081525,39.958801],[-75.079219,39.961431],[-75.077482,39.963284],[-75.076651,39.964081],[-75.075688,39.964824],[-75.074603,39.965501],[-75.070125,39.967622],[-75.069125,39.968266],[-75.068272,39.968942],[-75.067477,39.96994],[-75.067075,39.970556],[-75.066666,39.971395],[-75.06635,39.972305],[-75.066052,39.973549],[-75.065601,39.974524],[-75.064749,39.975889],[-75.063886,39.976843],[-75.063151,39.97747],[-75.062437,39.977972],[-75.05581,39.982446],[-75.054025,39.983764],[-75.051094,39.98617],[-75.048096,39.988809],[-75.047228,39.989467],[-75.045949,39.99021],[-75.04046,39.992665],[-75.03832,39.993821],[-75.031615,39.998082],[-75.005669,40.01331],[-75.000439,40.016275],[-74.981392,40.027464],[-74.980652,40.027949],[-74.974683,40.031404],[-74.97136,40.033128],[-74.960141,40.038532],[-74.95803,40.039685],[-74.956964,40.040359],[-74.956067,40.041055],[-74.955544,40.041527],[-74.954532,40.042615],[-74.951843,40.046333],[-74.951207,40.047109],[-74.949737,40.048665],[-74.948789,40.049547],[-74.947722,40.05035],[-74.946248,40.051277],[-74.945243,40.051816],[-74.941961,40.053181],[-74.940608,40.053619],[-74.926483,40.057741],[-74.910552,40.06252],[-74.899008,40.065827],[-74.870675,40.074103],[-74.865249,40.075618],[-74.858619,40.077622],[-74.856119,40.078024],[-74.851667,40.078427],[-74.850721,40.078586],[-74.849658,40.078874],[-74.847856,40.07963],[-74.84725,40.079973],[-74.825865,40.090123],[-74.786239,40.109091],[-74.78417,40.110025],[-74.769649,40.117186],[-74.767379,40.11821],[-74.765199,40.118983],[-74.762926,40.119575],[-74.761255,40.119887],[-74.751587,40.121392],[-74.748587,40.121987],[-74.745782,40.122773],[-74.744337,40.123291],[-74.743243,40.123812],[-74.742224,40.124414],[-74.741294,40.125094],[-74.740252,40.126064],[-74.739598,40.126845],[-74.739055,40.127675],[-74.738554,40.128722],[-74.737001,40.132545],[-74.735801,40.135077],[-74.734797,40.136754],[-74.734063,40.137661],[-74.733215,40.138505],[-74.731804,40.13959],[-74.725675,40.143569],[-74.7249,40.144002],[-74.724279,40.144268],[-74.722948,40.14464],[-74.720481,40.144928],[-74.719286,40.145246],[-74.717165,40.146076],[-74.716788,40.146298],[-74.716357,40.146728],[-74.716209,40.147005],[-74.71614,40.147375],[-74.716459,40.148962],[-74.716446,40.149532],[-74.716334,40.149962],[-74.715845,40.150581],[-74.715159,40.151053],[-74.714771,40.151414],[-74.714486,40.151831],[-74.714287,40.152516],[-74.714311,40.152987],[-74.714625,40.154733],[-74.714786,40.156237],[-74.714966,40.160128],[-74.715131,40.161274],[-74.719046,40.173446],[-74.719631,40.174846],[-74.720334,40.17606],[-74.721202,40.177208],[-74.721893,40.177962],[-74.72249,40.178483],[-74.723496,40.179129],[-74.729101,40.182308],[-74.730158,40.182821],[-74.731054,40.183095],[-74.734177,40.183848],[-74.735912,40.18418],[-74.7418,40.184752],[-74.742958,40.184914],[-74.744166,40.185185],[-74.746084,40.185862],[-74.747614,40.186624],[-74.748742,40.187479],[-74.749586,40.188449],[-74.750412,40.189901],[-74.7509,40.191137],[-74.751107,40.191866],[-74.75271,40.198454],[-74.756806,40.216137],[-74.756805,40.216526],[-74.756683,40.216767],[-74.755828,40.217096],[-74.755256,40.217559],[-74.755118,40.218304]]}},{"type":"Feature","properties":{"agency":"NJ Transit","color":"#00008B","description":"Riverline Light Rail","route":"RVLN","routeId":"17","shapeId":"3796","source":"NJ Transit GTFS"},"geometry":{"type":"LineString","coordinates":[[-74.859421,40.077358],[-74.865249,40.075618],[-74.870675,40.074103],[-74.899008,40.065827],[-74.910552,40.06252],[-74.926483,40.057741],[-74.940608,40.053619],[-74.941961,40.053181],[-74.945243,40.051816],[-74.946248,40.051277],[-74.947722,40.05035],[-74.948789,40.049547],[-74.949737,40.048665],[-74.951207,40.047109],[-74.951843,40.046333],[-74.954532,40.042615],[-74.955544,40.041527],[-74.956067,40.041055],[-74.956964,40.040359],[-74.95803,40.039685],[-74.960141,40.038532],[-74.97136,40.033128],[-74.974683,40.031404],[-74.980652,40.027949],[-74.981392,40.027464],[-75.000439,40.016275],[-75.005669,40.01331],[-75.031615,39.998082],[-75.03832,39.993821],[-75.040428,39.992681],[-75.045678,39.990336],[-75.047156,39.989519],[-75.048085,39.98882],[-75.051105,39.986159],[-75.053936,39.98383],[-75.055978,39.982329],[-75.062626,39.977843],[-75.063886,39.976843],[-75.064853,39.975738],[-75.065675,39.974393],[-75.066052,39.973554],[-75.06635,39.972305],[-75.066651,39.971422],[-75.067068,39.970573],[-75.067506,39.969896],[-75.068276,39.968937],[-75.06915,39.968244],[-75.070107,39.96763],[-75.074639,39.965481],[-75.075688,39.964824],[-75.076644,39.964087],[-75.077497,39.96327],[-75.079155,39.961505],[-75.081525,39.958801],[-75.083101,39.957381],[-75.086315,39.954792],[-75.087708,39.953032],[-75.088257,39.952465],[-75.089916,39.951139],[-75.091577,39.9497],[-75.092744,39.948862],[-75.093882,39.94824],[-75.09666,39.946949],[-75.097691,39.946563],[-75.100216,39.945812],[-75.101477,39.945532],[-75.106657,39.94462],[-75.110562,39.94382],[-75.111036,39.943636],[-75.111896,39.943126],[-75.112353,39.942967],[-75.116084,39.942723],[-75.119222,39.942767],[-75.119633,39.942841],[-75.122013,39.944666],[-75.122335,39.945012],[-75.122423,39.945461],[-75.122006,39.94693],[-75.122035,39.947094],[-75.122178,39.947248],[-75.127218,39.948262],[-75.127575,39.948264],[-75.127743,39.948188],[-75.127889,39.947993],[-75.129,39.944713],[-75.129336,39.942491],[-75.129292,39.942038],[-75.12842,39.940967]]}},{"type":"Feature","properties":{"agency":"NJ Transit","color":"#00008B","description":"Riverline Light Rail","route":"RVLN","routeId":"17","shapeId":"3797","source":"NJ Transit GTFS"},"geometry":{"type":"LineString","coordinates":[[-75.03961,39.993109],[-75.039528,39.993161],[-75.040643,39.99258],[-75.045888,39.990237],[-75.047156,39.989519],[-75.048085,39.98882],[-75.051105,39.986159],[-75.053936,39.98383],[-75.055978,39.982329],[-75.063144,39.977476],[-75.064193,39.976538],[-75.064706,39.975938],[-75.065202,39.975215],[-75.065928,39.973889],[-75.066123,39.973313],[-75.06635,39.972305],[-75.066651,39.971422],[-75.067068,39.970573],[-75.067506,39.969896],[-75.068276,39.968937],[-75.06915,39.968244],[-75.070107,39.96763],[-75.074639,39.965481],[-75.075688,39.964824],[-75.076644,39.964087],[-75.077497,39.96327],[-75.079155,39.961505],[-75.081525,39.958801],[-75.083101,39.957381],[-75.086315,39.954792],[-75.087708,39.953032],[-75.088257,39.952465],[-75.089916,39.951139],[-75.091577,39.9497],[-75.092744,39.948862],[-75.093682,39.948338],[-75.096456,39.947039],[-75.09827,39.946384],[-75.101088,39.945606],[-75.106657,39.94462],[-75.110562,39.94382],[-75.111036,39.943636],[-75.111896,39.943126],[-75.112353,39.942967],[-75.116084,39.942723],[-75.119308,39.94277],[-75.119633,39.942841],[-75.120217,39.943277]]}},{"type":"Feature","properties":{"agency":"NJ Transit","color":"#00008B","description":"Riverline Light Rail","route":"RVLN","routeId":"17","shapeId":"3798","source":"NJ Transit GTFS"},"geometry":{"type":"LineString","coordinates":[[-74.755194,40.218348],[-74.755118,40.218304],[-74.755256,40.217559],[-74.755828,40.217096],[-74.756683,40.216767],[-74.756805,40.216526],[-74.756806,40.216137],[-74.75271,40.198454],[-74.751107,40.191866],[-74.7509,40.191137],[-74.750412,40.189901],[-74.749586,40.188449],[-74.748742,40.187479],[-74.747614,40.186624],[-74.746084,40.185862],[-74.744166,40.185185],[-74.742958,40.184914],[-74.7418,40.184752],[-74.735912,40.18418],[-74.734177,40.183848],[-74.731054,40.183095],[-74.730158,40.182821],[-74.729101,40.182308],[-74.723496,40.179129],[-74.72249,40.178483],[-74.721893,40.177962],[-74.721202,40.177208],[-74.720334,40.17606],[-74.719631,40.174846],[-74.719046,40.173446],[-74.715131,40.161274],[-74.714966,40.160128],[-74.714786,40.156237],[-74.714625,40.154733],[-74.714311,40.152987],[-74.714287,40.152516],[-74.714486,40.151831],[-74.714771,40.151414],[-74.715159,40.151053],[-74.715845,40.150581],[-74.716334,40.149962],[-74.716446,40.149532],[-74.716459,40.148962],[-74.71614,40.147375],[-74.716209,40.147005],[-74.716357,40.146728],[-74.716788,40.146298],[-74.717165,40.146076],[-74.719286,40.145246],[-74.720481,40.144928],[-74.722948,40.14464],[-74.724279,40.144268],[-74.7249,40.144002],[-74.725675,40.143569],[-74.731804,40.13959],[-74.733215,40.138505],[-74.734063,40.137661],[-74.734797,40.136754],[-74.735801,40.135077],[-74.737001,40.132545],[-74.738554,40.128722],[-74.739055,40.127675],[-74.739598,40.126845],[-74.740252,40.126064],[-74.741294,40.125094],[-74.742224,40.124414],[-74.743243,40.123812],[-74.744337,40.123291],[-74.745782,40.122773],[-74.748587,40.121987],[-74.751587,40.121392],[-74.761255,40.119887],[-74.762926,40.119575],[-74.765199,40.118983],[-74.767379,40.11821],[-74.769649,40.117186],[-74.78417,40.110025],[-74.786239,40.109091],[-74.825865,40.090123],[-74.84725,40.079973],[-74.847856,40.07963],[-74.849658,40.078874],[-74.850721,40.078586],[-74.851667,40.078427],[-74.856119,40.078024],[-74.858619,40.077622],[-74.865249,40.075618],[-74.870675,40.074103],[-74.899008,40.065827],[-74.910552,40.06252],[-74.926483,40.057741],[-74.940608,40.053619],[-74.941961,40.053181],[-74.945243,40.051816],[-74.946248,40.051277],[-74.947722,40.05035],[-74.948789,40.049547],[-74.949737,40.048665],[-74.951207,40.047109],[-74.951843,40.046333],[-74.954532,40.042615],[-74.955544,40.041527],[-74.956067,40.041055],[-74.956964,40.040359],[-74.95803,40.039685],[-74.960141,40.038532],[-74.97136,40.033128],[-74.974683,40.031404],[-74.980652,40.027949],[-74.981392,40.027464],[-75.000439,40.016275],[-75.005669,40.01331],[-75.031615,39.998082],[-75.03832,39.993821],[-75.040428,39.992681],[-75.045678,39.990336],[-75.047156,39.989519],[-75.048085,39.98882],[-75.051105,39.986159],[-75.053936,39.98383],[-75.055978,39.982329],[-75.062626,39.977843],[-75.063886,39.976843],[-75.064853,39.975738],[-75.065675,39.974393],[-75.066052,39.973554],[-75.06635,39.972305],[-75.066651,39.971422],[-75.067068,39.970573],[-75.067506,39.969896],[-75.068276,39.968937],[-75.06915,39.968244],[-75.070107,39.96763],[-75.074639,39.965481],[-75.075688,39.964824],[-75.076644,39.964087],[-75.077497,39.96327],[-75.079155,39.961505],[-75.081525,39.958801],[-75.083101,39.957381],[-75.086315,39.954792],[-75.087708,39.953032],[-75.088257,39.952465],[-75.089916,39.951139],[-75.091577,39.9497],[-75.092744,39.948862],[-75.093682,39.948338],[-75.096456,39.947039],[-75.09827,39.946384],[-75.101088,39.945606],[-75.106657,39.94462],[-75.110562,39.94382],[-75.111036,39.943636],[-75.111896,39.943126],[-75.112353,39.942967],[-75.116084,39.942723],[-75.119308,39.94277],[-75.119633,39.942841],[-75.120217,39.943277]]}},{"type":"Feature","properties":{"agency":"NJ Transit","color":"#00008B","description":"Riverline Light Rail","route":"RVLN","routeId":"17","shapeId":"3808","source":"NJ Transit GTFS"},"geometry":{"type":"LineString","coordinates":[[-74.868981,40.074558],[-74.864754,40.075764],[-74.858544,40.077641],[-74.856119,40.078024],[-74.851667,40.078427],[-74.850564,40.078622],[-74.849658,40.078874],[-74.848637,40.079263],[-74.84725,40.079973],[-74.825865,40.090123],[-74.786239,40.109091],[-74.782872,40.110647],[-74.769649,40.117186],[-74.767379,40.11821],[-74.765199,40.118983],[-74.762926,40.119575],[-74.761255,40.119887],[-74.751587,40.121392],[-74.748587,40.121987],[-74.745782,40.122773],[-74.744337,40.123291],[-74.743243,40.123812],[-74.742224,40.124414],[-74.741294,40.125094],[-74.740299,40.126012],[-74.739598,40.126845],[-74.739055,40.127675],[-74.738666,40.128462],[-74.737001,40.132545],[-74.735801,40.135077],[-74.734797,40.136754],[-74.734063,40.137661],[-74.733215,40.138505],[-74.731804,40.13959],[-74.725675,40.143569],[-74.7249,40.144002],[-74.724279,40.144268],[-74.722948,40.14464],[-74.721105,40.14484],[-74.719875,40.145062],[-74.717165,40.146076],[-74.716788,40.146298],[-74.716479,40.146572],[-74.716209,40.147005],[-74.71614,40.147375],[-74.716459,40.148962],[-74.716446,40.149532],[-74.716334,40.149962],[-74.715845,40.150581],[-74.715159,40.151053],[-74.714771,40.151414],[-74.714486,40.151831],[-74.714287,40.152516],[-74.714311,40.152987],[-74.714625,40.154733],[-74.714786,40.156237],[-74.714966,40.160128],[-74.715131,40.161274],[-74.715422,40.162307],[-74.719046,40.173446],[-74.719631,40.174846],[-74.720334,40.17606],[-74.721202,40.177208],[-74.721893,40.177962],[-74.72249,40.178483],[-74.723496,40.179129],[-74.729649,40.182599],[-74.731054,40.183095],[-74.734331,40.183884],[-74.735912,40.18418],[-74.7418,40.184752],[-74.742958,40.184914],[-74.744166,40.185185],[-74.746084,40.185862],[-74.747614,40.186624],[-74.748205,40.187027],[-74.749214,40.187967],[-74.749758,40.188712],[-74.750412,40.189901],[-74.751064,40.191704],[-74.75271,40.198454],[-74.756792,40.216065],[-74.756816,40.216433],[-74.756715,40.216734],[-74.756503,40.216874],[-74.755828,40.217096],[-74.755332,40.217477],[-74.755191,40.217707],[-74.755118,40.218304]]}},{"type":"Feature","properties":{"agency":"NJ Transit","color":"#E66859","description":"Montclair-Boonton Line","route":"BNTN","routeId":"2","shapeId":"103","source":"NJ Transit GTFS"},"geometry":{"type":"LineString","coordinates":[[-74.835352,40.851444],[-74.82807,40.858873],[-74.826604,40.86015],[-74.825324,40.861027],[-74.823932,40.861797],[-74.819716,40.86357],[-74.818458,40.864394],[-74.817921,40.864877],[-74.817057,40.865956],[-74.816741,40.866543],[-74.813551,40.873522],[-74.811297,40.878274],[-74.810905,40.878978],[-74.810208,40.879965],[-74.80938,40.880894],[-74.808426,40.881749],[-74.807363,40.882527],[-74.803459,40.885081],[-74.802117,40.885829],[-74.799912,40.886876],[-74.79841,40.887421],[-74.79684,40.887843],[-74.791582,40.889038],[-74.790092,40.889599],[-74.789409,40.889964],[-74.788103,40.890918],[-74.786407,40.892918],[-74.785492,40.893743],[-74.784926,40.894124],[-74.780895,40.896091],[-74.761764,40.905049],[-74.760958,40.905573],[-74.75778,40.908069],[-74.752408,40.910804],[-74.751352,40.911187],[-74.750786,40.911313],[-74.749625,40.911431],[-74.748454,40.91136],[-74.747885,40.911256],[-74.746802,40.910916],[-74.744146,40.909834],[-74.743074,40.909557],[-74.733623,40.908633],[-74.732312,40.908266],[-74.731699,40.908006],[-74.73065,40.907378],[-74.730129,40.906956],[-74.729351,40.906071],[-74.726393,40.901788],[-74.726187,40.901457],[-74.725924,40.900752],[-74.725857,40.900021],[-74.725994,40.899297],[-74.727091,40.896965],[-74.727328,40.896234],[-74.727359,40.895505],[-74.727187,40.894784],[-74.727029,40.894439],[-74.72657,40.893795],[-74.726277,40.893502],[-74.725582,40.892995],[-74.724319,40.892469],[-74.722898,40.892266],[-74.719443,40.892444],[-74.717924,40.89268],[-74.717198,40.892888],[-74.715851,40.893469],[-74.709864,40.896719],[-74.708808,40.897185],[-74.708159,40.897382],[-74.707317,40.897549],[-74.706095,40.897653],[-74.703503,40.897681],[-74.700251,40.897587],[-74.699309,40.897659],[-74.69748,40.898026],[-74.688854,40.900996],[-74.684359,40.90281],[-74.68274,40.903649],[-74.680366,40.905359],[-74.677316,40.906896],[-74.676343,40.90725],[-74.675327,40.907524],[-74.674278,40.907715],[-74.673208,40.907822],[-74.671409,40.907883],[-74.670101,40.907715],[-74.669474,40.907554],[-74.668301,40.907088],[-74.667585,40.906666],[-74.666724,40.905942],[-74.666374,40.905531],[-74.665819,40.904572],[-74.665557,40.9038],[-74.665418,40.90309],[-74.664862,40.898574],[-74.664723,40.897755],[-74.664411,40.896716],[-74.663548,40.894948],[-74.66275,40.893937],[-74.661695,40.893077],[-74.661083,40.892715],[-74.65973,40.892142],[-74.658245,40.8918],[-74.655559,40.891641],[-74.652746,40.891718],[-74.649957,40.892016],[-74.647222,40.892534],[-74.645851,40.892858],[-74.606557,40.904027],[-74.603625,40.904608],[-74.59807,40.905438],[-74.591006,40.905644],[-74.589473,40.905537],[-74.588064,40.9052],[-74.587406,40.904948],[-74.571932,40.898294],[-74.570973,40.897796],[-74.570442,40.897426],[-74.569547,40.896573],[-74.569191,40.896099],[-74.568685,40.89508],[-74.567333,40.888487],[-74.566937,40.887358],[-74.566627,40.886832],[-74.565802,40.88587],[-74.563542,40.884116],[-74.562765,40.883637],[-74.56231,40.883431],[-74.561325,40.883135],[-74.560807,40.883047],[-74.559753,40.882995],[-74.545656,40.884555],[-74.544145,40.884604],[-74.543391,40.884538],[-74.542652,40.884415],[-74.541248,40.883993],[-74.532993,40.879836],[-74.532339,40.879545],[-74.530931,40.879129],[-74.529439,40.878943],[-74.527927,40.878995],[-74.519709,40.8806],[-74.518288,40.880759],[-74.51757,40.880754],[-74.516154,40.88057],[-74.514819,40.88017],[-74.513619,40.879567],[-74.511963,40.878334],[-74.511023,40.877849],[-74.510513,40.877666],[-74.509424,40.877424],[-74.508294,40.877359],[-74.507724,40.877394],[-74.506625,40.8776],[-74.505604,40.877972],[-74.504935,40.878342],[-74.499151,40.882031],[-74.498227,40.882456],[-74.497254,40.882809],[-74.496237,40.88308],[-74.495189,40.883272],[-74.49401,40.883385],[-74.489503,40.883606],[-74.482859,40.883785],[-74.480665,40.883957],[-74.477233,40.884429],[-74.474655,40.884566],[-74.473051,40.884799],[-74.470934,40.885379],[-74.469556,40.885615],[-74.468233,40.885615],[-74.466936,40.885407],[-74.466318,40.885226],[-74.454198,40.880754],[-74.452849,40.880332],[-74.451452,40.880019],[-74.450022,40.879822],[-74.448569,40.879737],[-74.447116,40.879767],[-74.444674,40.880082],[-74.443328,40.880422],[-74.442034,40.880866],[-74.439732,40.88196],[-74.436554,40.883979],[-74.418609,40.895949],[-74.417552,40.896732],[-74.416607,40.897593],[-74.415865,40.898429],[-74.413988,40.900769],[-74.413688,40.9011],[-74.412962,40.901684],[-74.412544,40.901931],[-74.411613,40.902314],[-74.408659,40.903079],[-74.407285,40.903558],[-74.40623,40.904137],[-74.403213,40.906079],[-74.402569,40.906384],[-74.399685,40.907466],[-74.399059,40.907789],[-74.398484,40.908159],[-74.388724,40.915484],[-74.385895,40.917394],[-74.383149,40.918907],[-74.377605,40.921639],[-74.376441,40.921981],[-74.375211,40.922135],[-74.374156,40.92208],[-74.373468,40.921959],[-74.372158,40.921562],[-74.371551,40.921285],[-74.370898,40.92091],[-74.368522,40.919126],[-74.367699,40.918666],[-74.366821,40.918271],[-74.365892,40.917948],[-74.356745,40.915818],[-74.355391,40.915629],[-74.354009,40.915657],[-74.35333,40.915753],[-74.352029,40.916103],[-74.350853,40.916651],[-74.350328,40.916994],[-74.349714,40.917501],[-74.345799,40.921222],[-74.343977,40.922702],[-74.342821,40.923439],[-74.340655,40.924445],[-74.33875,40.925017],[-74.327747,40.927443],[-74.325422,40.927859],[-74.323055,40.928089],[-74.321299,40.928139],[-74.319349,40.928087],[-74.318113,40.927936],[-74.271394,40.916967],[-74.270627,40.916717],[-74.269949,40.916353],[-74.269172,40.915657],[-74.260561,40.905063],[-74.255558,40.898352],[-74.251756,40.893],[-74.251155,40.892268],[-74.250458,40.891589],[-74.24967,40.890967],[-74.237661,40.882669],[-74.236596,40.88185],[-74.235813,40.881116],[-74.228991,40.874131],[-74.235376,40.880666],[-74.228991,40.874131],[-74.228418,40.873383],[-74.225753,40.868924],[-74.225495,40.868639],[-74.22487,40.86814],[-74.224123,40.867751],[-74.223285,40.867488],[-74.221997,40.867294],[-74.221091,40.867327],[-74.220216,40.867499],[-74.219401,40.867806],[-74.219033,40.868009],[-74.215071,40.870919],[-74.214211,40.87139],[-74.213294,40.871793],[-74.211767,40.87227],[-74.201978,40.874739],[-74.200865,40.874799],[-74.199869,40.874706],[-74.199222,40.874547],[-74.198368,40.874128],[-74.197768,40.873618],[-74.197392,40.873188],[-74.19707,40.872454],[-74.197029,40.871938],[-74.197808,40.86816],[-74.198249,40.867198],[-74.201055,40.862306],[-74.201711,40.860898],[-74.202168,40.859446],[-74.203176,40.852915],[-74.203343,40.852121],[-74.203623,40.851345],[-74.204004,40.850594],[-74.208822,40.843716],[-74.209085,40.843146],[-74.209365,40.842012],[-74.209393,40.84136],[-74.209331,40.840757],[-74.207123,40.831922],[-74.206941,40.830925],[-74.206898,40.829922],[-74.207094,40.828406],[-74.209611,40.817651],[-74.209579,40.81656],[-74.20925,40.8155],[-74.207664,40.812318],[-74.207252,40.81162],[-74.207122,40.811219],[-74.207151,40.810844],[-74.207289,40.810455],[-74.207547,40.810038],[-74.20809,40.809389],[-74.208918,40.807679],[-74.209092,40.806953],[-74.209047,40.806134],[-74.208781,40.804909],[-74.208594,40.804435],[-74.208027,40.803541],[-74.207232,40.802758],[-74.205121,40.801056],[-74.204319,40.800256],[-74.203633,40.799398],[-74.203067,40.798488],[-74.20028,40.793268],[-74.199766,40.791887],[-74.199445,40.79047],[-74.199318,40.789037],[-74.199248,40.786157],[-74.199149,40.785587],[-74.195209,40.769381],[-74.192031,40.755967],[-74.191825,40.755567],[-74.19126,40.754929],[-74.187934,40.752701],[-74.186004,40.751588],[-74.18348,40.750443],[-74.179377,40.749213],[-74.170853,40.747418],[-74.169498,40.747349],[-74.165756,40.7475],[-74.164412,40.747349],[-74.163763,40.747193],[-74.162545,40.746735],[-74.161991,40.746434],[-74.158117,40.743535],[-74.157007,40.74285],[-74.155715,40.742346],[-74.154318,40.742061],[-74.152872,40.742],[-74.146475,40.742274],[-74.127961,40.743735],[-74.126047,40.743823],[-74.115824,40.743973],[-74.096663,40.745338],[-74.091329,40.745595],[-74.089817,40.745606],[-74.088313,40.7455],[-74.08683,40.745272],[-74.074982,40.742809],[-74.071081,40.742102],[-74.047514,40.737018],[-74.046233,40.736794],[-74.036954,40.734823],[-74.035942,40.73473],[-74.028046,40.73484]]}},{"type":"Feature","properties":{"agency":"NJ Transit","color":"#E66859","description":"Montclair-Boonton Line","route":"BNTN","routeId":"2","shapeId":"118","source":"NJ Transit GTFS"},"geometry":{"type":"LineString","coordinates":[[-74.028046,40.734843],[-74.035942,40.73473],[-74.036954,40.734823],[-74.046233,40.736794],[-74.047514,40.737018],[-74.071081,40.742102],[-74.074982,40.742809],[-74.08683,40.745272],[-74.088313,40.7455],[-74.089817,40.745606],[-74.091329,40.745595],[-74.096663,40.745338],[-74.115824,40.743973],[-74.126047,40.743823],[-74.127961,40.743735],[-74.146475,40.742274],[-74.152872,40.742],[-74.154318,40.742061],[-74.155715,40.742346],[-74.157007,40.74285],[-74.158117,40.743535],[-74.161482,40.746091],[-74.162545,40.746735],[-74.163139,40.746988],[-74.164412,40.747349],[-74.165756,40.7475],[-74.169498,40.747349],[-74.170853,40.747418],[-74.179958,40.749361],[-74.18348,40.750443],[-74.186004,40.751588],[-74.187934,40.752701],[-74.191127,40.754827],[-74.191443,40.755101],[-74.191825,40.755567],[-74.192083,40.756151],[-74.195209,40.769381],[-74.199149,40.785587],[-74.199248,40.786157],[-74.199318,40.789037],[-74.199445,40.79047],[-74.199766,40.791887],[-74.20028,40.793268],[-74.200666,40.794052],[-74.203067,40.798488],[-74.203633,40.799398],[-74.204319,40.800256],[-74.205121,40.801056],[-74.207659,40.803133],[-74.208341,40.803977],[-74.208781,40.804909],[-74.209047,40.806134],[-74.209092,40.806953],[-74.209053,40.807238],[-74.208918,40.807679],[-74.20809,40.809389],[-74.207547,40.810038],[-74.207289,40.810455],[-74.207151,40.810844],[-74.207122,40.811219],[-74.207252,40.81162],[-74.207664,40.812318],[-74.20925,40.8155],[-74.209451,40.816026],[-74.209635,40.817106],[-74.209519,40.818193],[-74.207094,40.828406],[-74.206898,40.829922],[-74.206941,40.830925],[-74.207123,40.831922],[-74.209331,40.840757],[-74.209393,40.84136],[-74.209372,40.841963],[-74.209268,40.84256],[-74.209085,40.843146],[-74.208822,40.843716],[-74.208479,40.844262],[-74.204328,40.850096],[-74.203623,40.851345],[-74.203343,40.852121],[-74.203176,40.852915],[-74.202168,40.859446],[-74.201711,40.860898],[-74.201055,40.862306],[-74.198249,40.867198],[-74.197808,40.86816],[-74.197029,40.871938],[-74.19707,40.872454],[-74.197253,40.872952],[-74.197564,40.87341],[-74.198127,40.873944],[-74.198631,40.87429],[-74.199222,40.874547],[-74.199869,40.874706],[-74.200865,40.874799],[-74.201978,40.874739],[-74.211767,40.87227],[-74.213294,40.871793],[-74.214211,40.87139],[-74.215071,40.870919],[-74.219033,40.868009],[-74.219401,40.867806],[-74.220216,40.867499],[-74.221545,40.867291],[-74.22245,40.867332],[-74.223712,40.867603],[-74.22487,40.86814],[-74.225495,40.868639],[-74.225971,40.869226],[-74.228679,40.873769],[-74.235813,40.881116],[-74.236596,40.88185],[-74.237661,40.882669],[-74.24967,40.890967],[-74.250458,40.891589],[-74.251155,40.892268],[-74.251756,40.893],[-74.255558,40.898352],[-74.260561,40.905063],[-74.269172,40.915657],[-74.26965,40.916134],[-74.270277,40.91655],[-74.271394,40.916967],[-74.317081,40.92773],[-74.318113,40.927936],[-74.319349,40.928087],[-74.321299,40.928139],[-74.323055,40.928089],[-74.325422,40.927859],[-74.327747,40.927443],[-74.33875,40.925017],[-74.340655,40.924445],[-74.342821,40.923439],[-74.343977,40.922702],[-74.345799,40.921222],[-74.349714,40.917501],[-74.350328,40.916994],[-74.350853,40.916651],[-74.352029,40.916103],[-74.35333,40.915753],[-74.354009,40.915657],[-74.355391,40.915629],[-74.356745,40.915818],[-74.365892,40.917948],[-74.366821,40.918271],[-74.367699,40.918666],[-74.368522,40.919126],[-74.370898,40.92091],[-74.372158,40.921562],[-74.372798,40.921787],[-74.374156,40.92208],[-74.374859,40.922143],[-74.375831,40.922083],[-74.377037,40.921833],[-74.378147,40.921398],[-74.383149,40.918907],[-74.385895,40.917394],[-74.388724,40.915484],[-74.398484,40.908159],[-74.399059,40.907789],[-74.399685,40.907466],[-74.402569,40.906384],[-74.403213,40.906079],[-74.40623,40.904137],[-74.407285,40.903558],[-74.408659,40.903079],[-74.411613,40.902314],[-74.412544,40.901931],[-74.412962,40.901684],[-74.413688,40.9011],[-74.413988,40.900769],[-74.415865,40.898429],[-74.416607,40.897593],[-74.417552,40.896732],[-74.418609,40.895949],[-74.436554,40.883979],[-74.439732,40.88196],[-74.442034,40.880866],[-74.443328,40.880422],[-74.444674,40.880082],[-74.447116,40.879767],[-74.448569,40.879737],[-74.450022,40.879822],[-74.451452,40.880019],[-74.452849,40.880332],[-74.454198,40.880754],[-74.466318,40.885226],[-74.466936,40.885407],[-74.468233,40.885615],[-74.469556,40.885615],[-74.470934,40.885379],[-74.473051,40.884799],[-74.474655,40.884566],[-74.477233,40.884429],[-74.480665,40.883957],[-74.482859,40.883785],[-74.489503,40.883606],[-74.49401,40.883385],[-74.495189,40.883272],[-74.496237,40.88308],[-74.497254,40.882809],[-74.498227,40.882456],[-74.499151,40.882031],[-74.504935,40.878342],[-74.505604,40.877972],[-74.506625,40.8776],[-74.507724,40.877394],[-74.508294,40.877359],[-74.509424,40.877424],[-74.510513,40.877666],[-74.511023,40.877849],[-74.511963,40.878334],[-74.513619,40.879567],[-74.514819,40.88017],[-74.516154,40.88057],[-74.51757,40.880754],[-74.518288,40.880759],[-74.519709,40.8806],[-74.527927,40.878995],[-74.529439,40.878943],[-74.530931,40.879129],[-74.532339,40.879545],[-74.532993,40.879836],[-74.541248,40.883993],[-74.542652,40.884415],[-74.543391,40.884538],[-74.544145,40.884604],[-74.545656,40.884555],[-74.559753,40.882995],[-74.560807,40.883047],[-74.561325,40.883135],[-74.56231,40.883431],[-74.562765,40.883637],[-74.563542,40.884116],[-74.565802,40.88587],[-74.566627,40.886832],[-74.566937,40.887358],[-74.567333,40.888487],[-74.568685,40.89508],[-74.569191,40.896099],[-74.569547,40.896573],[-74.570442,40.897426],[-74.570973,40.897796],[-74.571932,40.898294],[-74.587406,40.904948],[-74.588064,40.9052],[-74.589473,40.905537],[-74.591006,40.905644],[-74.59807,40.905438],[-74.603625,40.904608],[-74.606557,40.904027],[-74.645851,40.892858],[-74.647222,40.892534],[-74.649957,40.892016],[-74.652746,40.891718],[-74.655559,40.891641],[-74.658245,40.8918],[-74.65973,40.892142],[-74.661083,40.892715],[-74.661695,40.893077],[-74.66275,40.893937],[-74.663548,40.894948],[-74.664411,40.896716],[-74.664723,40.897755],[-74.664862,40.898574],[-74.665418,40.90309],[-74.665557,40.9038],[-74.665819,40.904572],[-74.666374,40.905531],[-74.666724,40.905942],[-74.667585,40.906666],[-74.668301,40.907088],[-74.669474,40.907554],[-74.670101,40.907715],[-74.671409,40.907883],[-74.673208,40.907822],[-74.674278,40.907715],[-74.675327,40.907524],[-74.676343,40.90725],[-74.677316,40.906896],[-74.680366,40.905359],[-74.68274,40.903649],[-74.684359,40.90281],[-74.688854,40.900996],[-74.69748,40.898026],[-74.699309,40.897659],[-74.700251,40.897587],[-74.703503,40.897681],[-74.706095,40.897653],[-74.707317,40.897549],[-74.706795,40.897617],[-74.708159,40.897382],[-74.708808,40.897185],[-74.709864,40.896719],[-74.715851,40.893469],[-74.717198,40.892888],[-74.717924,40.89268],[-74.719443,40.892444],[-74.722898,40.892266],[-74.724319,40.892469],[-74.725582,40.892995],[-74.726277,40.893502],[-74.72657,40.893795],[-74.727029,40.894439],[-74.727187,40.894784],[-74.727359,40.895505],[-74.727328,40.896234],[-74.727091,40.896965],[-74.725994,40.899297],[-74.725857,40.900021],[-74.725924,40.900752],[-74.726187,40.901457],[-74.726393,40.901788],[-74.729351,40.906071],[-74.729709,40.906529],[-74.730603,40.907345]]}},{"type":"Feature","properties":{"agency":"NJ Transit","color":"#E66859","description":"Montclair-Boonton Line","route":"BNTN","routeId":"2","shapeId":"120","source":"NJ Transit GTFS"},"geometry":{"type":"LineString","coordinates":[[-74.028046,40.734843],[-74.035942,40.73473],[-74.036954,40.734823],[-74.046233,40.736794],[-74.047514,40.737018],[-74.071081,40.742102],[-74.074982,40.742809],[-74.08683,40.745272],[-74.088313,40.7455],[-74.089817,40.745606],[-74.091329,40.745595],[-74.096663,40.745338],[-74.115824,40.743973],[-74.126047,40.743823],[-74.127961,40.743735],[-74.146475,40.742274],[-74.152872,40.742],[-74.154318,40.742061],[-74.155715,40.742346],[-74.157007,40.74285],[-74.158117,40.743535],[-74.161482,40.746091],[-74.162545,40.746735],[-74.163139,40.746988],[-74.164412,40.747349],[-74.165756,40.7475],[-74.169498,40.747349],[-74.170853,40.747418],[-74.179958,40.749361],[-74.18348,40.750443],[-74.186004,40.751588],[-74.187934,40.752701],[-74.191127,40.754827],[-74.191443,40.755101],[-74.191825,40.755567],[-74.192083,40.756151],[-74.195209,40.769381],[-74.199149,40.785587],[-74.199248,40.786157],[-74.199318,40.789037],[-74.199445,40.79047],[-74.199766,40.791887],[-74.20028,40.793268],[-74.200666,40.794052],[-74.203067,40.798488],[-74.203633,40.799398],[-74.204319,40.800256],[-74.205121,40.801056],[-74.207659,40.803133],[-74.208341,40.803977],[-74.208781,40.804909],[-74.209047,40.806134],[-74.209092,40.806953],[-74.209053,40.807238],[-74.208918,40.807679],[-74.20809,40.809389],[-74.207547,40.810038],[-74.207289,40.810455],[-74.207151,40.810844],[-74.207122,40.811219],[-74.207252,40.81162],[-74.207664,40.812318],[-74.20925,40.8155],[-74.209451,40.816026],[-74.209635,40.817106],[-74.209519,40.818193],[-74.207094,40.828406],[-74.206898,40.829922],[-74.206941,40.830925],[-74.207123,40.831922],[-74.209331,40.840757],[-74.209393,40.84136],[-74.209372,40.841963],[-74.209268,40.84256],[-74.209085,40.843146],[-74.208822,40.843716],[-74.208479,40.844262],[-74.204328,40.850096],[-74.203623,40.851345],[-74.203343,40.852121],[-74.203176,40.852915],[-74.202168,40.859446],[-74.201711,40.860898],[-74.201055,40.862306],[-74.198249,40.867198],[-74.197808,40.86816],[-74.197029,40.871938],[-74.19707,40.872454],[-74.197253,40.872952],[-74.197564,40.87341],[-74.198127,40.873944],[-74.198631,40.87429],[-74.199222,40.874547],[-74.199869,40.874706],[-74.200865,40.874799],[-74.201978,40.874739],[-74.211767,40.87227],[-74.213294,40.871793],[-74.214211,40.87139],[-74.215071,40.870919],[-74.219033,40.868009],[-74.219401,40.867806],[-74.220216,40.867499],[-74.221545,40.867291],[-74.22245,40.867332],[-74.223712,40.867603],[-74.22487,40.86814],[-74.225495,40.868639],[-74.225971,40.869226],[-74.228679,40.873769],[-74.235813,40.881116],[-74.236596,40.88185],[-74.237661,40.882669],[-74.24967,40.890967],[-74.250458,40.891589],[-74.251155,40.892268],[-74.251756,40.893],[-74.255558,40.898352],[-74.260561,40.905063],[-74.269172,40.915657],[-74.269949,40.916353],[-74.271003,40.916857],[-74.317081,40.92773],[-74.318113,40.927936],[-74.319349,40.928087],[-74.321299,40.928139],[-74.323055,40.928089],[-74.325422,40.927859],[-74.327747,40.927443],[-74.33875,40.925017],[-74.340655,40.924445],[-74.342821,40.923439],[-74.343977,40.922702],[-74.345799,40.921222],[-74.349714,40.917501],[-74.350328,40.916994],[-74.350853,40.916651],[-74.352029,40.916103],[-74.35333,40.915753],[-74.354009,40.915657],[-74.355391,40.915629],[-74.356745,40.915818],[-74.365892,40.917948],[-74.366821,40.918271],[-74.367699,40.918666],[-74.368522,40.919126],[-74.370898,40.92091],[-74.372158,40.921562],[-74.372798,40.921787],[-74.374156,40.92208],[-74.374859,40.922143],[-74.375831,40.922083],[-74.377037,40.921833],[-74.378147,40.921398],[-74.383149,40.918907],[-74.385895,40.917394],[-74.388724,40.915484],[-74.398484,40.908159],[-74.399059,40.907789],[-74.399685,40.907466],[-74.402569,40.906384],[-74.403213,40.906079],[-74.40623,40.904137],[-74.407285,40.903558],[-74.408659,40.903079],[-74.411613,40.902314],[-74.412544,40.901931],[-74.412962,40.901684],[-74.413688,40.9011],[-74.413988,40.900769],[-74.415865,40.898429],[-74.416607,40.897593],[-74.417552,40.896732],[-74.418609,40.895949],[-74.436554,40.883979],[-74.439732,40.88196],[-74.442034,40.880866],[-74.443328,40.880422],[-74.444674,40.880082],[-74.447116,40.879767],[-74.448569,40.879737],[-74.450022,40.879822],[-74.451452,40.880019],[-74.452849,40.880332],[-74.454198,40.880754],[-74.466318,40.885226],[-74.466936,40.885407],[-74.468233,40.885615],[-74.469556,40.885615],[-74.470209,40.885536],[-74.473051,40.884799],[-74.474655,40.884566],[-74.477233,40.884429],[-74.480665,40.883957],[-74.481513,40.883891]]}},{"type":"Feature","properties":{"agency":"NJ Transit","color":"#E66859","description":"Montclair-Boonton Line","route":"BNTN","routeId":"2","shapeId":"138","source":"NJ Transit GTFS"},"geometry":{"type":"LineString","coordinates":[[-74.028046,40.734843],[-74.035942,40.73473],[-74.036954,40.734823],[-74.046233,40.736794],[-74.047514,40.737018],[-74.071081,40.742102],[-74.074982,40.742809],[-74.08683,40.745272],[-74.088313,40.7455],[-74.089817,40.745606],[-74.091329,40.745595],[-74.096663,40.745338],[-74.115824,40.743973],[-74.126047,40.743823],[-74.127961,40.743735],[-74.146475,40.742274],[-74.152872,40.742],[-74.154318,40.742061],[-74.155715,40.742346],[-74.157007,40.74285],[-74.158117,40.743535],[-74.161482,40.746091],[-74.162545,40.746735],[-74.163139,40.746988],[-74.164412,40.747349],[-74.165756,40.7475],[-74.169498,40.747349],[-74.170853,40.747418],[-74.172127,40.747662],[-74.182262,40.750037],[-74.18348,40.750443],[-74.184798,40.751008],[-74.186759,40.751978],[-74.191127,40.754827],[-74.191443,40.755101],[-74.191825,40.755567],[-74.192083,40.756151],[-74.195209,40.769381],[-74.199149,40.785587],[-74.199248,40.786157],[-74.199318,40.789037],[-74.199445,40.79047],[-74.199766,40.791887],[-74.20028,40.793268],[-74.200666,40.794052],[-74.203067,40.798488],[-74.203633,40.799398],[-74.204319,40.800256],[-74.205121,40.801056],[-74.207659,40.803133],[-74.208341,40.803977],[-74.208781,40.804909],[-74.209047,40.806134],[-74.209092,40.806953],[-74.209053,40.807238],[-74.208918,40.807679],[-74.20809,40.809389],[-74.207547,40.810038],[-74.207289,40.810455],[-74.207151,40.810844],[-74.207122,40.811219],[-74.207252,40.81162],[-74.207664,40.812318],[-74.20925,40.8155],[-74.209451,40.816026],[-74.209635,40.817106],[-74.209519,40.818193],[-74.207094,40.828406],[-74.206898,40.829922],[-74.206941,40.830925],[-74.207123,40.831922],[-74.209331,40.840757],[-74.209393,40.84136],[-74.209372,40.841963],[-74.209268,40.84256],[-74.209085,40.843146],[-74.208822,40.843716],[-74.208479,40.844262],[-74.204328,40.850096],[-74.203623,40.851345],[-74.203343,40.852121],[-74.203176,40.852915],[-74.202168,40.859446],[-74.201711,40.860898],[-74.201055,40.862306],[-74.198249,40.867198],[-74.197808,40.86816],[-74.197029,40.871938],[-74.19707,40.872454],[-74.197253,40.872952],[-74.197564,40.87341],[-74.198127,40.873944],[-74.198631,40.87429],[-74.199222,40.874547],[-74.199869,40.874706],[-74.200865,40.874799],[-74.201978,40.874739],[-74.211767,40.87227],[-74.213294,40.871793],[-74.214211,40.87139],[-74.215071,40.870919],[-74.219033,40.868009],[-74.219401,40.867806],[-74.220216,40.867499],[-74.221545,40.867291],[-74.22245,40.867332],[-74.223712,40.867603],[-74.22487,40.86814],[-74.225495,40.868639],[-74.225971,40.869226],[-74.228679,40.873769],[-74.235813,40.881116],[-74.236596,40.88185],[-74.237661,40.882669],[-74.24967,40.890967],[-74.250458,40.891589],[-74.251155,40.892268],[-74.251756,40.893],[-74.255558,40.898352],[-74.260561,40.905063],[-74.269172,40.915657],[-74.269949,40.916353],[-74.271003,40.916857],[-74.317081,40.92773],[-74.318113,40.927936],[-74.319349,40.928087],[-74.321299,40.928139],[-74.323055,40.928089],[-74.325422,40.927859],[-74.327747,40.927443],[-74.33875,40.925017],[-74.340655,40.924445],[-74.342821,40.923439],[-74.343977,40.922702],[-74.345799,40.921222],[-74.349714,40.917501],[-74.350328,40.916994],[-74.350853,40.916651],[-74.352029,40.916103],[-74.35333,40.915753],[-74.354009,40.915657],[-74.355391,40.915629],[-74.356745,40.915818],[-74.365892,40.917948],[-74.366821,40.918271],[-74.367699,40.918666],[-74.368522,40.919126],[-74.370898,40.92091],[-74.372158,40.921562],[-74.372798,40.921787],[-74.374156,40.92208],[-74.374859,40.922143],[-74.375831,40.922083],[-74.377037,40.921833],[-74.378147,40.921398],[-74.383149,40.918907],[-74.385895,40.917394],[-74.388724,40.915484],[-74.398484,40.908159],[-74.399059,40.907789],[-74.399685,40.907466],[-74.402569,40.906384],[-74.403213,40.906079],[-74.40623,40.904137],[-74.407285,40.903558],[-74.408659,40.903079],[-74.411613,40.902314],[-74.412544,40.901931],[-74.412962,40.901684],[-74.413688,40.9011],[-74.413988,40.900769],[-74.415865,40.898429],[-74.416607,40.897593],[-74.417552,40.896732],[-74.418609,40.895949],[-74.436554,40.883979],[-74.439732,40.88196],[-74.442034,40.880866],[-74.443328,40.880422],[-74.444674,40.880082],[-74.447116,40.879767],[-74.448569,40.879737],[-74.450022,40.879822],[-74.451452,40.880019],[-74.452849,40.880332],[-74.454198,40.880754],[-74.466318,40.885226],[-74.467577,40.885536],[-74.468892,40.88564],[-74.47031,40.885519],[-74.473051,40.884799],[-74.474655,40.884566],[-74.477233,40.884429],[-74.480665,40.883957],[-74.482859,40.883785],[-74.489503,40.883606],[-74.49401,40.883385],[-74.495189,40.883272],[-74.496237,40.88308],[-74.497254,40.882809],[-74.498227,40.882456],[-74.499151,40.882031],[-74.504935,40.878342],[-74.505604,40.877972],[-74.506625,40.8776],[-74.507724,40.877394],[-74.508294,40.877359],[-74.509424,40.877424],[-74.510513,40.877666],[-74.511023,40.877849],[-74.511963,40.878334],[-74.513619,40.879567],[-74.514819,40.88017],[-74.516154,40.88057],[-74.51757,40.880754],[-74.518288,40.880759],[-74.519709,40.8806],[-74.527927,40.878995],[-74.529439,40.878943],[-74.530931,40.879129],[-74.532339,40.879545],[-74.532993,40.879836],[-74.541248,40.883993],[-74.542652,40.884415],[-74.543391,40.884538],[-74.544145,40.884604],[-74.545656,40.884555],[-74.555887,40.883409]]}},{"type":"Feature","properties":{"agency":"NJ Transit","color":"#E66859","description":"Montclair-Boonton Line","route":"BNTN","routeId":"2","shapeId":"99","source":"NJ Transit GTFS"},"geometry":{"type":"LineString","coordinates":[[-74.665697,40.904219],[-74.665733,40.904328],[-74.665557,40.9038],[-74.665418,40.90309],[-74.664723,40.897755],[-74.664411,40.896716],[-74.663962,40.89571],[-74.663548,40.894948],[-74.663183,40.894428],[-74.66275,40.893937],[-74.661695,40.893077],[-74.661083,40.892715],[-74.65973,40.892142],[-74.658245,40.8918],[-74.655559,40.891641],[-74.652746,40.891718],[-74.649957,40.892016],[-74.647222,40.892534],[-74.645851,40.892858],[-74.606557,40.904027],[-74.603625,40.904608],[-74.59807,40.905438],[-74.591006,40.905644],[-74.589473,40.905537],[-74.588064,40.9052],[-74.587406,40.904948],[-74.571932,40.898294],[-74.570973,40.897796],[-74.570442,40.897426],[-74.569547,40.896573],[-74.569191,40.896099],[-74.568685,40.89508],[-74.567333,40.888487],[-74.566937,40.887358],[-74.566627,40.886832],[-74.565802,40.88587],[-74.563542,40.884116],[-74.562765,40.883637],[-74.56231,40.883431],[-74.561325,40.883135],[-74.560807,40.883047],[-74.559753,40.882995],[-74.545656,40.884555],[-74.544145,40.884604],[-74.543391,40.884538],[-74.542652,40.884415],[-74.541248,40.883993],[-74.532993,40.879836],[-74.532339,40.879545],[-74.530931,40.879129],[-74.529439,40.878943],[-74.527927,40.878995],[-74.519709,40.8806],[-74.518288,40.880759],[-74.51757,40.880754],[-74.516154,40.88057],[-74.514819,40.88017],[-74.513619,40.879567],[-74.511963,40.878334],[-74.511023,40.877849],[-74.510513,40.877666],[-74.509424,40.877424],[-74.508294,40.877359],[-74.507724,40.877394],[-74.506625,40.8776],[-74.505604,40.877972],[-74.504935,40.878342],[-74.499151,40.882031],[-74.498227,40.882456],[-74.497254,40.882809],[-74.496237,40.88308],[-74.495189,40.883272],[-74.49401,40.883385],[-74.489503,40.883606],[-74.482859,40.883785],[-74.480665,40.883957],[-74.477233,40.884429],[-74.474655,40.884566],[-74.473051,40.884799],[-74.470934,40.885379],[-74.469556,40.885615],[-74.468233,40.885615],[-74.466936,40.885407],[-74.466318,40.885226],[-74.454198,40.880754],[-74.452849,40.880332],[-74.451452,40.880019],[-74.450022,40.879822],[-74.448569,40.879737],[-74.447116,40.879767],[-74.444674,40.880082],[-74.443328,40.880422],[-74.442034,40.880866],[-74.439732,40.88196],[-74.436554,40.883979],[-74.418609,40.895949],[-74.417552,40.896732],[-74.416607,40.897593],[-74.415865,40.898429],[-74.413988,40.900769],[-74.413688,40.9011],[-74.412962,40.901684],[-74.412544,40.901931],[-74.411613,40.902314],[-74.408659,40.903079],[-74.407285,40.903558],[-74.40623,40.904137],[-74.403213,40.906079],[-74.402569,40.906384],[-74.399685,40.907466],[-74.399059,40.907789],[-74.398484,40.908159],[-74.388724,40.915484],[-74.385895,40.917394],[-74.383149,40.918907],[-74.378147,40.921398],[-74.377037,40.921833],[-74.375831,40.922083],[-74.374859,40.922143],[-74.374156,40.92208],[-74.372798,40.921787],[-74.372158,40.921562],[-74.370898,40.92091],[-74.368522,40.919126],[-74.367699,40.918666],[-74.366821,40.918271],[-74.365892,40.917948],[-74.356745,40.915818],[-74.355391,40.915629],[-74.354009,40.915657],[-74.35333,40.915753],[-74.352029,40.916103],[-74.350853,40.916651],[-74.350328,40.916994],[-74.349714,40.917501],[-74.345799,40.921222],[-74.343977,40.922702],[-74.342821,40.923439],[-74.340655,40.924445],[-74.33875,40.925017],[-74.327747,40.927443],[-74.325422,40.927859],[-74.323055,40.928089],[-74.321299,40.928139],[-74.319349,40.928087],[-74.318113,40.927936],[-74.317081,40.92773],[-74.271394,40.916967],[-74.270277,40.91655],[-74.26965,40.916134],[-74.269172,40.915657],[-74.260561,40.905063],[-74.255558,40.898352],[-74.251756,40.893],[-74.251155,40.892268],[-74.250458,40.891589],[-74.24967,40.890967],[-74.237661,40.882669],[-74.236596,40.88185],[-74.235813,40.881116],[-74.228679,40.873769],[-74.225971,40.869226],[-74.225495,40.868639],[-74.22487,40.86814],[-74.223712,40.867603],[-74.22245,40.867332],[-74.221545,40.867291],[-74.220216,40.867499],[-74.219401,40.867806],[-74.219033,40.868009],[-74.215071,40.870919],[-74.214211,40.87139],[-74.213294,40.871793],[-74.211767,40.87227],[-74.201978,40.874739],[-74.200865,40.874799],[-74.199869,40.874706],[-74.199222,40.874547],[-74.198631,40.87429],[-74.198127,40.873944],[-74.197564,40.87341],[-74.197253,40.872952],[-74.19707,40.872454],[-74.197029,40.871938],[-74.197808,40.86816],[-74.198249,40.867198],[-74.201055,40.862306],[-74.201711,40.860898],[-74.202168,40.859446],[-74.203176,40.852915],[-74.203343,40.852121],[-74.203623,40.851345],[-74.204328,40.850096],[-74.208479,40.844262],[-74.208822,40.843716],[-74.209085,40.843146],[-74.209268,40.84256],[-74.209372,40.841963],[-74.209393,40.84136],[-74.209331,40.840757],[-74.207123,40.831922],[-74.206941,40.830925],[-74.206898,40.829922],[-74.207094,40.828406],[-74.209519,40.818193],[-74.209635,40.817106],[-74.209451,40.816026],[-74.20925,40.8155],[-74.207664,40.812318],[-74.207252,40.81162],[-74.207122,40.811219],[-74.207151,40.810844],[-74.207289,40.810455],[-74.207547,40.810038],[-74.20809,40.809389],[-74.208918,40.807679],[-74.209053,40.807238],[-74.209092,40.806953],[-74.209047,40.806134],[-74.208781,40.804909],[-74.208341,40.803977],[-74.207659,40.803133],[-74.205121,40.801056],[-74.204319,40.800256],[-74.203633,40.799398],[-74.203067,40.798488],[-74.200666,40.794052],[-74.20028,40.793268],[-74.199766,40.791887],[-74.199445,40.79047],[-74.199318,40.789037],[-74.199248,40.786157],[-74.199149,40.785587],[-74.195209,40.769381],[-74.192083,40.756151],[-74.191825,40.755567],[-74.191443,40.755101],[-74.191127,40.754827],[-74.187934,40.752701],[-74.186004,40.751588],[-74.18348,40.750443],[-74.179958,40.749361],[-74.170853,40.747418],[-74.169498,40.747349],[-74.165756,40.7475],[-74.164412,40.747349],[-74.163139,40.746988],[-74.162545,40.746735],[-74.161482,40.746091],[-74.158117,40.743535],[-74.157007,40.74285],[-74.155715,40.742346],[-74.154318,40.742061],[-74.152872,40.742],[-74.146475,40.742274],[-74.127961,40.743735],[-74.126047,40.743823],[-74.115824,40.743973],[-74.096663,40.745338],[-74.091329,40.745595],[-74.089817,40.745606],[-74.088313,40.7455],[-74.08683,40.745272],[-74.074982,40.742809],[-74.071081,40.742102],[-74.047514,40.737018],[-74.046233,40.736794],[-74.036954,40.734823],[-74.035942,40.73473],[-74.028046,40.73484]]}},{"type":"Feature","properties":{"agency":"NJ Transit","color":"#E66859","description":"Montclair-Boonton Line","route":"BNTNM","routeId":"3","shapeId":"147","source":"NJ Transit GTFS"},"geometry":{"type":"LineString","coordinates":[[-74.208681,40.808178],[-74.208978,40.80752],[-74.209092,40.806953],[-74.209088,40.806665],[-74.208875,40.805259],[-74.208594,40.804435],[-74.208341,40.803977],[-74.207659,40.803133],[-74.205121,40.801056],[-74.204319,40.800256],[-74.203633,40.799398],[-74.203067,40.798488],[-74.200666,40.794052],[-74.20028,40.793268],[-74.199766,40.791887],[-74.199445,40.79047],[-74.199318,40.789037],[-74.199248,40.786157],[-74.199149,40.785587],[-74.195209,40.769381],[-74.192031,40.755967],[-74.191825,40.755567],[-74.19126,40.754929],[-74.187934,40.752701],[-74.186004,40.751588],[-74.18348,40.750443],[-74.179377,40.749213],[-74.170853,40.747418],[-74.169498,40.747349],[-74.165756,40.7475],[-74.164412,40.747349],[-74.163763,40.747193],[-74.162545,40.746735],[-74.161991,40.746434],[-74.158117,40.743535],[-74.157007,40.74285],[-74.155715,40.742346],[-74.154318,40.742061],[-74.152872,40.742],[-74.146475,40.742274],[-74.127961,40.743735],[-74.126047,40.743823],[-74.115824,40.743973],[-74.096663,40.745338],[-74.091329,40.745595],[-74.089817,40.745606],[-74.088313,40.7455],[-74.08683,40.745272],[-74.074982,40.742809],[-74.071081,40.742102],[-74.047514,40.737018],[-74.046233,40.736794],[-74.036954,40.734823],[-74.035942,40.73473],[-74.028046,40.73484]]}},{"type":"Feature","properties":{"agency":"NJ Transit","color":"#E66859","description":"Montclair-Boonton Line","route":"BNTNM","routeId":"3","shapeId":"148","source":"NJ Transit GTFS"},"geometry":{"type":"LineString","coordinates":[[-74.197439,40.869782],[-74.197808,40.86816],[-74.198072,40.867529],[-74.201055,40.862306],[-74.201711,40.860898],[-74.202168,40.859446],[-74.203176,40.852915],[-74.203343,40.852121],[-74.203623,40.851345],[-74.204328,40.850096],[-74.208479,40.844262],[-74.208822,40.843716],[-74.209085,40.843146],[-74.209268,40.84256],[-74.209372,40.841963],[-74.209393,40.84136],[-74.209331,40.840757],[-74.207123,40.831922],[-74.206941,40.830925],[-74.206898,40.829922],[-74.207094,40.828406],[-74.209611,40.817651],[-74.209579,40.81656],[-74.20925,40.8155],[-74.207664,40.812318],[-74.207252,40.81162],[-74.207122,40.811219],[-74.207151,40.810844],[-74.207289,40.810455],[-74.207547,40.810038],[-74.20809,40.809389],[-74.208918,40.807679],[-74.209092,40.806953],[-74.209047,40.806134],[-74.208781,40.804909],[-74.208594,40.804435],[-74.208027,40.803541],[-74.207232,40.802758],[-74.205121,40.801056],[-74.204319,40.800256],[-74.203633,40.799398],[-74.203067,40.798488],[-74.200666,40.794052],[-74.20028,40.793268],[-74.199766,40.791887],[-74.199445,40.79047],[-74.199318,40.789037],[-74.199248,40.786157],[-74.199149,40.785587],[-74.195209,40.769381],[-74.192031,40.755967],[-74.191682,40.755381],[-74.191127,40.754827],[-74.186759,40.751978],[-74.184798,40.751008],[-74.18348,40.750443],[-74.179958,40.749361],[-74.171518,40.74753],[-74.170177,40.747357],[-74.169498,40.747349],[-74.165756,40.7475],[-74.164412,40.747349],[-74.163763,40.747193],[-74.162545,40.746735],[-74.161991,40.746434],[-74.158117,40.743535],[-74.157007,40.74285],[-74.155715,40.742346],[-74.154318,40.742061],[-74.152872,40.742],[-74.146011,40.742304],[-74.13022,40.743557],[-74.124368,40.74422],[-74.122886,40.744447],[-74.121446,40.744795],[-74.113384,40.74722],[-74.088091,40.755737],[-74.085724,40.756672],[-74.053384,40.771412],[-74.052383,40.771814],[-74.05133,40.772135],[-74.050241,40.772373],[-74.049125,40.772521],[-74.047992,40.772579],[-74.04686,40.772549],[-74.045736,40.772428],[-74.044638,40.772217],[-74.043571,40.771921],[-74.042505,40.771524],[-73.992366,40.750048]]}},{"type":"Feature","properties":{"agency":"NJ Transit","color":"#E66859","description":"Montclair-Boonton Line","route":"BNTNM","routeId":"3","shapeId":"155","source":"NJ Transit GTFS"},"geometry":{"type":"LineString","coordinates":[[-74.197439,40.869782],[-74.197808,40.86816],[-74.198072,40.867529],[-74.201055,40.862306],[-74.201711,40.860898],[-74.202168,40.859446],[-74.203176,40.852915],[-74.203343,40.852121],[-74.203623,40.851345],[-74.204328,40.850096],[-74.208479,40.844262],[-74.208822,40.843716],[-74.209085,40.843146],[-74.209268,40.84256],[-74.209372,40.841963],[-74.209393,40.84136],[-74.209331,40.840757],[-74.207123,40.831922],[-74.206941,40.830925],[-74.206898,40.829922],[-74.207094,40.828406],[-74.209611,40.817651],[-74.209579,40.81656],[-74.20925,40.8155],[-74.207664,40.812318],[-74.207252,40.81162],[-74.207119,40.811156],[-74.207151,40.810844],[-74.207289,40.810455],[-74.207547,40.810038],[-74.20809,40.809389],[-74.208918,40.807679],[-74.209053,40.807238],[-74.209088,40.806665],[-74.209003,40.805851],[-74.208781,40.804909],[-74.208341,40.803977],[-74.207659,40.803133],[-74.205121,40.801056],[-74.204319,40.800256],[-74.203633,40.799398],[-74.203067,40.798488],[-74.200666,40.794052],[-74.20028,40.793268],[-74.199766,40.791887],[-74.199445,40.79047],[-74.199318,40.789037],[-74.199248,40.786157],[-74.199149,40.785587],[-74.195209,40.769381],[-74.192083,40.756151],[-74.191825,40.755567],[-74.19126,40.754929],[-74.187934,40.752701],[-74.186004,40.751588],[-74.18348,40.750443],[-74.179958,40.749361],[-74.170853,40.747418],[-74.169498,40.747349],[-74.165756,40.7475],[-74.164412,40.747349],[-74.163139,40.746988],[-74.162545,40.746735],[-74.161482,40.746091],[-74.158117,40.743535],[-74.157007,40.74285],[-74.155715,40.742346],[-74.154318,40.742061],[-74.152872,40.742],[-74.146475,40.742274],[-74.127961,40.743735],[-74.126047,40.743823],[-74.115824,40.743973],[-74.096663,40.745338],[-74.091329,40.745595],[-74.089817,40.745606],[-74.088313,40.7455],[-74.08683,40.745272],[-74.074982,40.742809],[-74.071081,40.742102],[-74.047514,40.737018],[-74.046233,40.736794],[-74.036954,40.734823],[-74.035942,40.73473],[-74.028046,40.73484]]}},{"type":"Feature","properties":{"agency":"NJ Transit","color":"#B9C9DF","description":"Bergen County Line","route":"Bergen County","routeId":"5-bergen","shapeId":"406","source":"NJ Transit GTFS"},"geometry":{"type":"LineString","coordinates":[[-74.153442,41.11354],[-74.15032,41.107602],[-74.149785,41.10636],[-74.147869,41.100968],[-74.147544,41.099762],[-74.145696,41.089061],[-74.145605,41.088455],[-74.145453,41.086159],[-74.145515,41.067473],[-74.14537,41.066174],[-74.145125,41.065333],[-74.137728,41.045011],[-74.137522,41.044329],[-74.137355,41.043389],[-74.136954,41.039701],[-74.136754,41.038766],[-74.136424,41.037851],[-74.135888,41.036727],[-74.135232,41.035692],[-74.134436,41.034713],[-74.129541,41.029337],[-74.128768,41.028348],[-74.128133,41.027301],[-74.125401,41.022081],[-74.125002,41.021165],[-74.124803,41.020442],[-74.122997,41.010404],[-74.122733,41.009626],[-74.122263,41.008905],[-74.121602,41.008278],[-74.120784,41.007765],[-74.119141,41.006938],[-74.118416,41.006502],[-74.118024,41.006193],[-74.117379,41.005483],[-74.11573,41.002501],[-74.113529,40.997366],[-74.113314,40.996799],[-74.113172,40.996196],[-74.113111,40.995588],[-74.113136,40.994977],[-74.113437,40.993779],[-74.113713,40.993206],[-74.126535,40.969761],[-74.127753,40.96704],[-74.128999,40.963839],[-74.129216,40.963028],[-74.129316,40.962206],[-74.129307,40.961381],[-74.129179,40.960559],[-74.128945,40.959753],[-74.126072,40.952001],[-74.125279,40.949683],[-74.121494,40.93962],[-74.11379,40.91849],[-74.112719,40.916112],[-74.103686,40.899015],[-74.102735,40.8967],[-74.102104,40.894318],[-74.101806,40.891901],[-74.101843,40.889473],[-74.102213,40.887062],[-74.106069,40.869615],[-74.106159,40.868688],[-74.106108,40.868146],[-74.105987,40.867612],[-74.105525,40.866587],[-74.10519,40.866104],[-74.104331,40.865238],[-74.103256,40.864526],[-74.099764,40.862961],[-74.098431,40.862049],[-74.097865,40.861517],[-74.097375,40.860944],[-74.096969,40.860336],[-74.096648,40.859698],[-74.096416,40.85904],[-74.09628,40.858366],[-74.096234,40.857684],[-74.096282,40.857004],[-74.096424,40.85633],[-74.096657,40.855669],[-74.104036,40.838491],[-74.104284,40.83746],[-74.104246,40.836414],[-74.103918,40.835397],[-74.09835,40.823488],[-74.083887,40.792024],[-74.082465,40.789295],[-74.080836,40.785787],[-74.080193,40.783978],[-74.080105,40.783417],[-74.080126,40.782592],[-74.080254,40.781975],[-74.080519,40.78154],[-74.085738,40.778027],[-74.08627,40.77744],[-74.086618,40.776785],[-74.086796,40.776106],[-74.086812,40.775374],[-74.086672,40.774697],[-74.086408,40.774111],[-74.080689,40.7672],[-74.075102,40.760294],[-74.072391,40.757148],[-74.071532,40.755871],[-74.07085,40.754532],[-74.070357,40.753145],[-74.069291,40.749352],[-74.067487,40.743477],[-74.067156,40.742159],[-74.066866,40.741677],[-74.066569,40.741406],[-74.066001,40.741099],[-74.064142,40.740573],[-74.036954,40.734823],[-74.035942,40.73473],[-74.028046,40.73484]]}},{"type":"Feature","properties":{"agency":"NJ Transit","color":"#B9C9DF","description":"Bergen County Line","route":"Bergen County","routeId":"5-bergen","shapeId":"409","source":"NJ Transit GTFS"},"geometry":{"type":"LineString","coordinates":[[-74.123412,41.012734],[-74.122892,41.01001],[-74.122524,41.009256],[-74.122263,41.008905],[-74.121602,41.008278],[-74.121209,41.008004],[-74.119141,41.006938],[-74.118416,41.006502],[-74.117676,41.00585],[-74.117133,41.005094],[-74.11573,41.002501],[-74.113529,40.997366],[-74.113314,40.996799],[-74.113172,40.996196],[-74.113111,40.995588],[-74.113136,40.994977],[-74.113437,40.993779],[-74.113713,40.993206],[-74.126535,40.969761],[-74.127753,40.96704],[-74.128999,40.963839],[-74.129216,40.963028],[-74.129316,40.962206],[-74.129307,40.961381],[-74.129179,40.960559],[-74.128945,40.959753],[-74.126072,40.952001],[-74.125279,40.949683],[-74.121494,40.93962],[-74.11379,40.91849],[-74.112719,40.916112],[-74.103686,40.899015],[-74.102735,40.8967],[-74.102104,40.894318],[-74.101806,40.891901],[-74.101843,40.889473],[-74.102213,40.887062],[-74.106069,40.869615],[-74.106159,40.868688],[-74.106108,40.868146],[-74.105987,40.867612],[-74.105525,40.866587],[-74.10519,40.866104],[-74.104331,40.865238],[-74.103256,40.864526],[-74.099764,40.862961],[-74.098431,40.862049],[-74.097865,40.861517],[-74.097375,40.860944],[-74.096969,40.860336],[-74.096648,40.859698],[-74.096416,40.85904],[-74.09628,40.858366],[-74.096234,40.857684],[-74.096282,40.857004],[-74.096424,40.85633],[-74.096657,40.855669],[-74.104036,40.838491],[-74.104284,40.83746],[-74.104246,40.836414],[-74.103918,40.835397],[-74.09835,40.823488],[-74.083887,40.792024],[-74.082465,40.789295],[-74.080836,40.785787],[-74.080193,40.783978],[-74.080105,40.783417],[-74.080126,40.782592],[-74.080254,40.781975],[-74.080519,40.78154],[-74.085738,40.778027],[-74.08627,40.77744],[-74.086618,40.776785],[-74.086796,40.776106],[-74.086812,40.775374],[-74.086672,40.774697],[-74.086408,40.774111],[-74.080689,40.7672],[-74.075102,40.760294],[-74.072391,40.757148],[-74.071532,40.755871],[-74.07085,40.754532],[-74.070357,40.753145],[-74.069291,40.749352],[-74.067487,40.743477],[-74.067156,40.742159],[-74.066866,40.741677],[-74.066569,40.741406],[-74.066001,40.741099],[-74.064142,40.740573],[-74.036954,40.734823],[-74.035942,40.73473],[-74.028046,40.73484]]}},{"type":"Feature","properties":{"agency":"NJ Transit","color":"#B9C9DF","description":"Bergen County Line","route":"Bergen County","routeId":"5-bergen","shapeId":"410","source":"NJ Transit GTFS"},"geometry":{"type":"LineString","coordinates":[[-74.120592,40.980629],[-74.120574,40.980667],[-74.126535,40.969761],[-74.127753,40.96704],[-74.128999,40.963839],[-74.129216,40.963028],[-74.129316,40.962206],[-74.129307,40.961381],[-74.129179,40.960559],[-74.128945,40.959753],[-74.126072,40.952001],[-74.125279,40.949683],[-74.121494,40.93962],[-74.11379,40.91849],[-74.112719,40.916112],[-74.103686,40.899015],[-74.102735,40.8967],[-74.102104,40.894318],[-74.101806,40.891901],[-74.101843,40.889473],[-74.102213,40.887062],[-74.106069,40.869615],[-74.106159,40.868688],[-74.106108,40.868146],[-74.105987,40.867612],[-74.105525,40.866587],[-74.10519,40.866104],[-74.104331,40.865238],[-74.103256,40.864526],[-74.099764,40.862961],[-74.098431,40.862049],[-74.097865,40.861517],[-74.097375,40.860944],[-74.096969,40.860336],[-74.096648,40.859698],[-74.096416,40.85904],[-74.09628,40.858366],[-74.096234,40.857684],[-74.096282,40.857004],[-74.096424,40.85633],[-74.096657,40.855669],[-74.104036,40.838491],[-74.104284,40.83746],[-74.104246,40.836414],[-74.103918,40.835397],[-74.09835,40.823488],[-74.083887,40.792024],[-74.082465,40.789295],[-74.080836,40.785787],[-74.080193,40.783978],[-74.080105,40.783417],[-74.080126,40.782592],[-74.080254,40.781975],[-74.080519,40.78154],[-74.085738,40.778027],[-74.08627,40.77744],[-74.086636,40.776739],[-74.086812,40.775969],[-74.086796,40.775226],[-74.086585,40.774464],[-74.086408,40.774111],[-74.080689,40.7672],[-74.075102,40.760294],[-74.072391,40.757148],[-74.071532,40.755871],[-74.07085,40.754532],[-74.070357,40.753145],[-74.069291,40.749352],[-74.067487,40.743477],[-74.067156,40.742159],[-74.066866,40.741677],[-74.066569,40.741406],[-74.066001,40.741099],[-74.064142,40.740573],[-74.036954,40.734823],[-74.035942,40.73473],[-74.028046,40.73484]]}},{"type":"Feature","properties":{"agency":"NJ Transit","color":"#FFCF01","description":"Main Line","route":"Main","routeId":"5-main","shapeId":"407","source":"NJ Transit GTFS"},"geometry":{"type":"LineString","coordinates":[[-74.120592,40.980629],[-74.120574,40.980667],[-74.12626,40.97027],[-74.127246,40.968834],[-74.133485,40.962206],[-74.133298,40.962403],[-74.156298,40.9385],[-74.1576,40.936623],[-74.158544,40.934951],[-74.166673,40.921874],[-74.166991,40.921261],[-74.167178,40.920734],[-74.167328,40.919649],[-74.167354,40.910127],[-74.167269,40.909261],[-74.167112,40.908699],[-74.166573,40.907628],[-74.165754,40.906663],[-74.164232,40.905203],[-74.163894,40.90469],[-74.163667,40.903849],[-74.163714,40.903276],[-74.164309,40.90061],[-74.165872,40.896995],[-74.166059,40.896442],[-74.16644,40.8938],[-74.167119,40.890071],[-74.167077,40.886344],[-74.16684,40.88521],[-74.166211,40.883442],[-74.165613,40.882387],[-74.165209,40.881902],[-74.156399,40.872478],[-74.155734,40.871695],[-74.153857,40.868795],[-74.153049,40.867825],[-74.152109,40.866924],[-74.135724,40.852765],[-74.134979,40.851995],[-74.134619,40.851488],[-74.134328,40.850959],[-74.133979,40.849841],[-74.133836,40.846569],[-74.133732,40.845498],[-74.133174,40.842042],[-74.131059,40.830204],[-74.130775,40.829075],[-74.130335,40.827976],[-74.128726,40.8246],[-74.126422,40.820029],[-74.125198,40.817895],[-74.122897,40.814305],[-74.122024,40.813162],[-74.121433,40.812601],[-74.120769,40.812091],[-74.117184,40.810022],[-74.116351,40.809438],[-74.115602,40.808792],[-74.114944,40.80809],[-74.114384,40.807339],[-74.113937,40.806547],[-74.113596,40.805725],[-74.111319,40.798987],[-74.110963,40.798168],[-74.110491,40.797384],[-74.109917,40.796639],[-74.109245,40.795948],[-74.102082,40.789317],[-74.095162,40.782723],[-74.089048,40.777158],[-74.087959,40.775985],[-74.080689,40.7672],[-74.075102,40.760294],[-74.072391,40.757148],[-74.071532,40.755871],[-74.07085,40.754532],[-74.070357,40.753145],[-74.069291,40.749352],[-74.067487,40.743477],[-74.067156,40.742159],[-74.066866,40.741677],[-74.066393,40.741288],[-74.066001,40.741099],[-74.064142,40.740573],[-74.036954,40.734823],[-74.035942,40.73473],[-74.028046,40.73484]]}},{"type":"Feature","properties":{"agency":"NJ Transit","color":"#FFCF01","description":"Main Line","route":"Main","routeId":"5-main","shapeId":"408","source":"NJ Transit GTFS"},"geometry":{"type":"LineString","coordinates":[[-74.153442,41.11354],[-74.15032,41.107602],[-74.149785,41.10636],[-74.147869,41.100968],[-74.147544,41.099762],[-74.145696,41.089061],[-74.145605,41.088455],[-74.145453,41.086159],[-74.145515,41.067473],[-74.14537,41.066174],[-74.145125,41.065333],[-74.137728,41.045011],[-74.137522,41.044329],[-74.137355,41.043389],[-74.136954,41.039701],[-74.136754,41.038766],[-74.136424,41.037851],[-74.135888,41.036727],[-74.135232,41.035692],[-74.134436,41.034713],[-74.129541,41.029337],[-74.128768,41.028348],[-74.128133,41.027301],[-74.125401,41.022081],[-74.125002,41.021165],[-74.124803,41.020442],[-74.122997,41.010404],[-74.122733,41.009626],[-74.122263,41.008905],[-74.121602,41.008278],[-74.120784,41.007765],[-74.119141,41.006938],[-74.118416,41.006502],[-74.118024,41.006193],[-74.117379,41.005483],[-74.11573,41.002501],[-74.113529,40.997366],[-74.113314,40.996799],[-74.113172,40.996196],[-74.113111,40.995588],[-74.113136,40.994977],[-74.113437,40.993779],[-74.113713,40.993206],[-74.12626,40.97027],[-74.127084,40.969029],[-74.133485,40.962206],[-74.133298,40.962403],[-74.156298,40.9385],[-74.1576,40.936623],[-74.158544,40.934951],[-74.166673,40.921874],[-74.166991,40.921261],[-74.167178,40.920734],[-74.167328,40.919649],[-74.167354,40.910127],[-74.167269,40.909261],[-74.167112,40.908699],[-74.166573,40.907628],[-74.165754,40.906663],[-74.164232,40.905203],[-74.163894,40.90469],[-74.163667,40.903849],[-74.163714,40.903276],[-74.164309,40.90061],[-74.165872,40.896995],[-74.166171,40.895872],[-74.16644,40.8938],[-74.167119,40.890071],[-74.167077,40.886344],[-74.16684,40.88521],[-74.166211,40.883442],[-74.165613,40.882387],[-74.156399,40.872478],[-74.155734,40.871695],[-74.153857,40.868795],[-74.153049,40.867825],[-74.152109,40.866924],[-74.135724,40.852765],[-74.134979,40.851995],[-74.134619,40.851488],[-74.134328,40.850959],[-74.133979,40.849841],[-74.133836,40.846569],[-74.133732,40.845498],[-74.133174,40.842042],[-74.131059,40.830204],[-74.130775,40.829075],[-74.130335,40.827976],[-74.128726,40.8246],[-74.126422,40.820029],[-74.125198,40.817895],[-74.122897,40.814305],[-74.122024,40.813162],[-74.121433,40.812601],[-74.120769,40.812091],[-74.117184,40.810022],[-74.116351,40.809438],[-74.115602,40.808792],[-74.114944,40.80809],[-74.114384,40.807339],[-74.113937,40.806547],[-74.113596,40.805725],[-74.111319,40.798987],[-74.110963,40.798168],[-74.110491,40.797384],[-74.109917,40.796639],[-74.109245,40.795948],[-74.102082,40.789317],[-74.095162,40.782723],[-74.089048,40.777158],[-74.087959,40.775985],[-74.080689,40.7672],[-74.075102,40.760294],[-74.072391,40.757148],[-74.071532,40.755871],[-74.07085,40.754532],[-74.070357,40.753145],[-74.069291,40.749352],[-74.067487,40.743477],[-74.067156,40.742159],[-74.066866,40.741677],[-74.066393,40.741288],[-74.066001,40.741099],[-74.064142,40.740573],[-74.036954,40.734823],[-74.035942,40.73473],[-74.028046,40.73484]]}},{"type":"Feature","properties":{"agency":"NJ Transit","color":"#FFCF01","description":"Main Line","route":"Main","routeId":"5-main","shapeId":"491","source":"NJ Transit GTFS"},"geometry":{"type":"LineString","coordinates":[[-74.123412,41.012734],[-74.122892,41.01001],[-74.122524,41.009256],[-74.122263,41.008905],[-74.121602,41.008278],[-74.121209,41.008004],[-74.118852,41.006782],[-74.118024,41.006193],[-74.117379,41.005483],[-74.115949,41.002948],[-74.113314,40.996799],[-74.113172,40.996196],[-74.113111,40.995588],[-74.113136,40.994977],[-74.113437,40.993779],[-74.12626,40.97027],[-74.127084,40.969029],[-74.133485,40.962206],[-74.133298,40.962403],[-74.156298,40.9385],[-74.1576,40.936623],[-74.158544,40.934951],[-74.166673,40.921874],[-74.166991,40.921261],[-74.167178,40.920734],[-74.167328,40.919649],[-74.167354,40.910127],[-74.167269,40.909261],[-74.167112,40.908699],[-74.166573,40.907628],[-74.165754,40.906663],[-74.164232,40.905203],[-74.163894,40.90469],[-74.163667,40.903849],[-74.163714,40.903276],[-74.164309,40.90061],[-74.165872,40.896995],[-74.166171,40.895872],[-74.16644,40.8938],[-74.167119,40.890071],[-74.167077,40.886344],[-74.16684,40.88521],[-74.166211,40.883442],[-74.165613,40.882387],[-74.156399,40.872478],[-74.155734,40.871695],[-74.153857,40.868795],[-74.153049,40.867825],[-74.152109,40.866924],[-74.135724,40.852765],[-74.134979,40.851995],[-74.134619,40.851488],[-74.134328,40.850959],[-74.133979,40.849841],[-74.133836,40.846569],[-74.133732,40.845498],[-74.133174,40.842042],[-74.131059,40.830204],[-74.130775,40.829075],[-74.130335,40.827976],[-74.128726,40.8246],[-74.126422,40.820029],[-74.125198,40.817895],[-74.122897,40.814305],[-74.122024,40.813162],[-74.121433,40.812601],[-74.120769,40.812091],[-74.117184,40.810022],[-74.116351,40.809438],[-74.115602,40.808792],[-74.114944,40.80809],[-74.114384,40.807339],[-74.113937,40.806547],[-74.113596,40.805725],[-74.111319,40.798987],[-74.110963,40.798168],[-74.110491,40.797384],[-74.109917,40.796639],[-74.109245,40.795948],[-74.102082,40.789317],[-74.095162,40.782723],[-74.089048,40.777158],[-74.087959,40.775985],[-74.080689,40.7672],[-74.075102,40.760294],[-74.072391,40.757148],[-74.071532,40.755871],[-74.07085,40.754532],[-74.070357,40.753145],[-74.069291,40.749352],[-74.067487,40.743477],[-74.067156,40.742159],[-74.066866,40.741677],[-74.066393,40.741288],[-74.066001,40.741099],[-74.064142,40.740573],[-74.036954,40.734823],[-74.035942,40.73473],[-74.028046,40.73484]]}},{"type":"Feature","properties":{"agency":"NJ Transit","color":"#FF7900","description":"Port Jervis Line","route":"Port Jervis","routeId":"6","shapeId":"797","source":"NJ Transit GTFS"},"geometry":{"type":"LineString","coordinates":[[-74.694622,41.374899],[-74.69556,41.375014],[-74.692178,41.371906],[-74.690723,41.370029],[-74.687871,41.366708],[-74.68596,41.363872],[-74.684627,41.36277],[-74.681741,41.361077],[-74.680709,41.360871],[-74.679949,41.360893],[-74.678948,41.361143],[-74.677946,41.3616],[-74.676306,41.363063],[-74.67518,41.364321],[-74.673932,41.365305],[-74.670712,41.367201],[-74.666545,41.37047],[-74.661566,41.375014],[-74.659191,41.376551],[-74.656209,41.378083],[-74.654354,41.37888],[-74.653232,41.379064],[-74.647857,41.378006],[-74.646761,41.378028],[-74.645943,41.378212],[-74.64497,41.378623],[-74.643784,41.379283],[-74.641015,41.381158],[-74.631159,41.389726],[-74.616637,41.403987],[-74.615511,41.404924],[-74.611491,41.409382],[-74.609299,41.411621],[-74.607228,41.413243],[-74.603332,41.416671],[-74.600374,41.419436],[-74.599491,41.420601],[-74.597288,41.425928],[-74.596768,41.426972],[-74.583831,41.446387],[-74.582736,41.44753],[-74.580724,41.449335],[-74.579533,41.450569],[-74.578344,41.452237],[-74.576782,41.456148],[-74.573389,41.461815],[-74.572691,41.462524],[-74.571439,41.463552],[-74.569183,41.465744],[-74.568448,41.467049],[-74.567098,41.471507],[-74.566453,41.473085],[-74.565874,41.474088],[-74.565234,41.47473],[-74.56432,41.475346],[-74.562156,41.476623],[-74.559016,41.478289],[-74.55783,41.478607],[-74.556794,41.478629],[-74.555457,41.478349],[-74.550888,41.477092],[-74.549168,41.476744],[-74.536794,41.473581],[-74.529409,41.471806],[-74.522208,41.46994],[-74.518803,41.469315],[-74.516551,41.469126],[-74.51503,41.469076],[-74.511956,41.46955],[-74.510618,41.469937],[-74.508243,41.47094],[-74.506231,41.472239],[-74.493344,41.482523],[-74.48843,41.486217],[-74.486972,41.487085],[-74.485149,41.487869],[-74.483265,41.488398],[-74.48153,41.488631],[-74.479554,41.48868],[-74.478182,41.488683],[-74.47642,41.488505],[-74.47505,41.488231],[-74.473586,41.487823],[-74.456714,41.481608],[-74.455218,41.480969],[-74.454336,41.48049],[-74.442208,41.473647],[-74.439375,41.472461],[-74.437549,41.47203],[-74.435908,41.471871],[-74.433109,41.472082],[-74.431164,41.472474],[-74.427636,41.473806],[-74.420739,41.477201],[-74.419009,41.477733],[-74.416182,41.478147],[-74.414537,41.478127],[-74.412285,41.477878],[-74.409149,41.477127],[-74.403517,41.475143],[-74.394051,41.471449],[-74.392924,41.470627],[-74.391702,41.469301],[-74.389905,41.467588],[-74.384846,41.462261],[-74.383019,41.460686],[-74.381373,41.459428],[-74.378482,41.45831],[-74.376838,41.457786],[-74.375104,41.457444],[-74.372641,41.457241],[-74.370633,41.457288],[-74.370348,41.457334],[-74.37039,41.457488],[-74.370348,41.457334],[-74.362849,41.458554],[-74.361728,41.458809],[-74.352453,41.460439],[-74.35069,41.460946],[-74.345065,41.463146],[-74.335978,41.467429],[-74.333396,41.469104],[-74.328409,41.470959],[-74.32558,41.471647],[-74.323515,41.471967],[-74.321079,41.47197],[-74.318736,41.471811],[-74.31174,41.470945],[-74.30456,41.469852],[-74.303068,41.469485],[-74.301154,41.4688],[-74.299054,41.467772],[-74.296042,41.466057],[-74.26644,41.451043],[-74.266554,41.450917],[-74.26644,41.451043],[-74.264166,41.449886],[-74.262189,41.449451],[-74.261764,41.449177],[-74.260911,41.448881],[-74.25921,41.44865],[-74.257235,41.448765],[-74.254191,41.449659],[-74.247684,41.451854],[-74.247258,41.452333],[-74.243976,41.453364],[-74.240966,41.454186],[-74.239867,41.454347],[-74.238349,41.454462],[-74.236647,41.454279],[-74.2354,41.453934],[-74.234425,41.453775],[-74.220623,41.450316],[-74.215182,41.449031],[-74.212747,41.448278],[-74.21135,41.447658],[-74.209191,41.446192],[-74.205575,41.442737],[-74.203237,41.440928],[-74.201594,41.440035],[-74.199681,41.439142],[-74.196582,41.43841],[-74.195424,41.438341],[-74.192811,41.438339],[-74.190806,41.438498],[-74.188736,41.438953],[-74.174171,41.442696],[-74.161245,41.445891],[-74.143632,41.45061],[-74.13186,41.453342],[-74.126476,41.454778],[-74.121046,41.455967],[-74.119706,41.456172],[-74.116849,41.456241],[-74.113904,41.455822],[-74.111677,41.455189],[-74.110793,41.45483],[-74.108992,41.453868],[-74.107846,41.453059],[-74.106931,41.452259],[-74.105755,41.450969],[-74.105116,41.450015],[-74.10493,41.449634],[-74.104661,41.448963],[-74.10426,41.44765],[-74.103756,41.445187],[-74.101973,41.437708],[-74.10197,41.437336],[-74.101875,41.437075],[-74.09967,41.431461],[-74.096741,41.424552],[-74.095734,41.423207],[-74.094289,41.420941],[-74.09376,41.41942],[-74.093418,41.417825],[-74.092995,41.416608],[-74.092271,41.414005],[-74.091964,41.413115],[-74.091892,41.411254],[-74.092244,41.40705],[-74.092339,41.402049],[-74.092837,41.399885],[-74.093489,41.398873],[-74.093535,41.398364],[-74.0997,41.390168],[-74.108702,41.375014],[-74.108627,41.37223],[-74.107159,41.36798],[-74.105771,41.363527],[-74.105619,41.362587],[-74.105621,41.362077],[-74.105774,41.36148],[-74.106276,41.360145],[-74.106719,41.359435],[-74.111599,41.353821],[-74.112548,41.352645],[-74.113051,41.352135],[-74.118008,41.34845],[-74.118375,41.348],[-74.118895,41.347581],[-74.119613,41.346414],[-74.119903,41.345704],[-74.120192,41.344421],[-74.120269,41.343758],[-74.120193,41.342818],[-74.118148,41.331633],[-74.117935,41.330901],[-74.117705,41.328758],[-74.118786,41.324067],[-74.120328,41.318107],[-74.120909,41.31623],[-74.121916,41.314413],[-74.122573,41.313476],[-74.123306,41.31259],[-74.123959,41.311927],[-74.124584,41.311514],[-74.124929,41.311396],[-74.125573,41.310891],[-74.12822,41.307943],[-74.130924,41.305726],[-74.137579,41.299371],[-74.138251,41.298319],[-74.1391,41.296513],[-74.141846,41.287183],[-74.142734,41.284848],[-74.143766,41.283204],[-74.150054,41.276161],[-74.150661,41.275361],[-74.152637,41.273144],[-74.153337,41.272229],[-74.156346,41.266696],[-74.162331,41.257708],[-74.172042,41.247243],[-74.172729,41.246405],[-74.173386,41.245396],[-74.174545,41.242741],[-74.175048,41.241423],[-74.176527,41.238789],[-74.176789,41.238507],[-74.18126,41.232281],[-74.184388,41.228502],[-74.18573,41.226979],[-74.186079,41.22674],[-74.187362,41.224367],[-74.187592,41.223614],[-74.18765,41.22234],[-74.187301,41.221287],[-74.186081,41.219213],[-74.18527,41.218059],[-74.18515,41.217709],[-74.184277,41.21396],[-74.184311,41.213201],[-74.184187,41.212847],[-74.184022,41.212612],[-74.183671,41.211444],[-74.183671,41.211085],[-74.183791,41.210781],[-74.183879,41.210069],[-74.184049,41.209855],[-74.184047,41.209693],[-74.184312,41.209118],[-74.184355,41.208797],[-74.184539,41.208288],[-74.184495,41.207361],[-74.184554,41.206654],[-74.184309,41.206005],[-74.184371,41.205684],[-74.184265,41.205418],[-74.184312,41.204761],[-74.184432,41.204448],[-74.185073,41.203495],[-74.185196,41.203182],[-74.185195,41.20261],[-74.185259,41.202481],[-74.184966,41.201563],[-74.184676,41.201113],[-74.184615,41.200724],[-74.184493,41.200557],[-74.184325,41.199938],[-74.184494,41.199146],[-74.185075,41.198261],[-74.185484,41.197474],[-74.185608,41.196811],[-74.185441,41.196102],[-74.185441,41.195438],[-74.185258,41.194879],[-74.184968,41.193378],[-74.184738,41.192767],[-74.184737,41.192506],[-74.18451,41.191629],[-74.184448,41.190974],[-74.183991,41.189136],[-74.18387,41.188289],[-74.183457,41.187366],[-74.183458,41.18667],[-74.183578,41.186015],[-74.183579,41.185565],[-74.18393,41.184466],[-74.184218,41.184069],[-74.18434,41.183589],[-74.184509,41.183384],[-74.184859,41.182406],[-74.185852,41.18043],[-74.186324,41.179241],[-74.185866,41.178501],[-74.186185,41.177306],[-74.186984,41.175506],[-74.188182,41.174105],[-74.190283,41.170406],[-74.191286,41.167805],[-74.191484,41.163706],[-74.190886,41.153707],[-74.189585,41.149506],[-74.187184,41.145006],[-74.184386,41.142705],[-74.181784,41.141704],[-74.175086,41.140307],[-74.170584,41.139707],[-74.168786,41.139107],[-74.165984,41.137205],[-74.166286,41.134604],[-74.166683,41.132905],[-74.166183,41.131105],[-74.165286,41.129403],[-74.159185,41.120021],[-74.158686,41.11941],[-74.158107,41.11884],[-74.155467,41.116864],[-74.154874,41.116195],[-74.154653,41.115831],[-74.15032,41.107602],[-74.149785,41.10636],[-74.147767,41.100666],[-74.147544,41.099762],[-74.145605,41.088455],[-74.145453,41.086159],[-74.145489,41.07513]]}},{"type":"Feature","properties":{"agency":"NJ Transit","color":"#FF7900","description":"Port Jervis Line","route":"Port Jervis","routeId":"6","shapeId":"800","source":"NJ Transit GTFS"},"geometry":{"type":"LineString","coordinates":[[-74.101871,41.437073],[-74.09967,41.431461],[-74.096741,41.424552],[-74.095734,41.423207],[-74.094289,41.420941],[-74.09376,41.41942],[-74.093418,41.417825],[-74.092995,41.416608],[-74.092271,41.414005],[-74.091964,41.413115],[-74.091892,41.411254],[-74.092244,41.40705],[-74.092339,41.402049],[-74.092837,41.399885],[-74.093489,41.398873],[-74.093535,41.398364],[-74.0997,41.390168],[-74.108702,41.375014],[-74.108627,41.37223],[-74.107159,41.36798],[-74.105771,41.363527],[-74.105619,41.362587],[-74.105621,41.362077],[-74.105774,41.36148],[-74.106276,41.360145],[-74.106719,41.359435],[-74.111599,41.353821],[-74.112548,41.352645],[-74.113051,41.352135],[-74.118008,41.34845],[-74.118375,41.348],[-74.118895,41.347581],[-74.119613,41.346414],[-74.119903,41.345704],[-74.120192,41.344421],[-74.120269,41.343758],[-74.120193,41.342818],[-74.118148,41.331633],[-74.117935,41.330901],[-74.117705,41.328758],[-74.118786,41.324067],[-74.120328,41.318107],[-74.120909,41.31623],[-74.121916,41.314413],[-74.122573,41.313476],[-74.123306,41.31259],[-74.123959,41.311927],[-74.124584,41.311514],[-74.124929,41.311396],[-74.125573,41.310891],[-74.12822,41.307943],[-74.130924,41.305726],[-74.137579,41.299371],[-74.138251,41.298319],[-74.1391,41.296513],[-74.141846,41.287183],[-74.142734,41.284848],[-74.143766,41.283204],[-74.150054,41.276161],[-74.150661,41.275361],[-74.152637,41.273144],[-74.153337,41.272229],[-74.156346,41.266696],[-74.162331,41.257708],[-74.172042,41.247243],[-74.172729,41.246405],[-74.173386,41.245396],[-74.174545,41.242741],[-74.175048,41.241423],[-74.176527,41.238789],[-74.176789,41.238507],[-74.18126,41.232281],[-74.184388,41.228502],[-74.18573,41.226979],[-74.186079,41.22674],[-74.187362,41.224367],[-74.187592,41.223614],[-74.18765,41.22234],[-74.187301,41.221287],[-74.186081,41.219213],[-74.18527,41.218059],[-74.18515,41.217709],[-74.184277,41.21396],[-74.184311,41.213201],[-74.184187,41.212847],[-74.184022,41.212612],[-74.183671,41.211444],[-74.183671,41.211085],[-74.183791,41.210781],[-74.183879,41.210069],[-74.184049,41.209855],[-74.184047,41.209693],[-74.184312,41.209118],[-74.184355,41.208797],[-74.184539,41.208288],[-74.184495,41.207361],[-74.184554,41.206654],[-74.184309,41.206005],[-74.184371,41.205684],[-74.184265,41.205418],[-74.184312,41.204761],[-74.184432,41.204448],[-74.185073,41.203495],[-74.185196,41.203182],[-74.185195,41.20261],[-74.185259,41.202481],[-74.184966,41.201563],[-74.184676,41.201113],[-74.184615,41.200724],[-74.184493,41.200557],[-74.184325,41.199938],[-74.184494,41.199146],[-74.185075,41.198261],[-74.185484,41.197474],[-74.185608,41.196811],[-74.185441,41.196102],[-74.185441,41.195438],[-74.185258,41.194879],[-74.184968,41.193378],[-74.184738,41.192767],[-74.184737,41.192506],[-74.18451,41.191629],[-74.184448,41.190974],[-74.183991,41.189136],[-74.18387,41.188289],[-74.183457,41.187366],[-74.183458,41.18667],[-74.183578,41.186015],[-74.183579,41.185565],[-74.18393,41.184466],[-74.184218,41.184069],[-74.18434,41.183589],[-74.184509,41.183384],[-74.184859,41.182406],[-74.185852,41.18043],[-74.186324,41.179241],[-74.185866,41.178501],[-74.186185,41.177306],[-74.186984,41.175506],[-74.188182,41.174105],[-74.190283,41.170406],[-74.191286,41.167805],[-74.191484,41.163706],[-74.190886,41.153707],[-74.189585,41.149506],[-74.187184,41.145006],[-74.184386,41.142705],[-74.181784,41.141704],[-74.175086,41.140307],[-74.170584,41.139707],[-74.168786,41.139107],[-74.165984,41.137205],[-74.166286,41.134604],[-74.166683,41.132905],[-74.166183,41.131105],[-74.165286,41.129403],[-74.159185,41.120021],[-74.158686,41.11941],[-74.158107,41.11884],[-74.155467,41.116864],[-74.154874,41.116195],[-74.154653,41.115831],[-74.15032,41.107602],[-74.149785,41.10636],[-74.147767,41.100666],[-74.147544,41.099762],[-74.145605,41.088455],[-74.145453,41.086159],[-74.145485,41.07513]]}},{"type":"Feature","properties":{"agency":"NJ Transit","color":"#FF7900","description":"Port Jervis Line","route":"Port Jervis","routeId":"6","shapeId":"801","source":"NJ Transit GTFS"},"geometry":{"type":"LineString","coordinates":[[-74.266554,41.450917],[-74.26644,41.451043],[-74.264166,41.449886],[-74.262189,41.449451],[-74.261764,41.449177],[-74.260911,41.448881],[-74.25921,41.44865],[-74.257235,41.448765],[-74.254191,41.449659],[-74.247684,41.451854],[-74.247258,41.452333],[-74.243976,41.453364],[-74.240966,41.454186],[-74.239867,41.454347],[-74.238349,41.454462],[-74.236647,41.454279],[-74.2354,41.453934],[-74.234425,41.453775],[-74.220623,41.450316],[-74.215182,41.449031],[-74.212747,41.448278],[-74.21135,41.447658],[-74.209191,41.446192],[-74.205575,41.442737],[-74.203237,41.440928],[-74.201594,41.440035],[-74.199681,41.439142],[-74.196582,41.43841],[-74.194971,41.438317],[-74.192811,41.438339],[-74.190806,41.438498],[-74.188736,41.438953],[-74.174171,41.442696],[-74.161245,41.445891],[-74.143632,41.45061],[-74.13186,41.453342],[-74.126476,41.454778],[-74.124295,41.455219],[-74.121625,41.45586],[-74.119706,41.456172],[-74.116849,41.456241],[-74.113904,41.455822],[-74.112486,41.455449],[-74.110793,41.45483],[-74.108992,41.453868],[-74.108516,41.453555],[-74.107846,41.453059],[-74.106931,41.452259],[-74.105755,41.450969],[-74.105116,41.450015],[-74.104661,41.448963],[-74.10426,41.44765],[-74.103756,41.445187],[-74.101973,41.437708],[-74.10197,41.437336],[-74.101875,41.437075],[-74.09967,41.431461],[-74.096741,41.424552],[-74.095734,41.423207],[-74.094289,41.420941],[-74.09376,41.41942],[-74.093418,41.417825],[-74.092995,41.416608],[-74.092271,41.414005],[-74.091964,41.413115],[-74.091892,41.411254],[-74.092244,41.40705],[-74.092339,41.402049],[-74.092837,41.399885],[-74.093489,41.398873],[-74.093535,41.398364],[-74.0997,41.390168],[-74.108702,41.375014],[-74.108627,41.37223],[-74.107159,41.36798],[-74.105911,41.364066],[-74.105619,41.362587],[-74.105621,41.362077],[-74.105774,41.36148],[-74.106276,41.360145],[-74.106719,41.359435],[-74.111599,41.353821],[-74.112548,41.352645],[-74.113051,41.352135],[-74.118008,41.34845],[-74.118375,41.348],[-74.118895,41.347581],[-74.119613,41.346414],[-74.119903,41.345704],[-74.120192,41.344421],[-74.120269,41.343758],[-74.120193,41.342818],[-74.118148,41.331633],[-74.117935,41.330901],[-74.117705,41.328758],[-74.118786,41.324067],[-74.120328,41.318107],[-74.120909,41.31623],[-74.121916,41.314413],[-74.122573,41.313476],[-74.123306,41.31259],[-74.123959,41.311927],[-74.124584,41.311514],[-74.124929,41.311396],[-74.125573,41.310891],[-74.12822,41.307943],[-74.130924,41.305726],[-74.137579,41.299371],[-74.138251,41.298319],[-74.1391,41.296513],[-74.141846,41.287183],[-74.142734,41.284848],[-74.143766,41.283204],[-74.150054,41.276161],[-74.150661,41.275361],[-74.152637,41.273144],[-74.153337,41.272229],[-74.156346,41.266696],[-74.162331,41.257708],[-74.172042,41.247243],[-74.172729,41.246405],[-74.173386,41.245396],[-74.174545,41.242741],[-74.175048,41.241423],[-74.176527,41.238789],[-74.176789,41.238507],[-74.18126,41.232281],[-74.184388,41.228502],[-74.18573,41.226979],[-74.186079,41.22674],[-74.187362,41.224367],[-74.187592,41.223614],[-74.18765,41.22234],[-74.187301,41.221287],[-74.186081,41.219213],[-74.18527,41.218059],[-74.18515,41.217709],[-74.184277,41.21396],[-74.184311,41.213201],[-74.184187,41.212847],[-74.184022,41.212612],[-74.183671,41.211444],[-74.183671,41.211085],[-74.183791,41.210781],[-74.183879,41.210069],[-74.184049,41.209855],[-74.184047,41.209693],[-74.184312,41.209118],[-74.184355,41.208797],[-74.184539,41.208288],[-74.184495,41.207361],[-74.184554,41.206654],[-74.184309,41.206005],[-74.184371,41.205684],[-74.184265,41.205418],[-74.184312,41.204761],[-74.184432,41.204448],[-74.185073,41.203495],[-74.185196,41.203182],[-74.185195,41.20261],[-74.185259,41.202481],[-74.184966,41.201563],[-74.184676,41.201113],[-74.184615,41.200724],[-74.184493,41.200557],[-74.184325,41.199938],[-74.184494,41.199146],[-74.185075,41.198261],[-74.185484,41.197474],[-74.185608,41.196811],[-74.185441,41.196102],[-74.185441,41.195438],[-74.185258,41.194879],[-74.184968,41.193378],[-74.184738,41.192767],[-74.184737,41.192506],[-74.18451,41.191629],[-74.184448,41.190974],[-74.183991,41.189136],[-74.18387,41.188289],[-74.183457,41.187366],[-74.183458,41.18667],[-74.183578,41.186015],[-74.183579,41.185565],[-74.18393,41.184466],[-74.184218,41.184069],[-74.18434,41.183589],[-74.184509,41.183384],[-74.184859,41.182406],[-74.185852,41.18043],[-74.186324,41.179241],[-74.185866,41.178501],[-74.186185,41.177306],[-74.186984,41.175506],[-74.188182,41.174105],[-74.190283,41.170406],[-74.191286,41.167805],[-74.191484,41.163706],[-74.190886,41.153707],[-74.189585,41.149506],[-74.187184,41.145006],[-74.184386,41.142705],[-74.181784,41.141704],[-74.175086,41.140307],[-74.170584,41.139707],[-74.168786,41.139107],[-74.165984,41.137205],[-74.166286,41.134604],[-74.166683,41.132905],[-74.166183,41.131105],[-74.165286,41.129403],[-74.159185,41.120021],[-74.158686,41.11941],[-74.158107,41.11884],[-74.155467,41.116864],[-74.154874,41.116195],[-74.154653,41.115831],[-74.15032,41.107602],[-74.149785,41.10636],[-74.147767,41.100666],[-74.147544,41.099762],[-74.145605,41.088455],[-74.145453,41.086159],[-74.145485,41.07513]]}},{"type":"Feature","properties":{"agency":"NJ Transit","color":"#FF7900","description":"Port Jervis Line","route":"Port Jervis","routeId":"6","shapeId":"809","source":"NJ Transit GTFS"},"geometry":{"type":"LineString","coordinates":[[-74.028046,40.734843],[-74.035942,40.73473],[-74.036954,40.734823],[-74.064142,40.740573],[-74.066001,40.741099],[-74.066393,40.741288],[-74.066866,40.741677],[-74.067156,40.742159],[-74.067487,40.743477],[-74.069291,40.749352],[-74.070357,40.753145],[-74.07085,40.754532],[-74.071532,40.755871],[-74.072391,40.757148],[-74.075102,40.760294],[-74.080689,40.7672],[-74.087959,40.775985],[-74.089048,40.777158],[-74.095162,40.782723],[-74.102082,40.789317],[-74.109245,40.795948],[-74.109917,40.796639],[-74.110491,40.797384],[-74.110963,40.798168],[-74.111319,40.798987],[-74.113596,40.805725],[-74.113937,40.806547],[-74.114384,40.807339],[-74.114944,40.80809],[-74.115602,40.808792],[-74.116351,40.809438],[-74.117184,40.810022],[-74.120769,40.812091],[-74.121433,40.812601],[-74.122024,40.813162],[-74.122897,40.814305],[-74.123785,40.815777],[-74.125198,40.817895],[-74.126422,40.820029],[-74.128726,40.8246],[-74.130335,40.827976],[-74.130775,40.829075],[-74.131059,40.830204],[-74.133174,40.842042],[-74.133732,40.845498],[-74.133836,40.846569],[-74.133979,40.849841],[-74.134328,40.850959],[-74.134619,40.851488],[-74.134979,40.851995],[-74.135724,40.852765],[-74.152109,40.866924],[-74.153049,40.867825],[-74.153857,40.868795],[-74.155734,40.871695],[-74.156399,40.872478],[-74.165613,40.882387],[-74.165948,40.882905],[-74.166285,40.883639],[-74.16684,40.88521],[-74.167077,40.886344],[-74.167119,40.890071],[-74.16644,40.8938],[-74.166171,40.895872],[-74.165872,40.896995],[-74.164309,40.90061],[-74.163714,40.903276],[-74.163667,40.903849],[-74.163894,40.90469],[-74.164232,40.905203],[-74.165754,40.906663],[-74.166573,40.907628],[-74.167112,40.908699],[-74.167269,40.909261],[-74.167354,40.910127],[-74.167328,40.919649],[-74.167178,40.920734],[-74.166991,40.921261],[-74.166673,40.921874],[-74.158544,40.934951],[-74.1576,40.936623],[-74.156298,40.9385],[-74.133485,40.962206],[-74.127084,40.969029],[-74.12626,40.97027],[-74.113713,40.993206],[-74.113437,40.993779],[-74.113249,40.994374],[-74.113136,40.994977],[-74.113111,40.995588],[-74.113172,40.996196],[-74.113486,40.997267],[-74.11573,41.002501],[-74.117379,41.005483],[-74.118024,41.006193],[-74.118416,41.006502],[-74.119141,41.006938],[-74.120784,41.007765],[-74.121602,41.008278],[-74.122263,41.008905],[-74.122733,41.009626],[-74.122997,41.010404],[-74.124803,41.020442],[-74.125002,41.021165],[-74.125401,41.022081],[-74.128133,41.027301],[-74.128768,41.028348],[-74.129541,41.029337],[-74.134436,41.034713],[-74.135232,41.035692],[-74.135888,41.036727],[-74.136424,41.037851],[-74.136754,41.038766],[-74.136954,41.039701],[-74.137355,41.043389],[-74.137522,41.044329],[-74.137728,41.045011],[-74.145125,41.065333],[-74.14537,41.066174],[-74.145515,41.067473],[-74.145453,41.086159],[-74.145605,41.088455],[-74.147544,41.099762],[-74.147869,41.100968],[-74.149785,41.10636],[-74.15032,41.107602],[-74.154874,41.116195],[-74.155147,41.11654],[-74.155824,41.117157],[-74.158107,41.11884],[-74.158686,41.11941],[-74.159185,41.120021],[-74.165286,41.129403],[-74.166183,41.131105],[-74.166683,41.132905],[-74.166286,41.134604],[-74.165984,41.137205],[-74.168786,41.139107],[-74.170584,41.139707],[-74.175086,41.140307],[-74.181784,41.141704],[-74.184386,41.142705],[-74.187184,41.145006],[-74.189585,41.149506],[-74.190886,41.153707],[-74.191484,41.163706],[-74.191286,41.167805],[-74.190283,41.170406],[-74.188182,41.174105],[-74.186984,41.175506],[-74.186185,41.177306],[-74.185866,41.178501],[-74.186324,41.179241],[-74.185852,41.18043],[-74.184859,41.182406],[-74.184509,41.183384],[-74.18434,41.183589],[-74.184218,41.184069],[-74.18393,41.184466],[-74.183579,41.185565],[-74.183578,41.186015],[-74.183458,41.18667],[-74.183457,41.187366],[-74.18387,41.188289],[-74.183991,41.189136],[-74.184448,41.190974],[-74.18451,41.191629],[-74.184737,41.192506],[-74.184738,41.192767],[-74.184968,41.193378],[-74.185258,41.194879],[-74.185441,41.195438],[-74.185441,41.196102],[-74.185608,41.196811],[-74.185484,41.197474],[-74.185075,41.198261],[-74.184494,41.199146],[-74.184325,41.199938],[-74.184493,41.200557],[-74.184615,41.200724],[-74.184676,41.201113],[-74.184966,41.201563],[-74.185259,41.202481],[-74.185195,41.20261],[-74.185196,41.203182],[-74.185073,41.203495],[-74.184432,41.204448],[-74.184312,41.204761],[-74.184265,41.205418],[-74.184371,41.205684],[-74.184309,41.206005],[-74.184554,41.206654],[-74.184495,41.207361],[-74.184539,41.208288],[-74.184355,41.208797],[-74.184312,41.209118],[-74.184047,41.209693],[-74.184049,41.209855],[-74.183879,41.210069],[-74.183791,41.210781],[-74.183671,41.211085],[-74.183671,41.211444],[-74.184022,41.212612],[-74.184187,41.212847],[-74.184311,41.213201],[-74.184277,41.21396],[-74.18515,41.217709],[-74.18527,41.218059],[-74.186081,41.219213],[-74.187301,41.221287],[-74.18765,41.22234],[-74.187592,41.223614],[-74.187362,41.224367],[-74.186079,41.22674],[-74.18573,41.226979],[-74.184388,41.228502],[-74.18126,41.232281],[-74.176789,41.238507],[-74.176527,41.238789],[-74.175048,41.241423],[-74.174545,41.242741],[-74.173386,41.245396],[-74.172729,41.246405],[-74.172042,41.247243],[-74.162331,41.257708],[-74.156346,41.266696],[-74.153337,41.272229],[-74.152637,41.273144],[-74.150661,41.275361],[-74.150054,41.276161],[-74.143766,41.283204],[-74.142734,41.284848],[-74.141846,41.287183],[-74.1391,41.296513],[-74.138251,41.298319],[-74.137579,41.299371],[-74.130924,41.305726],[-74.12822,41.307943],[-74.125573,41.310891],[-74.124929,41.311396],[-74.124584,41.311514],[-74.123959,41.311927],[-74.123306,41.31259],[-74.122573,41.313476],[-74.121916,41.314413],[-74.120909,41.31623],[-74.120328,41.318107],[-74.118786,41.324067],[-74.117705,41.328758],[-74.117935,41.330901],[-74.118148,41.331633],[-74.120193,41.342818],[-74.120269,41.343758],[-74.120192,41.344421],[-74.119903,41.345704],[-74.119613,41.346414],[-74.118895,41.347581],[-74.118375,41.348],[-74.118008,41.34845],[-74.113051,41.352135],[-74.112548,41.352645],[-74.111599,41.353821],[-74.106719,41.359435],[-74.106276,41.360145],[-74.105774,41.36148],[-74.105621,41.362077],[-74.105619,41.362587],[-74.105771,41.363527],[-74.107159,41.36798],[-74.108627,41.37223],[-74.108702,41.375014],[-74.0997,41.390168],[-74.093535,41.398364],[-74.093489,41.398873],[-74.092837,41.399885],[-74.092339,41.402049],[-74.092244,41.40705],[-74.091892,41.411254],[-74.091964,41.413115],[-74.092271,41.414005],[-74.092995,41.416608],[-74.093418,41.417825],[-74.09376,41.41942],[-74.094289,41.420941],[-74.095734,41.423207],[-74.096741,41.424552],[-74.09967,41.431461],[-74.10197,41.437336],[-74.101973,41.437708],[-74.103756,41.445187],[-74.10426,41.44765],[-74.104661,41.448963],[-74.10493,41.449634],[-74.105116,41.450015],[-74.105755,41.450969],[-74.107234,41.452542],[-74.107846,41.453059],[-74.108992,41.453868],[-74.110793,41.45483],[-74.111677,41.455189],[-74.112974,41.455583],[-74.113904,41.455822],[-74.115539,41.456082],[-74.116849,41.456241],[-74.119706,41.456172],[-74.121625,41.45586],[-74.124295,41.455219],[-74.126476,41.454778],[-74.13186,41.453342],[-74.143632,41.45061],[-74.161245,41.445891],[-74.174171,41.442696],[-74.188736,41.438953],[-74.190806,41.438498],[-74.192811,41.438339],[-74.194971,41.438317],[-74.196582,41.43841],[-74.199681,41.439142],[-74.201594,41.440035],[-74.203237,41.440928],[-74.205575,41.442737],[-74.209191,41.446192],[-74.21135,41.447658],[-74.212747,41.448278],[-74.215182,41.449031],[-74.220623,41.450316],[-74.234425,41.453775],[-74.2354,41.453934],[-74.236647,41.454279],[-74.238349,41.454462],[-74.239867,41.454347],[-74.240966,41.454186],[-74.243976,41.453364],[-74.247258,41.452333],[-74.247684,41.451854],[-74.254191,41.449659],[-74.257235,41.448765],[-74.25921,41.44865],[-74.260911,41.448881],[-74.261764,41.449177],[-74.262189,41.449451],[-74.264166,41.449886],[-74.296042,41.466057],[-74.299054,41.467772],[-74.301154,41.4688],[-74.303068,41.469485],[-74.30456,41.469852],[-74.314264,41.471288],[-74.318736,41.471811],[-74.321079,41.47197],[-74.323515,41.471967],[-74.32558,41.471647],[-74.328409,41.470959],[-74.333396,41.469104],[-74.335978,41.467429],[-74.343821,41.463694],[-74.345065,41.463146],[-74.35069,41.460946],[-74.352453,41.460439],[-74.361728,41.458809],[-74.362849,41.458554],[-74.370348,41.457334]]}},{"type":"Feature","properties":{"agency":"NJ Transit","color":"#FF7900","description":"Port Jervis Line","route":"Port Jervis","routeId":"6","shapeId":"815","source":"NJ Transit GTFS"},"geometry":{"type":"LineString","coordinates":[[-74.028046,40.734843],[-74.035942,40.73473],[-74.036954,40.734823],[-74.064142,40.740573],[-74.066001,40.741099],[-74.066393,40.741288],[-74.066866,40.741677],[-74.067156,40.742159],[-74.067487,40.743477],[-74.069291,40.749352],[-74.070357,40.753145],[-74.07085,40.754532],[-74.071532,40.755871],[-74.072391,40.757148],[-74.075102,40.760294],[-74.080689,40.7672],[-74.087959,40.775985],[-74.089048,40.777158],[-74.095162,40.782723],[-74.102082,40.789317],[-74.109245,40.795948],[-74.109917,40.796639],[-74.110491,40.797384],[-74.110963,40.798168],[-74.111319,40.798987],[-74.113596,40.805725],[-74.113937,40.806547],[-74.114384,40.807339],[-74.114944,40.80809],[-74.115602,40.808792],[-74.116351,40.809438],[-74.117184,40.810022],[-74.120769,40.812091],[-74.121433,40.812601],[-74.122024,40.813162],[-74.122897,40.814305],[-74.123785,40.815777],[-74.125198,40.817895],[-74.126422,40.820029],[-74.128726,40.8246],[-74.130335,40.827976],[-74.130775,40.829075],[-74.131059,40.830204],[-74.133174,40.842042],[-74.133732,40.845498],[-74.133836,40.846569],[-74.133979,40.849841],[-74.134328,40.850959],[-74.134619,40.851488],[-74.134979,40.851995],[-74.135724,40.852765],[-74.152109,40.866924],[-74.153049,40.867825],[-74.153857,40.868795],[-74.155734,40.871695],[-74.156399,40.872478],[-74.165613,40.882387],[-74.165948,40.882905],[-74.166285,40.883639],[-74.16684,40.88521],[-74.167077,40.886344],[-74.167119,40.890071],[-74.16644,40.8938],[-74.166171,40.895872],[-74.165872,40.896995],[-74.164309,40.90061],[-74.163714,40.903276],[-74.163667,40.903849],[-74.163894,40.90469],[-74.164232,40.905203],[-74.165754,40.906663],[-74.166573,40.907628],[-74.167112,40.908699],[-74.167269,40.909261],[-74.167354,40.910127],[-74.167328,40.919649],[-74.167178,40.920734],[-74.166991,40.921261],[-74.166673,40.921874],[-74.158544,40.934951],[-74.1576,40.936623],[-74.156298,40.9385],[-74.133485,40.962206],[-74.127084,40.969029],[-74.12626,40.97027],[-74.113713,40.993206],[-74.113437,40.993779],[-74.113249,40.994374],[-74.113136,40.994977],[-74.113111,40.995588],[-74.113172,40.996196],[-74.113486,40.997267],[-74.11573,41.002501],[-74.117379,41.005483],[-74.118024,41.006193],[-74.118416,41.006502],[-74.119141,41.006938],[-74.120784,41.007765],[-74.121602,41.008278],[-74.122263,41.008905],[-74.122733,41.009626],[-74.122997,41.010404],[-74.124803,41.020442],[-74.125002,41.021165],[-74.125401,41.022081],[-74.128133,41.027301],[-74.128768,41.028348],[-74.129541,41.029337],[-74.134436,41.034713],[-74.135232,41.035692],[-74.135888,41.036727],[-74.136424,41.037851],[-74.136754,41.038766],[-74.136954,41.039701],[-74.137355,41.043389],[-74.137522,41.044329],[-74.137728,41.045011],[-74.145125,41.065333],[-74.14537,41.066174],[-74.145515,41.067473],[-74.145453,41.086159],[-74.145605,41.088455],[-74.147544,41.099762],[-74.147869,41.100968],[-74.149785,41.10636],[-74.15032,41.107602],[-74.154874,41.116195],[-74.155147,41.11654],[-74.155824,41.117157],[-74.158107,41.11884],[-74.158686,41.11941],[-74.159185,41.120021],[-74.165286,41.129403],[-74.166183,41.131105],[-74.166683,41.132905],[-74.166286,41.134604],[-74.165984,41.137205],[-74.168786,41.139107],[-74.170584,41.139707],[-74.175086,41.140307],[-74.181784,41.141704],[-74.184386,41.142705],[-74.187184,41.145006],[-74.189585,41.149506],[-74.190886,41.153707],[-74.191484,41.163706],[-74.191286,41.167805],[-74.190283,41.170406],[-74.188182,41.174105],[-74.186984,41.175506],[-74.186185,41.177306],[-74.185866,41.178501],[-74.186324,41.179241],[-74.185852,41.18043],[-74.184859,41.182406],[-74.184509,41.183384],[-74.18434,41.183589],[-74.184218,41.184069],[-74.18393,41.184466],[-74.183579,41.185565],[-74.183578,41.186015],[-74.183458,41.18667],[-74.183457,41.187366],[-74.18387,41.188289],[-74.183991,41.189136],[-74.184448,41.190974],[-74.18451,41.191629],[-74.184737,41.192506],[-74.184738,41.192767],[-74.184968,41.193378],[-74.185258,41.194879],[-74.185441,41.195438],[-74.185441,41.196102],[-74.185608,41.196811],[-74.185484,41.197474],[-74.185075,41.198261],[-74.184494,41.199146],[-74.184325,41.199938],[-74.184493,41.200557],[-74.184615,41.200724],[-74.184676,41.201113],[-74.184966,41.201563],[-74.185259,41.202481],[-74.185195,41.20261],[-74.185196,41.203182],[-74.185073,41.203495],[-74.184432,41.204448],[-74.184312,41.204761],[-74.184265,41.205418],[-74.184371,41.205684],[-74.184309,41.206005],[-74.184554,41.206654],[-74.184495,41.207361],[-74.184539,41.208288],[-74.184355,41.208797],[-74.184312,41.209118],[-74.184047,41.209693],[-74.184049,41.209855],[-74.183879,41.210069],[-74.183791,41.210781],[-74.183671,41.211085],[-74.183671,41.211444],[-74.184022,41.212612],[-74.184187,41.212847],[-74.184311,41.213201],[-74.184277,41.21396],[-74.18515,41.217709],[-74.18527,41.218059],[-74.186081,41.219213],[-74.187301,41.221287],[-74.18765,41.22234],[-74.187592,41.223614],[-74.187362,41.224367],[-74.186079,41.22674],[-74.18573,41.226979],[-74.184388,41.228502],[-74.18126,41.232281],[-74.176789,41.238507],[-74.176527,41.238789],[-74.175048,41.241423],[-74.174545,41.242741],[-74.173386,41.245396],[-74.172729,41.246405],[-74.172042,41.247243],[-74.162331,41.257708],[-74.156346,41.266696],[-74.153337,41.272229],[-74.152637,41.273144],[-74.150661,41.275361],[-74.150054,41.276161],[-74.143766,41.283204],[-74.142734,41.284848],[-74.141846,41.287183],[-74.140027,41.29337],[-74.18765,41.22234],[-74.187592,41.223614],[-74.187362,41.224367],[-74.186079,41.22674],[-74.18573,41.226979],[-74.184388,41.228502],[-74.18126,41.232281],[-74.176789,41.238507],[-74.176527,41.238789],[-74.175048,41.241423],[-74.174545,41.242741],[-74.173386,41.245396],[-74.172729,41.246405],[-74.172042,41.247243],[-74.162331,41.257708],[-74.156346,41.266696],[-74.153337,41.272229],[-74.152637,41.273144],[-74.150661,41.275361],[-74.150054,41.276161],[-74.143766,41.283204],[-74.142734,41.284848],[-74.141846,41.287183],[-74.1391,41.296513],[-74.138251,41.298319],[-74.137579,41.299371],[-74.130924,41.305726],[-74.12822,41.307943],[-74.125573,41.310891],[-74.124929,41.311396],[-74.124584,41.311514],[-74.123959,41.311927],[-74.123306,41.31259],[-74.122573,41.313476],[-74.121916,41.314413],[-74.120909,41.31623],[-74.120328,41.318107],[-74.118786,41.324067],[-74.117705,41.328758],[-74.117935,41.330901],[-74.118148,41.331633],[-74.120193,41.342818],[-74.120269,41.343758],[-74.120192,41.344421],[-74.119903,41.345704],[-74.119613,41.346414],[-74.118895,41.347581],[-74.118375,41.348],[-74.118008,41.34845],[-74.113051,41.352135],[-74.112548,41.352645],[-74.111599,41.353821],[-74.106719,41.359435],[-74.106276,41.360145],[-74.105774,41.36148],[-74.105621,41.362077],[-74.105619,41.362587],[-74.105771,41.363527],[-74.107159,41.36798],[-74.108627,41.37223],[-74.108702,41.375014],[-74.0997,41.390168],[-74.093535,41.398364],[-74.093489,41.398873],[-74.092837,41.399885],[-74.092339,41.402049],[-74.092244,41.40705],[-74.091892,41.411254],[-74.091964,41.413115],[-74.092271,41.414005],[-74.092995,41.416608],[-74.093418,41.417825],[-74.09376,41.41942],[-74.094289,41.420941],[-74.095734,41.423207],[-74.096741,41.424552],[-74.09967,41.431461],[-74.10197,41.437336],[-74.101973,41.437708],[-74.103756,41.445187],[-74.10426,41.44765],[-74.104661,41.448963],[-74.105116,41.450015],[-74.105755,41.450969],[-74.106931,41.452259],[-74.107846,41.453059],[-74.108992,41.453868],[-74.110793,41.45483],[-74.111677,41.455189],[-74.112974,41.455583],[-74.113904,41.455822],[-74.116849,41.456241],[-74.119706,41.456172],[-74.121046,41.455967],[-74.126476,41.454778],[-74.13186,41.453342],[-74.143632,41.45061],[-74.161245,41.445891],[-74.174171,41.442696],[-74.188736,41.438953],[-74.190806,41.438498],[-74.192811,41.438339],[-74.195424,41.438341],[-74.196582,41.43841],[-74.199681,41.439142],[-74.201594,41.440035],[-74.203237,41.440928],[-74.205575,41.442737],[-74.209191,41.446192],[-74.21135,41.447658],[-74.212747,41.448278],[-74.215182,41.449031],[-74.220623,41.450316],[-74.234425,41.453775],[-74.2354,41.453934],[-74.236647,41.454279],[-74.238349,41.454462],[-74.239867,41.454347],[-74.240966,41.454186],[-74.243976,41.453364],[-74.247258,41.452333],[-74.247684,41.451854],[-74.254191,41.449659],[-74.257235,41.448765],[-74.25921,41.44865],[-74.260911,41.448881],[-74.261764,41.449177],[-74.262189,41.449451],[-74.264166,41.449886],[-74.296042,41.466057],[-74.299054,41.467772],[-74.301154,41.4688],[-74.303068,41.469485],[-74.30456,41.469852],[-74.31174,41.470945],[-74.318736,41.471811],[-74.321079,41.47197],[-74.323515,41.471967],[-74.32558,41.471647],[-74.328409,41.470959],[-74.333396,41.469104],[-74.335978,41.467429],[-74.345065,41.463146],[-74.35069,41.460946],[-74.352453,41.460439],[-74.361728,41.458809],[-74.362849,41.458554],[-74.370633,41.457288],[-74.372641,41.457241],[-74.375104,41.457444],[-74.376838,41.457786],[-74.378482,41.45831],[-74.381373,41.459428],[-74.383019,41.460686],[-74.384846,41.462261],[-74.389905,41.467588],[-74.391702,41.469301],[-74.392924,41.470627],[-74.394051,41.471449],[-74.403517,41.475143],[-74.409149,41.477127],[-74.412285,41.477878],[-74.414537,41.478127],[-74.416182,41.478147],[-74.419009,41.477733],[-74.420739,41.477201],[-74.427636,41.473806],[-74.431164,41.472474],[-74.433109,41.472082],[-74.435908,41.471871],[-74.437549,41.47203],[-74.439375,41.472461],[-74.442208,41.473647],[-74.454336,41.48049],[-74.455218,41.480969],[-74.456714,41.481608],[-74.473586,41.487823],[-74.47505,41.488231],[-74.47642,41.488505],[-74.478182,41.488683],[-74.479554,41.48868],[-74.48153,41.488631],[-74.483265,41.488398],[-74.485149,41.487869],[-74.486972,41.487085],[-74.48843,41.486217],[-74.493344,41.482523],[-74.506231,41.472239],[-74.508243,41.47094],[-74.510618,41.469937],[-74.511956,41.46955],[-74.51503,41.469076],[-74.516551,41.469126],[-74.518803,41.469315],[-74.522208,41.46994],[-74.529409,41.471806],[-74.536794,41.473581],[-74.549168,41.476744],[-74.550888,41.477092],[-74.555457,41.478349],[-74.556794,41.478629],[-74.55783,41.478607],[-74.559016,41.478289],[-74.562156,41.476623],[-74.56432,41.475346],[-74.565234,41.47473],[-74.565874,41.474088],[-74.566453,41.473085],[-74.567098,41.471507],[-74.568448,41.467049],[-74.569183,41.465744],[-74.571439,41.463552],[-74.572691,41.462524],[-74.573389,41.461815],[-74.576782,41.456148],[-74.578344,41.452237],[-74.579533,41.450569],[-74.580724,41.449335],[-74.582736,41.44753],[-74.583831,41.446387],[-74.596768,41.426972],[-74.597288,41.425928],[-74.599491,41.420601],[-74.600374,41.419436],[-74.603332,41.416671],[-74.607228,41.413243],[-74.609299,41.411621],[-74.611491,41.409382],[-74.615511,41.404924],[-74.616637,41.403987],[-74.631159,41.389726],[-74.641015,41.381158],[-74.643784,41.379283],[-74.64497,41.378623],[-74.645943,41.378212],[-74.646761,41.378028],[-74.647857,41.378006],[-74.653232,41.379064],[-74.654354,41.37888],[-74.656209,41.378083],[-74.659191,41.376551],[-74.661566,41.375014],[-74.666545,41.37047],[-74.670712,41.367201],[-74.673932,41.365305],[-74.67518,41.364321],[-74.676306,41.363063],[-74.677946,41.3616],[-74.678948,41.361143],[-74.679949,41.360893],[-74.680709,41.360871],[-74.681741,41.361077],[-74.684627,41.36277],[-74.68596,41.363872],[-74.687871,41.366708],[-74.690723,41.370029],[-74.692178,41.371906],[-74.69556,41.375014],[-74.694622,41.374899]]}},{"type":"Feature","properties":{"agency":"NJ Transit","color":"#08A652","description":"Morris & Essex Line","route":"MNE","routeId":"7","shapeId":"1069","source":"NJ Transit GTFS"},"geometry":{"type":"LineString","coordinates":[[-74.303755,40.725622],[-74.296591,40.724197],[-74.294783,40.724128],[-74.292995,40.72435],[-74.291309,40.724849],[-74.276858,40.730502],[-74.275409,40.731154],[-74.274391,40.731749],[-74.273462,40.732423],[-74.272627,40.733166],[-74.270349,40.735429],[-74.264824,40.740701],[-74.264023,40.741586],[-74.24523,40.765134],[-74.24303,40.767685],[-74.241198,40.769669],[-74.240118,40.770579],[-74.239492,40.770965],[-74.238619,40.77137],[-74.237269,40.771771],[-74.236563,40.771886],[-74.235107,40.771987],[-74.233118,40.771883],[-74.232143,40.77171],[-74.230224,40.771129],[-74.228656,40.770494],[-74.210805,40.760944],[-74.210592,40.760834],[-74.210464,40.760977],[-74.210592,40.760834],[-74.208903,40.760081],[-74.207515,40.759623],[-74.192644,40.755408],[-74.191617,40.755047],[-74.190387,40.754381],[-74.187934,40.752701],[-74.186759,40.751978],[-74.184798,40.751008],[-74.18348,40.750443],[-74.179377,40.749213],[-74.170853,40.747418],[-74.169498,40.747349],[-74.165756,40.7475],[-74.164412,40.747349],[-74.163763,40.747193],[-74.162545,40.746735],[-74.161991,40.746434],[-74.15759,40.743176],[-74.156378,40.742573],[-74.155026,40.742176],[-74.153595,40.742],[-74.152872,40.742],[-74.146475,40.742274],[-74.127961,40.743735],[-74.126047,40.743823],[-74.115824,40.743973],[-74.096663,40.745338],[-74.091329,40.745595],[-74.089817,40.745606],[-74.088313,40.7455],[-74.08683,40.745272],[-74.074982,40.742809],[-74.071081,40.742102],[-74.047514,40.737018],[-74.046233,40.736794],[-74.036954,40.734823],[-74.035942,40.73473],[-74.028046,40.73484]]}},{"type":"Feature","properties":{"agency":"NJ Transit","color":"#08A652","description":"Morris & Essex Line","route":"MNE","routeId":"7","shapeId":"1144","source":"NJ Transit GTFS"},"geometry":{"type":"LineString","coordinates":[[-74.028046,40.734843],[-74.035942,40.73473],[-74.036954,40.734823],[-74.046233,40.736794],[-74.047514,40.737018],[-74.071081,40.742102],[-74.074982,40.742809],[-74.08683,40.745272],[-74.088313,40.7455],[-74.089817,40.745606],[-74.091329,40.745595],[-74.096663,40.745338],[-74.115824,40.743973],[-74.126047,40.743823],[-74.127961,40.743735],[-74.146475,40.742274],[-74.152872,40.742],[-74.153595,40.742],[-74.155026,40.742176],[-74.156378,40.742573],[-74.15759,40.743176],[-74.161991,40.746434],[-74.162545,40.746735],[-74.163763,40.747193],[-74.164412,40.747349],[-74.165756,40.7475],[-74.169498,40.747349],[-74.170853,40.747418],[-74.179377,40.749213],[-74.18348,40.750443],[-74.184798,40.751008],[-74.186759,40.751978],[-74.187934,40.752701],[-74.190387,40.754381],[-74.191617,40.755047],[-74.192644,40.755408],[-74.207515,40.759623],[-74.208903,40.760081],[-74.210592,40.760834],[-74.210464,40.760977],[-74.210592,40.760834],[-74.210805,40.760944],[-74.228656,40.770494],[-74.230224,40.771129],[-74.232143,40.77171],[-74.233118,40.771883],[-74.235107,40.771987],[-74.236563,40.771886],[-74.237269,40.771771],[-74.238619,40.77137],[-74.239492,40.770965],[-74.240118,40.770579],[-74.241198,40.769669],[-74.24303,40.767685],[-74.24523,40.765134],[-74.264023,40.741586],[-74.264824,40.740701],[-74.270349,40.735429],[-74.272627,40.733166],[-74.273462,40.732423],[-74.274391,40.731749],[-74.275409,40.731154],[-74.276502,40.730645],[-74.291309,40.724849],[-74.292995,40.72435],[-74.294783,40.724128],[-74.295691,40.724125],[-74.297479,40.724336],[-74.304816,40.725833],[-74.305932,40.72597],[-74.3065,40.72597],[-74.307619,40.725835],[-74.311299,40.724663],[-74.312907,40.724408],[-74.313732,40.724378],[-74.319899,40.724561],[-74.32095,40.724635],[-74.321986,40.724794],[-74.328736,40.726605],[-74.329588,40.726734],[-74.331324,40.726786],[-74.333032,40.726562],[-74.333855,40.726348],[-74.334998,40.72592],[-74.33637,40.725304],[-74.337485,40.724621],[-74.338393,40.723777],[-74.339048,40.722807],[-74.339273,40.722289],[-74.339826,40.720234],[-74.340039,40.719774],[-74.340647,40.718916],[-74.341037,40.718527],[-74.346249,40.714737],[-74.346986,40.714392],[-74.348232,40.71411],[-74.349096,40.714091],[-74.349952,40.714208],[-74.350753,40.714461],[-74.35272,40.715305],[-74.353574,40.715584],[-74.365183,40.718217],[-74.365949,40.718333],[-74.374091,40.71833],[-74.375249,40.718196],[-74.382024,40.716853],[-74.383351,40.716803],[-74.384663,40.716968],[-74.385294,40.717127],[-74.3859,40.717335],[-74.387009,40.717889],[-74.387944,40.718607],[-74.38866,40.719456],[-74.388928,40.719919],[-74.389264,40.720897],[-74.389328,40.721906],[-74.389252,40.722407],[-74.388905,40.723383],[-74.388294,40.724282],[-74.384488,40.727896],[-74.383769,40.728633],[-74.382984,40.729617],[-74.382343,40.730656],[-74.38038,40.734311],[-74.380122,40.734933],[-74.380025,40.735352],[-74.379985,40.735774],[-74.380084,40.736618],[-74.38041,40.737427],[-74.380653,40.737808],[-74.381295,40.738501],[-74.381683,40.738805],[-74.382569,40.739315],[-74.385202,40.740268],[-74.39307,40.742365],[-74.396861,40.743688],[-74.398898,40.744582],[-74.401395,40.745924],[-74.404202,40.747722],[-74.405817,40.748971],[-74.4097,40.752243],[-74.413528,40.755526],[-74.415037,40.756951],[-74.416479,40.758634],[-74.417422,40.759867],[-74.419276,40.762599],[-74.422487,40.766293],[-74.423253,40.767024],[-74.424398,40.767772],[-74.426554,40.768901],[-74.427688,40.769606],[-74.429429,40.771077],[-74.430131,40.771557],[-74.437321,40.775248],[-74.439861,40.776741],[-74.445921,40.780633],[-74.447459,40.781805],[-74.454083,40.788015],[-74.455282,40.788889],[-74.456693,40.789558],[-74.471296,40.794811],[-74.472155,40.7952],[-74.472562,40.795455],[-74.473264,40.796055],[-74.474438,40.797592],[-74.475649,40.79954],[-74.477583,40.802856],[-74.47793,40.803539],[-74.478225,40.804339],[-74.478408,40.805161],[-74.478479,40.805994],[-74.478434,40.806827],[-74.477846,40.809277],[-74.477714,40.810104],[-74.477698,40.810937],[-74.477812,40.812883],[-74.477774,40.813743],[-74.477189,40.816385],[-74.477093,40.817243],[-74.47712,40.818106],[-74.477305,40.820295],[-74.478836,40.834605],[-74.47885,40.836433],[-74.478721,40.837948],[-74.478725,40.839011],[-74.478878,40.840069],[-74.480131,40.845857],[-74.480223,40.846728],[-74.48018,40.84727],[-74.479876,40.848336],[-74.479286,40.849331],[-74.478892,40.849789],[-74.476958,40.85148],[-74.476468,40.852129],[-74.472143,40.86215],[-74.471988,40.862657],[-74.471966,40.863216],[-74.472096,40.863767],[-74.472379,40.864285],[-74.472793,40.864748],[-74.473327,40.865134],[-74.473952,40.865428],[-74.481146,40.868066],[-74.481937,40.86851],[-74.482585,40.869069],[-74.482851,40.869384],[-74.483242,40.87007],[-74.483434,40.870683],[-74.483479,40.871053],[-74.483422,40.871999],[-74.483317,40.872508],[-74.480506,40.879228],[-74.479922,40.881009],[-74.479912,40.881513],[-74.480043,40.882009],[-74.480304,40.882475],[-74.48069,40.882886],[-74.481451,40.883371],[-74.482859,40.883785],[-74.489503,40.883606],[-74.49401,40.883385],[-74.495189,40.883272],[-74.496237,40.88308],[-74.497254,40.882809],[-74.498227,40.882456],[-74.499151,40.882031],[-74.504935,40.878342],[-74.505604,40.877972],[-74.506625,40.8776],[-74.507724,40.877394],[-74.508294,40.877359],[-74.509424,40.877424],[-74.510513,40.877666],[-74.511023,40.877849],[-74.511963,40.878334],[-74.513619,40.879567],[-74.514819,40.88017],[-74.516154,40.88057],[-74.51757,40.880754],[-74.518288,40.880759],[-74.519709,40.8806],[-74.527927,40.878995],[-74.529439,40.878943],[-74.530931,40.879129],[-74.532339,40.879545],[-74.532993,40.879836],[-74.541248,40.883993],[-74.542652,40.884415],[-74.543391,40.884538],[-74.544145,40.884604],[-74.545656,40.884555],[-74.559224,40.883034],[-74.560282,40.883001],[-74.561325,40.883135],[-74.56231,40.883431],[-74.562765,40.883637],[-74.563542,40.884116],[-74.565802,40.88587],[-74.566627,40.886832],[-74.566937,40.887358],[-74.567333,40.888487],[-74.568685,40.89508],[-74.569191,40.896099],[-74.569547,40.896573],[-74.570442,40.897426],[-74.570973,40.897796],[-74.571932,40.898294],[-74.587406,40.904948],[-74.588064,40.9052],[-74.589473,40.905537],[-74.591006,40.905644],[-74.59807,40.905438],[-74.603625,40.904608],[-74.606557,40.904027],[-74.645851,40.892858],[-74.647222,40.892534],[-74.649957,40.892016],[-74.652746,40.891718],[-74.655559,40.891641],[-74.658245,40.8918],[-74.65973,40.892142],[-74.661083,40.892715],[-74.661695,40.893077],[-74.66275,40.893937],[-74.663548,40.894948],[-74.664411,40.896716],[-74.664723,40.897755],[-74.664862,40.898574],[-74.665418,40.90309],[-74.665557,40.9038],[-74.665819,40.904572],[-74.666374,40.905531],[-74.666724,40.905942],[-74.667585,40.906666],[-74.668301,40.907088],[-74.669474,40.907554],[-74.670101,40.907715],[-74.671409,40.907883],[-74.673208,40.907822],[-74.674278,40.907715],[-74.675327,40.907524],[-74.676343,40.90725],[-74.677316,40.906896],[-74.680366,40.905359],[-74.68274,40.903649],[-74.684359,40.90281],[-74.688854,40.900996],[-74.69748,40.898026],[-74.699309,40.897659],[-74.700251,40.897587],[-74.703503,40.897681],[-74.706095,40.897653],[-74.707317,40.897549],[-74.706795,40.897617],[-74.708159,40.897382],[-74.708808,40.897185],[-74.709864,40.896719],[-74.715851,40.893469],[-74.717198,40.892888],[-74.717924,40.89268],[-74.719443,40.892444],[-74.722898,40.892266],[-74.724319,40.892469],[-74.725582,40.892995],[-74.726277,40.893502],[-74.72657,40.893795],[-74.727029,40.894439],[-74.727187,40.894784],[-74.727359,40.895505],[-74.727328,40.896234],[-74.727091,40.896965],[-74.725994,40.899297],[-74.725857,40.900021],[-74.725924,40.900752],[-74.726187,40.901457],[-74.726393,40.901788],[-74.729351,40.906071],[-74.729709,40.906529],[-74.730603,40.907345],[-74.731699,40.908006],[-74.732953,40.908477],[-74.733623,40.908633],[-74.743074,40.909557],[-74.744146,40.909834],[-74.746802,40.910916],[-74.747885,40.911256],[-74.748454,40.91136],[-74.749625,40.911431],[-74.750786,40.911313],[-74.751352,40.911187],[-74.752408,40.910804],[-74.75778,40.908069],[-74.760958,40.905573],[-74.761764,40.905049],[-74.780895,40.896091],[-74.784926,40.894124],[-74.785492,40.893743],[-74.786407,40.892918],[-74.788103,40.890918],[-74.789409,40.889964],[-74.790092,40.889599],[-74.791582,40.889038],[-74.79684,40.887843],[-74.79841,40.887421],[-74.799912,40.886876],[-74.802117,40.885829],[-74.803459,40.885081],[-74.807363,40.882527],[-74.808426,40.881749],[-74.80938,40.880894],[-74.810208,40.879965],[-74.810905,40.878978],[-74.811297,40.878274],[-74.813551,40.873522],[-74.816741,40.866543],[-74.817057,40.865956],[-74.817921,40.864877],[-74.818458,40.864394],[-74.819716,40.86357],[-74.823932,40.861797],[-74.825324,40.861027],[-74.826604,40.86015],[-74.82807,40.858873],[-74.835352,40.851444]]}},{"type":"Feature","properties":{"agency":"NJ Transit","color":"#08A652","description":"Morris & Essex Line","route":"MNE","routeId":"7","shapeId":"1166","source":"NJ Transit GTFS"},"geometry":{"type":"LineString","coordinates":[[-74.028046,40.734843],[-74.035942,40.73473],[-74.036954,40.734823],[-74.046233,40.736794],[-74.047514,40.737018],[-74.071081,40.742102],[-74.074982,40.742809],[-74.08683,40.745272],[-74.088313,40.7455],[-74.089817,40.745606],[-74.091329,40.745595],[-74.096663,40.745338],[-74.115824,40.743973],[-74.126047,40.743823],[-74.127961,40.743735],[-74.146475,40.742274],[-74.152872,40.742],[-74.153595,40.742],[-74.155026,40.742176],[-74.156378,40.742573],[-74.15759,40.743176],[-74.161991,40.746434],[-74.162545,40.746735],[-74.163763,40.747193],[-74.164412,40.747349],[-74.165756,40.7475],[-74.169498,40.747349],[-74.170853,40.747418],[-74.179377,40.749213],[-74.18348,40.750443],[-74.184798,40.751008],[-74.186759,40.751978],[-74.187934,40.752701],[-74.190387,40.754381],[-74.191617,40.755047],[-74.192644,40.755408],[-74.207515,40.759623],[-74.208903,40.760081],[-74.210592,40.760834],[-74.210464,40.760977],[-74.210592,40.760834],[-74.210805,40.760944],[-74.228656,40.770494],[-74.230224,40.771129],[-74.232143,40.77171],[-74.233118,40.771883],[-74.235107,40.771987],[-74.236563,40.771886],[-74.237269,40.771771],[-74.238619,40.77137],[-74.239492,40.770965],[-74.240118,40.770579],[-74.241198,40.769669],[-74.24303,40.767685],[-74.24523,40.765134],[-74.264023,40.741586],[-74.264824,40.740701],[-74.270349,40.735429],[-74.272627,40.733166],[-74.273462,40.732423],[-74.274391,40.731749],[-74.275409,40.731154],[-74.276858,40.730502],[-74.291309,40.724849],[-74.292995,40.72435],[-74.294783,40.724128],[-74.295691,40.724125],[-74.297479,40.724336],[-74.304816,40.725833],[-74.305932,40.72597],[-74.3065,40.72597],[-74.307619,40.725835],[-74.311299,40.724663],[-74.312907,40.724408],[-74.313732,40.724378],[-74.319899,40.724561],[-74.32095,40.724635],[-74.321986,40.724794],[-74.328736,40.726605],[-74.329588,40.726734],[-74.331324,40.726786],[-74.333032,40.726562],[-74.333855,40.726348],[-74.334998,40.72592],[-74.33637,40.725304],[-74.337485,40.724621],[-74.338393,40.723777],[-74.339048,40.722807],[-74.339273,40.722289],[-74.339826,40.720234],[-74.340039,40.719774],[-74.340647,40.718916],[-74.341037,40.718527],[-74.346249,40.714737],[-74.346986,40.714392],[-74.348232,40.71411],[-74.349096,40.714091],[-74.349952,40.714208],[-74.350753,40.714461],[-74.35272,40.715305],[-74.353574,40.715584],[-74.365183,40.718217],[-74.365949,40.718333],[-74.374091,40.71833],[-74.375249,40.718196],[-74.382024,40.716853],[-74.383351,40.716803],[-74.384663,40.716968],[-74.3859,40.717335],[-74.387009,40.717889],[-74.387944,40.718607],[-74.388331,40.719018],[-74.388928,40.719919],[-74.38913,40.720401],[-74.389329,40.721399],[-74.389252,40.722407],[-74.388905,40.723383],[-74.388294,40.724282],[-74.384488,40.727896],[-74.383769,40.728633],[-74.382984,40.729617],[-74.382343,40.730656],[-74.38038,40.734311],[-74.380122,40.734933],[-74.380025,40.735352],[-74.379985,40.735774],[-74.380084,40.736618],[-74.38041,40.737427],[-74.380653,40.737808],[-74.381295,40.738501],[-74.381683,40.738805],[-74.382569,40.739315],[-74.385202,40.740268],[-74.39307,40.742365],[-74.396861,40.743688],[-74.398898,40.744582],[-74.401395,40.745924],[-74.404202,40.747722],[-74.405817,40.748971],[-74.4097,40.752243],[-74.413528,40.755526],[-74.415037,40.756951],[-74.416479,40.758634],[-74.417422,40.759867],[-74.419276,40.762599],[-74.422487,40.766293],[-74.423253,40.767024],[-74.424398,40.767772],[-74.426554,40.768901],[-74.427688,40.769606],[-74.429429,40.771077],[-74.430131,40.771557],[-74.437321,40.775248],[-74.439861,40.776741],[-74.445921,40.780633],[-74.447459,40.781805],[-74.454083,40.788015],[-74.455282,40.788889],[-74.456693,40.789558],[-74.471296,40.794811],[-74.472155,40.7952],[-74.472562,40.795455],[-74.473264,40.796055],[-74.474438,40.797592],[-74.475649,40.79954],[-74.477583,40.802856],[-74.47793,40.803539],[-74.478225,40.804339],[-74.478408,40.805161],[-74.478479,40.805994],[-74.478434,40.806827],[-74.477846,40.809277],[-74.477714,40.810104],[-74.477698,40.810937],[-74.477812,40.812883],[-74.477774,40.813743],[-74.477189,40.816385],[-74.477093,40.817243],[-74.47712,40.818106],[-74.477305,40.820295],[-74.478836,40.834605],[-74.47885,40.836433],[-74.478721,40.837948],[-74.478725,40.839011],[-74.478878,40.840069],[-74.480131,40.845857],[-74.480223,40.846728],[-74.48018,40.84727],[-74.479876,40.848336],[-74.479286,40.849331],[-74.478892,40.849789],[-74.476958,40.85148],[-74.476468,40.852129],[-74.472143,40.86215],[-74.471988,40.862657],[-74.471966,40.863216],[-74.472096,40.863767],[-74.472379,40.864285],[-74.472793,40.864748],[-74.473327,40.865134],[-74.473952,40.865428],[-74.481146,40.868066],[-74.481937,40.86851],[-74.482585,40.869069],[-74.482851,40.869384],[-74.483242,40.87007],[-74.483434,40.870683],[-74.483479,40.871053],[-74.483422,40.871999],[-74.483317,40.872508],[-74.480506,40.879228],[-74.479922,40.881009],[-74.479912,40.881513],[-74.480157,40.882247],[-74.480481,40.882688],[-74.481177,40.883228],[-74.481748,40.883486],[-74.482859,40.883785],[-74.489503,40.883606],[-74.49401,40.883385],[-74.495189,40.883272],[-74.496237,40.88308],[-74.497254,40.882809],[-74.498227,40.882456],[-74.499151,40.882031],[-74.504935,40.878342],[-74.505604,40.877972],[-74.506625,40.8776],[-74.507724,40.877394],[-74.508294,40.877359],[-74.509424,40.877424],[-74.510513,40.877666],[-74.511023,40.877849],[-74.511963,40.878334],[-74.513619,40.879567],[-74.514819,40.88017],[-74.516154,40.88057],[-74.51757,40.880754],[-74.518288,40.880759],[-74.519709,40.8806],[-74.527927,40.878995],[-74.529439,40.878943],[-74.530931,40.879129],[-74.532339,40.879545],[-74.532993,40.879836],[-74.541248,40.883993],[-74.542652,40.884415],[-74.543391,40.884538],[-74.544145,40.884604],[-74.545656,40.884555],[-74.559224,40.883034],[-74.560282,40.883001],[-74.561325,40.883135],[-74.56231,40.883431],[-74.562765,40.883637],[-74.563542,40.884116],[-74.565802,40.88587],[-74.566627,40.886832],[-74.566937,40.887358],[-74.567333,40.888487],[-74.568685,40.89508],[-74.569191,40.896099],[-74.569547,40.896573],[-74.570442,40.897426],[-74.570973,40.897796],[-74.571932,40.898294],[-74.587406,40.904948],[-74.588759,40.905394],[-74.590201,40.905619],[-74.591006,40.905644],[-74.59807,40.905438],[-74.603625,40.904608],[-74.606557,40.904027],[-74.645851,40.892858],[-74.647222,40.892534],[-74.649957,40.892016],[-74.652746,40.891718],[-74.655559,40.891641],[-74.658245,40.8918],[-74.65973,40.892142],[-74.661083,40.892715],[-74.661695,40.893077],[-74.66275,40.893937],[-74.663183,40.894428],[-74.663548,40.894948],[-74.663962,40.89571],[-74.664411,40.896716],[-74.664723,40.897755],[-74.665418,40.90309],[-74.665557,40.9038],[-74.665819,40.904572],[-74.666082,40.905096],[-74.666724,40.905942],[-74.667129,40.906321],[-74.668301,40.907088],[-74.668873,40.907345],[-74.670101,40.907715],[-74.67075,40.907825],[-74.672069,40.907891],[-74.674278,40.907715],[-74.675327,40.907524],[-74.676343,40.90725],[-74.678016,40.906581],[-74.680366,40.905359],[-74.68274,40.903649],[-74.683619,40.903153],[-74.68596,40.902139],[-74.688854,40.900996],[-74.69748,40.898026],[-74.699309,40.897659],[-74.700251,40.897587],[-74.703503,40.897681],[-74.706095,40.897653],[-74.707317,40.897549],[-74.706795,40.897617],[-74.708159,40.897382],[-74.708808,40.897185],[-74.709864,40.896719],[-74.715851,40.893469],[-74.717198,40.892888],[-74.717924,40.89268],[-74.719443,40.892444],[-74.722416,40.892274],[-74.72338,40.892296],[-74.724319,40.892469],[-74.725582,40.892995],[-74.726277,40.893502],[-74.72657,40.893795],[-74.727029,40.894439],[-74.727187,40.894784],[-74.727359,40.895505],[-74.727328,40.896234],[-74.727091,40.896965],[-74.725994,40.899297],[-74.725857,40.900021],[-74.725924,40.900752],[-74.726187,40.901457],[-74.726393,40.901788],[-74.729351,40.906071],[-74.729709,40.906529],[-74.730603,40.907345]]}},{"type":"Feature","properties":{"agency":"NJ Transit","color":"#08A652","description":"Morris & Essex Line","route":"MNE","routeId":"7","shapeId":"852","source":"NJ Transit GTFS"},"geometry":{"type":"LineString","coordinates":[[-74.357807,40.716549],[-74.353105,40.715452],[-74.350753,40.714461],[-74.349952,40.714208],[-74.348662,40.714082],[-74.347805,40.71417],[-74.346986,40.714392],[-74.345918,40.714954],[-74.341466,40.718182],[-74.340647,40.718916],[-74.340039,40.719774],[-74.339826,40.720234],[-74.339273,40.722289],[-74.339048,40.722807],[-74.338393,40.723777],[-74.337966,40.724219],[-74.336951,40.724986],[-74.33637,40.725304],[-74.334642,40.726071],[-74.333032,40.726562],[-74.331324,40.726786],[-74.329588,40.726734],[-74.328736,40.726605],[-74.321986,40.724794],[-74.32095,40.724635],[-74.319899,40.724561],[-74.313732,40.724378],[-74.312907,40.724408],[-74.311299,40.724663],[-74.307619,40.725835],[-74.3065,40.72597],[-74.305932,40.72597],[-74.304816,40.725833],[-74.297479,40.724336],[-74.295691,40.724125],[-74.294783,40.724128],[-74.292995,40.72435],[-74.291309,40.724849],[-74.276858,40.730502],[-74.275409,40.731154],[-74.274391,40.731749],[-74.273462,40.732423],[-74.272627,40.733166],[-74.270349,40.735429],[-74.264824,40.740701],[-74.264023,40.741586],[-74.24523,40.765134],[-74.24303,40.767685],[-74.241198,40.769669],[-74.240118,40.770579],[-74.239492,40.770965],[-74.238619,40.77137],[-74.237269,40.771771],[-74.236563,40.771886],[-74.235107,40.771987],[-74.233103,40.771883],[-74.232143,40.77171],[-74.230224,40.771129],[-74.228656,40.770494],[-74.210805,40.760944],[-74.210592,40.760834],[-74.210464,40.760977],[-74.210592,40.760834],[-74.208903,40.760081],[-74.207515,40.759623],[-74.192644,40.755408],[-74.191617,40.755047],[-74.190387,40.754381],[-74.187934,40.752701],[-74.186759,40.751978],[-74.184798,40.751008],[-74.18348,40.750443],[-74.179377,40.749213],[-74.170853,40.747418],[-74.169498,40.747349],[-74.165756,40.7475],[-74.164412,40.747349],[-74.163763,40.747193],[-74.162545,40.746735],[-74.161991,40.746434],[-74.15759,40.743176],[-74.156378,40.742573],[-74.155026,40.742176],[-74.153595,40.742],[-74.152872,40.742],[-74.146475,40.742274],[-74.127961,40.743735],[-74.126047,40.743823],[-74.115824,40.743973],[-74.096663,40.745338],[-74.091329,40.745595],[-74.089817,40.745606],[-74.088313,40.7455],[-74.08683,40.745272],[-74.074982,40.742809],[-74.071081,40.742102],[-74.047514,40.737018],[-74.046233,40.736794],[-74.036954,40.734823],[-74.035942,40.73473],[-74.028046,40.73484]]}},{"type":"Feature","properties":{"agency":"NJ Transit","color":"#08A652","description":"Morris & Essex Line","route":"MNE","routeId":"7","shapeId":"853","source":"NJ Transit GTFS"},"geometry":{"type":"LineString","coordinates":[[-74.555887,40.883415],[-74.545656,40.884555],[-74.544145,40.884604],[-74.543391,40.884538],[-74.542652,40.884415],[-74.541248,40.883993],[-74.532993,40.879836],[-74.532339,40.879545],[-74.530931,40.879129],[-74.529439,40.878943],[-74.527927,40.878995],[-74.519709,40.8806],[-74.518288,40.880759],[-74.51757,40.880754],[-74.516154,40.88057],[-74.514819,40.88017],[-74.513619,40.879567],[-74.511963,40.878334],[-74.511023,40.877849],[-74.510513,40.877666],[-74.509424,40.877424],[-74.508294,40.877359],[-74.507724,40.877394],[-74.506625,40.8776],[-74.505604,40.877972],[-74.504935,40.878342],[-74.499151,40.882031],[-74.498227,40.882456],[-74.497254,40.882809],[-74.496237,40.88308],[-74.495189,40.883272],[-74.49401,40.883385],[-74.489503,40.883606],[-74.482859,40.883785],[-74.481451,40.883371],[-74.48092,40.883067],[-74.480481,40.882688],[-74.480157,40.882247],[-74.479961,40.881765],[-74.479922,40.881009],[-74.480506,40.879228],[-74.483317,40.872508],[-74.483422,40.871999],[-74.483479,40.871053],[-74.483267,40.870127],[-74.48307,40.869722],[-74.482585,40.869069],[-74.481937,40.86851],[-74.481146,40.868066],[-74.473952,40.865428],[-74.473327,40.865134],[-74.472793,40.864748],[-74.472379,40.864285],[-74.472096,40.863767],[-74.471966,40.863216],[-74.471988,40.862657],[-74.472143,40.86215],[-74.476468,40.852129],[-74.476958,40.85148],[-74.478892,40.849789],[-74.479286,40.849331],[-74.479876,40.848336],[-74.48018,40.84727],[-74.480223,40.846728],[-74.480131,40.845857],[-74.478878,40.840069],[-74.478725,40.839011],[-74.478721,40.837948],[-74.47885,40.836433],[-74.478836,40.834605],[-74.477305,40.820295],[-74.47712,40.818106],[-74.477093,40.817243],[-74.477189,40.816385],[-74.477774,40.813743],[-74.477812,40.812883],[-74.477698,40.810937],[-74.477714,40.810104],[-74.477846,40.809277],[-74.478434,40.806827],[-74.478479,40.805994],[-74.478408,40.805161],[-74.478225,40.804339],[-74.47793,40.803539],[-74.477583,40.802856],[-74.475649,40.79954],[-74.474438,40.797592],[-74.473264,40.796055],[-74.472562,40.795455],[-74.472155,40.7952],[-74.471296,40.794811],[-74.456693,40.789558],[-74.455282,40.788889],[-74.454083,40.788015],[-74.447459,40.781805],[-74.445921,40.780633],[-74.439861,40.776741],[-74.437321,40.775248],[-74.430131,40.771557],[-74.429429,40.771077],[-74.427688,40.769606],[-74.426554,40.768901],[-74.424398,40.767772],[-74.423253,40.767024],[-74.422487,40.766293],[-74.419276,40.762599],[-74.417422,40.759867],[-74.416479,40.758634],[-74.415037,40.756951],[-74.413528,40.755526],[-74.4097,40.752243],[-74.405817,40.748971],[-74.404202,40.747722],[-74.401395,40.745924],[-74.398898,40.744582],[-74.396861,40.743688],[-74.39307,40.742365],[-74.385202,40.740268],[-74.382569,40.739315],[-74.381683,40.738805],[-74.381295,40.738501],[-74.380653,40.737808],[-74.38041,40.737427],[-74.380084,40.736618],[-74.379985,40.735774],[-74.380025,40.735352],[-74.380122,40.734933],[-74.38038,40.734311],[-74.382343,40.730656],[-74.382984,40.729617],[-74.383769,40.728633],[-74.384488,40.727896],[-74.388294,40.724282],[-74.388905,40.723383],[-74.389252,40.722407],[-74.389329,40.721399],[-74.38913,40.720401],[-74.388928,40.719919],[-74.388331,40.719018],[-74.387944,40.718607],[-74.387009,40.717889],[-74.3859,40.717335],[-74.384663,40.716968],[-74.383351,40.716803],[-74.382024,40.716853],[-74.375249,40.718196],[-74.374091,40.71833],[-74.365949,40.718333],[-74.365183,40.718217],[-74.353574,40.715584],[-74.35272,40.715305],[-74.350753,40.714461],[-74.349952,40.714208],[-74.349096,40.714091],[-74.348232,40.71411],[-74.346986,40.714392],[-74.346249,40.714737],[-74.341037,40.718527],[-74.340647,40.718916],[-74.340039,40.719774],[-74.339826,40.720234],[-74.339273,40.722289],[-74.339048,40.722807],[-74.338393,40.723777],[-74.337485,40.724621],[-74.33637,40.725304],[-74.334998,40.72592],[-74.333855,40.726348],[-74.333032,40.726562],[-74.331324,40.726786],[-74.329588,40.726734],[-74.328736,40.726605],[-74.321986,40.724794],[-74.32095,40.724635],[-74.319899,40.724561],[-74.313732,40.724378],[-74.312907,40.724408],[-74.311299,40.724663],[-74.307619,40.725835],[-74.3065,40.72597],[-74.305932,40.72597],[-74.304816,40.725833],[-74.297479,40.724336],[-74.295691,40.724125],[-74.294783,40.724128],[-74.292995,40.72435],[-74.291309,40.724849],[-74.276858,40.730502],[-74.275409,40.731154],[-74.274391,40.731749],[-74.273462,40.732423],[-74.272627,40.733166],[-74.270349,40.735429],[-74.264824,40.740701],[-74.264023,40.741586],[-74.24523,40.765134],[-74.24303,40.767685],[-74.241271,40.769592],[-74.24069,40.770146],[-74.240118,40.770579],[-74.239245,40.771094],[-74.237959,40.771598],[-74.236563,40.771886],[-74.235107,40.771987],[-74.233103,40.771883],[-74.231872,40.771642],[-74.230224,40.771129],[-74.228656,40.770494],[-74.22718,40.769732],[-74.210592,40.760834],[-74.210464,40.760977],[-74.210592,40.760834],[-74.210218,40.760645],[-74.208903,40.760081],[-74.207515,40.759623],[-74.192644,40.755408],[-74.191617,40.755047],[-74.190387,40.754381],[-74.187934,40.752701],[-74.186759,40.751978],[-74.184798,40.751008],[-74.18348,40.750443],[-74.179377,40.749213],[-74.170853,40.747418],[-74.169498,40.747349],[-74.165756,40.7475],[-74.164412,40.747349],[-74.163763,40.747193],[-74.162545,40.746735],[-74.161991,40.746434],[-74.158117,40.743535],[-74.157007,40.74285],[-74.155715,40.742346],[-74.154318,40.742061],[-74.152872,40.742],[-74.146475,40.742274],[-74.13022,40.743557],[-74.124368,40.74422],[-74.122886,40.744447],[-74.121188,40.744869],[-74.113384,40.74722],[-74.088091,40.755737],[-74.085724,40.756672],[-74.053384,40.771412],[-74.052383,40.771814],[-74.05133,40.772135],[-74.050241,40.772373],[-74.049125,40.772521],[-74.047992,40.772579],[-74.04686,40.772549],[-74.045736,40.772428],[-74.044638,40.772217],[-74.043571,40.771921],[-74.042505,40.771524],[-73.992366,40.750048]]}},{"type":"Feature","properties":{"agency":"NJ Transit","color":"#08A652","description":"Morris & Essex Line","route":"MNE","routeId":"7","shapeId":"884","source":"NJ Transit GTFS"},"geometry":{"type":"LineString","coordinates":[[-74.357807,40.716549],[-74.353105,40.715452],[-74.350753,40.714461],[-74.349952,40.714208],[-74.348662,40.714082],[-74.347805,40.71417],[-74.346986,40.714392],[-74.345918,40.714954],[-74.341466,40.718182],[-74.340647,40.718916],[-74.340039,40.719774],[-74.339826,40.720234],[-74.339273,40.722289],[-74.339048,40.722807],[-74.338393,40.723777],[-74.337966,40.724219],[-74.336951,40.724986],[-74.33637,40.725304],[-74.334642,40.726071],[-74.333032,40.726562],[-74.331324,40.726786],[-74.329588,40.726734],[-74.328736,40.726605],[-74.321986,40.724794],[-74.32095,40.724635],[-74.319899,40.724561],[-74.313732,40.724378],[-74.312907,40.724408],[-74.311299,40.724663],[-74.307619,40.725835],[-74.3065,40.72597],[-74.305932,40.72597],[-74.304816,40.725833],[-74.297479,40.724336],[-74.295691,40.724125],[-74.294783,40.724128],[-74.292995,40.72435],[-74.291309,40.724849],[-74.276858,40.730502],[-74.275409,40.731154],[-74.274391,40.731749],[-74.273462,40.732423],[-74.272627,40.733166],[-74.270349,40.735429],[-74.264824,40.740701],[-74.264023,40.741586],[-74.24523,40.765134],[-74.24303,40.767685],[-74.241198,40.769669],[-74.240118,40.770579],[-74.239245,40.771094],[-74.237959,40.771598],[-74.236563,40.771886],[-74.235107,40.771987],[-74.233103,40.771883],[-74.231872,40.771642],[-74.230224,40.771129],[-74.228656,40.770494],[-74.22718,40.769732],[-74.210592,40.760834],[-74.210464,40.760977],[-74.210592,40.760834],[-74.210218,40.760645],[-74.208903,40.760081],[-74.207515,40.759623],[-74.192644,40.755408],[-74.191617,40.755047],[-74.190387,40.754381],[-74.187934,40.752701],[-74.186759,40.751978],[-74.184798,40.751008],[-74.18348,40.750443],[-74.179377,40.749213],[-74.170853,40.747418],[-74.169498,40.747349],[-74.165756,40.7475],[-74.164412,40.747349],[-74.163763,40.747193],[-74.162545,40.746735],[-74.161991,40.746434],[-74.158117,40.743535],[-74.157007,40.74285],[-74.155715,40.742346],[-74.154318,40.742061],[-74.152872,40.742],[-74.146475,40.742274],[-74.13022,40.743557],[-74.124368,40.74422],[-74.122886,40.744447],[-74.121188,40.744869],[-74.113384,40.74722],[-74.088091,40.755737],[-74.085724,40.756672],[-74.053384,40.771412],[-74.052383,40.771814],[-74.05133,40.772135],[-74.050241,40.772373],[-74.049125,40.772521],[-74.047992,40.772579],[-74.04686,40.772549],[-74.045736,40.772428],[-74.044638,40.772217],[-74.043571,40.771921],[-74.042505,40.771524],[-73.992366,40.750048]]}},{"type":"Feature","properties":{"agency":"NJ Transit","color":"#08A652","description":"Morris & Essex Line","route":"MNE","routeId":"7","shapeId":"898","source":"NJ Transit GTFS"},"geometry":{"type":"LineString","coordinates":[[-74.474086,40.797113],[-74.474162,40.797214],[-74.473552,40.796395],[-74.472937,40.79574],[-74.472155,40.7952],[-74.471711,40.794978],[-74.456693,40.789558],[-74.455282,40.788889],[-74.454083,40.788015],[-74.447459,40.781805],[-74.445921,40.780633],[-74.439861,40.776741],[-74.437321,40.775248],[-74.430131,40.771557],[-74.429429,40.771077],[-74.427688,40.769606],[-74.426975,40.769137],[-74.4238,40.767422],[-74.423253,40.767024],[-74.422487,40.766293],[-74.419294,40.762621],[-74.417422,40.759867],[-74.416479,40.758634],[-74.415037,40.756951],[-74.413528,40.755526],[-74.405817,40.748971],[-74.404202,40.747722],[-74.4034,40.74719],[-74.401395,40.745924],[-74.398898,40.744582],[-74.396861,40.743688],[-74.39307,40.742365],[-74.385202,40.740268],[-74.382569,40.739315],[-74.381683,40.738805],[-74.381295,40.738501],[-74.380653,40.737808],[-74.38041,40.737427],[-74.380084,40.736618],[-74.379985,40.735774],[-74.380122,40.734933],[-74.380274,40.734528],[-74.382343,40.730656],[-74.382984,40.729617],[-74.383769,40.728633],[-74.384488,40.727896],[-74.388294,40.724282],[-74.388905,40.723383],[-74.389111,40.722903],[-74.389328,40.721906],[-74.389264,40.720897],[-74.388928,40.719919],[-74.38866,40.719456],[-74.387944,40.718607],[-74.387009,40.717889],[-74.3859,40.717335],[-74.384663,40.716968],[-74.384013,40.716861],[-74.383351,40.716803],[-74.382024,40.716853],[-74.374695,40.718283],[-74.373889,40.718333],[-74.365949,40.718333],[-74.365183,40.718217],[-74.353574,40.715584],[-74.35272,40.715305],[-74.350753,40.714461],[-74.349952,40.714208],[-74.349096,40.714091],[-74.348232,40.71411],[-74.346986,40.714392],[-74.346249,40.714737],[-74.341037,40.718527],[-74.340647,40.718916],[-74.340039,40.719774],[-74.339826,40.720234],[-74.339273,40.722289],[-74.339048,40.722807],[-74.338393,40.723777],[-74.337485,40.724621],[-74.33637,40.725304],[-74.334998,40.72592],[-74.333855,40.726348],[-74.333032,40.726562],[-74.331324,40.726786],[-74.329588,40.726734],[-74.328736,40.726605],[-74.321986,40.724794],[-74.32095,40.724635],[-74.319899,40.724561],[-74.313732,40.724378],[-74.312907,40.724408],[-74.311299,40.724663],[-74.307619,40.725835],[-74.3065,40.72597],[-74.305932,40.72597],[-74.304816,40.725833],[-74.297479,40.724336],[-74.295691,40.724125],[-74.294783,40.724128],[-74.292995,40.72435],[-74.291309,40.724849],[-74.276858,40.730502],[-74.275409,40.731154],[-74.274391,40.731749],[-74.273462,40.732423],[-74.272627,40.733166],[-74.270349,40.735429],[-74.264824,40.740701],[-74.264023,40.741586],[-74.24523,40.765134],[-74.24303,40.767685],[-74.241198,40.769669],[-74.240118,40.770579],[-74.239492,40.770965],[-74.238619,40.77137],[-74.237269,40.771771],[-74.236563,40.771886],[-74.235107,40.771987],[-74.233103,40.771883],[-74.232143,40.77171],[-74.230224,40.771129],[-74.228656,40.770494],[-74.210805,40.760944],[-74.210592,40.760834],[-74.210464,40.760977],[-74.210592,40.760834],[-74.208903,40.760081],[-74.207515,40.759623],[-74.192644,40.755408],[-74.191617,40.755047],[-74.190387,40.754381],[-74.187934,40.752701],[-74.186759,40.751978],[-74.184798,40.751008],[-74.18348,40.750443],[-74.179377,40.749213],[-74.170853,40.747418],[-74.169498,40.747349],[-74.165756,40.7475],[-74.164412,40.747349],[-74.163763,40.747193],[-74.162545,40.746735],[-74.161991,40.746434],[-74.15759,40.743176],[-74.156378,40.742573],[-74.155026,40.742176],[-74.153595,40.742],[-74.152872,40.742],[-74.146475,40.742274],[-74.127961,40.743735],[-74.126047,40.743823],[-74.115824,40.743973],[-74.096663,40.745338],[-74.091329,40.745595],[-74.089817,40.745606],[-74.088313,40.7455],[-74.08683,40.745272],[-74.074982,40.742809],[-74.071081,40.742102],[-74.047514,40.737018],[-74.046233,40.736794],[-74.036954,40.734823],[-74.035942,40.73473],[-74.028046,40.73484]]}},{"type":"Feature","properties":{"agency":"NJ Transit","color":"#08A652","description":"Morris & Essex Line","route":"MNE","routeId":"7","shapeId":"916","source":"NJ Transit GTFS"},"geometry":{"type":"LineString","coordinates":[[-74.555887,40.883415],[-74.545656,40.884555],[-74.544145,40.884604],[-74.543391,40.884538],[-74.542652,40.884415],[-74.541248,40.883993],[-74.532993,40.879836],[-74.532339,40.879545],[-74.530931,40.879129],[-74.529439,40.878943],[-74.527927,40.878995],[-74.519709,40.8806],[-74.518288,40.880759],[-74.51757,40.880754],[-74.516154,40.88057],[-74.514819,40.88017],[-74.513619,40.879567],[-74.511963,40.878334],[-74.511023,40.877849],[-74.510513,40.877666],[-74.509424,40.877424],[-74.508294,40.877359],[-74.507724,40.877394],[-74.506625,40.8776],[-74.505604,40.877972],[-74.504935,40.878342],[-74.499151,40.882031],[-74.498227,40.882456],[-74.497254,40.882809],[-74.496237,40.88308],[-74.495189,40.883272],[-74.49401,40.883385],[-74.489503,40.883606],[-74.482859,40.883785],[-74.481451,40.883371],[-74.48092,40.883067],[-74.480481,40.882688],[-74.480157,40.882247],[-74.479961,40.881765],[-74.479922,40.881009],[-74.480506,40.879228],[-74.483317,40.872508],[-74.483422,40.871999],[-74.483479,40.871053],[-74.483267,40.870127],[-74.48307,40.869722],[-74.482585,40.869069],[-74.481937,40.86851],[-74.481146,40.868066],[-74.473952,40.865428],[-74.473327,40.865134],[-74.472793,40.864748],[-74.472379,40.864285],[-74.472096,40.863767],[-74.471966,40.863216],[-74.471988,40.862657],[-74.472143,40.86215],[-74.476468,40.852129],[-74.476958,40.85148],[-74.478892,40.849789],[-74.479286,40.849331],[-74.479876,40.848336],[-74.48018,40.84727],[-74.480223,40.846728],[-74.480131,40.845857],[-74.478878,40.840069],[-74.478725,40.839011],[-74.478721,40.837948],[-74.47885,40.836433],[-74.478836,40.834605],[-74.477305,40.820295],[-74.47712,40.818106],[-74.477093,40.817243],[-74.477189,40.816385],[-74.477774,40.813743],[-74.477812,40.812883],[-74.477698,40.810937],[-74.477714,40.810104],[-74.477846,40.809277],[-74.478434,40.806827],[-74.478479,40.805994],[-74.478408,40.805161],[-74.478225,40.804339],[-74.47793,40.803539],[-74.477583,40.802856],[-74.475649,40.79954],[-74.474438,40.797592],[-74.473264,40.796055],[-74.472562,40.795455],[-74.472155,40.7952],[-74.471296,40.794811],[-74.456693,40.789558],[-74.455282,40.788889],[-74.454083,40.788015],[-74.447459,40.781805],[-74.445921,40.780633],[-74.439861,40.776741],[-74.437321,40.775248],[-74.430131,40.771557],[-74.429429,40.771077],[-74.427688,40.769606],[-74.426554,40.768901],[-74.424398,40.767772],[-74.423253,40.767024],[-74.422487,40.766293],[-74.419276,40.762599],[-74.417422,40.759867],[-74.416479,40.758634],[-74.415037,40.756951],[-74.413528,40.755526],[-74.4097,40.752243],[-74.405817,40.748971],[-74.404202,40.747722],[-74.401395,40.745924],[-74.398898,40.744582],[-74.396861,40.743688],[-74.39307,40.742365],[-74.385202,40.740268],[-74.382569,40.739315],[-74.381683,40.738805],[-74.381295,40.738501],[-74.380653,40.737808],[-74.38041,40.737427],[-74.380084,40.736618],[-74.379985,40.735774],[-74.380025,40.735352],[-74.380122,40.734933],[-74.38038,40.734311],[-74.382343,40.730656],[-74.382984,40.729617],[-74.383769,40.728633],[-74.384488,40.727896],[-74.388294,40.724282],[-74.388905,40.723383],[-74.389252,40.722407],[-74.389328,40.721906],[-74.389264,40.720897],[-74.388928,40.719919],[-74.38866,40.719456],[-74.387944,40.718607],[-74.387009,40.717889],[-74.3859,40.717335],[-74.385294,40.717127],[-74.384663,40.716968],[-74.383351,40.716803],[-74.382024,40.716853],[-74.375249,40.718196],[-74.374091,40.71833],[-74.365949,40.718333],[-74.365183,40.718217],[-74.353574,40.715584],[-74.35272,40.715305],[-74.350753,40.714461],[-74.349952,40.714208],[-74.349096,40.714091],[-74.348232,40.71411],[-74.346986,40.714392],[-74.346249,40.714737],[-74.341037,40.718527],[-74.340647,40.718916],[-74.340039,40.719774],[-74.339826,40.720234],[-74.339273,40.722289],[-74.339048,40.722807],[-74.338393,40.723777],[-74.337485,40.724621],[-74.33637,40.725304],[-74.334998,40.72592],[-74.333855,40.726348],[-74.333032,40.726562],[-74.331324,40.726786],[-74.329588,40.726734],[-74.328736,40.726605],[-74.321986,40.724794],[-74.32095,40.724635],[-74.319899,40.724561],[-74.313732,40.724378],[-74.312907,40.724408],[-74.311299,40.724663],[-74.307619,40.725835],[-74.3065,40.72597],[-74.305932,40.72597],[-74.304816,40.725833],[-74.297479,40.724336],[-74.295691,40.724125],[-74.294783,40.724128],[-74.292995,40.72435],[-74.291309,40.724849],[-74.276858,40.730502],[-74.275409,40.731154],[-74.274391,40.731749],[-74.273462,40.732423],[-74.272627,40.733166],[-74.270349,40.735429],[-74.264824,40.740701],[-74.264023,40.741586],[-74.24523,40.765134],[-74.24303,40.767685],[-74.241198,40.769669],[-74.240118,40.770579],[-74.239492,40.770965],[-74.238619,40.77137],[-74.237269,40.771771],[-74.236563,40.771886],[-74.235107,40.771987],[-74.233103,40.771883],[-74.232143,40.77171],[-74.230224,40.771129],[-74.228656,40.770494],[-74.210805,40.760944],[-74.210592,40.760834],[-74.210464,40.760977],[-74.210592,40.760834],[-74.208903,40.760081],[-74.207515,40.759623],[-74.192644,40.755408],[-74.191617,40.755047],[-74.190387,40.754381],[-74.187934,40.752701],[-74.186759,40.751978],[-74.184798,40.751008],[-74.18348,40.750443],[-74.179377,40.749213],[-74.170853,40.747418],[-74.169498,40.747349],[-74.165756,40.7475],[-74.164412,40.747349],[-74.163763,40.747193],[-74.162545,40.746735],[-74.161991,40.746434],[-74.15759,40.743176],[-74.156378,40.742573],[-74.155026,40.742176],[-74.153595,40.742],[-74.152872,40.742],[-74.146475,40.742274],[-74.127961,40.743735],[-74.126047,40.743823],[-74.115824,40.743973],[-74.096663,40.745338],[-74.091329,40.745595],[-74.089817,40.745606],[-74.088313,40.7455],[-74.08683,40.745272],[-74.074982,40.742809],[-74.071081,40.742102],[-74.047514,40.737018],[-74.046233,40.736794],[-74.036954,40.734823],[-74.035942,40.73473],[-74.028046,40.73484]]}},{"type":"Feature","properties":{"agency":"NJ Transit","color":"#08A652","description":"Morris & Essex Line","route":"MNE","routeId":"7","shapeId":"960","source":"NJ Transit GTFS"},"geometry":{"type":"LineString","coordinates":[[-74.665697,40.904219],[-74.665733,40.904328],[-74.665557,40.9038],[-74.665418,40.90309],[-74.664723,40.897755],[-74.664411,40.896716],[-74.663548,40.894948],[-74.66275,40.893937],[-74.661695,40.893077],[-74.661083,40.892715],[-74.65973,40.892142],[-74.658245,40.8918],[-74.655559,40.891641],[-74.652746,40.891718],[-74.649957,40.892016],[-74.646348,40.89274],[-74.606557,40.904027],[-74.603625,40.904608],[-74.59807,40.905438],[-74.591006,40.905644],[-74.590201,40.905619],[-74.588759,40.905394],[-74.587406,40.904948],[-74.571932,40.898294],[-74.570973,40.897796],[-74.570442,40.897426],[-74.569547,40.896573],[-74.569191,40.896099],[-74.568685,40.89508],[-74.567333,40.888487],[-74.566937,40.887358],[-74.566627,40.886832],[-74.565802,40.88587],[-74.563542,40.884116],[-74.562765,40.883637],[-74.56231,40.883431],[-74.561325,40.883135],[-74.560282,40.883001],[-74.559224,40.883034],[-74.545656,40.884555],[-74.544145,40.884604],[-74.543391,40.884538],[-74.542652,40.884415],[-74.541248,40.883993],[-74.532993,40.879836],[-74.532339,40.879545],[-74.530931,40.879129],[-74.529439,40.878943],[-74.527927,40.878995],[-74.519709,40.8806],[-74.518288,40.880759],[-74.51757,40.880754],[-74.516154,40.88057],[-74.514819,40.88017],[-74.513619,40.879567],[-74.511963,40.878334],[-74.511023,40.877849],[-74.510513,40.877666],[-74.509424,40.877424],[-74.508294,40.877359],[-74.507724,40.877394],[-74.506625,40.8776],[-74.505604,40.877972],[-74.504935,40.878342],[-74.499151,40.882031],[-74.498227,40.882456],[-74.497254,40.882809],[-74.496237,40.88308],[-74.495189,40.883272],[-74.49401,40.883385],[-74.489503,40.883606],[-74.482859,40.883785],[-74.481748,40.883486],[-74.48092,40.883067],[-74.480481,40.882688],[-74.480157,40.882247],[-74.479912,40.881513],[-74.479922,40.881009],[-74.480506,40.879228],[-74.483317,40.872508],[-74.483422,40.871999],[-74.483479,40.871053],[-74.483434,40.870683],[-74.483242,40.87007],[-74.482851,40.869384],[-74.482585,40.869069],[-74.481937,40.86851],[-74.481146,40.868066],[-74.473952,40.865428],[-74.473327,40.865134],[-74.472793,40.864748],[-74.472379,40.864285],[-74.472096,40.863767],[-74.471966,40.863216],[-74.471988,40.862657],[-74.472143,40.86215],[-74.476468,40.852129],[-74.476958,40.85148],[-74.478892,40.849789],[-74.479286,40.849331],[-74.479876,40.848336],[-74.48018,40.84727],[-74.480223,40.846728],[-74.480131,40.845857],[-74.478878,40.840069],[-74.478725,40.839011],[-74.478721,40.837948],[-74.47885,40.836433],[-74.478836,40.834605],[-74.477305,40.820295],[-74.47712,40.818106],[-74.477093,40.817243],[-74.477189,40.816385],[-74.477774,40.813743],[-74.477812,40.812883],[-74.477698,40.810937],[-74.477714,40.810104],[-74.477846,40.809277],[-74.478434,40.806827],[-74.478479,40.805994],[-74.478408,40.805161],[-74.478225,40.804339],[-74.47793,40.803539],[-74.477583,40.802856],[-74.475649,40.79954],[-74.474438,40.797592],[-74.473264,40.796055],[-74.472562,40.795455],[-74.472155,40.7952],[-74.471296,40.794811],[-74.456693,40.789558],[-74.455282,40.788889],[-74.454083,40.788015],[-74.447459,40.781805],[-74.445921,40.780633],[-74.439861,40.776741],[-74.437321,40.775248],[-74.430131,40.771557],[-74.429429,40.771077],[-74.427688,40.769606],[-74.426554,40.768901],[-74.424398,40.767772],[-74.423253,40.767024],[-74.422487,40.766293],[-74.419276,40.762599],[-74.417422,40.759867],[-74.416479,40.758634],[-74.415037,40.756951],[-74.413528,40.755526],[-74.4097,40.752243],[-74.405817,40.748971],[-74.404202,40.747722],[-74.401395,40.745924],[-74.398898,40.744582],[-74.396861,40.743688],[-74.39307,40.742365],[-74.385202,40.740268],[-74.382569,40.739315],[-74.381683,40.738805],[-74.381295,40.738501],[-74.380653,40.737808],[-74.38041,40.737427],[-74.380084,40.736618],[-74.379985,40.735774],[-74.380025,40.735352],[-74.380122,40.734933],[-74.38038,40.734311],[-74.382343,40.730656],[-74.382984,40.729617],[-74.383769,40.728633],[-74.384488,40.727896],[-74.388294,40.724282],[-74.388905,40.723383],[-74.389252,40.722407],[-74.389328,40.721906],[-74.389264,40.720897],[-74.388928,40.719919],[-74.38866,40.719456],[-74.387944,40.718607],[-74.387009,40.717889],[-74.3859,40.717335],[-74.385294,40.717127],[-74.384663,40.716968],[-74.383351,40.716803],[-74.382024,40.716853],[-74.375249,40.718196],[-74.374091,40.71833],[-74.365949,40.718333],[-74.365183,40.718217],[-74.353574,40.715584],[-74.35272,40.715305],[-74.350753,40.714461],[-74.349952,40.714208],[-74.349096,40.714091],[-74.348232,40.71411],[-74.346986,40.714392],[-74.346249,40.714737],[-74.341037,40.718527],[-74.340647,40.718916],[-74.340039,40.719774],[-74.339826,40.720234],[-74.339273,40.722289],[-74.339048,40.722807],[-74.338393,40.723777],[-74.337485,40.724621],[-74.33637,40.725304],[-74.334998,40.72592],[-74.333855,40.726348],[-74.333032,40.726562],[-74.331324,40.726786],[-74.329588,40.726734],[-74.328736,40.726605],[-74.321986,40.724794],[-74.32095,40.724635],[-74.319899,40.724561],[-74.313732,40.724378],[-74.312907,40.724408],[-74.311299,40.724663],[-74.307619,40.725835],[-74.3065,40.72597],[-74.305932,40.72597],[-74.304816,40.725833],[-74.297479,40.724336],[-74.295691,40.724125],[-74.294783,40.724128],[-74.292995,40.72435],[-74.291309,40.724849],[-74.276858,40.730502],[-74.275409,40.731154],[-74.274391,40.731749],[-74.273462,40.732423],[-74.272627,40.733166],[-74.270349,40.735429],[-74.264824,40.740701],[-74.264023,40.741586],[-74.24523,40.765134],[-74.24303,40.767685],[-74.241198,40.769669],[-74.240118,40.770579],[-74.239492,40.770965],[-74.238619,40.77137],[-74.237269,40.771771],[-74.236563,40.771886],[-74.235107,40.771987],[-74.233103,40.771883],[-74.232143,40.77171],[-74.230224,40.771129],[-74.228656,40.770494],[-74.210805,40.760944],[-74.210592,40.760834],[-74.210464,40.760977],[-74.210592,40.760834],[-74.208903,40.760081],[-74.207515,40.759623],[-74.192644,40.755408],[-74.191617,40.755047],[-74.190387,40.754381],[-74.187934,40.752701],[-74.186759,40.751978],[-74.184798,40.751008],[-74.18348,40.750443],[-74.179377,40.749213],[-74.170853,40.747418],[-74.169498,40.747349],[-74.165756,40.7475],[-74.164412,40.747349],[-74.163763,40.747193],[-74.162545,40.746735],[-74.161991,40.746434],[-74.15759,40.743176],[-74.156378,40.742573],[-74.155026,40.742176],[-74.153595,40.742],[-74.152872,40.742],[-74.146475,40.742274],[-74.127961,40.743735],[-74.126047,40.743823],[-74.115824,40.743973],[-74.096663,40.745338],[-74.091329,40.745595],[-74.089817,40.745606],[-74.088313,40.7455],[-74.08683,40.745272],[-74.074982,40.742809],[-74.071081,40.742102],[-74.047514,40.737018],[-74.046233,40.736794],[-74.036954,40.734823],[-74.035942,40.73473],[-74.028046,40.73484]]}},{"type":"Feature","properties":{"agency":"NJ Transit","color":"#08A652","description":"Morris & Essex Line","route":"MNE","routeId":"7","shapeId":"966","source":"NJ Transit GTFS"},"geometry":{"type":"LineString","coordinates":[[-74.275427,40.731149],[-74.274391,40.731749],[-74.273462,40.732423],[-74.272627,40.733166],[-74.270349,40.735429],[-74.264824,40.740701],[-74.264023,40.741586],[-74.24523,40.765134],[-74.24303,40.767685],[-74.241198,40.769669],[-74.240118,40.770579],[-74.239492,40.770965],[-74.238619,40.77137],[-74.237269,40.771771],[-74.235842,40.771946],[-74.234109,40.771973],[-74.233118,40.771883],[-74.232143,40.77171],[-74.230224,40.771129],[-74.228656,40.770494],[-74.210218,40.760645],[-74.208903,40.760081],[-74.207515,40.759623],[-74.192644,40.755408],[-74.191617,40.755047],[-74.190387,40.754381],[-74.187934,40.752701],[-74.186759,40.751978],[-74.184798,40.751008],[-74.18348,40.750443],[-74.179377,40.749213],[-74.170853,40.747418],[-74.169498,40.747349],[-74.165756,40.7475],[-74.164412,40.747349],[-74.163763,40.747193],[-74.162545,40.746735],[-74.161991,40.746434],[-74.158117,40.743535],[-74.157007,40.74285],[-74.155715,40.742346],[-74.154318,40.742061],[-74.152872,40.742],[-74.146475,40.742274],[-74.13022,40.743557],[-74.124368,40.74422],[-74.122886,40.744447],[-74.121188,40.744869],[-74.113384,40.74722],[-74.088091,40.755737],[-74.085724,40.756672],[-74.053384,40.771412],[-74.052383,40.771814],[-74.05133,40.772135],[-74.050241,40.772373],[-74.049125,40.772521],[-74.047992,40.772579],[-74.04686,40.772549],[-74.045736,40.772428],[-74.044638,40.772217],[-74.043571,40.771921],[-74.042505,40.771524],[-73.992366,40.750048]]}},{"type":"Feature","properties":{"agency":"NJ Transit","color":"#A4C9AA","description":"Gladstone Branch","route":"MNEG","routeId":"8","shapeId":"1305","source":"NJ Transit GTFS"},"geometry":{"type":"LineString","coordinates":[[-74.658469,40.708794],[-74.658036,40.70678],[-74.658013,40.706062],[-74.658074,40.705163],[-74.658652,40.702253],[-74.658676,40.701576],[-74.65862,40.701099],[-74.65827,40.700014],[-74.657983,40.699496],[-74.65763,40.699005],[-74.65673,40.69812],[-74.655608,40.697397],[-74.654977,40.697106],[-74.653616,40.696684],[-74.649475,40.696369],[-74.648146,40.696054],[-74.647299,40.695621],[-74.64696,40.69538],[-74.646384,40.694818],[-74.645952,40.69418],[-74.644936,40.69145],[-74.644571,40.69068],[-74.644125,40.689932],[-74.643564,40.689231],[-74.642181,40.688],[-74.641352,40.687466],[-74.640494,40.687017],[-74.639574,40.686614],[-74.637989,40.686126],[-74.637455,40.686036],[-74.63308,40.685649],[-74.632365,40.685622],[-74.631056,40.685701],[-74.629672,40.685863],[-74.628138,40.686164],[-74.626651,40.686584],[-74.615375,40.690319],[-74.613869,40.690938],[-74.612724,40.691552],[-74.606035,40.695542],[-74.605165,40.69612],[-74.604476,40.696693],[-74.603869,40.697315],[-74.60137,40.70017],[-74.600756,40.700754],[-74.600067,40.701285],[-74.599306,40.701757],[-74.598484,40.702168],[-74.592667,40.704752],[-74.591562,40.705141],[-74.590278,40.705371],[-74.588959,40.705396],[-74.588305,40.70533],[-74.586856,40.705034],[-74.58609,40.704963],[-74.584944,40.705083],[-74.583905,40.705472],[-74.583321,40.705859],[-74.582674,40.706588],[-74.582426,40.707144],[-74.581743,40.709257],[-74.581186,40.710136],[-74.580401,40.710906],[-74.573373,40.715474],[-74.570432,40.717151],[-74.569472,40.717552],[-74.568462,40.717875],[-74.567416,40.718113],[-74.566341,40.718269],[-74.563288,40.718582],[-74.562569,40.718596],[-74.561149,40.718456],[-74.560459,40.7183],[-74.559167,40.717834],[-74.558028,40.717171],[-74.557096,40.716343],[-74.556718,40.715877],[-74.556167,40.714872],[-74.551621,40.696523],[-74.551358,40.694895],[-74.55132,40.693259],[-74.551528,40.68865],[-74.5514,40.687565],[-74.551226,40.687036],[-74.550667,40.686033],[-74.549845,40.68514],[-74.548793,40.684397],[-74.548199,40.684093],[-74.5469,40.683632],[-74.546211,40.683482],[-74.537784,40.682706],[-74.536582,40.682471],[-74.535465,40.682049],[-74.526954,40.676968],[-74.526092,40.676171],[-74.52521,40.674954],[-74.524369,40.674072],[-74.523311,40.673337],[-74.522071,40.672792],[-74.520711,40.672449],[-74.519288,40.672332],[-74.512405,40.672318],[-74.510147,40.672392],[-74.506854,40.672723],[-74.460209,40.679415],[-74.458802,40.679574],[-74.456919,40.679651],[-74.450993,40.679662],[-74.449666,40.679769],[-74.448302,40.680095],[-74.4435,40.682087],[-74.442649,40.682345],[-74.441423,40.682602],[-74.440341,40.682731],[-74.43925,40.682778],[-74.438155,40.682734],[-74.428967,40.682002],[-74.427905,40.681977],[-74.426455,40.682147],[-74.425079,40.682542],[-74.423842,40.683147],[-74.420253,40.685806],[-74.419204,40.686469],[-74.407775,40.69264],[-74.400119,40.696695],[-74.399097,40.697539],[-74.397294,40.699321],[-74.396466,40.699844],[-74.396006,40.700055],[-74.395009,40.700356],[-74.394484,40.700447],[-74.392741,40.700573],[-74.391941,40.700748],[-74.391212,40.701044],[-74.390573,40.70145],[-74.390063,40.701948],[-74.389701,40.702516],[-74.386785,40.711359],[-74.386501,40.712022],[-74.386106,40.712696],[-74.385631,40.713318],[-74.385073,40.713896],[-74.384312,40.714554],[-74.383252,40.715233],[-74.38262,40.715548],[-74.375301,40.718058],[-74.374091,40.71833],[-74.366383,40.718349],[-74.365519,40.718283],[-74.353574,40.715584],[-74.35272,40.715305],[-74.350753,40.714461],[-74.349952,40.714208],[-74.349096,40.714091],[-74.348232,40.71411],[-74.346986,40.714392],[-74.346249,40.714737],[-74.341037,40.718527],[-74.340647,40.718916],[-74.340039,40.719774],[-74.339826,40.720234],[-74.339273,40.722289],[-74.339048,40.722807],[-74.338393,40.723777],[-74.337485,40.724621],[-74.33637,40.725304],[-74.334998,40.72592],[-74.333855,40.726348],[-74.333032,40.726562],[-74.331324,40.726786],[-74.329588,40.726734],[-74.328736,40.726605],[-74.321986,40.724794],[-74.32095,40.724635],[-74.319899,40.724561],[-74.313732,40.724378],[-74.312907,40.724408],[-74.311299,40.724663],[-74.307619,40.725835],[-74.3065,40.72597],[-74.305932,40.72597],[-74.304816,40.725833],[-74.297479,40.724336],[-74.295691,40.724125],[-74.294783,40.724128],[-74.292995,40.72435],[-74.291309,40.724849],[-74.276858,40.730502],[-74.275409,40.731154],[-74.274391,40.731749],[-74.273462,40.732423],[-74.272627,40.733166],[-74.270349,40.735429],[-74.264824,40.740701],[-74.264023,40.741586],[-74.24523,40.765134],[-74.24303,40.767685],[-74.241271,40.769592],[-74.24069,40.770146],[-74.240118,40.770579],[-74.239245,40.771094],[-74.237959,40.771598],[-74.236563,40.771886],[-74.235107,40.771987],[-74.233103,40.771883],[-74.231872,40.771642],[-74.230224,40.771129],[-74.228656,40.770494],[-74.22718,40.769732],[-74.210592,40.760834],[-74.210464,40.760977],[-74.210592,40.760834],[-74.210218,40.760645],[-74.208903,40.760081],[-74.207515,40.759623],[-74.192644,40.755408],[-74.191617,40.755047],[-74.190387,40.754381],[-74.187934,40.752701],[-74.186759,40.751978],[-74.184798,40.751008],[-74.18348,40.750443],[-74.179377,40.749213],[-74.170853,40.747418],[-74.169498,40.747349],[-74.165756,40.7475],[-74.164412,40.747349],[-74.163763,40.747193],[-74.162545,40.746735],[-74.161991,40.746434],[-74.158117,40.743535],[-74.157007,40.74285],[-74.155715,40.742346],[-74.154318,40.742061],[-74.152872,40.742],[-74.146475,40.742274],[-74.13022,40.743557],[-74.124368,40.74422],[-74.122886,40.744447],[-74.121188,40.744869],[-74.113384,40.74722],[-74.088091,40.755737],[-74.085724,40.756672],[-74.053384,40.771412],[-74.052383,40.771814],[-74.05133,40.772135],[-74.050241,40.772373],[-74.049125,40.772521],[-74.047992,40.772579],[-74.04686,40.772549],[-74.045736,40.772428],[-74.044638,40.772217],[-74.043571,40.771921],[-74.042505,40.771524],[-73.992366,40.750048]]}},{"type":"Feature","properties":{"agency":"NJ Transit","color":"#A4C9AA","description":"Gladstone Branch","route":"MNEG","routeId":"8","shapeId":"1307","source":"NJ Transit GTFS"},"geometry":{"type":"LineString","coordinates":[[-74.666371,40.720284],[-74.661864,40.716762],[-74.661176,40.716077],[-74.660586,40.71534],[-74.660101,40.714562],[-74.659724,40.713748],[-74.659463,40.71291],[-74.658156,40.707489],[-74.658036,40.70678],[-74.658037,40.70542],[-74.658652,40.702253],[-74.658676,40.701576],[-74.65862,40.701099],[-74.65827,40.700014],[-74.65763,40.699005],[-74.657209,40.698545],[-74.65673,40.69812],[-74.655608,40.697397],[-74.654309,40.696868],[-74.653616,40.696684],[-74.652901,40.696594],[-74.649797,40.696408],[-74.64898,40.696284],[-74.648146,40.696054],[-74.647299,40.695621],[-74.64696,40.69538],[-74.646384,40.694818],[-74.645952,40.69418],[-74.644936,40.69145],[-74.644571,40.69068],[-74.644125,40.689932],[-74.643564,40.689231],[-74.642181,40.688],[-74.641352,40.687466],[-74.640494,40.687017],[-74.639574,40.686614],[-74.637989,40.686126],[-74.636375,40.685929],[-74.632365,40.685622],[-74.629672,40.685863],[-74.628138,40.686164],[-74.626651,40.686584],[-74.615375,40.690319],[-74.613869,40.690938],[-74.612724,40.691552],[-74.606035,40.695542],[-74.605165,40.69612],[-74.604476,40.696693],[-74.603869,40.697315],[-74.60137,40.70017],[-74.600756,40.700754],[-74.600067,40.701285],[-74.599306,40.701757],[-74.598484,40.702168],[-74.592667,40.704752],[-74.591562,40.705141],[-74.590278,40.705371],[-74.588959,40.705396],[-74.588305,40.70533],[-74.586856,40.705034],[-74.58609,40.704963],[-74.584944,40.705083],[-74.583905,40.705472],[-74.583321,40.705859],[-74.582674,40.706588],[-74.582426,40.707144],[-74.581743,40.709257],[-74.581186,40.710136],[-74.580401,40.710906],[-74.573373,40.715474],[-74.570432,40.717151],[-74.569472,40.717552],[-74.568462,40.717875],[-74.567416,40.718113],[-74.563665,40.718549],[-74.562569,40.718596],[-74.561853,40.718554],[-74.561149,40.718456],[-74.559798,40.718091],[-74.558576,40.717524],[-74.557535,40.716776],[-74.556718,40.715877],[-74.556167,40.714872],[-74.551621,40.696523],[-74.551358,40.694895],[-74.55132,40.693259],[-74.551528,40.68865],[-74.551502,40.688105],[-74.551226,40.687036],[-74.550979,40.686521],[-74.550283,40.68557],[-74.54947,40.684844],[-74.548793,40.684397],[-74.548199,40.684093],[-74.5469,40.683632],[-74.545503,40.683389],[-74.541443,40.683071],[-74.537784,40.682706],[-74.537174,40.682613],[-74.536009,40.682282],[-74.53496,40.681775],[-74.526954,40.676968],[-74.526092,40.676171],[-74.524822,40.674496],[-74.523865,40.673683],[-74.523311,40.673337],[-74.522709,40.673039],[-74.521404,40.672595],[-74.520711,40.672449],[-74.519288,40.672332],[-74.512405,40.672318],[-74.510147,40.672392],[-74.506854,40.672723],[-74.460209,40.679415],[-74.458802,40.679574],[-74.456919,40.679651],[-74.450993,40.679662],[-74.449666,40.679769],[-74.448302,40.680095],[-74.4435,40.682087],[-74.442649,40.682345],[-74.441423,40.682602],[-74.440341,40.682731],[-74.43925,40.682778],[-74.438155,40.682734],[-74.428642,40.681983],[-74.427175,40.682035],[-74.425753,40.682317],[-74.424437,40.682819],[-74.423842,40.683147],[-74.420253,40.685806],[-74.419204,40.686469],[-74.407775,40.69264],[-74.400119,40.696695],[-74.399097,40.697539],[-74.397294,40.699321],[-74.396466,40.699844],[-74.396006,40.700055],[-74.395009,40.700356],[-74.394484,40.700447],[-74.392741,40.700573],[-74.391941,40.700748],[-74.391212,40.701044],[-74.390573,40.70145],[-74.389862,40.702222],[-74.38958,40.702817],[-74.386785,40.711359],[-74.386501,40.712022],[-74.386106,40.712696],[-74.385631,40.713318],[-74.385073,40.713896],[-74.384312,40.714554],[-74.383252,40.715233],[-74.381949,40.715811],[-74.375892,40.717875],[-74.374091,40.71833],[-74.365949,40.718333],[-74.365183,40.718217],[-74.357811,40.716543]]}},{"type":"Feature","properties":{"agency":"NJ Transit","color":"#A4C9AA","description":"Gladstone Branch","route":"MNEG","routeId":"8","shapeId":"1308","source":"NJ Transit GTFS"},"geometry":{"type":"LineString","coordinates":[[-74.658469,40.708794],[-74.658036,40.70678],[-74.658013,40.706062],[-74.658074,40.705163],[-74.658652,40.702253],[-74.658676,40.701576],[-74.65862,40.701099],[-74.65827,40.700014],[-74.657983,40.699496],[-74.65763,40.699005],[-74.65673,40.69812],[-74.655608,40.697397],[-74.654977,40.697106],[-74.653616,40.696684],[-74.649475,40.696369],[-74.648146,40.696054],[-74.647299,40.695621],[-74.64696,40.69538],[-74.646384,40.694818],[-74.645952,40.69418],[-74.644936,40.69145],[-74.644571,40.69068],[-74.644125,40.689932],[-74.643564,40.689231],[-74.642181,40.688],[-74.641352,40.687466],[-74.640494,40.687017],[-74.639574,40.686614],[-74.637989,40.686126],[-74.637455,40.686036],[-74.63308,40.685649],[-74.632365,40.685622],[-74.631056,40.685701],[-74.629672,40.685863],[-74.628138,40.686164],[-74.626651,40.686584],[-74.615375,40.690319],[-74.613869,40.690938],[-74.612724,40.691552],[-74.606035,40.695542],[-74.605165,40.69612],[-74.604476,40.696693],[-74.603869,40.697315],[-74.601573,40.699948],[-74.600756,40.700754],[-74.600067,40.701285],[-74.599306,40.701757],[-74.598484,40.702168],[-74.592667,40.704752],[-74.591562,40.705141],[-74.590278,40.705371],[-74.588959,40.705396],[-74.588305,40.70533],[-74.586474,40.704982],[-74.5857,40.704974],[-74.584578,40.705185],[-74.5836,40.705653],[-74.583074,40.706084],[-74.582674,40.706588],[-74.582426,40.707144],[-74.581926,40.708791],[-74.581495,40.709709],[-74.580822,40.710536],[-74.580401,40.710906],[-74.573373,40.715474],[-74.570432,40.717151],[-74.569472,40.717552],[-74.568462,40.717875],[-74.567416,40.718113],[-74.563288,40.718582],[-74.561853,40.718554],[-74.561149,40.718456],[-74.559798,40.718091],[-74.559167,40.717834],[-74.558028,40.717171],[-74.557096,40.716343],[-74.556718,40.715877],[-74.556167,40.714872],[-74.551621,40.696523],[-74.551358,40.694895],[-74.55132,40.693259],[-74.551528,40.68865],[-74.551502,40.688105],[-74.551226,40.687036],[-74.550979,40.686521],[-74.550283,40.68557],[-74.54947,40.684844],[-74.548793,40.684397],[-74.548199,40.684093],[-74.5469,40.683632],[-74.545503,40.683389],[-74.541443,40.683071],[-74.537784,40.682706],[-74.536582,40.682471],[-74.535465,40.682049],[-74.526954,40.676968],[-74.526092,40.676171],[-74.52521,40.674954],[-74.524369,40.674072],[-74.523311,40.673337],[-74.522709,40.673039],[-74.521404,40.672595],[-74.520711,40.672449],[-74.519288,40.672332],[-74.512405,40.672318],[-74.510147,40.672392],[-74.506854,40.672723],[-74.460209,40.679415],[-74.458802,40.679574],[-74.456919,40.679651],[-74.450993,40.679662],[-74.449666,40.679769],[-74.448302,40.680095],[-74.4435,40.682087],[-74.442649,40.682345],[-74.441423,40.682602],[-74.440341,40.682731],[-74.43925,40.682778],[-74.438155,40.682734],[-74.428642,40.681983],[-74.427175,40.682035],[-74.425753,40.682317],[-74.424437,40.682819],[-74.42329,40.68352],[-74.420253,40.685806],[-74.419204,40.686469],[-74.407775,40.69264],[-74.400714,40.696339],[-74.399577,40.697095],[-74.397647,40.699014],[-74.397294,40.699321],[-74.396466,40.699844],[-74.396006,40.700055],[-74.395009,40.700356],[-74.392336,40.700644],[-74.391568,40.700882],[-74.390878,40.701236],[-74.390063,40.701948],[-74.389701,40.702516],[-74.386785,40.711359],[-74.386501,40.712022],[-74.386106,40.712696],[-74.385631,40.713318],[-74.385073,40.713896],[-74.384312,40.714554],[-74.383252,40.715233],[-74.38262,40.715548],[-74.375892,40.717875],[-74.374091,40.71833],[-74.366383,40.718349],[-74.365519,40.718283],[-74.353574,40.715584],[-74.35272,40.715305],[-74.350753,40.714461],[-74.349952,40.714208],[-74.349096,40.714091],[-74.348232,40.71411],[-74.346986,40.714392],[-74.346249,40.714737],[-74.341037,40.718527],[-74.340647,40.718916],[-74.340039,40.719774],[-74.339826,40.720234],[-74.339273,40.722289],[-74.339048,40.722807],[-74.338393,40.723777],[-74.337485,40.724621],[-74.33637,40.725304],[-74.334998,40.72592],[-74.333855,40.726348],[-74.333032,40.726562],[-74.331324,40.726786],[-74.329588,40.726734],[-74.328736,40.726605],[-74.321986,40.724794],[-74.32095,40.724635],[-74.319899,40.724561],[-74.313732,40.724378],[-74.312907,40.724408],[-74.311299,40.724663],[-74.307619,40.725835],[-74.3065,40.72597],[-74.305932,40.72597],[-74.304816,40.725833],[-74.297479,40.724336],[-74.295691,40.724125],[-74.294783,40.724128],[-74.292995,40.72435],[-74.291309,40.724849],[-74.276858,40.730502],[-74.275409,40.731154],[-74.274391,40.731749],[-74.273462,40.732423],[-74.272627,40.733166],[-74.270349,40.735429],[-74.264824,40.740701],[-74.264023,40.741586],[-74.24523,40.765134],[-74.24303,40.767685],[-74.241198,40.769669],[-74.240118,40.770579],[-74.239492,40.770965],[-74.238619,40.77137],[-74.237269,40.771771],[-74.236563,40.771886],[-74.235107,40.771987],[-74.233118,40.771883],[-74.232143,40.77171],[-74.230224,40.771129],[-74.228656,40.770494],[-74.210805,40.760944],[-74.210592,40.760834],[-74.210464,40.760977],[-74.210592,40.760834],[-74.208903,40.760081],[-74.207515,40.759623],[-74.192644,40.755408],[-74.191617,40.755047],[-74.190387,40.754381],[-74.187934,40.752701],[-74.186759,40.751978],[-74.184798,40.751008],[-74.18348,40.750443],[-74.179377,40.749213],[-74.170853,40.747418],[-74.169498,40.747349],[-74.165756,40.7475],[-74.164412,40.747349],[-74.163763,40.747193],[-74.162545,40.746735],[-74.161991,40.746434],[-74.15759,40.743176],[-74.156378,40.742573],[-74.155026,40.742176],[-74.153595,40.742],[-74.152872,40.742],[-74.146475,40.742274],[-74.127961,40.743735],[-74.126047,40.743823],[-74.115824,40.743973],[-74.096663,40.745338],[-74.091329,40.745595],[-74.089817,40.745606],[-74.088313,40.7455],[-74.08683,40.745272],[-74.074982,40.742809],[-74.071081,40.742102],[-74.047514,40.737018],[-74.046233,40.736794],[-74.036954,40.734823],[-74.035942,40.73473],[-74.028046,40.73484]]}},{"type":"Feature","properties":{"agency":"NJ Transit","color":"#A4C9AA","description":"Gladstone Branch","route":"MNEG","routeId":"8","shapeId":"1310","source":"NJ Transit GTFS"},"geometry":{"type":"LineString","coordinates":[[-74.666371,40.720284],[-74.661864,40.716762],[-74.661176,40.716077],[-74.660586,40.71534],[-74.660101,40.714562],[-74.659724,40.713748],[-74.659463,40.71291],[-74.658156,40.707489],[-74.658036,40.70678],[-74.658037,40.70542],[-74.658652,40.702253],[-74.658676,40.701576],[-74.65862,40.701099],[-74.65827,40.700014],[-74.65763,40.699005],[-74.657209,40.698545],[-74.65673,40.69812],[-74.655608,40.697397],[-74.654309,40.696868],[-74.653616,40.696684],[-74.652901,40.696594],[-74.649797,40.696408],[-74.64898,40.696284],[-74.648146,40.696054],[-74.647299,40.695621],[-74.64696,40.69538],[-74.646384,40.694818],[-74.645952,40.69418],[-74.644936,40.69145],[-74.644571,40.69068],[-74.644125,40.689932],[-74.643564,40.689231],[-74.642181,40.688],[-74.641352,40.687466],[-74.640494,40.687017],[-74.639574,40.686614],[-74.637989,40.686126],[-74.636375,40.685929],[-74.632365,40.685622],[-74.629672,40.685863],[-74.628138,40.686164],[-74.626651,40.686584],[-74.615375,40.690319],[-74.613869,40.690938],[-74.612724,40.691552],[-74.606035,40.695542],[-74.605165,40.69612],[-74.604476,40.696693],[-74.603869,40.697315],[-74.60137,40.70017],[-74.600756,40.700754],[-74.600067,40.701285],[-74.599306,40.701757],[-74.598484,40.702168],[-74.592667,40.704752],[-74.591562,40.705141],[-74.590278,40.705371],[-74.588959,40.705396],[-74.588305,40.70533],[-74.586856,40.705034],[-74.58609,40.704963],[-74.584944,40.705083],[-74.583905,40.705472],[-74.583321,40.705859],[-74.582674,40.706588],[-74.582426,40.707144],[-74.581743,40.709257],[-74.581186,40.710136],[-74.580401,40.710906],[-74.573373,40.715474],[-74.570432,40.717151],[-74.569472,40.717552],[-74.568462,40.717875],[-74.567416,40.718113],[-74.566341,40.718269],[-74.563288,40.718582],[-74.562569,40.718596],[-74.561149,40.718456],[-74.560459,40.7183],[-74.559167,40.717834],[-74.558028,40.717171],[-74.557096,40.716343],[-74.556718,40.715877],[-74.556167,40.714872],[-74.551621,40.696523],[-74.551358,40.694895],[-74.55132,40.693259],[-74.551528,40.68865],[-74.5514,40.687565],[-74.551226,40.687036],[-74.550667,40.686033],[-74.549845,40.68514],[-74.548793,40.684397],[-74.548199,40.684093],[-74.5469,40.683632],[-74.546211,40.683482],[-74.537784,40.682706],[-74.536582,40.682471],[-74.535465,40.682049],[-74.526954,40.676968],[-74.526092,40.676171],[-74.52521,40.674954],[-74.524369,40.674072],[-74.523311,40.673337],[-74.522071,40.672792],[-74.520711,40.672449],[-74.519288,40.672332],[-74.512405,40.672318],[-74.510147,40.672392],[-74.506854,40.672723],[-74.460209,40.679415],[-74.458802,40.679574],[-74.456919,40.679651],[-74.450993,40.679662],[-74.449666,40.679769],[-74.448302,40.680095],[-74.4435,40.682087],[-74.442649,40.682345],[-74.441423,40.682602],[-74.440341,40.682731],[-74.43925,40.682778],[-74.438155,40.682734],[-74.428967,40.682002],[-74.427905,40.681977],[-74.426455,40.682147],[-74.425079,40.682542],[-74.423842,40.683147],[-74.420253,40.685806],[-74.419204,40.686469],[-74.407775,40.69264],[-74.400119,40.696695],[-74.399097,40.697539],[-74.397294,40.699321],[-74.396466,40.699844],[-74.396006,40.700055],[-74.395009,40.700356],[-74.394484,40.700447],[-74.392741,40.700573],[-74.391941,40.700748],[-74.391212,40.701044],[-74.390573,40.70145],[-74.390063,40.701948],[-74.389701,40.702516],[-74.386785,40.711359],[-74.386501,40.712022],[-74.386106,40.712696],[-74.385631,40.713318],[-74.385073,40.713896],[-74.384312,40.714554],[-74.383252,40.715233],[-74.38262,40.715548],[-74.375301,40.718058],[-74.374091,40.71833],[-74.366383,40.718349],[-74.365519,40.718283],[-74.353574,40.715584],[-74.35272,40.715305],[-74.350753,40.714461],[-74.349952,40.714208],[-74.349096,40.714091],[-74.348232,40.71411],[-74.346986,40.714392],[-74.346249,40.714737],[-74.341037,40.718527],[-74.340647,40.718916],[-74.340039,40.719774],[-74.339826,40.720234],[-74.339273,40.722289],[-74.339048,40.722807],[-74.338393,40.723777],[-74.337485,40.724621],[-74.33637,40.725304],[-74.334998,40.72592],[-74.333855,40.726348],[-74.333032,40.726562],[-74.331324,40.726786],[-74.329588,40.726734],[-74.328736,40.726605],[-74.321986,40.724794],[-74.32095,40.724635],[-74.319899,40.724561],[-74.313732,40.724378],[-74.312907,40.724408],[-74.311299,40.724663],[-74.307619,40.725835],[-74.3065,40.72597],[-74.305932,40.72597],[-74.304816,40.725833],[-74.297479,40.724336],[-74.295691,40.724125],[-74.294783,40.724128],[-74.292995,40.72435],[-74.291309,40.724849],[-74.276502,40.730645],[-74.275409,40.731154],[-74.274391,40.731749],[-74.273462,40.732423],[-74.272627,40.733166],[-74.270349,40.735429],[-74.264824,40.740701],[-74.264023,40.741586],[-74.24523,40.765134],[-74.24303,40.767685],[-74.241271,40.769592],[-74.24069,40.770146],[-74.240118,40.770579],[-74.239245,40.771094],[-74.237959,40.771598],[-74.236563,40.771886],[-74.235107,40.771987],[-74.233118,40.771883],[-74.231872,40.771642],[-74.230224,40.771129],[-74.228656,40.770494],[-74.22718,40.769732],[-74.210218,40.760645],[-74.208903,40.760081],[-74.207515,40.759623],[-74.192644,40.755408],[-74.191617,40.755047],[-74.190387,40.754381],[-74.187934,40.752701],[-74.186759,40.751978],[-74.184798,40.751008],[-74.18348,40.750443],[-74.179377,40.749213],[-74.170853,40.747418],[-74.169498,40.747349],[-74.165756,40.7475],[-74.164412,40.747349],[-74.163763,40.747193],[-74.162545,40.746735],[-74.161991,40.746434],[-74.158117,40.743535],[-74.157007,40.74285],[-74.155715,40.742346],[-74.154318,40.742061],[-74.152872,40.742],[-74.146475,40.742274],[-74.13022,40.743557],[-74.124368,40.74422],[-74.122886,40.744447],[-74.121188,40.744869],[-74.113384,40.74722],[-74.088091,40.755737],[-74.085724,40.756672],[-74.053384,40.771412],[-74.052383,40.771814],[-74.05133,40.772135],[-74.050241,40.772373],[-74.049125,40.772521],[-74.047992,40.772579],[-74.04686,40.772549],[-74.045736,40.772428],[-74.044638,40.772217],[-74.043571,40.771921],[-74.042505,40.771524],[-73.992366,40.750048]]}},{"type":"Feature","properties":{"agency":"NJ Transit","color":"#A4C9AA","description":"Gladstone Branch","route":"MNEG","routeId":"8","shapeId":"1311","source":"NJ Transit GTFS"},"geometry":{"type":"LineString","coordinates":[[-74.666371,40.720284],[-74.661864,40.716762],[-74.661176,40.716077],[-74.660586,40.71534],[-74.660101,40.714562],[-74.659724,40.713748],[-74.659463,40.71291],[-74.658156,40.707489],[-74.658036,40.70678],[-74.658037,40.70542],[-74.658652,40.702253],[-74.658676,40.701576],[-74.65862,40.701099],[-74.65827,40.700014],[-74.65763,40.699005],[-74.657209,40.698545],[-74.65673,40.69812],[-74.655608,40.697397],[-74.654309,40.696868],[-74.653616,40.696684],[-74.652901,40.696594],[-74.649797,40.696408],[-74.64898,40.696284],[-74.648146,40.696054],[-74.647299,40.695621],[-74.64696,40.69538],[-74.646384,40.694818],[-74.645952,40.69418],[-74.644936,40.69145],[-74.644571,40.69068],[-74.644125,40.689932],[-74.643564,40.689231],[-74.642181,40.688],[-74.641352,40.687466],[-74.640494,40.687017],[-74.639574,40.686614],[-74.637989,40.686126],[-74.636375,40.685929],[-74.632365,40.685622],[-74.629672,40.685863],[-74.628138,40.686164],[-74.626651,40.686584],[-74.615375,40.690319],[-74.613869,40.690938],[-74.612724,40.691552],[-74.606035,40.695542],[-74.605165,40.69612],[-74.604476,40.696693],[-74.603869,40.697315],[-74.60137,40.70017],[-74.600756,40.700754],[-74.600067,40.701285],[-74.599306,40.701757],[-74.598484,40.702168],[-74.592667,40.704752],[-74.591562,40.705141],[-74.590278,40.705371],[-74.588959,40.705396],[-74.588305,40.70533],[-74.586856,40.705034],[-74.58609,40.704963],[-74.584944,40.705083],[-74.583905,40.705472],[-74.583321,40.705859],[-74.582674,40.706588],[-74.582426,40.707144],[-74.581743,40.709257],[-74.581186,40.710136],[-74.580401,40.710906],[-74.573373,40.715474],[-74.570432,40.717151],[-74.569472,40.717552],[-74.568462,40.717875],[-74.567416,40.718113],[-74.566341,40.718269],[-74.563288,40.718582],[-74.562569,40.718596],[-74.561149,40.718456],[-74.560459,40.7183],[-74.559167,40.717834],[-74.558028,40.717171],[-74.557096,40.716343],[-74.556718,40.715877],[-74.556167,40.714872],[-74.551621,40.696523],[-74.551358,40.694895],[-74.55132,40.693259],[-74.551528,40.68865],[-74.5514,40.687565],[-74.551226,40.687036],[-74.550667,40.686033],[-74.549845,40.68514],[-74.548793,40.684397],[-74.548199,40.684093],[-74.5469,40.683632],[-74.546211,40.683482],[-74.537784,40.682706],[-74.536582,40.682471],[-74.535465,40.682049],[-74.526954,40.676968],[-74.526092,40.676171],[-74.52521,40.674954],[-74.524369,40.674072],[-74.523311,40.673337],[-74.522071,40.672792],[-74.520711,40.672449],[-74.520003,40.672364],[-74.512405,40.672318],[-74.510147,40.672392],[-74.506854,40.672723],[-74.460209,40.679415],[-74.458802,40.679574],[-74.456919,40.679651],[-74.450993,40.679662],[-74.449666,40.679769],[-74.448302,40.680095],[-74.4435,40.682087],[-74.442649,40.682345],[-74.441423,40.682602],[-74.440341,40.682731],[-74.43925,40.682778],[-74.438155,40.682734],[-74.428642,40.681983],[-74.427175,40.682035],[-74.425753,40.682317],[-74.424437,40.682819],[-74.423842,40.683147],[-74.420253,40.685806],[-74.419204,40.686469],[-74.407775,40.69264],[-74.400119,40.696695],[-74.399097,40.697539],[-74.397294,40.699321],[-74.396466,40.699844],[-74.396006,40.700055],[-74.395009,40.700356],[-74.394484,40.700447],[-74.392741,40.700573],[-74.391941,40.700748],[-74.391212,40.701044],[-74.390573,40.70145],[-74.390063,40.701948],[-74.389701,40.702516],[-74.386785,40.711359],[-74.386501,40.712022],[-74.386106,40.712696],[-74.385631,40.713318],[-74.385073,40.713896],[-74.384312,40.714554],[-74.383252,40.715233],[-74.38262,40.715548],[-74.375301,40.718058],[-74.374091,40.71833],[-74.366383,40.718349],[-74.365519,40.718283],[-74.353574,40.715584],[-74.35272,40.715305],[-74.350753,40.714461],[-74.349952,40.714208],[-74.349096,40.714091],[-74.348232,40.71411],[-74.346986,40.714392],[-74.346249,40.714737],[-74.341037,40.718527],[-74.340647,40.718916],[-74.340039,40.719774],[-74.339826,40.720234],[-74.339273,40.722289],[-74.339048,40.722807],[-74.338393,40.723777],[-74.337485,40.724621],[-74.33637,40.725304],[-74.334998,40.72592],[-74.333855,40.726348],[-74.333032,40.726562],[-74.331324,40.726786],[-74.329588,40.726734],[-74.328736,40.726605],[-74.321986,40.724794],[-74.32095,40.724635],[-74.319899,40.724561],[-74.313732,40.724378],[-74.312907,40.724408],[-74.311299,40.724663],[-74.307619,40.725835],[-74.3065,40.72597],[-74.305932,40.72597],[-74.304816,40.725833],[-74.297479,40.724336],[-74.295691,40.724125],[-74.294783,40.724128],[-74.292995,40.72435],[-74.291309,40.724849],[-74.276502,40.730645],[-74.275409,40.731154],[-74.274391,40.731749],[-74.273462,40.732423],[-74.272627,40.733166],[-74.270349,40.735429],[-74.264824,40.740701],[-74.264023,40.741586],[-74.24523,40.765134],[-74.24303,40.767685],[-74.241271,40.769592],[-74.24069,40.770146],[-74.240118,40.770579],[-74.239245,40.771094],[-74.237959,40.771598],[-74.236563,40.771886],[-74.235107,40.771987],[-74.233118,40.771883],[-74.231872,40.771642],[-74.230224,40.771129],[-74.228656,40.770494],[-74.22718,40.769732],[-74.210592,40.760834],[-74.210464,40.760977],[-74.210592,40.760834],[-74.210218,40.760645],[-74.208903,40.760081],[-74.207515,40.759623],[-74.192644,40.755408],[-74.191617,40.755047],[-74.190387,40.754381],[-74.187934,40.752701],[-74.186759,40.751978],[-74.184798,40.751008],[-74.18348,40.750443],[-74.179377,40.749213],[-74.170853,40.747418],[-74.169498,40.747349],[-74.165756,40.7475],[-74.164412,40.747349],[-74.163763,40.747193],[-74.162545,40.746735],[-74.161991,40.746434],[-74.15759,40.743176],[-74.156378,40.742573],[-74.155026,40.742176],[-74.153595,40.742],[-74.152872,40.742],[-74.146475,40.742274],[-74.127961,40.743735],[-74.126047,40.743823],[-74.115824,40.743973],[-74.096663,40.745338],[-74.091329,40.745595],[-74.089817,40.745606],[-74.088313,40.7455],[-74.08683,40.745272],[-74.074982,40.742809],[-74.071081,40.742102],[-74.047514,40.737018],[-74.046233,40.736794],[-74.036954,40.734823],[-74.035942,40.73473],[-74.028046,40.73484]]}},{"type":"Feature","properties":{"agency":"NJ Transit","color":"#A4C9AA","description":"Gladstone Branch","route":"MNEG","routeId":"8","shapeId":"1317","source":"NJ Transit GTFS"},"geometry":{"type":"LineString","coordinates":[[-74.571023,40.716845],[-74.569472,40.717552],[-74.568462,40.717875],[-74.567416,40.718113],[-74.563288,40.718582],[-74.561853,40.718554],[-74.560459,40.7183],[-74.559167,40.717834],[-74.558028,40.717171],[-74.557096,40.716343],[-74.556718,40.715877],[-74.556167,40.714872],[-74.551621,40.696523],[-74.551358,40.694895],[-74.55132,40.693259],[-74.551528,40.68865],[-74.5514,40.687565],[-74.551226,40.687036],[-74.550667,40.686033],[-74.549845,40.68514],[-74.549344,40.684748],[-74.548199,40.684093],[-74.5469,40.683632],[-74.546211,40.683482],[-74.537784,40.682706],[-74.536582,40.682471],[-74.535465,40.682049],[-74.526954,40.676968],[-74.526092,40.676171],[-74.52521,40.674954],[-74.524369,40.674072],[-74.523311,40.673337],[-74.522071,40.672792],[-74.520711,40.672449],[-74.519288,40.672332],[-74.512405,40.672318],[-74.510147,40.672392],[-74.506854,40.672723],[-74.460209,40.679415],[-74.458802,40.679574],[-74.456919,40.679651],[-74.450993,40.679662],[-74.449666,40.679769],[-74.448302,40.680095],[-74.4435,40.682087],[-74.442649,40.682345],[-74.441423,40.682602],[-74.440341,40.682731],[-74.43925,40.682778],[-74.438155,40.682734],[-74.428967,40.682002],[-74.427905,40.681977],[-74.426455,40.682147],[-74.425079,40.682542],[-74.423842,40.683147],[-74.420253,40.685806],[-74.419204,40.686469],[-74.407775,40.69264],[-74.400119,40.696695],[-74.399097,40.697539],[-74.397294,40.699321],[-74.396466,40.699844],[-74.396006,40.700055],[-74.395009,40.700356],[-74.394484,40.700447],[-74.392741,40.700573],[-74.391941,40.700748],[-74.391212,40.701044],[-74.390573,40.70145],[-74.390063,40.701948],[-74.389701,40.702516],[-74.386785,40.711359],[-74.386501,40.712022],[-74.386106,40.712696],[-74.385631,40.713318],[-74.385073,40.713896],[-74.384312,40.714554],[-74.383252,40.715233],[-74.38262,40.715548],[-74.375301,40.718058],[-74.374091,40.71833],[-74.366383,40.718349],[-74.365519,40.718283],[-74.353574,40.715584],[-74.35272,40.715305],[-74.350753,40.714461],[-74.349952,40.714208],[-74.349096,40.714091],[-74.348232,40.71411],[-74.346986,40.714392],[-74.346249,40.714737],[-74.341037,40.718527],[-74.340647,40.718916],[-74.340039,40.719774],[-74.339826,40.720234],[-74.339273,40.722289],[-74.339048,40.722807],[-74.338393,40.723777],[-74.337485,40.724621],[-74.33637,40.725304],[-74.334998,40.72592],[-74.333855,40.726348],[-74.333032,40.726562],[-74.331324,40.726786],[-74.329588,40.726734],[-74.328736,40.726605],[-74.321986,40.724794],[-74.32095,40.724635],[-74.319899,40.724561],[-74.313732,40.724378],[-74.312907,40.724408],[-74.311299,40.724663],[-74.307619,40.725835],[-74.3065,40.72597],[-74.305932,40.72597],[-74.304816,40.725833],[-74.297479,40.724336],[-74.295691,40.724125],[-74.294783,40.724128],[-74.292995,40.72435],[-74.291309,40.724849],[-74.276858,40.730502],[-74.275409,40.731154],[-74.274391,40.731749],[-74.273462,40.732423],[-74.272627,40.733166],[-74.270349,40.735429],[-74.264824,40.740701],[-74.264023,40.741586],[-74.24523,40.765134],[-74.24303,40.767685],[-74.241271,40.769592],[-74.24069,40.770146],[-74.240118,40.770579],[-74.239245,40.771094],[-74.237959,40.771598],[-74.236563,40.771886],[-74.235107,40.771987],[-74.233103,40.771883],[-74.231872,40.771642],[-74.230224,40.771129],[-74.228656,40.770494],[-74.22718,40.769732],[-74.210592,40.760834],[-74.210464,40.760977],[-74.210592,40.760834],[-74.210218,40.760645],[-74.208903,40.760081],[-74.207515,40.759623],[-74.192644,40.755408],[-74.191617,40.755047],[-74.190387,40.754381],[-74.187934,40.752701],[-74.186759,40.751978],[-74.184798,40.751008],[-74.18348,40.750443],[-74.179377,40.749213],[-74.170853,40.747418],[-74.169498,40.747349],[-74.165756,40.7475],[-74.164412,40.747349],[-74.163763,40.747193],[-74.162545,40.746735],[-74.161991,40.746434],[-74.15759,40.743176],[-74.156378,40.742573],[-74.155026,40.742176],[-74.153595,40.742],[-74.152872,40.742],[-74.146475,40.742274],[-74.127961,40.743735],[-74.126047,40.743823],[-74.115824,40.743973],[-74.096663,40.745338],[-74.091329,40.745595],[-74.089817,40.745606],[-74.088313,40.7455],[-74.08683,40.745272],[-74.074982,40.742809],[-74.071081,40.742102],[-74.047514,40.737018],[-74.046233,40.736794],[-74.036954,40.734823],[-74.035942,40.73473],[-74.028046,40.73484]]}},{"type":"Feature","properties":{"agency":"NJ Transit","color":"#C1AA72","description":"Meadowlands Rail Line","route":"MRL","routeId":"9","shapeId":"1520","source":"NJ Transit GTFS"},"geometry":{"type":"LineString","coordinates":[[-74.072114,40.813053],[-74.072053,40.813023],[-74.069479,40.815881],[-74.068528,40.81721],[-74.068372,40.817525],[-74.068314,40.817821],[-74.068336,40.818125],[-74.068482,40.818605],[-74.068751,40.819081],[-74.069572,40.820024],[-74.071051,40.821671],[-74.072171,40.822718],[-74.073104,40.823433],[-74.07709,40.825496],[-74.07753,40.825642],[-74.078257,40.82577],[-74.080947,40.825831],[-74.081532,40.825954],[-74.082436,40.826302],[-74.086999,40.828659],[-74.087627,40.82885],[-74.088216,40.828949],[-74.089042,40.828924],[-74.089824,40.828702],[-74.090283,40.828445],[-74.09194,40.826779],[-74.093464,40.824754],[-74.09418,40.823619],[-74.094734,40.822435],[-74.095122,40.821213],[-74.09534,40.819966],[-74.095366,40.819339],[-74.095388,40.818711],[-74.095262,40.817456],[-74.094962,40.81622],[-74.094495,40.815015],[-74.089019,40.803251],[-74.083887,40.792024],[-74.082465,40.789295],[-74.080836,40.785787],[-74.080138,40.783699],[-74.080094,40.783132],[-74.080154,40.782395],[-74.080302,40.781857],[-74.080563,40.781493],[-74.085738,40.778027],[-74.086325,40.777358],[-74.086712,40.776503],[-74.086826,40.775769],[-74.086738,40.774936],[-74.086458,40.774196],[-74.080689,40.7672],[-74.075102,40.760294],[-74.072391,40.757148],[-74.071532,40.755871],[-74.07085,40.754532],[-74.070357,40.753145],[-74.069291,40.749352],[-74.067487,40.743477],[-74.067156,40.742159],[-74.066866,40.741677],[-74.066569,40.741406],[-74.066001,40.741099],[-74.064142,40.740573],[-74.036954,40.734823],[-74.035942,40.73473],[-74.028046,40.73484]]}},{"type":"Feature","properties":{"agency":"NJ Transit","color":"#C1AA72","description":"Meadowlands Rail Line","route":"MRL","routeId":"9","shapeId":"1527","source":"NJ Transit GTFS"},"geometry":{"type":"LineString","coordinates":[[-74.072114,40.813053],[-74.072053,40.813023],[-74.069479,40.815881],[-74.068528,40.81721],[-74.068372,40.817525],[-74.068314,40.817821],[-74.068336,40.818125],[-74.068482,40.818605],[-74.068751,40.819081],[-74.069572,40.820024],[-74.071051,40.821671],[-74.072171,40.822718],[-74.073104,40.823433],[-74.07709,40.825496],[-74.07753,40.825642],[-74.078257,40.82577],[-74.080947,40.825831],[-74.081532,40.825954],[-74.082436,40.826302],[-74.086999,40.828659],[-74.087627,40.82885],[-74.088216,40.828949],[-74.089042,40.828924],[-74.089824,40.828702],[-74.090283,40.828445],[-74.09194,40.826779],[-74.093464,40.824754],[-74.09418,40.823619],[-74.094734,40.822435],[-74.095122,40.821213],[-74.09534,40.819966],[-74.095366,40.819339],[-74.095388,40.818711],[-74.095262,40.817456],[-74.094962,40.81622],[-74.094495,40.815015],[-74.089019,40.803251],[-74.083887,40.792024],[-74.082465,40.789295],[-74.080836,40.785787],[-74.080138,40.783699],[-74.080094,40.783132],[-74.080154,40.782395],[-74.080302,40.781857],[-74.080563,40.781493],[-74.085738,40.778027],[-74.08627,40.77744],[-74.086618,40.776785],[-74.086796,40.776106],[-74.086812,40.775374],[-74.086672,40.774697],[-74.086408,40.774111],[-74.080689,40.7672],[-74.075825,40.761185]]}},{"type":"Feature","properties":{"agency":"NJ Transit","color":"#009EDA","description":"8th Street–Hoboken","route":"8th Street–Hoboken","routeId":"HBLR-8H","shapeId":"367","source":"NJ Transit GTFS"},"geometry":{"type":"LineString","coordinates":[[-74.129142,40.654298],[-74.12937,40.654202],[-74.12806,40.654128],[-74.126803,40.65415],[-74.125671,40.654281],[-74.124248,40.654569],[-74.123138,40.654923],[-74.122481,40.655221],[-74.122053,40.65543],[-74.12111,40.656063],[-74.120153,40.656931],[-74.11815,40.659236],[-74.096377,40.684909],[-74.095491,40.685841],[-74.094625,40.686586],[-74.078639,40.699153],[-74.077359,40.700074],[-74.075496,40.70108],[-74.059122,40.708522],[-74.056706,40.709745],[-74.054962,40.710989],[-74.054804,40.71118],[-74.054728,40.711454],[-74.054732,40.711742],[-74.055205,40.713474],[-74.055147,40.713756],[-74.054873,40.714044],[-74.054248,40.714293],[-74.053875,40.714318],[-74.05114,40.713611],[-74.050808,40.713595],[-74.050568,40.713674],[-74.050389,40.713822],[-74.049743,40.714872],[-74.049481,40.715022],[-74.049224,40.715058],[-74.042537,40.714362],[-74.042059,40.71414],[-74.041618,40.713562],[-74.041374,40.713441],[-74.035096,40.712731],[-74.034773,40.712816],[-74.034674,40.71297],[-74.033948,40.716817],[-74.033978,40.716995],[-74.034313,40.717376],[-74.034365,40.717549],[-74.033907,40.720229],[-74.034118,40.720429],[-74.036174,40.721054],[-74.037275,40.72121],[-74.037429,40.721308],[-74.037499,40.721484],[-74.037006,40.724342],[-74.036455,40.725348],[-74.035957,40.728863],[-74.035576,40.730047],[-74.035701,40.730494],[-74.036604,40.7317],[-74.036769,40.732037],[-74.036786,40.732382],[-74.036602,40.733511],[-74.036411,40.733744],[-74.036127,40.733831],[-74.032357,40.733475],[-74.030742,40.733853],[-74.029286,40.734042]]}},{"type":"Feature","properties":{"agency":"NJ Transit","color":"#008C4E","description":"Hoboken–Tonnelle Avenue","route":"Hoboken–Tonnelle Avenue","routeId":"HBLR-HT","shapeId":"393","source":"NJ Transit GTFS"},"geometry":{"type":"LineString","coordinates":[[-74.029192,40.734059],[-74.030742,40.733853],[-74.032357,40.733475],[-74.037449,40.733955],[-74.037817,40.734018],[-74.038318,40.734215],[-74.039467,40.735087],[-74.040129,40.735355],[-74.042283,40.735717],[-74.043998,40.735695],[-74.045222,40.735563],[-74.045535,40.735703],[-74.045644,40.735966],[-74.045558,40.736155],[-74.044652,40.737109],[-74.044247,40.737676],[-74.043921,40.738273],[-74.043682,40.738893],[-74.042643,40.742313],[-74.042148,40.743675],[-74.04193,40.744072],[-74.041403,40.744793],[-74.039688,40.746793],[-74.039183,40.747566],[-74.037873,40.750095],[-74.035956,40.753194],[-74.033931,40.75697],[-74.033695,40.757313],[-74.033366,40.757612],[-74.032965,40.75785],[-74.03251,40.75802],[-74.032013,40.758116],[-74.03125,40.758105],[-74.02912,40.757757],[-74.027954,40.757858],[-74.026886,40.758228],[-74.02602,40.758831],[-74.023118,40.762476],[-74.022,40.763561],[-74.020734,40.764618],[-74.018203,40.768041],[-74.01694,40.769195],[-74.015892,40.770469],[-74.01489,40.772343],[-74.013232,40.775056],[-74.012707,40.776711],[-74.012733,40.77695],[-74.012895,40.777287],[-74.013073,40.777484],[-74.013486,40.777764],[-74.02248,40.781992],[-74.029569,40.785902],[-74.030523,40.786554],[-74.031266,40.78733]]}},{"type":"Feature","properties":{"agency":"NJ Transit","color":"#FFDD00","description":"West Side Avenue–Tonnelle Avenue","route":"West Side Avenue–Tonnelle Avenue","routeId":"HBLR-WST","shapeId":"365","source":"NJ Transit GTFS"},"geometry":{"type":"LineString","coordinates":[[-74.087581,40.714548],[-74.07302,40.710937],[-74.061833,40.708257],[-74.060941,40.708152],[-74.06005,40.708262],[-74.058456,40.708848],[-74.056706,40.709745],[-74.054962,40.710989],[-74.054782,40.711235],[-74.054719,40.711597],[-74.055195,40.713403],[-74.055193,40.713619],[-74.055107,40.713822],[-74.054873,40.714044],[-74.054157,40.71431],[-74.053691,40.714285],[-74.05114,40.713611],[-74.050808,40.713595],[-74.050568,40.713674],[-74.050389,40.713822],[-74.049743,40.714872],[-74.049481,40.715022],[-74.049224,40.715058],[-74.042537,40.714362],[-74.042059,40.71414],[-74.041618,40.713562],[-74.041374,40.713441],[-74.035096,40.712731],[-74.034904,40.712748],[-74.034726,40.71286],[-74.033948,40.716817],[-74.033978,40.716995],[-74.034313,40.717376],[-74.034365,40.717549],[-74.033907,40.720229],[-74.034118,40.720429],[-74.036174,40.721054],[-74.037275,40.72121],[-74.037429,40.721308],[-74.037499,40.721484],[-74.037006,40.724342],[-74.036455,40.725348],[-74.035957,40.728863],[-74.035585,40.729932],[-74.035582,40.730162],[-74.035701,40.730494],[-74.036604,40.7317],[-74.036769,40.732037],[-74.036786,40.732382],[-74.036602,40.733511],[-74.036517,40.733659],[-74.036973,40.733905],[-74.037634,40.733979],[-74.03816,40.734136],[-74.039467,40.735087],[-74.040129,40.735355],[-74.042283,40.735717],[-74.043998,40.735695],[-74.045222,40.735563],[-74.04542,40.735621],[-74.045592,40.735769],[-74.045624,40.736043],[-74.044652,40.737109],[-74.044247,40.737676],[-74.043921,40.738273],[-74.043682,40.738893],[-74.042643,40.742313],[-74.042148,40.743675],[-74.04193,40.744072],[-74.041403,40.744793],[-74.039688,40.746793],[-74.039183,40.747566],[-74.037873,40.750095],[-74.035956,40.753194],[-74.033931,40.75697],[-74.033695,40.757313],[-74.033366,40.757612],[-74.032965,40.75785],[-74.03251,40.75802],[-74.032013,40.758116],[-74.03125,40.758105],[-74.02912,40.757757],[-74.027954,40.757858],[-74.026886,40.758228],[-74.02602,40.758831],[-74.023118,40.762476],[-74.022,40.763561],[-74.020734,40.764618],[-74.018203,40.768041],[-74.01694,40.769195],[-74.015892,40.770469],[-74.01489,40.772343],[-74.013232,40.775056],[-74.012707,40.776711],[-74.012733,40.77695],[-74.012895,40.777287],[-74.013073,40.777484],[-74.013486,40.777764],[-74.02248,40.781992],[-74.029569,40.785902],[-74.030523,40.786554],[-74.031266,40.78733]]}},{"type":"Feature","properties":{"agency":"NJ Transit","color":"#FECE05","description":"Broad Street–Newark Penn","route":"Broad Street–Newark Penn","routeId":"NLR-BSE","shapeId":"2895","source":"NJ Transit GTFS"},"geometry":{"type":"LineString","coordinates":[[-74.163603,40.73481],[-74.163501,40.734928],[-74.164989,40.735684],[-74.167238,40.736396],[-74.167676,40.736698],[-74.167747,40.736816],[-74.167737,40.737123],[-74.167374,40.737509],[-74.165786,40.738561],[-74.165559,40.738819],[-74.165506,40.738975],[-74.165729,40.740767],[-74.165927,40.741211],[-74.166404,40.741869],[-74.166845,40.742233],[-74.16792,40.742836],[-74.168166,40.743096],[-74.168671,40.744856],[-74.168966,40.745319],[-74.170065,40.746429],[-74.171211,40.747157],[-74.171456,40.747242]]}},{"type":"Feature","properties":{"agency":"NJ Transit","color":"#FECE05","description":"Broad Street–Newark Penn","route":"Broad Street–Newark Penn","routeId":"NLR-BSE","shapeId":"2899","source":"NJ Transit GTFS"},"geometry":{"type":"LineString","coordinates":[[-74.17151,40.747209],[-74.171261,40.747155],[-74.170485,40.746659],[-74.17004,40.745031],[-74.169955,40.744217],[-74.169568,40.742913],[-74.16927,40.742724],[-74.168234,40.742847],[-74.167942,40.742809],[-74.167308,40.742496],[-74.166845,40.742233],[-74.166404,40.741869],[-74.165927,40.741211],[-74.165729,40.740767],[-74.165506,40.738975],[-74.165559,40.738819],[-74.165786,40.738561],[-74.167374,40.737509],[-74.167737,40.737123],[-74.167747,40.736816],[-74.167676,40.736698],[-74.167238,40.736396],[-74.165018,40.735692],[-74.163512,40.734536],[-74.163226,40.734536],[-74.163153,40.734618],[-74.163166,40.734736],[-74.163501,40.734928]]}},{"type":"Feature","properties":{"agency":"NJ Transit","color":"#00A7E5","description":"Grove Street–Newark Penn","route":"Grove Street–Newark Penn","routeId":"NLR-NCS","shapeId":"2884","source":"NJ Transit GTFS"},"geometry":{"type":"LineString","coordinates":[[-74.187931,40.780317],[-74.187938,40.780378],[-74.180364,40.780331],[-74.179245,40.780408],[-74.177915,40.780644],[-74.175151,40.781499],[-74.174956,40.781452],[-74.17482,40.781329],[-74.174547,40.780496],[-74.174581,40.780008],[-74.174863,40.779079],[-74.175463,40.778095],[-74.177535,40.7753],[-74.17797,40.774563],[-74.178186,40.773985],[-74.178294,40.77339],[-74.178235,40.772491],[-74.177445,40.770211],[-74.177353,40.769748],[-74.177376,40.76928],[-74.177511,40.768822],[-74.177758,40.768392],[-74.181468,40.763243],[-74.183106,40.76164],[-74.183766,40.76087],[-74.184524,40.759653],[-74.184996,40.758513],[-74.185263,40.757253],[-74.185231,40.7562],[-74.184951,40.755329],[-74.1844,40.754373],[-74.184228,40.753948],[-74.183896,40.752501],[-74.183869,40.751961],[-74.183963,40.751616],[-74.184136,40.751331],[-74.185608,40.750062],[-74.186063,40.749415],[-74.186231,40.748941],[-74.186287,40.748451],[-74.186193,40.747747],[-74.186014,40.747303],[-74.185586,40.746735],[-74.184839,40.746179],[-74.181657,40.74476],[-74.181125,40.744458],[-74.180882,40.744209],[-74.180709,40.743762],[-74.18075,40.743359],[-74.181316,40.742145],[-74.181425,40.741808],[-74.181421,40.741543],[-74.181327,40.741143],[-74.181181,40.740934],[-74.181028,40.740751],[-74.180493,40.740389],[-74.179265,40.739915],[-74.173756,40.738265],[-74.168691,40.736854],[-74.165018,40.735692],[-74.163774,40.734736]]}}]}
