{"type":"FeatureCollection","metadata":{"source":"MTA New York City Transit GTFS","sourceUrl":"https://rrgtfsfeeds.s3.amazonaws.com/gtfs_subway.zip","termsUrl":"https://www.mta.info/developers/terms-and-conditions","feedVersion":"20260826-X-long-term-supplement-trip-ids","validFrom":"20260526","validTo":"20261031","routeCount":29},"features":[{"type":"Feature","properties":{"color":"#0062CF","description":"8 Avenue Express","route":"A","routeId":"A","shapeId":"A..N04R"},"geometry":{"type":"LineString","coordinates":[[-73.825798,40.685951],[-73.828442,40.685658],[-73.828819,40.685594],[-73.829196,40.68549],[-73.833731,40.683701],[-73.834207,40.683479],[-73.836494,40.682233],[-73.837124,40.681931],[-73.837967,40.681616],[-73.838801,40.681406],[-73.844224,40.680357],[-73.844906,40.680259],[-73.860342,40.679287],[-73.860673,40.679248],[-73.861947,40.678912],[-73.862592,40.678653],[-73.862917,40.678469],[-73.86585,40.676487],[-73.866254,40.676284],[-73.866636,40.676166],[-73.88075,40.67413],[-73.89383,40.672196],[-73.89434,40.67214],[-73.89479,40.672154],[-73.894994,40.672186],[-73.89536,40.672302],[-73.895671,40.672487],[-73.895925,40.672739],[-73.896124,40.673061],[-73.896264,40.673448],[-73.897088,40.676653],[-73.897162,40.676834],[-73.897365,40.677156],[-73.897637,40.67743],[-73.897979,40.677657],[-73.89839,40.677836],[-73.898621,40.677908],[-73.899135,40.678017],[-73.899719,40.678079],[-73.900879,40.678142],[-73.902619,40.678361],[-73.903165,40.67839],[-73.905316,40.678334],[-73.908405,40.678213],[-73.909823,40.678225],[-73.952432,40.680548],[-73.952921,40.680591],[-73.953779,40.680733],[-73.967769,40.683675],[-73.96831,40.683856],[-73.975438,40.68672],[-73.975986,40.686888],[-73.976449,40.68696],[-73.976828,40.686971],[-73.978877,40.686735],[-73.97948,40.68672],[-73.980134,40.6868],[-73.981149,40.687086],[-73.983901,40.688056],[-73.987376,40.689409],[-73.987672,40.68961],[-73.987858,40.689841],[-73.987932,40.6901],[-73.987892,40.690387],[-73.987803,40.690594],[-73.987509,40.691089],[-73.987423,40.691336],[-73.987387,40.691539],[-73.987276,40.693715],[-73.987179,40.694618],[-73.987036,40.697395],[-73.98709,40.697848],[-73.987221,40.69824],[-73.987429,40.69857],[-73.987562,40.698713],[-73.987713,40.69884],[-73.988074,40.699047],[-73.988511,40.699194],[-73.988758,40.699244],[-73.989309,40.6993],[-73.991654,40.699391],[-73.992209,40.699461],[-73.992732,40.699572],[-73.996206,40.700539],[-73.996623,40.700676],[-73.9978,40.701141],[-73.998841,40.701679],[-73.999159,40.701875],[-73.999749,40.702291],[-74.000279,40.70274],[-74.000749,40.703221],[-74.000966,40.703473],[-74.004894,40.708525],[-74.005187,40.70883],[-74.005475,40.709048],[-74.005811,40.709244],[-74.009737,40.711226],[-74.009924,40.711358],[-74.010112,40.711571],[-74.010187,40.711801],[-74.010175,40.711963],[-74.010113,40.712134],[-74.010001,40.712312],[-74.005494,40.718039],[-74.005329,40.71831],[-74.005203,40.71866],[-74.005166,40.718949],[-74.005229,40.720824],[-74.005304,40.721953],[-74.005278,40.72232],[-74.005189,40.722659],[-74.003739,40.726227],[-74.002529,40.729019],[-74.001419,40.731054],[-73.999777,40.733324],[-73.999652,40.733596],[-73.999621,40.733807],[-73.999629,40.733949],[-73.99966,40.734094],[-73.99975,40.734314],[-74.002514,40.738964],[-74.002583,40.7392],[-74.00259,40.739434],[-74.002535,40.739666],[-74.002463,40.739821],[-73.981736,40.768296],[-73.95319,40.807392],[-73.953018,40.807711],[-73.952942,40.808042],[-73.953033,40.809815],[-73.952995,40.810087],[-73.952898,40.810332],[-73.9523,40.811167],[-73.952019,40.8115],[-73.950266,40.813257],[-73.949046,40.81493],[-73.948875,40.815254],[-73.944926,40.823739],[-73.944719,40.824092],[-73.943403,40.825903],[-73.943229,40.826202],[-73.941514,40.830518],[-73.940574,40.833301],[-73.939896,40.83484],[-73.939841,40.835014],[-73.939812,40.835196],[-73.939811,40.835433],[-73.940033,40.83692],[-73.940057,40.837221],[-73.939871,40.839366],[-73.939778,40.839923],[-73.939338,40.841625],[-73.939173,40.842941],[-73.938885,40.84434],[-73.938937,40.844623],[-73.939033,40.844826],[-73.939125,40.844957],[-73.939372,40.845208],[-73.939776,40.845523],[-73.939982,40.845773],[-73.940086,40.846054],[-73.94009,40.846369],[-73.940053,40.846536],[-73.937969,40.851695],[-73.936887,40.855112],[-73.93676,40.855444],[-73.936628,40.855701],[-73.93418,40.859022],[-73.930852,40.863314],[-73.930605,40.86358],[-73.930354,40.863788],[-73.930123,40.863946],[-73.928643,40.864789],[-73.927578,40.865344],[-73.927016,40.865599],[-73.92124,40.867685],[-73.920698,40.867859],[-73.919899,40.868072]]}},{"type":"Feature","properties":{"color":"#0062CF","description":"8 Avenue Express","route":"A","routeId":"A","shapeId":"A..N09R"},"geometry":{"type":"LineString","coordinates":[[-73.755405,40.603995],[-73.758606,40.602254],[-73.75926,40.601859],[-73.759859,40.601447],[-73.760401,40.601017],[-73.760888,40.60057],[-73.762206,40.599097],[-73.7625,40.598843],[-73.762838,40.598607],[-73.77054,40.593974],[-73.770966,40.593758],[-73.771268,40.593634],[-73.772082,40.593392],[-73.772796,40.593269],[-73.783668,40.592179],[-73.784336,40.59215],[-73.785156,40.592158],[-73.787517,40.592337],[-73.788434,40.592373],[-73.789318,40.59236],[-73.790144,40.592305],[-73.79089,40.592186],[-73.794251,40.591336],[-73.795199,40.591149],[-73.803118,40.590182],[-73.803667,40.590189],[-73.804406,40.590275],[-73.804877,40.590367],[-73.806647,40.590788],[-73.807227,40.590976],[-73.807746,40.591213],[-73.807982,40.59135],[-73.808409,40.59166],[-73.808775,40.592018],[-73.808935,40.592216],[-73.809079,40.592425],[-73.809322,40.592881],[-73.815653,40.607677],[-73.816065,40.608803],[-73.816197,40.609245],[-73.82842,40.656136],[-73.828694,40.656988],[-73.829062,40.657898],[-73.838867,40.678199],[-73.839095,40.678632],[-73.840071,40.680272],[-73.84021,40.680455],[-73.840373,40.680605],[-73.840661,40.680768],[-73.840882,40.680836],[-73.841127,40.680871],[-73.841537,40.680861],[-73.844356,40.680333],[-73.845197,40.680234],[-73.860582,40.679263],[-73.861947,40.678912],[-73.862592,40.678653],[-73.862917,40.678469],[-73.86585,40.676487],[-73.866254,40.676284],[-73.866636,40.676166],[-73.88075,40.67413],[-73.89383,40.672196],[-73.894094,40.672159],[-73.894572,40.672138],[-73.894994,40.672186],[-73.89536,40.672302],[-73.895671,40.672487],[-73.895925,40.672739],[-73.896032,40.672891],[-73.896202,40.673247],[-73.896264,40.673448],[-73.897088,40.676653],[-73.897162,40.676834],[-73.897365,40.677156],[-73.897637,40.67743],[-73.897979,40.677657],[-73.89839,40.677836],[-73.898621,40.677908],[-73.899135,40.678017],[-73.899719,40.678079],[-73.900879,40.678142],[-73.902619,40.678361],[-73.903165,40.67839],[-73.905316,40.678334],[-73.908405,40.678213],[-73.909946,40.678231],[-73.952432,40.680548],[-73.952921,40.680591],[-73.953447,40.680669],[-73.967769,40.683675],[-73.96831,40.683856],[-73.975438,40.68672],[-73.975986,40.686888],[-73.976449,40.68696],[-73.976828,40.686971],[-73.978751,40.686747],[-73.979245,40.686718],[-73.979706,40.686735],[-73.980236,40.686823],[-73.981072,40.68706],[-73.982368,40.687531],[-73.983678,40.687975],[-73.987376,40.689409],[-73.987586,40.68954],[-73.987809,40.689761],[-73.987895,40.689924],[-73.987932,40.6901],[-73.987918,40.690288],[-73.987854,40.690489],[-73.987509,40.691089],[-73.987423,40.691336],[-73.987387,40.691539],[-73.987276,40.693715],[-73.987179,40.694618],[-73.987036,40.697395],[-73.98709,40.697848],[-73.987221,40.69824],[-73.987429,40.69857],[-73.987562,40.698713],[-73.987713,40.69884],[-73.988074,40.699047],[-73.988511,40.699194],[-73.988758,40.699244],[-73.989309,40.6993],[-73.991654,40.699391],[-73.992209,40.699461],[-73.992732,40.699572],[-73.996206,40.700539],[-73.996623,40.700676],[-73.9978,40.701141],[-73.998841,40.701679],[-73.999159,40.701875],[-73.999749,40.702291],[-74.000279,40.70274],[-74.000749,40.703221],[-74.000966,40.703473],[-74.004894,40.708525],[-74.005187,40.70883],[-74.005475,40.709048],[-74.005811,40.709244],[-74.009737,40.711226],[-74.009924,40.711358],[-74.010112,40.711571],[-74.010187,40.711801],[-74.010175,40.711963],[-74.010113,40.712134],[-74.010001,40.712312],[-74.005494,40.718039],[-74.005329,40.71831],[-74.005203,40.71866],[-74.005166,40.718949],[-74.005229,40.720824],[-74.005304,40.721953],[-74.005278,40.72232],[-74.005189,40.722659],[-74.003739,40.726227],[-74.002529,40.729019],[-74.001419,40.731054],[-73.999777,40.733324],[-73.999652,40.733596],[-73.999621,40.733807],[-73.999629,40.733949],[-73.99966,40.734094],[-73.99975,40.734314],[-74.002514,40.738964],[-74.002583,40.7392],[-74.00259,40.739434],[-74.002535,40.739666],[-74.002463,40.739821],[-73.981736,40.768296],[-73.95319,40.807392],[-73.953018,40.807711],[-73.952942,40.808042],[-73.953033,40.809815],[-73.952995,40.810087],[-73.952898,40.810332],[-73.9523,40.811167],[-73.952019,40.8115],[-73.950266,40.813257],[-73.949046,40.81493],[-73.948875,40.815254],[-73.944926,40.823739],[-73.944719,40.824092],[-73.943403,40.825903],[-73.943229,40.826202],[-73.941514,40.830518],[-73.940574,40.833301],[-73.939896,40.83484],[-73.939841,40.835014],[-73.939812,40.835196],[-73.939811,40.835433],[-73.940033,40.83692],[-73.940057,40.837221],[-73.939871,40.839366],[-73.939778,40.839923],[-73.939338,40.841625],[-73.939173,40.842941],[-73.938885,40.84434],[-73.938937,40.844623],[-73.939033,40.844826],[-73.939125,40.844957],[-73.939372,40.845208],[-73.939776,40.845523],[-73.939982,40.845773],[-73.940086,40.846054],[-73.94009,40.846369],[-73.940053,40.846536],[-73.937969,40.851695],[-73.936887,40.855112],[-73.93676,40.855444],[-73.936628,40.855701],[-73.93418,40.859022],[-73.930852,40.863314],[-73.930605,40.86358],[-73.930354,40.863788],[-73.930123,40.863946],[-73.928643,40.864789],[-73.927578,40.865344],[-73.927016,40.865599],[-73.92124,40.867685],[-73.920698,40.867859],[-73.919899,40.868072]]}},{"type":"Feature","properties":{"color":"#0062CF","description":"8 Avenue Express","route":"A","routeId":"A","shapeId":"A..N37R"},"geometry":{"type":"LineString","coordinates":[[-73.825798,40.685951],[-73.828442,40.685658],[-73.828819,40.685594],[-73.829196,40.68549],[-73.833731,40.683701],[-73.834207,40.683479],[-73.836494,40.682233],[-73.837124,40.681931],[-73.837967,40.681616],[-73.838722,40.681422],[-73.844224,40.680357],[-73.844906,40.680259],[-73.860342,40.679287],[-73.860673,40.679248],[-73.861947,40.678912],[-73.862592,40.678653],[-73.862917,40.678469],[-73.86585,40.676487],[-73.866194,40.676309],[-73.86657,40.676181],[-73.88075,40.67413]]}},{"type":"Feature","properties":{"color":"#0062CF","description":"8 Avenue Express","route":"A","routeId":"A","shapeId":"A..N58R"},"geometry":{"type":"LineString","coordinates":[[-73.755405,40.603995],[-73.758606,40.602254],[-73.75926,40.601859],[-73.759859,40.601447],[-73.760401,40.601017],[-73.760888,40.60057],[-73.762206,40.599097],[-73.7625,40.598843],[-73.762838,40.598607],[-73.77054,40.593974],[-73.771115,40.593694],[-73.771913,40.593432],[-73.772796,40.593269],[-73.783668,40.592179],[-73.784336,40.59215],[-73.785156,40.592158],[-73.787517,40.592337],[-73.788434,40.592373],[-73.789318,40.59236],[-73.790144,40.592305],[-73.79089,40.592186],[-73.794251,40.591336],[-73.795199,40.591149],[-73.802987,40.590189],[-73.803388,40.590179],[-73.80381,40.5902],[-73.804719,40.590333],[-73.806647,40.590788],[-73.807227,40.590976],[-73.807746,40.591213],[-73.807982,40.59135],[-73.808409,40.59166],[-73.808775,40.592018],[-73.809079,40.592425],[-73.809322,40.592881],[-73.815653,40.607677],[-73.816038,40.608717],[-73.816197,40.609245],[-73.82842,40.656136],[-73.828694,40.656988],[-73.829062,40.657898],[-73.838819,40.678102],[-73.839095,40.678632],[-73.840071,40.680272],[-73.84021,40.680455],[-73.840373,40.680605],[-73.840661,40.680768],[-73.841001,40.680857],[-73.841395,40.680873],[-73.841687,40.680843],[-73.844356,40.680333],[-73.844978,40.680252],[-73.860582,40.679263],[-73.861947,40.678912],[-73.862592,40.678653],[-73.862917,40.678469],[-73.86585,40.676487],[-73.866194,40.676309],[-73.86657,40.676181],[-73.88075,40.67413]]}},{"type":"Feature","properties":{"color":"#0062CF","description":"8 Avenue Express","route":"A","routeId":"A","shapeId":"A..N60R"},"geometry":{"type":"LineString","coordinates":[[-73.835592,40.580903],[-73.83058,40.582272],[-73.828874,40.582832],[-73.822788,40.58454],[-73.821873,40.584825],[-73.820558,40.585307],[-73.812007,40.588685],[-73.811492,40.588938],[-73.81091,40.589309],[-73.810395,40.589741],[-73.810006,40.590184],[-73.809695,40.59063],[-73.809464,40.591079],[-73.809379,40.591304],[-73.809269,40.591756],[-73.809239,40.592211],[-73.80929,40.592668],[-73.809421,40.593127],[-73.815653,40.607677],[-73.815896,40.6083],[-73.816119,40.608977],[-73.82842,40.656136],[-73.828652,40.65687],[-73.829062,40.657898],[-73.838819,40.678102],[-73.839095,40.678632],[-73.840071,40.680272],[-73.84021,40.680455],[-73.840373,40.680605],[-73.840559,40.680722],[-73.840882,40.680836],[-73.841127,40.680871],[-73.841395,40.680873],[-73.841687,40.680843],[-73.844356,40.680333],[-73.844978,40.680252],[-73.860582,40.679263],[-73.861947,40.678912],[-73.862592,40.678653],[-73.862917,40.678469],[-73.86585,40.676487],[-73.866254,40.676284],[-73.866636,40.676166],[-73.88075,40.67413],[-73.89383,40.672196],[-73.894094,40.672159],[-73.894572,40.672138],[-73.894994,40.672186],[-73.89536,40.672302],[-73.895671,40.672487],[-73.895925,40.672739],[-73.896032,40.672891],[-73.896202,40.673247],[-73.896264,40.673448],[-73.897088,40.676653],[-73.897162,40.676834],[-73.897365,40.677156],[-73.897637,40.67743],[-73.897979,40.677657],[-73.89839,40.677836],[-73.898621,40.677908],[-73.899135,40.678017],[-73.899719,40.678079],[-73.900879,40.678142],[-73.902619,40.678361],[-73.903165,40.67839],[-73.905316,40.678334],[-73.908405,40.678213],[-73.909946,40.678231],[-73.952432,40.680548],[-73.952921,40.680591],[-73.953447,40.680669],[-73.967769,40.683675],[-73.96831,40.683856],[-73.975438,40.68672],[-73.975986,40.686888],[-73.976449,40.68696],[-73.976828,40.686971],[-73.978751,40.686747],[-73.979245,40.686718],[-73.979706,40.686735],[-73.980236,40.686823],[-73.981072,40.68706],[-73.982368,40.687531],[-73.983678,40.687975],[-73.987376,40.689409],[-73.987586,40.68954],[-73.987809,40.689761],[-73.987895,40.689924],[-73.987932,40.6901],[-73.987918,40.690288],[-73.987854,40.690489],[-73.987509,40.691089],[-73.987423,40.691336],[-73.987387,40.691539],[-73.987276,40.693715],[-73.987179,40.694618],[-73.987036,40.697395],[-73.98709,40.697848],[-73.987221,40.69824],[-73.987429,40.69857],[-73.987562,40.698713],[-73.987713,40.69884],[-73.988074,40.699047],[-73.988511,40.699194],[-73.988758,40.699244],[-73.989309,40.6993],[-73.991654,40.699391],[-73.992209,40.699461],[-73.992732,40.699572],[-73.996206,40.700539],[-73.996623,40.700676],[-73.9978,40.701141],[-73.998841,40.701679],[-73.999159,40.701875],[-73.999749,40.702291],[-74.000279,40.70274],[-74.000749,40.703221],[-74.000966,40.703473],[-74.004894,40.708525],[-74.005187,40.70883],[-74.005475,40.709048],[-74.005811,40.709244],[-74.009737,40.711226],[-74.009924,40.711358],[-74.010062,40.711498],[-74.010174,40.711722],[-74.010175,40.711963],[-74.010113,40.712134],[-74.010001,40.712312],[-74.005494,40.718039],[-74.005329,40.71831],[-74.005203,40.71866],[-74.005166,40.718949],[-74.005229,40.720824],[-74.005304,40.721953],[-74.005278,40.72232],[-74.005189,40.722659],[-74.003739,40.726227],[-74.002529,40.729019],[-74.001419,40.731054],[-73.999777,40.733324],[-73.999652,40.733596],[-73.999621,40.733807],[-73.999629,40.733949],[-73.99966,40.734094],[-73.99975,40.734314],[-74.002514,40.738964],[-74.002583,40.7392],[-74.00259,40.739434],[-74.002535,40.739666],[-74.002463,40.739821],[-73.981736,40.768296],[-73.953148,40.807455],[-73.953018,40.807711],[-73.952942,40.808042],[-73.953034,40.809757],[-73.953007,40.810035],[-73.952922,40.810285],[-73.9523,40.811167],[-73.952019,40.8115],[-73.950266,40.813257],[-73.949147,40.814778],[-73.948977,40.815049],[-73.944926,40.823739],[-73.944719,40.824092],[-73.943403,40.825903],[-73.943229,40.826202],[-73.941514,40.830518],[-73.940574,40.833301],[-73.93988,40.834883],[-73.939817,40.83515],[-73.939811,40.835433],[-73.940033,40.83692],[-73.940057,40.837254],[-73.939871,40.839366],[-73.939778,40.839923],[-73.939338,40.841625],[-73.939173,40.842941],[-73.938885,40.84434],[-73.938937,40.844623],[-73.939033,40.844826],[-73.939125,40.844957],[-73.939372,40.845208],[-73.939776,40.845523],[-73.939982,40.845773],[-73.940086,40.846054],[-73.94009,40.846369],[-73.940053,40.846536],[-73.937969,40.851695],[-73.936887,40.855112],[-73.93676,40.855444],[-73.936503,40.855893],[-73.93418,40.859022],[-73.930694,40.863494],[-73.930459,40.863707],[-73.930123,40.863946],[-73.928643,40.864789],[-73.927271,40.865491]]}},{"type":"Feature","properties":{"color":"#0062CF","description":"8 Avenue Express","route":"A","routeId":"A","shapeId":"A..N65R"},"geometry":{"type":"LineString","coordinates":[[-73.835592,40.580903],[-73.83058,40.582272],[-73.828874,40.582832],[-73.822788,40.58454],[-73.821873,40.584825],[-73.820558,40.585307],[-73.812007,40.588685],[-73.811492,40.588938],[-73.81091,40.589309],[-73.810395,40.589741],[-73.810006,40.590184],[-73.809695,40.59063],[-73.809464,40.591079],[-73.809379,40.591304],[-73.809269,40.591756],[-73.809239,40.592211],[-73.80929,40.592668],[-73.809421,40.593127],[-73.815653,40.607677],[-73.815896,40.6083],[-73.816119,40.608977],[-73.82842,40.656136],[-73.828652,40.65687],[-73.829062,40.657898],[-73.838819,40.678102],[-73.839095,40.678632],[-73.840071,40.680272],[-73.84021,40.680455],[-73.840373,40.680605],[-73.840559,40.680722],[-73.840882,40.680836],[-73.841127,40.680871],[-73.841395,40.680873],[-73.841687,40.680843],[-73.844356,40.680333],[-73.844978,40.680252],[-73.860582,40.679263],[-73.861947,40.678912],[-73.862592,40.678653],[-73.862917,40.678469],[-73.86585,40.676487],[-73.866254,40.676284],[-73.866636,40.676166],[-73.88075,40.67413],[-73.89383,40.672196],[-73.894094,40.672159],[-73.894572,40.672138],[-73.894994,40.672186],[-73.89536,40.672302],[-73.895671,40.672487],[-73.895925,40.672739],[-73.896032,40.672891],[-73.896202,40.673247],[-73.896264,40.673448],[-73.897088,40.676653],[-73.897162,40.676834],[-73.897365,40.677156],[-73.897637,40.67743],[-73.897979,40.677657],[-73.89839,40.677836],[-73.898621,40.677908],[-73.899135,40.678017],[-73.899719,40.678079],[-73.900879,40.678142],[-73.902619,40.678361],[-73.903165,40.67839],[-73.905316,40.678334],[-73.908405,40.678213],[-73.909946,40.678231],[-73.952432,40.680548],[-73.952921,40.680591],[-73.953447,40.680669],[-73.967769,40.683675],[-73.96831,40.683856],[-73.975438,40.68672],[-73.975986,40.686888],[-73.976449,40.68696],[-73.976828,40.686971],[-73.978751,40.686747],[-73.979245,40.686718],[-73.979706,40.686735],[-73.980236,40.686823],[-73.981072,40.68706],[-73.982368,40.687531],[-73.983678,40.687975],[-73.987376,40.689409],[-73.987586,40.68954],[-73.987809,40.689761],[-73.987895,40.689924],[-73.987932,40.6901],[-73.987918,40.690288],[-73.987854,40.690489],[-73.987509,40.691089],[-73.987423,40.691336],[-73.987387,40.691539],[-73.987276,40.693715],[-73.987179,40.694618],[-73.987036,40.697395],[-73.98709,40.697848],[-73.987221,40.69824],[-73.987429,40.69857],[-73.987562,40.698713],[-73.987713,40.69884],[-73.988074,40.699047],[-73.988511,40.699194],[-73.988758,40.699244],[-73.989309,40.6993],[-73.991654,40.699391],[-73.992209,40.699461],[-73.992732,40.699572],[-73.996206,40.700539],[-73.996623,40.700676],[-73.9978,40.701141],[-73.998841,40.701679],[-73.999159,40.701875],[-73.999749,40.702291],[-74.000279,40.70274],[-74.000749,40.703221],[-74.000966,40.703473],[-74.004894,40.708525],[-74.005187,40.70883],[-74.005475,40.709048],[-74.005811,40.709244],[-74.009737,40.711226],[-74.009924,40.711358],[-74.010062,40.711498],[-74.010174,40.711722],[-74.010175,40.711963],[-74.010113,40.712134],[-74.010001,40.712312],[-74.005494,40.718039],[-74.005329,40.71831],[-74.005203,40.71866],[-74.005166,40.718949],[-74.005229,40.720824],[-74.005304,40.721953],[-74.005278,40.72232],[-74.005189,40.722659],[-74.003739,40.726227],[-74.002529,40.729019],[-74.001419,40.731054],[-73.999777,40.733324],[-73.999652,40.733596],[-73.999621,40.733807],[-73.999629,40.733949],[-73.99966,40.734094],[-73.99975,40.734314],[-74.002514,40.738964],[-74.002583,40.7392],[-74.00259,40.739434],[-74.002535,40.739666],[-74.002463,40.739821],[-73.981736,40.768296],[-73.95319,40.807392],[-73.953018,40.807711],[-73.952942,40.808042],[-73.953033,40.809815],[-73.952995,40.810087],[-73.952898,40.810332],[-73.9523,40.811167],[-73.952019,40.8115],[-73.950266,40.813257],[-73.949046,40.81493],[-73.948875,40.815254],[-73.944926,40.823739],[-73.944719,40.824092],[-73.943403,40.825903],[-73.943229,40.826202],[-73.941514,40.830518],[-73.940574,40.833301],[-73.939896,40.83484],[-73.939841,40.835014],[-73.939812,40.835196],[-73.939811,40.835433],[-73.940033,40.83692],[-73.940057,40.837221],[-73.939871,40.839366],[-73.939778,40.839923],[-73.939338,40.841625],[-73.939173,40.842941],[-73.938885,40.84434],[-73.938937,40.844623],[-73.939033,40.844826],[-73.939125,40.844957],[-73.939372,40.845208],[-73.939776,40.845523],[-73.939982,40.845773],[-73.940086,40.846054],[-73.94009,40.846369],[-73.940053,40.846536],[-73.937969,40.851695],[-73.936887,40.855112],[-73.93676,40.855444],[-73.936628,40.855701],[-73.93418,40.859022],[-73.930852,40.863314],[-73.930605,40.86358],[-73.930354,40.863788],[-73.930123,40.863946],[-73.928643,40.864789],[-73.927578,40.865344],[-73.927016,40.865599],[-73.92124,40.867685],[-73.920698,40.867859],[-73.919899,40.868072]]}},{"type":"Feature","properties":{"color":"#0062CF","description":"8 Avenue Express","route":"A","routeId":"A","shapeId":"A..N82R"},"geometry":{"type":"LineString","coordinates":[[-73.755405,40.603995],[-73.758606,40.602254],[-73.75926,40.601859],[-73.759859,40.601447],[-73.760401,40.601017],[-73.760888,40.60057],[-73.762206,40.599097],[-73.7625,40.598843],[-73.762838,40.598607],[-73.77054,40.593974],[-73.770966,40.593758],[-73.771268,40.593634],[-73.772082,40.593392],[-73.772796,40.593269],[-73.783668,40.592179],[-73.784336,40.59215],[-73.785156,40.592158],[-73.787517,40.592337],[-73.788434,40.592373],[-73.789318,40.59236],[-73.790144,40.592305],[-73.79089,40.592186],[-73.794251,40.591336],[-73.795199,40.591149],[-73.803118,40.590182],[-73.803667,40.590189],[-73.804406,40.590275],[-73.804877,40.590367],[-73.806647,40.590788],[-73.807227,40.590976],[-73.807746,40.591213],[-73.807982,40.59135],[-73.808409,40.59166],[-73.808775,40.592018],[-73.808935,40.592216],[-73.809079,40.592425],[-73.809322,40.592881],[-73.815653,40.607677],[-73.816065,40.608803],[-73.816197,40.609245],[-73.82842,40.656136],[-73.828694,40.656988],[-73.829062,40.657898],[-73.838867,40.678199],[-73.839095,40.678632],[-73.840071,40.680272],[-73.84021,40.680455],[-73.840373,40.680605],[-73.840661,40.680768],[-73.840882,40.680836],[-73.841127,40.680871],[-73.841537,40.680861],[-73.844356,40.680333],[-73.845197,40.680234],[-73.860582,40.679263],[-73.861947,40.678912],[-73.862592,40.678653],[-73.862917,40.678469],[-73.86585,40.676487],[-73.866254,40.676284],[-73.866636,40.676166],[-73.88075,40.67413],[-73.89383,40.672196],[-73.894094,40.672159],[-73.894572,40.672138],[-73.894994,40.672186],[-73.89536,40.672302],[-73.895671,40.672487],[-73.895925,40.672739],[-73.896032,40.672891],[-73.896202,40.673247],[-73.896264,40.673448],[-73.897088,40.676653],[-73.897162,40.676834],[-73.897365,40.677156],[-73.897637,40.67743],[-73.897979,40.677657],[-73.89839,40.677836],[-73.898621,40.677908],[-73.899135,40.678017],[-73.899719,40.678079],[-73.900879,40.678142],[-73.902619,40.678361],[-73.903165,40.67839],[-73.905316,40.678334],[-73.908405,40.678213],[-73.909946,40.678231],[-73.952432,40.680548],[-73.952921,40.680591],[-73.953447,40.680669],[-73.967769,40.683675],[-73.96831,40.683856],[-73.975438,40.68672],[-73.975986,40.686888],[-73.976449,40.68696],[-73.976828,40.686971],[-73.978751,40.686747],[-73.979245,40.686718],[-73.979706,40.686735],[-73.980236,40.686823],[-73.981072,40.68706],[-73.982368,40.687531],[-73.983678,40.687975],[-73.987376,40.689409],[-73.987586,40.68954],[-73.987809,40.689761],[-73.987895,40.689924],[-73.987932,40.6901],[-73.987918,40.690288],[-73.987854,40.690489],[-73.987509,40.691089],[-73.987423,40.691336],[-73.987387,40.691539],[-73.987276,40.693715],[-73.987179,40.694618],[-73.987036,40.697395],[-73.98709,40.697848],[-73.987221,40.69824],[-73.987429,40.69857],[-73.987562,40.698713],[-73.987713,40.69884],[-73.988074,40.699047],[-73.988511,40.699194],[-73.988758,40.699244],[-73.989309,40.6993],[-73.991654,40.699391],[-73.992209,40.699461],[-73.992732,40.699572],[-73.996206,40.700539],[-73.996623,40.700676],[-73.9978,40.701141],[-73.998841,40.701679],[-73.999159,40.701875],[-73.999749,40.702291],[-74.000279,40.70274],[-74.000749,40.703221],[-74.000966,40.703473],[-74.004894,40.708525],[-74.005187,40.70883],[-74.005475,40.709048],[-74.005811,40.709244],[-74.009737,40.711226],[-74.009924,40.711358],[-74.010112,40.711571],[-74.010187,40.711801],[-74.010175,40.711963],[-74.010113,40.712134],[-74.010001,40.712312],[-74.005494,40.718039],[-74.005329,40.71831],[-74.005203,40.71866],[-74.005166,40.718949],[-74.005229,40.720824],[-74.005304,40.721953],[-74.005278,40.72232],[-74.005189,40.722659],[-74.003739,40.726227],[-74.002529,40.729019],[-74.001419,40.731054],[-73.999777,40.733324],[-73.999652,40.733596],[-73.999621,40.733807],[-73.999629,40.733949],[-73.99966,40.734094],[-73.99975,40.734314],[-74.002514,40.738964],[-74.002583,40.7392],[-74.00259,40.739434],[-74.002535,40.739666],[-74.002463,40.739821],[-73.981736,40.768296],[-73.953148,40.807455],[-73.953018,40.807711],[-73.952942,40.808042],[-73.953034,40.809757],[-73.953007,40.810035],[-73.952922,40.810285],[-73.9523,40.811167],[-73.952019,40.8115],[-73.950266,40.813257],[-73.949147,40.814778],[-73.948977,40.815049],[-73.944926,40.823739],[-73.944719,40.824092],[-73.943403,40.825903],[-73.943229,40.826202],[-73.941514,40.830518],[-73.940574,40.833301],[-73.93988,40.834883],[-73.939817,40.83515],[-73.939811,40.835433],[-73.940033,40.83692],[-73.940057,40.837254],[-73.939871,40.839366],[-73.939778,40.839923],[-73.939338,40.841625],[-73.939173,40.842941],[-73.938885,40.84434],[-73.938937,40.844623],[-73.939033,40.844826],[-73.939125,40.844957],[-73.939372,40.845208],[-73.939776,40.845523],[-73.939982,40.845773],[-73.940086,40.846054],[-73.94009,40.846369],[-73.940053,40.846536],[-73.937969,40.851695],[-73.936887,40.855112],[-73.93676,40.855444],[-73.936503,40.855893],[-73.93418,40.859022],[-73.930694,40.863494],[-73.930459,40.863707],[-73.930123,40.863946],[-73.928643,40.864789],[-73.927271,40.865491]]}},{"type":"Feature","properties":{"color":"#0062CF","description":"8 Avenue Express","route":"A","routeId":"A","shapeId":"A..N85R"},"geometry":{"type":"LineString","coordinates":[[-73.755405,40.603995],[-73.758606,40.602254],[-73.75926,40.601859],[-73.759859,40.601447],[-73.760401,40.601017],[-73.760888,40.60057],[-73.762206,40.599097],[-73.7625,40.598843],[-73.762838,40.598607],[-73.77054,40.593974],[-73.770966,40.593758],[-73.771268,40.593634],[-73.772082,40.593392],[-73.772796,40.593269],[-73.783668,40.592179],[-73.784336,40.59215],[-73.785156,40.592158],[-73.787517,40.592337],[-73.788434,40.592373],[-73.789318,40.59236],[-73.790144,40.592305],[-73.79089,40.592186],[-73.794251,40.591336],[-73.795199,40.591149],[-73.803118,40.590182],[-73.803667,40.590189],[-73.804406,40.590275],[-73.804877,40.590367],[-73.806647,40.590788],[-73.807227,40.590976],[-73.807746,40.591213],[-73.807982,40.59135],[-73.808409,40.59166],[-73.808775,40.592018],[-73.808935,40.592216],[-73.809079,40.592425],[-73.809322,40.592881],[-73.815653,40.607677],[-73.816065,40.608803],[-73.816197,40.609245],[-73.82842,40.656136],[-73.828694,40.656988],[-73.829062,40.657898],[-73.838867,40.678199],[-73.839095,40.678632],[-73.840071,40.680272],[-73.84021,40.680455],[-73.840373,40.680605],[-73.840661,40.680768],[-73.840882,40.680836],[-73.841127,40.680871],[-73.841537,40.680861],[-73.844356,40.680333],[-73.845197,40.680234],[-73.860582,40.679263],[-73.861947,40.678912],[-73.862592,40.678653],[-73.862917,40.678469],[-73.86585,40.676487],[-73.866254,40.676284],[-73.866636,40.676166],[-73.88075,40.67413],[-73.89383,40.672196],[-73.894094,40.672159],[-73.894572,40.672138],[-73.894994,40.672186],[-73.89536,40.672302],[-73.895671,40.672487],[-73.895925,40.672739],[-73.896032,40.672891],[-73.896202,40.673247],[-73.896264,40.673448],[-73.897088,40.676653],[-73.897162,40.676834],[-73.897365,40.677156],[-73.897637,40.67743],[-73.897979,40.677657],[-73.89839,40.677836],[-73.898621,40.677908],[-73.899135,40.678017],[-73.899719,40.678079],[-73.900879,40.678142],[-73.902619,40.678361],[-73.903165,40.67839],[-73.905316,40.678334],[-73.908405,40.678213],[-73.909946,40.678231],[-73.952432,40.680548],[-73.952921,40.680591],[-73.953447,40.680669],[-73.967769,40.683675],[-73.96831,40.683856],[-73.975438,40.68672],[-73.975986,40.686888],[-73.976449,40.68696],[-73.976828,40.686971],[-73.978751,40.686747],[-73.979245,40.686718],[-73.979706,40.686735],[-73.980236,40.686823],[-73.981072,40.68706],[-73.982368,40.687531],[-73.983678,40.687975],[-73.987376,40.689409],[-73.987586,40.68954],[-73.987809,40.689761],[-73.987895,40.689924],[-73.987932,40.6901],[-73.987918,40.690288],[-73.987854,40.690489],[-73.987509,40.691089],[-73.987423,40.691336],[-73.987387,40.691539],[-73.987276,40.693715],[-73.987179,40.694618],[-73.987036,40.697395],[-73.98709,40.697848],[-73.987221,40.69824],[-73.987429,40.69857],[-73.987562,40.698713],[-73.987713,40.69884],[-73.988074,40.699047],[-73.988511,40.699194],[-73.988758,40.699244],[-73.989309,40.6993],[-73.991654,40.699391],[-73.992209,40.699461],[-73.992732,40.699572],[-73.996206,40.700539],[-73.996623,40.700676],[-73.9978,40.701141],[-73.998841,40.701679],[-73.999159,40.701875],[-73.999749,40.702291],[-74.000279,40.70274],[-74.000749,40.703221],[-74.000966,40.703473],[-74.004894,40.708525],[-74.005187,40.70883],[-74.005475,40.709048],[-74.005811,40.709244],[-74.009737,40.711226],[-74.009924,40.711358],[-74.010062,40.711498],[-74.010149,40.711645],[-74.010187,40.711881],[-74.010113,40.712134],[-74.010001,40.712312],[-74.005494,40.718039],[-74.005329,40.71831],[-74.005203,40.71866],[-74.005166,40.718949],[-74.005229,40.720824],[-74.005304,40.721953],[-74.005278,40.72232],[-74.005189,40.722659],[-74.003739,40.726227],[-74.002529,40.729019],[-74.001419,40.731054],[-73.999777,40.733324],[-73.999652,40.733596],[-73.999621,40.733807],[-73.999629,40.733949],[-73.99966,40.734094],[-73.99975,40.734314],[-74.002514,40.738964],[-74.002583,40.7392],[-74.00259,40.739434],[-74.002535,40.739666],[-74.002463,40.739821],[-73.981736,40.768296],[-73.953148,40.807455],[-73.953018,40.807711],[-73.952942,40.808042],[-73.953033,40.809815],[-73.952995,40.810087],[-73.952898,40.810332],[-73.9523,40.811167],[-73.952019,40.8115],[-73.950266,40.813257],[-73.949046,40.81493],[-73.948875,40.815254],[-73.944926,40.823739],[-73.944719,40.824092],[-73.943379,40.825938],[-73.943159,40.826362],[-73.941514,40.830518],[-73.940574,40.833301],[-73.939896,40.83484],[-73.939841,40.835014],[-73.939812,40.835196],[-73.939811,40.835433],[-73.940042,40.836987],[-73.940055,40.837321],[-73.939843,40.839593],[-73.939778,40.839923],[-73.939561,40.840719]]}},{"type":"Feature","properties":{"color":"#0062CF","description":"8 Avenue Express","route":"A","routeId":"A","shapeId":"A..S05R"},"geometry":{"type":"LineString","coordinates":[[-73.919899,40.868072],[-73.920698,40.867859],[-73.92124,40.867685],[-73.927016,40.865599],[-73.927578,40.865344],[-73.928643,40.864789],[-73.930123,40.863946],[-73.930354,40.863788],[-73.930605,40.86358],[-73.930852,40.863314],[-73.93418,40.859022],[-73.936628,40.855701],[-73.93676,40.855444],[-73.936887,40.855112],[-73.937969,40.851695],[-73.940053,40.846536],[-73.94009,40.846369],[-73.940086,40.846054],[-73.939982,40.845773],[-73.939776,40.845523],[-73.939372,40.845208],[-73.939125,40.844957],[-73.939033,40.844826],[-73.938937,40.844623],[-73.938885,40.84434],[-73.939173,40.842941],[-73.939338,40.841625],[-73.939778,40.839923],[-73.939871,40.839366],[-73.940057,40.837221],[-73.940033,40.83692],[-73.939811,40.835433],[-73.939812,40.835196],[-73.939841,40.835014],[-73.939896,40.83484],[-73.940574,40.833301],[-73.941514,40.830518],[-73.943229,40.826202],[-73.943403,40.825903],[-73.944719,40.824092],[-73.944926,40.823739],[-73.948875,40.815254],[-73.949046,40.81493],[-73.950266,40.813257],[-73.952019,40.8115],[-73.9523,40.811167],[-73.952898,40.810332],[-73.952995,40.810087],[-73.953033,40.809815],[-73.952942,40.808042],[-73.953018,40.807711],[-73.95319,40.807392],[-73.981736,40.768296],[-74.002463,40.739821],[-74.002535,40.739666],[-74.00259,40.739434],[-74.002583,40.7392],[-74.002514,40.738964],[-73.99975,40.734314],[-73.99966,40.734094],[-73.999629,40.733949],[-73.999621,40.733807],[-73.999652,40.733596],[-73.999777,40.733324],[-74.001419,40.731054],[-74.002529,40.729019],[-74.003739,40.726227],[-74.005189,40.722659],[-74.005278,40.72232],[-74.005304,40.721953],[-74.005229,40.720824],[-74.005166,40.718949],[-74.005203,40.71866],[-74.005329,40.71831],[-74.005494,40.718039],[-74.010001,40.712312],[-74.010113,40.712134],[-74.010175,40.711963],[-74.010187,40.711801],[-74.010112,40.711571],[-74.009924,40.711358],[-74.009737,40.711226],[-74.005811,40.709244],[-74.005475,40.709048],[-74.005187,40.70883],[-74.004894,40.708525],[-74.000966,40.703473],[-74.000749,40.703221],[-74.000279,40.70274],[-73.999749,40.702291],[-73.999159,40.701875],[-73.998841,40.701679],[-73.9978,40.701141],[-73.996623,40.700676],[-73.996206,40.700539],[-73.992732,40.699572],[-73.992209,40.699461],[-73.991654,40.699391],[-73.989309,40.6993],[-73.988758,40.699244],[-73.988511,40.699194],[-73.988074,40.699047],[-73.987713,40.69884],[-73.987562,40.698713],[-73.987429,40.69857],[-73.987221,40.69824],[-73.98709,40.697848],[-73.987036,40.697395],[-73.987179,40.694618],[-73.987276,40.693715],[-73.987387,40.691539],[-73.987423,40.691336],[-73.987509,40.691089],[-73.987803,40.690594],[-73.987892,40.690387],[-73.987932,40.6901],[-73.987858,40.689841],[-73.987672,40.68961],[-73.987376,40.689409],[-73.983901,40.688056],[-73.981149,40.687086],[-73.980134,40.6868],[-73.97948,40.68672],[-73.978877,40.686735],[-73.976828,40.686971],[-73.976449,40.68696],[-73.975986,40.686888],[-73.975438,40.68672],[-73.96831,40.683856],[-73.967769,40.683675],[-73.953779,40.680733],[-73.952921,40.680591],[-73.952432,40.680548],[-73.909823,40.678225],[-73.908405,40.678213],[-73.905316,40.678334],[-73.903165,40.67839],[-73.902619,40.678361],[-73.900879,40.678142],[-73.899719,40.678079],[-73.899135,40.678017],[-73.898621,40.677908],[-73.89839,40.677836],[-73.897979,40.677657],[-73.897637,40.67743],[-73.897365,40.677156],[-73.897162,40.676834],[-73.897088,40.676653],[-73.896264,40.673448],[-73.896124,40.673061],[-73.895925,40.672739],[-73.895671,40.672487],[-73.89536,40.672302],[-73.894994,40.672186],[-73.89479,40.672154],[-73.89434,40.67214],[-73.89383,40.672196],[-73.88075,40.67413],[-73.866636,40.676166],[-73.866254,40.676284],[-73.86585,40.676487],[-73.862917,40.678469],[-73.862592,40.678653],[-73.861947,40.678912],[-73.860673,40.679248],[-73.860342,40.679287],[-73.844906,40.680259],[-73.844224,40.680357],[-73.838801,40.681406],[-73.837967,40.681616],[-73.837124,40.681931],[-73.836494,40.682233],[-73.834207,40.683479],[-73.833731,40.683701],[-73.829196,40.68549],[-73.828819,40.685594],[-73.828442,40.685658],[-73.825798,40.685951]]}},{"type":"Feature","properties":{"color":"#0062CF","description":"8 Avenue Express","route":"A","routeId":"A","shapeId":"A..S16R"},"geometry":{"type":"LineString","coordinates":[[-73.88075,40.67413],[-73.86657,40.676181],[-73.866194,40.676309],[-73.86585,40.676487],[-73.862917,40.678469],[-73.862592,40.678653],[-73.861947,40.678912],[-73.860582,40.679263],[-73.844978,40.680252],[-73.844356,40.680333],[-73.841687,40.680843],[-73.841395,40.680873],[-73.841001,40.680857],[-73.840661,40.680768],[-73.840373,40.680605],[-73.84021,40.680455],[-73.840071,40.680272],[-73.839095,40.678632],[-73.838819,40.678102],[-73.829062,40.657898],[-73.828694,40.656988],[-73.82842,40.656136],[-73.816197,40.609245],[-73.816038,40.608717],[-73.815653,40.607677],[-73.809322,40.592881],[-73.809079,40.592425],[-73.808775,40.592018],[-73.808409,40.59166],[-73.808203,40.591499],[-73.807746,40.591213],[-73.807227,40.590976],[-73.806647,40.590788],[-73.804719,40.590333],[-73.80381,40.5902],[-73.803388,40.590179],[-73.802987,40.590189],[-73.795199,40.591149],[-73.794251,40.591336],[-73.79089,40.592186],[-73.790144,40.592305],[-73.789318,40.59236],[-73.788434,40.592373],[-73.787517,40.592337],[-73.785156,40.592158],[-73.784336,40.59215],[-73.783668,40.592179],[-73.772796,40.593269],[-73.771913,40.593432],[-73.771115,40.593694],[-73.77054,40.593974],[-73.762838,40.598607],[-73.7625,40.598843],[-73.762206,40.599097],[-73.760888,40.60057],[-73.760401,40.601017],[-73.759859,40.601447],[-73.75926,40.601859],[-73.758606,40.602254],[-73.755405,40.603995]]}},{"type":"Feature","properties":{"color":"#0062CF","description":"8 Avenue Express","route":"A","routeId":"A","shapeId":"A..S37R"},"geometry":{"type":"LineString","coordinates":[[-73.88075,40.67413],[-73.86657,40.676181],[-73.866194,40.676309],[-73.86585,40.676487],[-73.862917,40.678469],[-73.862592,40.678653],[-73.861947,40.678912],[-73.860673,40.679248],[-73.860342,40.679287],[-73.844906,40.680259],[-73.844224,40.680357],[-73.838722,40.681422],[-73.837967,40.681616],[-73.837124,40.681931],[-73.836494,40.682233],[-73.834207,40.683479],[-73.833731,40.683701],[-73.829196,40.68549],[-73.828819,40.685594],[-73.828442,40.685658],[-73.825798,40.685951]]}},{"type":"Feature","properties":{"color":"#0062CF","description":"8 Avenue Express","route":"A","routeId":"A","shapeId":"A..S51R"},"geometry":{"type":"LineString","coordinates":[[-73.919899,40.868072],[-73.920698,40.867859],[-73.92124,40.867685],[-73.927016,40.865599],[-73.927578,40.865344],[-73.928643,40.864789],[-73.930123,40.863946],[-73.930354,40.863788],[-73.930605,40.86358],[-73.930852,40.863314],[-73.93418,40.859022],[-73.936628,40.855701],[-73.93676,40.855444],[-73.936887,40.855112],[-73.937969,40.851695],[-73.940053,40.846536],[-73.94009,40.846369],[-73.940086,40.846054],[-73.939982,40.845773],[-73.939776,40.845523],[-73.939372,40.845208],[-73.939125,40.844957],[-73.939033,40.844826],[-73.938937,40.844623],[-73.938885,40.84434],[-73.939173,40.842941],[-73.939338,40.841625],[-73.939778,40.839923],[-73.939871,40.839366],[-73.940057,40.837221],[-73.940033,40.83692],[-73.939811,40.835433],[-73.939812,40.835196],[-73.939841,40.835014],[-73.939896,40.83484],[-73.940574,40.833301],[-73.941514,40.830518],[-73.943229,40.826202],[-73.943403,40.825903],[-73.944719,40.824092],[-73.944926,40.823739],[-73.948875,40.815254],[-73.949046,40.81493],[-73.950266,40.813257],[-73.952019,40.8115],[-73.9523,40.811167],[-73.952898,40.810332],[-73.952995,40.810087],[-73.953033,40.809815],[-73.952942,40.808042],[-73.953018,40.807711],[-73.95319,40.807392],[-73.981736,40.768296],[-74.002463,40.739821],[-74.002535,40.739666],[-74.00259,40.739434],[-74.002583,40.7392],[-74.002514,40.738964],[-73.99975,40.734314],[-73.99966,40.734094],[-73.999629,40.733949],[-73.999621,40.733807],[-73.999652,40.733596],[-73.999777,40.733324],[-74.001419,40.731054],[-74.002529,40.729019],[-74.003739,40.726227],[-74.005189,40.722659],[-74.005278,40.72232],[-74.005304,40.721953],[-74.005229,40.720824],[-74.005166,40.718949],[-74.005203,40.71866],[-74.005329,40.71831],[-74.005494,40.718039],[-74.010001,40.712312],[-74.010113,40.712134],[-74.010175,40.711963],[-74.010174,40.711722],[-74.010062,40.711498],[-74.009924,40.711358],[-74.009737,40.711226],[-74.005811,40.709244],[-74.005475,40.709048],[-74.005187,40.70883],[-74.004894,40.708525],[-74.000966,40.703473],[-74.000749,40.703221],[-74.000279,40.70274],[-73.999749,40.702291],[-73.999159,40.701875],[-73.998841,40.701679],[-73.9978,40.701141],[-73.996623,40.700676],[-73.996206,40.700539],[-73.992732,40.699572],[-73.992209,40.699461],[-73.991654,40.699391],[-73.989309,40.6993],[-73.988758,40.699244],[-73.988283,40.699128],[-73.987884,40.698951],[-73.987713,40.69884],[-73.987429,40.69857],[-73.987221,40.69824],[-73.98709,40.697848],[-73.987036,40.697395],[-73.987179,40.694618],[-73.987276,40.693715],[-73.987387,40.691539],[-73.987488,40.691138],[-73.987582,40.690945],[-73.987803,40.690594],[-73.987918,40.690288],[-73.98792,40.690011],[-73.987809,40.689761],[-73.987586,40.68954],[-73.987376,40.689409],[-73.98405,40.688112],[-73.981149,40.687086],[-73.980236,40.686823],[-73.979706,40.686735],[-73.979245,40.686718],[-73.978751,40.686747],[-73.976828,40.686971],[-73.976449,40.68696],[-73.975986,40.686888],[-73.975438,40.68672],[-73.96831,40.683856],[-73.967769,40.683675],[-73.953779,40.680733],[-73.952821,40.68058],[-73.909823,40.678225],[-73.908405,40.678213],[-73.905316,40.678334],[-73.903165,40.67839],[-73.902619,40.678361],[-73.900879,40.678142],[-73.899719,40.678079],[-73.899135,40.678017],[-73.898621,40.677908],[-73.89839,40.677836],[-73.897979,40.677657],[-73.897637,40.67743],[-73.897365,40.677156],[-73.897162,40.676834],[-73.897088,40.676653],[-73.896264,40.673448],[-73.896124,40.673061],[-73.895925,40.672739],[-73.895671,40.672487],[-73.89536,40.672302],[-73.894994,40.672186],[-73.89479,40.672154],[-73.89434,40.67214],[-73.89383,40.672196],[-73.88075,40.67413],[-73.872106,40.675377]]}},{"type":"Feature","properties":{"color":"#0062CF","description":"8 Avenue Express","route":"A","routeId":"A","shapeId":"A..S53R"},"geometry":{"type":"LineString","coordinates":[[-73.919899,40.868072],[-73.920698,40.867859],[-73.92124,40.867685],[-73.927016,40.865599],[-73.927578,40.865344],[-73.928643,40.864789],[-73.930123,40.863946],[-73.930354,40.863788],[-73.930605,40.86358],[-73.930852,40.863314],[-73.93418,40.859022],[-73.936628,40.855701],[-73.93676,40.855444],[-73.936887,40.855112],[-73.937969,40.851695],[-73.940053,40.846536],[-73.94009,40.846369],[-73.940086,40.846054],[-73.939982,40.845773],[-73.939776,40.845523],[-73.939372,40.845208],[-73.939125,40.844957],[-73.939033,40.844826],[-73.938937,40.844623],[-73.938885,40.84434],[-73.939173,40.842941],[-73.939338,40.841625],[-73.939778,40.839923],[-73.939871,40.839366],[-73.940057,40.837221],[-73.940033,40.83692],[-73.939811,40.835433],[-73.939812,40.835196],[-73.939841,40.835014],[-73.939896,40.83484],[-73.940574,40.833301],[-73.941514,40.830518],[-73.943229,40.826202],[-73.943403,40.825903],[-73.944719,40.824092],[-73.944926,40.823739],[-73.948875,40.815254],[-73.949046,40.81493],[-73.950266,40.813257],[-73.952019,40.8115],[-73.9523,40.811167],[-73.952898,40.810332],[-73.952995,40.810087],[-73.953033,40.809815],[-73.952942,40.808042],[-73.953018,40.807711],[-73.95319,40.807392],[-73.981736,40.768296],[-74.002463,40.739821],[-74.002535,40.739666],[-74.00259,40.739434],[-74.002583,40.7392],[-74.002514,40.738964],[-73.99975,40.734314],[-73.99966,40.734094],[-73.999629,40.733949],[-73.999621,40.733807],[-73.999652,40.733596],[-73.999777,40.733324],[-74.001419,40.731054],[-74.002529,40.729019],[-74.003739,40.726227],[-74.005189,40.722659],[-74.005278,40.72232],[-74.005304,40.721953],[-74.005229,40.720824],[-74.005166,40.718949],[-74.005203,40.71866],[-74.005329,40.71831],[-74.005494,40.718039],[-74.010001,40.712312],[-74.010113,40.712134],[-74.010175,40.711963],[-74.010187,40.711801],[-74.010112,40.711571],[-74.009924,40.711358],[-74.009737,40.711226],[-74.005811,40.709244],[-74.005475,40.709048],[-74.005187,40.70883],[-74.004894,40.708525],[-74.000966,40.703473],[-74.000749,40.703221],[-74.000279,40.70274],[-73.999749,40.702291],[-73.999159,40.701875],[-73.998841,40.701679],[-73.9978,40.701141],[-73.996623,40.700676],[-73.996206,40.700539],[-73.992732,40.699572],[-73.992209,40.699461],[-73.991654,40.699391],[-73.989309,40.6993],[-73.988758,40.699244],[-73.988511,40.699194],[-73.988074,40.699047],[-73.987713,40.69884],[-73.987562,40.698713],[-73.987429,40.69857],[-73.987221,40.69824],[-73.98709,40.697848],[-73.987036,40.697395],[-73.987179,40.694618],[-73.987276,40.693715],[-73.987387,40.691539],[-73.987423,40.691336],[-73.987509,40.691089],[-73.987854,40.690489],[-73.987918,40.690288],[-73.987932,40.6901],[-73.987895,40.689924],[-73.987809,40.689761],[-73.987586,40.68954],[-73.987376,40.689409],[-73.983678,40.687975],[-73.982368,40.687531],[-73.981072,40.68706],[-73.980236,40.686823],[-73.979706,40.686735],[-73.979245,40.686718],[-73.978751,40.686747],[-73.976828,40.686971],[-73.976449,40.68696],[-73.975986,40.686888],[-73.975438,40.68672],[-73.96831,40.683856],[-73.967769,40.683675],[-73.953447,40.680669],[-73.952921,40.680591],[-73.952432,40.680548],[-73.909946,40.678231],[-73.908405,40.678213],[-73.905316,40.678334],[-73.903165,40.67839],[-73.902619,40.678361],[-73.900879,40.678142],[-73.899719,40.678079],[-73.899135,40.678017],[-73.898621,40.677908],[-73.89839,40.677836],[-73.897979,40.677657],[-73.897637,40.67743],[-73.897365,40.677156],[-73.897162,40.676834],[-73.897088,40.676653],[-73.896264,40.673448],[-73.896202,40.673247],[-73.896032,40.672891],[-73.895925,40.672739],[-73.895671,40.672487],[-73.89536,40.672302],[-73.894994,40.672186],[-73.894572,40.672138],[-73.894094,40.672159],[-73.89383,40.672196],[-73.88075,40.67413],[-73.866636,40.676166],[-73.866254,40.676284],[-73.86585,40.676487],[-73.862917,40.678469],[-73.862592,40.678653],[-73.861947,40.678912],[-73.860582,40.679263],[-73.845197,40.680234],[-73.844356,40.680333],[-73.841537,40.680861],[-73.841127,40.680871],[-73.840882,40.680836],[-73.840661,40.680768],[-73.840373,40.680605],[-73.84021,40.680455],[-73.840071,40.680272],[-73.839095,40.678632],[-73.838867,40.678199],[-73.829062,40.657898],[-73.828694,40.656988],[-73.82842,40.656136],[-73.816197,40.609245],[-73.816065,40.608803],[-73.815653,40.607677],[-73.809322,40.592881],[-73.809079,40.592425],[-73.808935,40.592216],[-73.808775,40.592018],[-73.808409,40.59166],[-73.808203,40.591499],[-73.807746,40.591213],[-73.807227,40.590976],[-73.806647,40.590788],[-73.804877,40.590367],[-73.804406,40.590275],[-73.803667,40.590189],[-73.803118,40.590182],[-73.795199,40.591149],[-73.794251,40.591336],[-73.79089,40.592186],[-73.790144,40.592305],[-73.789318,40.59236],[-73.788434,40.592373],[-73.787517,40.592337],[-73.785156,40.592158],[-73.784336,40.59215],[-73.783668,40.592179],[-73.772796,40.593269],[-73.772082,40.593392],[-73.771268,40.593634],[-73.770966,40.593758],[-73.77054,40.593974],[-73.762838,40.598607],[-73.7625,40.598843],[-73.762206,40.599097],[-73.760888,40.60057],[-73.760401,40.601017],[-73.759859,40.601447],[-73.75926,40.601859],[-73.758606,40.602254],[-73.755405,40.603995]]}},{"type":"Feature","properties":{"color":"#0062CF","description":"8 Avenue Express","route":"A","routeId":"A","shapeId":"A..S56R"},"geometry":{"type":"LineString","coordinates":[[-73.927271,40.865491],[-73.928643,40.864789],[-73.930123,40.863946],[-73.930459,40.863707],[-73.930694,40.863494],[-73.93418,40.859022],[-73.936503,40.855893],[-73.93676,40.855444],[-73.936887,40.855112],[-73.937969,40.851695],[-73.940053,40.846536],[-73.94009,40.846369],[-73.940086,40.846054],[-73.939982,40.845773],[-73.939776,40.845523],[-73.939372,40.845208],[-73.939125,40.844957],[-73.939033,40.844826],[-73.938937,40.844623],[-73.938885,40.84434],[-73.939173,40.842941],[-73.939338,40.841625],[-73.939778,40.839923],[-73.939871,40.839366],[-73.940057,40.837254],[-73.940033,40.83692],[-73.939811,40.835433],[-73.939817,40.83515],[-73.93988,40.834883],[-73.940574,40.833301],[-73.941514,40.830518],[-73.943229,40.826202],[-73.943403,40.825903],[-73.944719,40.824092],[-73.944926,40.823739],[-73.948977,40.815049],[-73.949147,40.814778],[-73.950266,40.813257],[-73.952019,40.8115],[-73.9523,40.811167],[-73.952922,40.810285],[-73.953007,40.810035],[-73.953034,40.809757],[-73.952942,40.808042],[-73.953018,40.807711],[-73.953148,40.807455],[-73.981736,40.768296],[-74.002463,40.739821],[-74.002535,40.739666],[-74.00259,40.739434],[-74.002583,40.7392],[-74.002514,40.738964],[-73.99975,40.734314],[-73.99966,40.734094],[-73.999629,40.733949],[-73.999621,40.733807],[-73.999652,40.733596],[-73.999777,40.733324],[-74.001419,40.731054],[-74.002529,40.729019],[-74.003739,40.726227],[-74.005189,40.722659],[-74.005278,40.72232],[-74.005304,40.721953],[-74.005229,40.720824],[-74.005166,40.718949],[-74.005203,40.71866],[-74.005329,40.71831],[-74.005494,40.718039],[-74.010001,40.712312],[-74.010113,40.712134],[-74.010175,40.711963],[-74.010187,40.711801],[-74.010112,40.711571],[-74.009924,40.711358],[-74.009737,40.711226],[-74.005811,40.709244],[-74.005475,40.709048],[-74.005187,40.70883],[-74.004894,40.708525],[-74.000966,40.703473],[-74.000749,40.703221],[-74.000279,40.70274],[-73.999749,40.702291],[-73.999159,40.701875],[-73.998841,40.701679],[-73.9978,40.701141],[-73.996623,40.700676],[-73.996206,40.700539],[-73.992732,40.699572],[-73.992209,40.699461],[-73.991654,40.699391],[-73.989309,40.6993],[-73.988758,40.699244],[-73.988511,40.699194],[-73.988074,40.699047],[-73.987713,40.69884],[-73.987562,40.698713],[-73.987429,40.69857],[-73.987221,40.69824],[-73.98709,40.697848],[-73.987036,40.697395],[-73.987179,40.694618],[-73.987276,40.693715],[-73.987387,40.691539],[-73.987423,40.691336],[-73.987509,40.691089],[-73.987854,40.690489],[-73.987918,40.690288],[-73.987932,40.6901],[-73.987895,40.689924],[-73.987809,40.689761],[-73.987586,40.68954],[-73.987376,40.689409],[-73.983678,40.687975],[-73.982368,40.687531],[-73.981072,40.68706],[-73.980236,40.686823],[-73.979706,40.686735],[-73.979245,40.686718],[-73.978751,40.686747],[-73.976828,40.686971],[-73.976449,40.68696],[-73.975986,40.686888],[-73.975438,40.68672],[-73.96831,40.683856],[-73.967769,40.683675],[-73.953447,40.680669],[-73.952921,40.680591],[-73.952432,40.680548],[-73.909946,40.678231],[-73.908405,40.678213],[-73.905316,40.678334],[-73.903165,40.67839],[-73.902619,40.678361],[-73.900879,40.678142],[-73.899719,40.678079],[-73.899135,40.678017],[-73.898621,40.677908],[-73.89839,40.677836],[-73.897979,40.677657],[-73.897637,40.67743],[-73.897365,40.677156],[-73.897162,40.676834],[-73.897088,40.676653],[-73.896264,40.673448],[-73.896202,40.673247],[-73.896032,40.672891],[-73.895925,40.672739],[-73.895671,40.672487],[-73.89536,40.672302],[-73.894994,40.672186],[-73.894572,40.672138],[-73.894094,40.672159],[-73.89383,40.672196],[-73.88075,40.67413],[-73.866636,40.676166],[-73.866254,40.676284],[-73.86585,40.676487],[-73.862917,40.678469],[-73.862592,40.678653],[-73.861947,40.678912],[-73.860582,40.679263],[-73.845197,40.680234],[-73.844356,40.680333],[-73.841537,40.680861],[-73.841127,40.680871],[-73.840882,40.680836],[-73.840661,40.680768],[-73.840373,40.680605],[-73.84021,40.680455],[-73.840071,40.680272],[-73.839095,40.678632],[-73.838867,40.678199],[-73.829062,40.657898],[-73.828694,40.656988],[-73.82842,40.656136],[-73.816197,40.609245],[-73.816065,40.608803],[-73.815653,40.607677],[-73.809322,40.592881],[-73.809079,40.592425],[-73.808935,40.592216],[-73.808775,40.592018],[-73.808409,40.59166],[-73.808203,40.591499],[-73.807746,40.591213],[-73.807227,40.590976],[-73.806647,40.590788],[-73.804877,40.590367],[-73.804406,40.590275],[-73.803667,40.590189],[-73.803118,40.590182],[-73.795199,40.591149],[-73.794251,40.591336],[-73.79089,40.592186],[-73.790144,40.592305],[-73.789318,40.59236],[-73.788434,40.592373],[-73.787517,40.592337],[-73.785156,40.592158],[-73.784336,40.59215],[-73.783668,40.592179],[-73.772796,40.593269],[-73.772082,40.593392],[-73.771268,40.593634],[-73.770966,40.593758],[-73.77054,40.593974],[-73.762838,40.598607],[-73.7625,40.598843],[-73.762206,40.599097],[-73.760888,40.60057],[-73.760401,40.601017],[-73.759859,40.601447],[-73.75926,40.601859],[-73.758606,40.602254],[-73.755405,40.603995]]}},{"type":"Feature","properties":{"color":"#0062CF","description":"8 Avenue Express","route":"A","routeId":"A","shapeId":"A..S70R"},"geometry":{"type":"LineString","coordinates":[[-73.927271,40.865491],[-73.928643,40.864789],[-73.930123,40.863946],[-73.930459,40.863707],[-73.930694,40.863494],[-73.93418,40.859022],[-73.936503,40.855893],[-73.93676,40.855444],[-73.936887,40.855112],[-73.937969,40.851695],[-73.940053,40.846536],[-73.94009,40.846369],[-73.940086,40.846054],[-73.939982,40.845773],[-73.939776,40.845523],[-73.939372,40.845208],[-73.939125,40.844957],[-73.939033,40.844826],[-73.938937,40.844623],[-73.938885,40.84434],[-73.939173,40.842941],[-73.939338,40.841625],[-73.939778,40.839923],[-73.939871,40.839366],[-73.940057,40.837254],[-73.940033,40.83692],[-73.939811,40.835433],[-73.939817,40.83515],[-73.93988,40.834883],[-73.940574,40.833301],[-73.941514,40.830518],[-73.943229,40.826202],[-73.943403,40.825903],[-73.944719,40.824092],[-73.944926,40.823739],[-73.948977,40.815049],[-73.949147,40.814778],[-73.950266,40.813257],[-73.952019,40.8115],[-73.9523,40.811167],[-73.952922,40.810285],[-73.953007,40.810035],[-73.953034,40.809757],[-73.952942,40.808042],[-73.953018,40.807711],[-73.953148,40.807455],[-73.981736,40.768296],[-74.002463,40.739821],[-74.002535,40.739666],[-74.00259,40.739434],[-74.002583,40.7392],[-74.002514,40.738964],[-73.99975,40.734314],[-73.99966,40.734094],[-73.999629,40.733949],[-73.999621,40.733807],[-73.999652,40.733596],[-73.999777,40.733324],[-74.001419,40.731054],[-74.002529,40.729019],[-74.003739,40.726227],[-74.005189,40.722659],[-74.005278,40.72232],[-74.005304,40.721953],[-74.005229,40.720824],[-74.005166,40.718949],[-74.005203,40.71866],[-74.005329,40.71831],[-74.005494,40.718039],[-74.010001,40.712312],[-74.010113,40.712134],[-74.010175,40.711963],[-74.010187,40.711801],[-74.010112,40.711571],[-74.009924,40.711358],[-74.009737,40.711226],[-74.005811,40.709244],[-74.005475,40.709048],[-74.005187,40.70883],[-74.004894,40.708525],[-74.000966,40.703473],[-74.000749,40.703221],[-74.000279,40.70274],[-73.999749,40.702291],[-73.999159,40.701875],[-73.998841,40.701679],[-73.9978,40.701141],[-73.996623,40.700676],[-73.996206,40.700539],[-73.992732,40.699572],[-73.992209,40.699461],[-73.991654,40.699391],[-73.989309,40.6993],[-73.988758,40.699244],[-73.988511,40.699194],[-73.988074,40.699047],[-73.987713,40.69884],[-73.987562,40.698713],[-73.987429,40.69857],[-73.987221,40.69824],[-73.98709,40.697848],[-73.987036,40.697395],[-73.987179,40.694618],[-73.987276,40.693715],[-73.987387,40.691539],[-73.987423,40.691336],[-73.987509,40.691089],[-73.987803,40.690594],[-73.987892,40.690387],[-73.987932,40.6901],[-73.987858,40.689841],[-73.987672,40.68961],[-73.987376,40.689409],[-73.983901,40.688056],[-73.981149,40.687086],[-73.980134,40.6868],[-73.97948,40.68672],[-73.978877,40.686735],[-73.976828,40.686971],[-73.976449,40.68696],[-73.975986,40.686888],[-73.975438,40.68672],[-73.96831,40.683856],[-73.967769,40.683675],[-73.953779,40.680733],[-73.952921,40.680591],[-73.952432,40.680548],[-73.909823,40.678225],[-73.908405,40.678213],[-73.905316,40.678334],[-73.903165,40.67839],[-73.902619,40.678361],[-73.900879,40.678142],[-73.899719,40.678079],[-73.899135,40.678017],[-73.898621,40.677908],[-73.89839,40.677836],[-73.897979,40.677657],[-73.897637,40.67743],[-73.897365,40.677156],[-73.897162,40.676834],[-73.897088,40.676653],[-73.896264,40.673448],[-73.896124,40.673061],[-73.895925,40.672739],[-73.895671,40.672487],[-73.89536,40.672302],[-73.894994,40.672186],[-73.89479,40.672154],[-73.89434,40.67214],[-73.89383,40.672196],[-73.88075,40.67413],[-73.866636,40.676166],[-73.866254,40.676284],[-73.86585,40.676487],[-73.862917,40.678469],[-73.862592,40.678653],[-73.861947,40.678912],[-73.860673,40.679248],[-73.860342,40.679287],[-73.844906,40.680259],[-73.844224,40.680357],[-73.838801,40.681406],[-73.837967,40.681616],[-73.837124,40.681931],[-73.836494,40.682233],[-73.834207,40.683479],[-73.833731,40.683701],[-73.829196,40.68549],[-73.828819,40.685594],[-73.828442,40.685658],[-73.825798,40.685951]]}},{"type":"Feature","properties":{"color":"#0062CF","description":"8 Avenue Express","route":"A","routeId":"A","shapeId":"A..S78R"},"geometry":{"type":"LineString","coordinates":[[-73.927271,40.865491],[-73.928643,40.864789],[-73.930123,40.863946],[-73.930459,40.863707],[-73.930694,40.863494],[-73.93418,40.859022],[-73.936503,40.855893],[-73.93676,40.855444],[-73.936887,40.855112],[-73.937969,40.851695],[-73.940053,40.846536],[-73.94009,40.846369],[-73.940086,40.846054],[-73.939982,40.845773],[-73.939776,40.845523],[-73.939372,40.845208],[-73.939125,40.844957],[-73.939033,40.844826],[-73.938937,40.844623],[-73.938885,40.84434],[-73.939173,40.842941],[-73.939338,40.841625],[-73.939778,40.839923],[-73.939871,40.839366],[-73.940057,40.837254],[-73.940033,40.83692],[-73.939811,40.835433],[-73.939817,40.83515],[-73.93988,40.834883],[-73.940574,40.833301],[-73.941514,40.830518],[-73.943229,40.826202],[-73.943403,40.825903],[-73.944719,40.824092],[-73.944926,40.823739],[-73.948977,40.815049],[-73.949147,40.814778],[-73.950266,40.813257],[-73.952019,40.8115],[-73.9523,40.811167],[-73.952922,40.810285],[-73.953007,40.810035],[-73.953034,40.809757],[-73.952942,40.808042],[-73.953018,40.807711],[-73.953148,40.807455],[-73.981736,40.768296],[-74.002463,40.739821],[-74.002535,40.739666],[-74.00259,40.739434],[-74.002583,40.7392],[-74.002514,40.738964],[-73.99975,40.734314],[-73.99966,40.734094],[-73.999629,40.733949],[-73.999621,40.733807],[-73.999652,40.733596],[-73.999777,40.733324],[-74.001419,40.731054],[-74.002529,40.729019],[-74.003739,40.726227],[-74.005189,40.722659],[-74.005278,40.72232],[-74.005304,40.721953],[-74.005229,40.720824],[-74.005166,40.718949],[-74.005203,40.71866],[-74.005329,40.71831],[-74.005494,40.718039],[-74.010001,40.712312],[-74.010113,40.712134],[-74.010175,40.711963],[-74.010174,40.711722],[-74.010062,40.711498],[-74.009924,40.711358],[-74.009737,40.711226],[-74.005811,40.709244],[-74.005475,40.709048],[-74.005187,40.70883],[-74.004894,40.708525],[-74.000966,40.703473],[-74.000749,40.703221],[-74.000279,40.70274],[-73.999749,40.702291],[-73.999159,40.701875],[-73.998841,40.701679],[-73.9978,40.701141],[-73.996623,40.700676],[-73.996206,40.700539],[-73.992732,40.699572],[-73.992209,40.699461],[-73.991654,40.699391],[-73.989309,40.6993],[-73.988758,40.699244],[-73.988511,40.699194],[-73.988074,40.699047],[-73.987713,40.69884],[-73.987562,40.698713],[-73.987429,40.69857],[-73.987221,40.69824],[-73.98709,40.697848],[-73.987036,40.697395],[-73.987179,40.694618],[-73.987276,40.693715],[-73.987387,40.691539],[-73.987423,40.691336],[-73.987509,40.691089],[-73.987854,40.690489],[-73.987918,40.690288],[-73.987932,40.6901],[-73.987895,40.689924],[-73.987809,40.689761],[-73.987586,40.68954],[-73.987376,40.689409],[-73.983678,40.687975],[-73.982368,40.687531],[-73.981072,40.68706],[-73.980236,40.686823],[-73.979706,40.686735],[-73.979245,40.686718],[-73.978751,40.686747],[-73.976828,40.686971],[-73.976449,40.68696],[-73.975986,40.686888],[-73.975438,40.68672],[-73.96831,40.683856],[-73.967769,40.683675],[-73.953447,40.680669],[-73.952921,40.680591],[-73.952432,40.680548],[-73.909946,40.678231],[-73.908405,40.678213],[-73.905316,40.678334],[-73.903165,40.67839],[-73.902619,40.678361],[-73.900879,40.678142],[-73.899719,40.678079],[-73.899135,40.678017],[-73.898621,40.677908],[-73.89839,40.677836],[-73.897979,40.677657],[-73.897637,40.67743],[-73.897365,40.677156],[-73.897162,40.676834],[-73.897088,40.676653],[-73.896264,40.673448],[-73.896202,40.673247],[-73.896032,40.672891],[-73.895925,40.672739],[-73.895671,40.672487],[-73.89536,40.672302],[-73.894994,40.672186],[-73.894572,40.672138],[-73.894094,40.672159],[-73.89383,40.672196],[-73.88075,40.67413],[-73.866636,40.676166],[-73.866254,40.676284],[-73.86585,40.676487],[-73.862917,40.678469],[-73.862592,40.678653],[-73.861947,40.678912],[-73.860582,40.679263],[-73.844978,40.680252],[-73.844356,40.680333],[-73.841687,40.680843],[-73.841395,40.680873],[-73.841127,40.680871],[-73.840882,40.680836],[-73.840559,40.680722],[-73.840373,40.680605],[-73.84021,40.680455],[-73.840071,40.680272],[-73.839095,40.678632],[-73.838819,40.678102],[-73.829062,40.657898],[-73.828652,40.65687],[-73.82842,40.656136],[-73.816119,40.608977],[-73.815896,40.6083],[-73.815653,40.607677],[-73.809421,40.593127],[-73.80929,40.592668],[-73.809239,40.592211],[-73.809269,40.591756],[-73.809379,40.591304],[-73.809464,40.591079],[-73.809695,40.59063],[-73.810006,40.590184],[-73.810395,40.589741],[-73.81091,40.589309],[-73.811492,40.588938],[-73.812007,40.588685],[-73.820558,40.585307],[-73.821873,40.584825],[-73.822788,40.58454],[-73.828874,40.582832],[-73.83058,40.582272],[-73.835592,40.580903]]}},{"type":"Feature","properties":{"color":"#0062CF","description":"8 Avenue Express","route":"A","routeId":"A","shapeId":"A..S87R"},"geometry":{"type":"LineString","coordinates":[[-73.939561,40.840719],[-73.939778,40.839923],[-73.939843,40.839593],[-73.940055,40.837321],[-73.940042,40.836987],[-73.939811,40.835433],[-73.939812,40.835196],[-73.939841,40.835014],[-73.939896,40.83484],[-73.940574,40.833301],[-73.941514,40.830518],[-73.943159,40.826362],[-73.943379,40.825938],[-73.944719,40.824092],[-73.944926,40.823739],[-73.948875,40.815254],[-73.949046,40.81493],[-73.950266,40.813257],[-73.952019,40.8115],[-73.9523,40.811167],[-73.952898,40.810332],[-73.952995,40.810087],[-73.953033,40.809815],[-73.952942,40.808042],[-73.953018,40.807711],[-73.953148,40.807455],[-73.981736,40.768296],[-74.002463,40.739821],[-74.002535,40.739666],[-74.00259,40.739434],[-74.002583,40.7392],[-74.002514,40.738964],[-73.99975,40.734314],[-73.99966,40.734094],[-73.999629,40.733949],[-73.999621,40.733807],[-73.999652,40.733596],[-73.999777,40.733324],[-74.001419,40.731054],[-74.002529,40.729019],[-74.003739,40.726227],[-74.005189,40.722659],[-74.005278,40.72232],[-74.005304,40.721953],[-74.005229,40.720824],[-74.005166,40.718949],[-74.005203,40.71866],[-74.005329,40.71831],[-74.005494,40.718039],[-74.010001,40.712312],[-74.010113,40.712134],[-74.010175,40.711963],[-74.010187,40.711801],[-74.010149,40.711645],[-74.009999,40.711427],[-74.009737,40.711226],[-74.005811,40.709244],[-74.005475,40.709048],[-74.005187,40.70883],[-74.004894,40.708525],[-74.000966,40.703473],[-74.000749,40.703221],[-74.000279,40.70274],[-73.999749,40.702291],[-73.999159,40.701875],[-73.998841,40.701679],[-73.9978,40.701141],[-73.996623,40.700676],[-73.996206,40.700539],[-73.992732,40.699572],[-73.992209,40.699461],[-73.991654,40.699391],[-73.989309,40.6993],[-73.988758,40.699244],[-73.988511,40.699194],[-73.988074,40.699047],[-73.987713,40.69884],[-73.987562,40.698713],[-73.987429,40.69857],[-73.987221,40.69824],[-73.98709,40.697848],[-73.987036,40.697395],[-73.987179,40.694618],[-73.987276,40.693715],[-73.987387,40.691539],[-73.987423,40.691336],[-73.987509,40.691089],[-73.987854,40.690489],[-73.987918,40.690288],[-73.987932,40.6901],[-73.987895,40.689924],[-73.987809,40.689761],[-73.987586,40.68954],[-73.987376,40.689409],[-73.983678,40.687975],[-73.982368,40.687531],[-73.981072,40.68706],[-73.980236,40.686823],[-73.979706,40.686735],[-73.979245,40.686718],[-73.978751,40.686747],[-73.976828,40.686971],[-73.976449,40.68696],[-73.975986,40.686888],[-73.975438,40.68672],[-73.96831,40.683856],[-73.967769,40.683675],[-73.953447,40.680669],[-73.952921,40.680591],[-73.952432,40.680548],[-73.909946,40.678231],[-73.908405,40.678213],[-73.905316,40.678334],[-73.903165,40.67839],[-73.902619,40.678361],[-73.900879,40.678142],[-73.899719,40.678079],[-73.899135,40.678017],[-73.898621,40.677908],[-73.89839,40.677836],[-73.897979,40.677657],[-73.897637,40.67743],[-73.897365,40.677156],[-73.897162,40.676834],[-73.897088,40.676653],[-73.896264,40.673448],[-73.896202,40.673247],[-73.896032,40.672891],[-73.895925,40.672739],[-73.895671,40.672487],[-73.89536,40.672302],[-73.894994,40.672186],[-73.894572,40.672138],[-73.894094,40.672159],[-73.89383,40.672196],[-73.88075,40.67413],[-73.866636,40.676166],[-73.866254,40.676284],[-73.86585,40.676487],[-73.862917,40.678469],[-73.862592,40.678653],[-73.861947,40.678912],[-73.860582,40.679263],[-73.844978,40.680252],[-73.844356,40.680333],[-73.841687,40.680843],[-73.841395,40.680873],[-73.841127,40.680871],[-73.840882,40.680836],[-73.840559,40.680722],[-73.840373,40.680605],[-73.84021,40.680455],[-73.840071,40.680272],[-73.839095,40.678632],[-73.838819,40.678102],[-73.829062,40.657898],[-73.828652,40.65687],[-73.82842,40.656136],[-73.816119,40.608977],[-73.815896,40.6083],[-73.815653,40.607677],[-73.809421,40.593127],[-73.80929,40.592668],[-73.809239,40.592211],[-73.809269,40.591756],[-73.809379,40.591304],[-73.809464,40.591079],[-73.809695,40.59063],[-73.810006,40.590184],[-73.810395,40.589741],[-73.81091,40.589309],[-73.811492,40.588938],[-73.812007,40.588685],[-73.820558,40.585307],[-73.821873,40.584825],[-73.822788,40.58454],[-73.828874,40.582832],[-73.83058,40.582272],[-73.835592,40.580903]]}},{"type":"Feature","properties":{"color":"#0062CF","description":"8 Avenue Local","route":"C","routeId":"C","shapeId":"C..N04R"},"geometry":{"type":"LineString","coordinates":[[-73.872106,40.675377],[-73.88075,40.67413],[-73.89383,40.672196],[-73.89434,40.67214],[-73.89479,40.672154],[-73.894994,40.672186],[-73.89536,40.672302],[-73.895671,40.672487],[-73.895925,40.672739],[-73.896124,40.673061],[-73.896264,40.673448],[-73.897088,40.676653],[-73.897162,40.676834],[-73.897365,40.677156],[-73.897637,40.67743],[-73.897979,40.677657],[-73.89839,40.677836],[-73.898621,40.677908],[-73.899135,40.678017],[-73.899719,40.678079],[-73.900879,40.678142],[-73.902619,40.678361],[-73.903165,40.67839],[-73.905316,40.678334],[-73.908405,40.678213],[-73.909823,40.678225],[-73.952821,40.68058],[-73.953779,40.680733],[-73.967769,40.683675],[-73.96831,40.683856],[-73.975438,40.68672],[-73.975986,40.686888],[-73.976449,40.68696],[-73.976828,40.686971],[-73.978751,40.686747],[-73.979245,40.686718],[-73.979706,40.686735],[-73.980236,40.686823],[-73.981149,40.687086],[-73.98405,40.688112],[-73.987376,40.689409],[-73.987586,40.68954],[-73.987809,40.689761],[-73.98792,40.690011],[-73.987918,40.690288],[-73.987803,40.690594],[-73.987582,40.690945],[-73.987488,40.691138],[-73.987387,40.691539],[-73.987276,40.693715],[-73.987179,40.694618],[-73.987036,40.697395],[-73.98709,40.697848],[-73.987221,40.69824],[-73.987429,40.69857],[-73.987713,40.69884],[-73.987884,40.698951],[-73.988283,40.699128],[-73.988758,40.699244],[-73.989309,40.6993],[-73.991654,40.699391],[-73.992209,40.699461],[-73.992732,40.699572],[-73.996206,40.700539],[-73.996623,40.700676],[-73.9978,40.701141],[-73.998841,40.701679],[-73.999159,40.701875],[-73.999749,40.702291],[-74.000279,40.70274],[-74.000749,40.703221],[-74.000966,40.703473],[-74.004894,40.708525],[-74.005187,40.70883],[-74.005475,40.709048],[-74.005811,40.709244],[-74.009737,40.711226],[-74.009999,40.711427],[-74.010149,40.711645],[-74.010187,40.711801],[-74.010175,40.711963],[-74.010113,40.712134],[-74.010001,40.712312],[-74.005494,40.718039],[-74.005329,40.71831],[-74.005203,40.71866],[-74.005166,40.718949],[-74.005229,40.720824],[-74.005304,40.721953],[-74.005278,40.72232],[-74.005189,40.722659],[-74.003739,40.726227],[-74.002529,40.729019],[-74.001419,40.731054],[-73.999777,40.733324],[-73.999652,40.733596],[-73.999621,40.733807],[-73.999629,40.733949],[-73.99966,40.734094],[-73.99975,40.734314],[-74.002514,40.738964],[-74.002583,40.7392],[-74.00259,40.739434],[-74.002535,40.739666],[-74.002463,40.739821],[-73.981736,40.768296],[-73.953148,40.807455],[-73.953018,40.807711],[-73.952942,40.808042],[-73.953033,40.809815],[-73.952995,40.810087],[-73.952898,40.810332],[-73.9523,40.811167],[-73.952019,40.8115],[-73.950266,40.813257],[-73.949046,40.81493],[-73.948875,40.815254],[-73.944926,40.823739],[-73.944719,40.824092],[-73.943379,40.825938],[-73.943159,40.826362],[-73.941514,40.830518],[-73.940574,40.833301],[-73.939896,40.83484],[-73.939841,40.835014],[-73.939812,40.835196],[-73.939811,40.835433],[-73.940042,40.836987],[-73.940055,40.837321],[-73.939843,40.839593],[-73.939778,40.839923],[-73.939561,40.840719]]}},{"type":"Feature","properties":{"color":"#0062CF","description":"8 Avenue Local","route":"C","routeId":"C","shapeId":"C..S04R"},"geometry":{"type":"LineString","coordinates":[[-73.939561,40.840719],[-73.939778,40.839923],[-73.939843,40.839593],[-73.940055,40.837321],[-73.940042,40.836987],[-73.939811,40.835433],[-73.939812,40.835196],[-73.939841,40.835014],[-73.939896,40.83484],[-73.940574,40.833301],[-73.941514,40.830518],[-73.943159,40.826362],[-73.943379,40.825938],[-73.944719,40.824092],[-73.944926,40.823739],[-73.948875,40.815254],[-73.949046,40.81493],[-73.950266,40.813257],[-73.952019,40.8115],[-73.9523,40.811167],[-73.952898,40.810332],[-73.952995,40.810087],[-73.953033,40.809815],[-73.952942,40.808042],[-73.953018,40.807711],[-73.953148,40.807455],[-73.981736,40.768296],[-74.002463,40.739821],[-74.002535,40.739666],[-74.00259,40.739434],[-74.002583,40.7392],[-74.002514,40.738964],[-73.99975,40.734314],[-73.99966,40.734094],[-73.999629,40.733949],[-73.999621,40.733807],[-73.999652,40.733596],[-73.999777,40.733324],[-74.001419,40.731054],[-74.002529,40.729019],[-74.003739,40.726227],[-74.005189,40.722659],[-74.005278,40.72232],[-74.005304,40.721953],[-74.005229,40.720824],[-74.005166,40.718949],[-74.005203,40.71866],[-74.005329,40.71831],[-74.005494,40.718039],[-74.010001,40.712312],[-74.010113,40.712134],[-74.010175,40.711963],[-74.010187,40.711801],[-74.010149,40.711645],[-74.009999,40.711427],[-74.009737,40.711226],[-74.005811,40.709244],[-74.005475,40.709048],[-74.005187,40.70883],[-74.004894,40.708525],[-74.000966,40.703473],[-74.000749,40.703221],[-74.000279,40.70274],[-73.999749,40.702291],[-73.999159,40.701875],[-73.998841,40.701679],[-73.9978,40.701141],[-73.996623,40.700676],[-73.996206,40.700539],[-73.992732,40.699572],[-73.992209,40.699461],[-73.991654,40.699391],[-73.989309,40.6993],[-73.988758,40.699244],[-73.988283,40.699128],[-73.987884,40.698951],[-73.987713,40.69884],[-73.987429,40.69857],[-73.987221,40.69824],[-73.98709,40.697848],[-73.987036,40.697395],[-73.987179,40.694618],[-73.987276,40.693715],[-73.987387,40.691539],[-73.987488,40.691138],[-73.987582,40.690945],[-73.987803,40.690594],[-73.987918,40.690288],[-73.98792,40.690011],[-73.987809,40.689761],[-73.987586,40.68954],[-73.987376,40.689409],[-73.98405,40.688112],[-73.981149,40.687086],[-73.980236,40.686823],[-73.979706,40.686735],[-73.979245,40.686718],[-73.978751,40.686747],[-73.976828,40.686971],[-73.976449,40.68696],[-73.975986,40.686888],[-73.975438,40.68672],[-73.96831,40.683856],[-73.967769,40.683675],[-73.953779,40.680733],[-73.952821,40.68058],[-73.909823,40.678225],[-73.908405,40.678213],[-73.905316,40.678334],[-73.903165,40.67839],[-73.902619,40.678361],[-73.900879,40.678142],[-73.899719,40.678079],[-73.899135,40.678017],[-73.898621,40.677908],[-73.89839,40.677836],[-73.897979,40.677657],[-73.897637,40.67743],[-73.897365,40.677156],[-73.897162,40.676834],[-73.897088,40.676653],[-73.896264,40.673448],[-73.896124,40.673061],[-73.895925,40.672739],[-73.895671,40.672487],[-73.89536,40.672302],[-73.894994,40.672186],[-73.89479,40.672154],[-73.89434,40.67214],[-73.89383,40.672196],[-73.88075,40.67413],[-73.872106,40.675377]]}},{"type":"Feature","properties":{"color":"#0062CF","description":"8 Avenue Local","route":"E","routeId":"E","shapeId":"E..N05R"},"geometry":{"type":"LineString","coordinates":[[-74.009781,40.712582],[-74.00549,40.718037],[-74.005325,40.718309],[-74.005198,40.718658],[-74.005161,40.718947],[-74.005224,40.720785],[-74.005304,40.721953],[-74.005278,40.72232],[-74.005189,40.722659],[-74.003739,40.726227],[-74.002529,40.729019],[-74.001419,40.731054],[-73.999777,40.733324],[-73.999652,40.733596],[-73.999621,40.733807],[-73.999629,40.733949],[-73.99966,40.734094],[-73.99975,40.734314],[-74.002514,40.738964],[-74.002567,40.739121],[-74.002594,40.739356],[-74.00256,40.739589],[-74.002502,40.739744],[-74.002363,40.739974],[-73.985322,40.763365],[-73.985157,40.763535],[-73.984879,40.76372],[-73.984565,40.763821],[-73.984216,40.763838],[-73.983964,40.763803],[-73.983698,40.763731],[-73.96263,40.754839],[-73.962194,40.754617],[-73.961729,40.754329],[-73.957251,40.751182],[-73.956583,40.750778],[-73.95559,40.750244],[-73.954933,40.749935],[-73.954279,40.749664],[-73.953305,40.749328],[-73.952344,40.749075],[-73.943338,40.747329],[-73.942927,40.747273],[-73.942279,40.747272],[-73.941678,40.747385],[-73.936963,40.749083],[-73.936712,40.749215],[-73.936442,40.749408],[-73.934913,40.750826],[-73.934532,40.751125],[-73.933905,40.751491],[-73.933212,40.751758],[-73.932713,40.75188],[-73.931908,40.751979],[-73.92612,40.752098],[-73.925273,40.752217],[-73.924861,40.752311],[-73.92456,40.752411],[-73.924291,40.752545],[-73.924129,40.752654],[-73.923848,40.752918],[-73.921421,40.756039],[-73.91985,40.757972],[-73.919713,40.758107],[-73.919568,40.758213],[-73.919262,40.758378],[-73.918936,40.758481],[-73.918765,40.75851],[-73.91859,40.758523],[-73.918224,40.758502],[-73.917638,40.758356],[-73.917222,40.758182],[-73.914404,40.756812],[-73.906786,40.753221],[-73.885104,40.743987],[-73.882917,40.742933],[-73.882218,40.742569],[-73.881592,40.742215],[-73.880977,40.741822],[-73.879422,40.740665],[-73.879117,40.740389],[-73.878845,40.740052],[-73.878649,40.739739],[-73.877223,40.737015],[-73.876951,40.736514],[-73.876705,40.736148],[-73.876405,40.735812],[-73.876054,40.735507],[-73.87565,40.735232],[-73.875194,40.734988],[-73.874412,40.734679],[-73.870454,40.733509],[-73.869229,40.733106],[-73.868127,40.732638],[-73.867573,40.732358],[-73.86639,40.731688],[-73.865257,40.731187],[-73.854378,40.727216],[-73.853554,40.726887],[-73.852538,40.726443],[-73.851849,40.72609],[-73.851228,40.725699],[-73.850673,40.725272],[-73.849912,40.724584],[-73.849372,40.724151],[-73.848797,40.723747],[-73.848187,40.723371],[-73.847541,40.723026],[-73.840875,40.72007],[-73.837324,40.718331],[-73.835753,40.717531],[-73.835176,40.717213],[-73.834482,40.716787],[-73.83395,40.716425],[-73.83251,40.715375],[-73.831691,40.714844],[-73.831008,40.714441],[-73.828344,40.713129],[-73.827871,40.712918],[-73.822318,40.710787],[-73.821757,40.710516],[-73.821305,40.710195],[-73.821039,40.709921],[-73.820895,40.709723],[-73.819479,40.707304],[-73.817983,40.704945],[-73.817818,40.704648],[-73.816859,40.702566],[-73.816062,40.701042],[-73.815832,40.700735],[-73.815558,40.700468],[-73.815351,40.700313],[-73.815003,40.700115],[-73.814744,40.700003],[-73.81265,40.699436],[-73.812016,40.699359],[-73.811503,40.699383],[-73.811105,40.699458],[-73.809551,40.699899],[-73.80913,40.700047],[-73.808499,40.700315],[-73.80803,40.70047],[-73.803891,40.701523],[-73.801109,40.702147]]}},{"type":"Feature","properties":{"color":"#0062CF","description":"8 Avenue Local","route":"E","routeId":"E","shapeId":"E..N55R"},"geometry":{"type":"LineString","coordinates":[[-74.009781,40.712582],[-74.00549,40.718037],[-74.005325,40.718309],[-74.005198,40.718658],[-74.005161,40.718947],[-74.005224,40.720785],[-74.005304,40.721953],[-74.005278,40.72232],[-74.005189,40.722659],[-74.003739,40.726227],[-74.002529,40.729019],[-74.001419,40.731054],[-73.999777,40.733324],[-73.999652,40.733596],[-73.999621,40.733807],[-73.999629,40.733949],[-73.99966,40.734094],[-73.99975,40.734314],[-74.002514,40.738964],[-74.002567,40.739121],[-74.002594,40.739356],[-74.00256,40.739589],[-74.002502,40.739744],[-74.002363,40.739974],[-73.985322,40.763365],[-73.985157,40.763535],[-73.984879,40.76372],[-73.984674,40.763797],[-73.984337,40.763842],[-73.983964,40.763803],[-73.983698,40.763731],[-73.96263,40.754839],[-73.962194,40.754617],[-73.961729,40.754329],[-73.957251,40.751182],[-73.956583,40.750778],[-73.95559,40.750244],[-73.954933,40.749935],[-73.954279,40.749664],[-73.953305,40.749328],[-73.952344,40.749075],[-73.943063,40.747287],[-73.942405,40.747263],[-73.942033,40.747303],[-73.941678,40.747385],[-73.936963,40.749083],[-73.936712,40.749215],[-73.936442,40.749408],[-73.934913,40.750826],[-73.934331,40.751258],[-73.933905,40.751491],[-73.933451,40.75168],[-73.932966,40.751824],[-73.932452,40.751924],[-73.931627,40.75199],[-73.926563,40.752074],[-73.925796,40.752132],[-73.925273,40.752217],[-73.918511,40.753697],[-73.91784,40.753799],[-73.91716,40.753847],[-73.916241,40.75383],[-73.915542,40.753755],[-73.911537,40.753079],[-73.911187,40.753044],[-73.91073,40.753017],[-73.910175,40.75302],[-73.908257,40.753208],[-73.907767,40.753228],[-73.906995,40.753167],[-73.906558,40.753074],[-73.906278,40.752988],[-73.885104,40.743987],[-73.882775,40.742862],[-73.881662,40.742256],[-73.880977,40.741822],[-73.879422,40.740665],[-73.87906,40.740326],[-73.878845,40.740052],[-73.878602,40.739655],[-73.877223,40.737015],[-73.876834,40.736327],[-73.876562,40.735976],[-73.876236,40.735655],[-73.875859,40.735365],[-73.875429,40.735106],[-73.874947,40.734877],[-73.874412,40.734679],[-73.870454,40.733509],[-73.869229,40.733106],[-73.868127,40.732638],[-73.867573,40.732358],[-73.86639,40.731688],[-73.865257,40.731187],[-73.854378,40.727216],[-73.853554,40.726887],[-73.852538,40.726443],[-73.851849,40.72609],[-73.851228,40.725699],[-73.850673,40.725272],[-73.849912,40.724584],[-73.849372,40.724151],[-73.848797,40.723747],[-73.848187,40.723371],[-73.847541,40.723026],[-73.840875,40.72007],[-73.837324,40.718331],[-73.835753,40.717531],[-73.835176,40.717213],[-73.834482,40.716787],[-73.83395,40.716425],[-73.83251,40.715375],[-73.831691,40.714844],[-73.831008,40.714441],[-73.828344,40.713129],[-73.827871,40.712918],[-73.822318,40.710787],[-73.821887,40.710588],[-73.821518,40.710362],[-73.821305,40.710195],[-73.820963,40.709823],[-73.819479,40.707304],[-73.81838,40.70556],[-73.818196,40.705321],[-73.817786,40.704916],[-73.817333,40.704603],[-73.816836,40.704382],[-73.816571,40.704306],[-73.816009,40.704221],[-73.815403,40.704229],[-73.814754,40.704327],[-73.814414,40.704413],[-73.795329,40.709836],[-73.790661,40.711555],[-73.789961,40.711762],[-73.789402,40.711874],[-73.788815,40.71195],[-73.786515,40.712102],[-73.786003,40.712164],[-73.785426,40.712269],[-73.783817,40.712646]]}},{"type":"Feature","properties":{"color":"#0062CF","description":"8 Avenue Local","route":"E","routeId":"E","shapeId":"E..N57R"},"geometry":{"type":"LineString","coordinates":[[-74.009781,40.712582],[-74.00549,40.718037],[-74.005325,40.718309],[-74.005198,40.718658],[-74.005161,40.718947],[-74.005224,40.720785],[-74.005304,40.721953],[-74.005278,40.72232],[-74.005189,40.722659],[-74.003739,40.726227],[-74.002529,40.729019],[-74.001419,40.731054],[-73.999777,40.733324],[-73.999652,40.733596],[-73.999621,40.733807],[-73.999629,40.733949],[-73.99966,40.734094],[-73.99975,40.734314],[-74.002514,40.738964],[-74.002567,40.739121],[-74.002594,40.739356],[-74.00256,40.739589],[-74.002502,40.739744],[-74.002363,40.739974],[-73.985322,40.763365],[-73.985157,40.763535],[-73.984879,40.76372],[-73.984674,40.763797],[-73.984337,40.763842],[-73.983964,40.763803],[-73.983698,40.763731],[-73.96263,40.754839],[-73.962194,40.754617],[-73.961729,40.754329],[-73.957251,40.751182],[-73.956583,40.750778],[-73.95559,40.750244],[-73.954933,40.749935],[-73.954279,40.749664],[-73.953305,40.749328],[-73.952344,40.749075],[-73.943063,40.747287],[-73.942405,40.747263],[-73.942033,40.747303],[-73.941678,40.747385],[-73.936963,40.749083],[-73.936712,40.749215],[-73.936442,40.749408],[-73.934913,40.750826],[-73.934526,40.751094],[-73.933682,40.751591],[-73.933212,40.751758],[-73.932452,40.751924],[-73.931627,40.75199],[-73.926563,40.752074],[-73.925796,40.752132],[-73.925273,40.752217],[-73.918511,40.753697],[-73.91784,40.753799],[-73.91716,40.753847],[-73.916241,40.75383],[-73.915542,40.753755],[-73.911537,40.753079],[-73.911187,40.753044],[-73.91073,40.753017],[-73.910175,40.75302],[-73.908257,40.753208],[-73.907767,40.753228],[-73.906995,40.753167],[-73.906558,40.753074],[-73.906278,40.752988],[-73.885104,40.743987],[-73.882775,40.742862],[-73.881662,40.742256],[-73.880977,40.741822],[-73.879422,40.740665],[-73.87906,40.740326],[-73.878845,40.740052],[-73.878602,40.739655],[-73.877223,40.737015],[-73.876834,40.736327],[-73.876562,40.735976],[-73.876236,40.735655],[-73.875859,40.735365],[-73.875429,40.735106],[-73.874947,40.734877],[-73.874412,40.734679],[-73.870454,40.733509],[-73.869229,40.733106],[-73.868127,40.732638],[-73.867573,40.732358],[-73.86639,40.731688],[-73.865257,40.731187],[-73.854378,40.727216],[-73.853554,40.726887],[-73.852538,40.726443],[-73.851849,40.72609],[-73.851228,40.725699],[-73.850673,40.725272],[-73.849912,40.724584],[-73.849372,40.724151],[-73.848797,40.723747],[-73.848187,40.723371],[-73.847541,40.723026],[-73.840875,40.72007],[-73.837324,40.718331],[-73.835753,40.717531],[-73.835176,40.717213],[-73.834482,40.716787],[-73.83395,40.716425],[-73.83251,40.715375],[-73.831691,40.714844],[-73.831008,40.714441],[-73.828344,40.713129],[-73.827871,40.712918],[-73.822318,40.710787],[-73.821887,40.710588],[-73.821518,40.710362],[-73.821305,40.710195],[-73.820963,40.709823],[-73.819479,40.707304],[-73.81838,40.70556],[-73.818196,40.705321],[-73.817786,40.704916],[-73.817333,40.704603],[-73.816836,40.704382],[-73.816571,40.704306],[-73.816009,40.704221],[-73.815403,40.704229],[-73.814754,40.704327],[-73.814414,40.704413],[-73.795329,40.709836],[-73.790661,40.711555],[-73.789961,40.711762],[-73.789402,40.711874],[-73.788815,40.71195],[-73.786515,40.712102],[-73.786003,40.712164],[-73.785426,40.712269],[-73.783817,40.712646]]}},{"type":"Feature","properties":{"color":"#0062CF","description":"8 Avenue Local","route":"E","routeId":"E","shapeId":"E..N66R"},"geometry":{"type":"LineString","coordinates":[[-74.009781,40.712582],[-74.00549,40.718037],[-74.005325,40.718309],[-74.005198,40.718658],[-74.005161,40.718947],[-74.005224,40.720785],[-74.005304,40.721953],[-74.005278,40.72232],[-74.005189,40.722659],[-74.003739,40.726227],[-74.002529,40.729019],[-74.001419,40.731054],[-73.999777,40.733324],[-73.999652,40.733596],[-73.999621,40.733807],[-73.999629,40.733949],[-73.99966,40.734094],[-73.99975,40.734314],[-74.002514,40.738964],[-74.002567,40.739121],[-74.002594,40.739356],[-74.00256,40.739589],[-74.002502,40.739744],[-74.002363,40.739974],[-73.985322,40.763365],[-73.985157,40.763535],[-73.984879,40.76372],[-73.984565,40.763821],[-73.984216,40.763838],[-73.983964,40.763803],[-73.983698,40.763731],[-73.96263,40.754839],[-73.962194,40.754617],[-73.961729,40.754329],[-73.957251,40.751182],[-73.956583,40.750778],[-73.95592,40.750413],[-73.955261,40.750085],[-73.954605,40.749795],[-73.953629,40.74943],[-73.952983,40.749234],[-73.952344,40.749075],[-73.943063,40.747287],[-73.942405,40.747263],[-73.942033,40.747303],[-73.941678,40.747385],[-73.936963,40.749083],[-73.936712,40.749215],[-73.936442,40.749408],[-73.934913,40.750826],[-73.934331,40.751258],[-73.933905,40.751491],[-73.933451,40.75168],[-73.932966,40.751824],[-73.932452,40.751924],[-73.931627,40.75199],[-73.926563,40.752074],[-73.925796,40.752132],[-73.925273,40.752217],[-73.918511,40.753697],[-73.91784,40.753799],[-73.91716,40.753847],[-73.916241,40.75383],[-73.915542,40.753755],[-73.911537,40.753079],[-73.911187,40.753044],[-73.91073,40.753017],[-73.910175,40.75302],[-73.908257,40.753208],[-73.907767,40.753228],[-73.906995,40.753167],[-73.906558,40.753074],[-73.906278,40.752988],[-73.885104,40.743987],[-73.882775,40.742862],[-73.881662,40.742256],[-73.880977,40.741822],[-73.879422,40.740665],[-73.87906,40.740326],[-73.878845,40.740052],[-73.878602,40.739655],[-73.877223,40.737015],[-73.876834,40.736327],[-73.876562,40.735976],[-73.876236,40.735655],[-73.875859,40.735365],[-73.875429,40.735106],[-73.874947,40.734877],[-73.874412,40.734679],[-73.870454,40.733509],[-73.869229,40.733106],[-73.868127,40.732638],[-73.867573,40.732358],[-73.86639,40.731688],[-73.865257,40.731187],[-73.854378,40.727216],[-73.853554,40.726887],[-73.852538,40.726443],[-73.851849,40.72609],[-73.851228,40.725699],[-73.850673,40.725272],[-73.849912,40.724584],[-73.849372,40.724151],[-73.848797,40.723747],[-73.848187,40.723371],[-73.847541,40.723026],[-73.840875,40.72007],[-73.837324,40.718331],[-73.835753,40.717531],[-73.835176,40.717213],[-73.834482,40.716787],[-73.83395,40.716425],[-73.83251,40.715375],[-73.831691,40.714844],[-73.831008,40.714441],[-73.828344,40.713129],[-73.827871,40.712918],[-73.822318,40.710787],[-73.821757,40.710516],[-73.821305,40.710195],[-73.821039,40.709921],[-73.820895,40.709723],[-73.819479,40.707304],[-73.817983,40.704945],[-73.817818,40.704648],[-73.816859,40.702566],[-73.816062,40.701042],[-73.815832,40.700735],[-73.815558,40.700468],[-73.815351,40.700313],[-73.815003,40.700115],[-73.814744,40.700003],[-73.81265,40.699436],[-73.812016,40.699359],[-73.811503,40.699383],[-73.811105,40.699458],[-73.809551,40.699899],[-73.80913,40.700047],[-73.808499,40.700315],[-73.80803,40.70047],[-73.803891,40.701523],[-73.801109,40.702147]]}},{"type":"Feature","properties":{"color":"#0062CF","description":"8 Avenue Local","route":"E","routeId":"E","shapeId":"E..S04R"},"geometry":{"type":"LineString","coordinates":[[-73.801109,40.702147],[-73.803891,40.701523],[-73.80803,40.70047],[-73.808499,40.700315],[-73.80913,40.700047],[-73.809551,40.699899],[-73.811105,40.699458],[-73.811503,40.699383],[-73.812016,40.699359],[-73.81265,40.699436],[-73.814744,40.700003],[-73.815003,40.700115],[-73.815351,40.700313],[-73.815558,40.700468],[-73.815832,40.700735],[-73.816062,40.701042],[-73.816859,40.702566],[-73.817818,40.704648],[-73.817983,40.704945],[-73.819479,40.707304],[-73.820895,40.709723],[-73.821039,40.709921],[-73.821305,40.710195],[-73.821757,40.710516],[-73.822318,40.710787],[-73.827871,40.712918],[-73.828344,40.713129],[-73.831008,40.714441],[-73.831691,40.714844],[-73.83251,40.715375],[-73.83395,40.716425],[-73.834482,40.716787],[-73.835176,40.717213],[-73.835753,40.717531],[-73.837324,40.718331],[-73.840875,40.72007],[-73.847541,40.723026],[-73.848187,40.723371],[-73.848797,40.723747],[-73.849372,40.724151],[-73.849912,40.724584],[-73.850673,40.725272],[-73.851228,40.725699],[-73.851849,40.72609],[-73.852538,40.726443],[-73.853554,40.726887],[-73.854378,40.727216],[-73.865257,40.731187],[-73.86639,40.731688],[-73.867573,40.732358],[-73.868127,40.732638],[-73.869229,40.733106],[-73.870454,40.733509],[-73.874412,40.734679],[-73.875194,40.734988],[-73.87565,40.735232],[-73.876054,40.735507],[-73.876405,40.735812],[-73.876705,40.736148],[-73.876951,40.736514],[-73.877223,40.737015],[-73.878649,40.739739],[-73.878845,40.740052],[-73.879117,40.740389],[-73.879422,40.740665],[-73.880977,40.741822],[-73.881592,40.742215],[-73.882218,40.742569],[-73.882917,40.742933],[-73.885104,40.743987],[-73.906786,40.753221],[-73.914404,40.756812],[-73.917222,40.758182],[-73.917638,40.758356],[-73.918224,40.758502],[-73.91859,40.758523],[-73.918765,40.75851],[-73.918936,40.758481],[-73.919262,40.758378],[-73.919568,40.758213],[-73.919713,40.758107],[-73.91985,40.757972],[-73.921421,40.756039],[-73.923848,40.752918],[-73.924129,40.752654],[-73.924291,40.752545],[-73.92456,40.752411],[-73.924861,40.752311],[-73.925273,40.752217],[-73.92612,40.752098],[-73.931908,40.751979],[-73.932713,40.75188],[-73.933212,40.751758],[-73.933905,40.751491],[-73.934532,40.751125],[-73.934913,40.750826],[-73.936442,40.749408],[-73.936712,40.749215],[-73.936963,40.749083],[-73.941678,40.747385],[-73.942279,40.747272],[-73.942927,40.747273],[-73.943338,40.747329],[-73.952344,40.749075],[-73.953305,40.749328],[-73.954279,40.749664],[-73.954933,40.749935],[-73.95559,40.750244],[-73.956583,40.750778],[-73.957251,40.751182],[-73.961729,40.754329],[-73.962194,40.754617],[-73.96263,40.754839],[-73.983698,40.763731],[-73.983964,40.763803],[-73.984216,40.763838],[-73.984565,40.763821],[-73.984879,40.76372],[-73.985157,40.763535],[-73.985322,40.763365],[-74.002363,40.739974],[-74.002502,40.739744],[-74.00256,40.739589],[-74.002594,40.739356],[-74.002567,40.739121],[-74.002514,40.738964],[-73.99975,40.734314],[-73.99966,40.734094],[-73.999629,40.733949],[-73.999621,40.733807],[-73.999652,40.733596],[-73.999777,40.733324],[-74.001419,40.731054],[-74.002529,40.729019],[-74.003739,40.726227],[-74.005189,40.722659],[-74.005278,40.72232],[-74.005304,40.721953],[-74.005224,40.720785],[-74.005161,40.718947],[-74.005198,40.718658],[-74.005325,40.718309],[-74.00549,40.718037],[-74.009781,40.712582]]}},{"type":"Feature","properties":{"color":"#0062CF","description":"8 Avenue Local","route":"E","routeId":"E","shapeId":"E..S56R"},"geometry":{"type":"LineString","coordinates":[[-73.783817,40.712646],[-73.785426,40.712269],[-73.786003,40.712164],[-73.786515,40.712102],[-73.788815,40.71195],[-73.789402,40.711874],[-73.789961,40.711762],[-73.790661,40.711555],[-73.795329,40.709836],[-73.814414,40.704413],[-73.814754,40.704327],[-73.815403,40.704229],[-73.816009,40.704221],[-73.816571,40.704306],[-73.816836,40.704382],[-73.817333,40.704603],[-73.817786,40.704916],[-73.818196,40.705321],[-73.81838,40.70556],[-73.819479,40.707304],[-73.820963,40.709823],[-73.821305,40.710195],[-73.821518,40.710362],[-73.821887,40.710588],[-73.822318,40.710787],[-73.827871,40.712918],[-73.828344,40.713129],[-73.831008,40.714441],[-73.831691,40.714844],[-73.83251,40.715375],[-73.83395,40.716425],[-73.834482,40.716787],[-73.835176,40.717213],[-73.835753,40.717531],[-73.837324,40.718331],[-73.840875,40.72007],[-73.847541,40.723026],[-73.848187,40.723371],[-73.848797,40.723747],[-73.849372,40.724151],[-73.849912,40.724584],[-73.850673,40.725272],[-73.851228,40.725699],[-73.851849,40.72609],[-73.852538,40.726443],[-73.853554,40.726887],[-73.854378,40.727216],[-73.865257,40.731187],[-73.86639,40.731688],[-73.867573,40.732358],[-73.868127,40.732638],[-73.869229,40.733106],[-73.870454,40.733509],[-73.874412,40.734679],[-73.874947,40.734877],[-73.875429,40.735106],[-73.875859,40.735365],[-73.876236,40.735655],[-73.876562,40.735976],[-73.876834,40.736327],[-73.877223,40.737015],[-73.878602,40.739655],[-73.878845,40.740052],[-73.87906,40.740326],[-73.879422,40.740665],[-73.880977,40.741822],[-73.881662,40.742256],[-73.882775,40.742862],[-73.885104,40.743987],[-73.906278,40.752988],[-73.906558,40.753074],[-73.906995,40.753167],[-73.907767,40.753228],[-73.908257,40.753208],[-73.910175,40.75302],[-73.91073,40.753017],[-73.911187,40.753044],[-73.911537,40.753079],[-73.915542,40.753755],[-73.916241,40.75383],[-73.91716,40.753847],[-73.91784,40.753799],[-73.918511,40.753697],[-73.925273,40.752217],[-73.925796,40.752132],[-73.926563,40.752074],[-73.931627,40.75199],[-73.932452,40.751924],[-73.932966,40.751824],[-73.933451,40.75168],[-73.933905,40.751491],[-73.934331,40.751258],[-73.934913,40.750826],[-73.936442,40.749408],[-73.936712,40.749215],[-73.936963,40.749083],[-73.941678,40.747385],[-73.942033,40.747303],[-73.942405,40.747263],[-73.943063,40.747287],[-73.952344,40.749075],[-73.953305,40.749328],[-73.954279,40.749664],[-73.954933,40.749935],[-73.95559,40.750244],[-73.956583,40.750778],[-73.957251,40.751182],[-73.961729,40.754329],[-73.962194,40.754617],[-73.96263,40.754839],[-73.983698,40.763731],[-73.983964,40.763803],[-73.984337,40.763842],[-73.984674,40.763797],[-73.984879,40.76372],[-73.985157,40.763535],[-73.985322,40.763365],[-74.002363,40.739974],[-74.002502,40.739744],[-74.00256,40.739589],[-74.002594,40.739356],[-74.002567,40.739121],[-74.002514,40.738964],[-73.99975,40.734314],[-73.99966,40.734094],[-73.999629,40.733949],[-73.999621,40.733807],[-73.999652,40.733596],[-73.999777,40.733324],[-74.001419,40.731054],[-74.002529,40.729019],[-74.003739,40.726227],[-74.005189,40.722659],[-74.005278,40.72232],[-74.005304,40.721953],[-74.005224,40.720785],[-74.005161,40.718947],[-74.005198,40.718658],[-74.005325,40.718309],[-74.00549,40.718037],[-74.009781,40.712582]]}},{"type":"Feature","properties":{"color":"#0062CF","description":"8 Avenue Local","route":"E","routeId":"E","shapeId":"E..S69R"},"geometry":{"type":"LineString","coordinates":[[-73.801109,40.702147],[-73.803891,40.701523],[-73.80803,40.70047],[-73.808499,40.700315],[-73.80913,40.700047],[-73.809551,40.699899],[-73.811105,40.699458],[-73.811503,40.699383],[-73.812016,40.699359],[-73.81265,40.699436],[-73.814744,40.700003],[-73.815003,40.700115],[-73.815351,40.700313],[-73.815558,40.700468],[-73.815832,40.700735],[-73.816062,40.701042],[-73.816859,40.702566],[-73.817818,40.704648],[-73.817983,40.704945],[-73.819479,40.707304],[-73.820895,40.709723],[-73.821039,40.709921],[-73.821305,40.710195],[-73.821757,40.710516],[-73.822318,40.710787],[-73.827871,40.712918],[-73.828344,40.713129],[-73.831008,40.714441],[-73.831691,40.714844],[-73.83251,40.715375],[-73.83395,40.716425],[-73.834482,40.716787],[-73.835176,40.717213],[-73.835753,40.717531],[-73.837324,40.718331],[-73.840875,40.72007],[-73.847541,40.723026],[-73.848187,40.723371],[-73.848797,40.723747],[-73.849372,40.724151],[-73.849912,40.724584],[-73.850673,40.725272],[-73.851228,40.725699],[-73.851849,40.72609],[-73.852538,40.726443],[-73.853554,40.726887],[-73.854378,40.727216],[-73.865257,40.731187],[-73.86639,40.731688],[-73.867573,40.732358],[-73.868127,40.732638],[-73.869229,40.733106],[-73.870454,40.733509],[-73.874412,40.734679],[-73.874947,40.734877],[-73.875429,40.735106],[-73.875859,40.735365],[-73.876236,40.735655],[-73.876562,40.735976],[-73.876834,40.736327],[-73.877223,40.737015],[-73.878602,40.739655],[-73.878845,40.740052],[-73.87906,40.740326],[-73.879422,40.740665],[-73.880977,40.741822],[-73.881662,40.742256],[-73.882775,40.742862],[-73.885104,40.743987],[-73.906278,40.752988],[-73.906558,40.753074],[-73.906995,40.753167],[-73.907767,40.753228],[-73.908257,40.753208],[-73.910175,40.75302],[-73.91073,40.753017],[-73.911187,40.753044],[-73.911537,40.753079],[-73.915542,40.753755],[-73.916241,40.75383],[-73.91716,40.753847],[-73.91784,40.753799],[-73.918511,40.753697],[-73.925273,40.752217],[-73.925796,40.752132],[-73.926563,40.752074],[-73.931627,40.75199],[-73.932452,40.751924],[-73.932966,40.751824],[-73.933451,40.75168],[-73.933905,40.751491],[-73.934331,40.751258],[-73.934913,40.750826],[-73.936442,40.749408],[-73.936712,40.749215],[-73.936963,40.749083],[-73.941678,40.747385],[-73.942033,40.747303],[-73.942405,40.747263],[-73.943063,40.747287],[-73.952344,40.749075],[-73.952983,40.749234],[-73.953629,40.74943],[-73.954605,40.749795],[-73.955261,40.750085],[-73.95592,40.750413],[-73.956583,40.750778],[-73.957251,40.751182],[-73.961729,40.754329],[-73.962194,40.754617],[-73.96263,40.754839],[-73.983698,40.763731],[-73.983964,40.763803],[-73.984216,40.763838],[-73.984565,40.763821],[-73.984879,40.76372],[-73.985157,40.763535],[-73.985322,40.763365],[-74.002363,40.739974],[-74.002502,40.739744],[-74.00256,40.739589],[-74.002594,40.739356],[-74.002567,40.739121],[-74.002514,40.738964],[-73.99975,40.734314],[-73.99966,40.734094],[-73.999629,40.733949],[-73.999621,40.733807],[-73.999652,40.733596],[-73.999777,40.733324],[-74.001419,40.731054],[-74.002529,40.729019],[-74.003739,40.726227],[-74.005189,40.722659],[-74.005278,40.72232],[-74.005304,40.721953],[-74.005224,40.720785],[-74.005161,40.718947],[-74.005198,40.718658],[-74.005325,40.718309],[-74.00549,40.718037],[-74.009781,40.712582]]}},{"type":"Feature","properties":{"color":"#EB6800","description":"6 Avenue Express","route":"B","routeId":"B","shapeId":"B..N60R"},"geometry":{"type":"LineString","coordinates":[[-73.961376,40.577621],[-73.960148,40.577894],[-73.959912,40.577998],[-73.959681,40.57818],[-73.95467,40.585198],[-73.954373,40.585763],[-73.954254,40.586103],[-73.954201,40.586329],[-73.954158,40.58667],[-73.954139,40.587329],[-73.95406,40.588205],[-73.954052,40.58861],[-73.954096,40.589221],[-73.954319,40.590785],[-73.957502,40.607591],[-73.95764,40.608159],[-73.957896,40.609529],[-73.957986,40.610171],[-73.961408,40.628229],[-73.961911,40.63039],[-73.96453,40.644282],[-73.964564,40.644777],[-73.96455,40.645144],[-73.964502,40.645506],[-73.964421,40.645866],[-73.962486,40.652165],[-73.961495,40.655292],[-73.961393,40.655851],[-73.961365,40.656386],[-73.961394,40.656798],[-73.961941,40.660164],[-73.962144,40.660972],[-73.96245,40.662823],[-73.96264,40.663357],[-73.962927,40.663876],[-73.972367,40.67705],[-73.976398,40.682608],[-73.976543,40.682877],[-73.976675,40.683264],[-73.977424,40.687228],[-73.977495,40.687399],[-73.977624,40.687541],[-73.977812,40.687656],[-73.980613,40.688792],[-73.980905,40.688986],[-73.981117,40.689232],[-73.982304,40.691559],[-73.983428,40.693829],[-73.983934,40.695138],[-73.985242,40.697839],[-73.994765,40.714991],[-73.994877,40.715281],[-73.994923,40.715578],[-73.994901,40.715881],[-73.994812,40.716191],[-73.991909,40.721912],[-73.991861,40.72208],[-73.991693,40.723036],[-73.991706,40.723355],[-73.991812,40.723635],[-73.991935,40.7238],[-73.992098,40.723946],[-73.992304,40.724075],[-73.99255,40.724185],[-73.996204,40.725297],[-73.996858,40.725513],[-73.997568,40.725792],[-74.002019,40.72797],[-74.002301,40.72817],[-74.002473,40.728414],[-74.002535,40.728702],[-74.002515,40.728918],[-74.002395,40.729279],[-74.001511,40.730897],[-74.001312,40.731216],[-73.987823,40.749719],[-73.97963,40.761008],[-73.97951,40.761332],[-73.979524,40.761626],[-73.97967,40.761889],[-73.97995,40.762121],[-73.980212,40.762259],[-73.983698,40.763731],[-73.983999,40.763931],[-73.984195,40.764157],[-73.984284,40.764408],[-73.984265,40.764684],[-73.984138,40.764986],[-73.95319,40.807392],[-73.953018,40.807711],[-73.952942,40.808042],[-73.953033,40.809815],[-73.952995,40.810087],[-73.952898,40.810332],[-73.9523,40.811167],[-73.952019,40.8115],[-73.950266,40.813257],[-73.949046,40.81493],[-73.948875,40.815254],[-73.94486,40.823862],[-73.944669,40.824163],[-73.943403,40.825903],[-73.942358,40.827213],[-73.941032,40.829263],[-73.940866,40.829448],[-73.940673,40.829612],[-73.940336,40.829815],[-73.939797,40.830007],[-73.939156,40.830108],[-73.938209,40.830135],[-73.930905,40.829975],[-73.930142,40.829878],[-73.929492,40.829708],[-73.929156,40.829569],[-73.927482,40.828599],[-73.927021,40.82839],[-73.92604,40.828025],[-73.924298,40.827504],[-73.924013,40.827429],[-73.923486,40.827348],[-73.923016,40.827358],[-73.922603,40.827459],[-73.922248,40.82765],[-73.922092,40.827779],[-73.921823,40.828106],[-73.9204,40.831044],[-73.919886,40.831918],[-73.919334,40.832715],[-73.918895,40.833263],[-73.91844,40.833771],[-73.914603,40.837691],[-73.914043,40.838351],[-73.913588,40.838992],[-73.913216,40.839644],[-73.912924,40.840288],[-73.91164,40.844055],[-73.91143,40.844482],[-73.911176,40.84488],[-73.910875,40.845249],[-73.910404,40.845695],[-73.908121,40.847343],[-73.907389,40.847947],[-73.906787,40.848518],[-73.906311,40.849058],[-73.90142,40.855133],[-73.901043,40.855636],[-73.900741,40.856093],[-73.898918,40.859147],[-73.897337,40.862073],[-73.897064,40.862521],[-73.896681,40.863048],[-73.894164,40.866103],[-73.893509,40.866978]]}},{"type":"Feature","properties":{"color":"#EB6800","description":"6 Avenue Express","route":"B","routeId":"B","shapeId":"B..N65R"},"geometry":{"type":"LineString","coordinates":[[-73.961376,40.577621],[-73.960148,40.577894],[-73.959912,40.577998],[-73.959681,40.57818],[-73.95467,40.585198],[-73.954373,40.585763],[-73.954254,40.586103],[-73.954201,40.586329],[-73.954158,40.58667],[-73.954139,40.587329],[-73.95406,40.588205],[-73.954052,40.58861],[-73.954096,40.589221],[-73.954319,40.590785],[-73.957502,40.607591],[-73.95764,40.608159],[-73.957896,40.609529],[-73.957986,40.610171],[-73.961408,40.628229],[-73.961911,40.63039],[-73.96453,40.644282],[-73.964564,40.644777],[-73.96455,40.645144],[-73.964502,40.645506],[-73.964421,40.645866],[-73.962486,40.652165],[-73.961495,40.655292],[-73.961393,40.655851],[-73.961365,40.656386],[-73.961394,40.656798],[-73.961941,40.660164],[-73.962144,40.660972],[-73.96245,40.662823],[-73.96264,40.663357],[-73.962927,40.663876],[-73.972367,40.67705],[-73.976398,40.682608],[-73.976543,40.682877],[-73.976675,40.683264],[-73.977424,40.687228],[-73.977495,40.687399],[-73.977624,40.687541],[-73.977812,40.687656],[-73.980613,40.688792],[-73.980905,40.688986],[-73.981117,40.689232],[-73.982304,40.691559],[-73.983428,40.693829],[-73.983934,40.695138],[-73.985242,40.697839],[-73.994765,40.714991],[-73.994877,40.715281],[-73.994923,40.715578],[-73.994901,40.715881],[-73.994812,40.716191],[-73.991909,40.721912],[-73.991861,40.72208],[-73.991693,40.723036],[-73.991706,40.723355],[-73.991812,40.723635],[-73.991935,40.7238],[-73.992098,40.723946],[-73.992304,40.724075],[-73.99255,40.724185],[-73.996204,40.725297],[-73.996858,40.725513],[-73.997568,40.725792],[-74.002019,40.72797],[-74.002301,40.72817],[-74.002473,40.728414],[-74.002535,40.728702],[-74.002486,40.729034],[-74.002395,40.729279],[-74.001511,40.730897],[-74.001312,40.731216],[-73.987823,40.749719],[-73.97963,40.761008],[-73.97951,40.761332],[-73.979524,40.761626],[-73.97967,40.761889],[-73.97995,40.762121],[-73.980212,40.762259],[-73.983698,40.763731],[-73.983999,40.763931],[-73.984195,40.764157],[-73.984284,40.764408],[-73.984265,40.764684],[-73.984138,40.764986],[-73.95319,40.807392],[-73.953018,40.807711],[-73.952942,40.808042],[-73.953033,40.809815],[-73.952995,40.810087],[-73.952898,40.810332],[-73.9523,40.811167],[-73.952019,40.8115],[-73.950266,40.813257],[-73.949046,40.81493],[-73.948875,40.815254],[-73.94486,40.823862],[-73.944669,40.824163],[-73.943403,40.825903],[-73.942358,40.827213],[-73.941032,40.829263],[-73.940866,40.829448],[-73.940673,40.829612],[-73.940336,40.829815],[-73.939797,40.830007],[-73.939156,40.830108],[-73.938209,40.830135],[-73.930905,40.829975],[-73.930142,40.829878],[-73.929492,40.829708],[-73.929156,40.829569],[-73.927482,40.828599],[-73.927021,40.82839],[-73.92604,40.828025],[-73.924298,40.827504],[-73.924013,40.827429],[-73.923486,40.827348],[-73.923016,40.827358],[-73.922603,40.827459],[-73.922248,40.82765],[-73.922092,40.827779],[-73.921823,40.828106],[-73.9204,40.831044],[-73.919886,40.831918],[-73.919334,40.832715],[-73.918895,40.833263],[-73.91844,40.833771],[-73.914603,40.837691],[-73.914043,40.838351],[-73.913588,40.838992],[-73.913216,40.839644],[-73.91285,40.840469],[-73.91164,40.844055],[-73.911351,40.844618],[-73.91108,40.845006],[-73.910765,40.845365],[-73.910273,40.845799],[-73.908535,40.847028],[-73.90756,40.847799],[-73.906925,40.848378],[-73.906419,40.848925],[-73.90142,40.855133],[-73.901043,40.855636],[-73.900741,40.856093],[-73.89888,40.859213],[-73.897292,40.862151],[-73.897017,40.862591],[-73.896681,40.863048],[-73.894164,40.866103],[-73.891998,40.868949],[-73.891781,40.869195],[-73.891336,40.869639],[-73.890765,40.870106],[-73.890415,40.870341],[-73.889113,40.871118],[-73.888619,40.871475],[-73.888279,40.871801],[-73.887138,40.873244]]}},{"type":"Feature","properties":{"color":"#EB6800","description":"6 Avenue Express","route":"B","routeId":"B","shapeId":"B..N66R"},"geometry":{"type":"LineString","coordinates":[[-73.961376,40.577621],[-73.960148,40.577894],[-73.959912,40.577998],[-73.959681,40.57818],[-73.95467,40.585198],[-73.954373,40.585763],[-73.954254,40.586103],[-73.954201,40.586329],[-73.954158,40.58667],[-73.954139,40.587329],[-73.95406,40.588205],[-73.954052,40.58861],[-73.954096,40.589221],[-73.954319,40.590785],[-73.957502,40.607591],[-73.95764,40.608159],[-73.957896,40.609529],[-73.957986,40.610171],[-73.961408,40.628229],[-73.961911,40.63039],[-73.96453,40.644282],[-73.964564,40.644777],[-73.96455,40.645144],[-73.964502,40.645506],[-73.964421,40.645866],[-73.962486,40.652165],[-73.961495,40.655292],[-73.961393,40.655851],[-73.961365,40.656386],[-73.961394,40.656798],[-73.961941,40.660164],[-73.962144,40.660972],[-73.96245,40.662823],[-73.96264,40.663357],[-73.962927,40.663876],[-73.972367,40.67705],[-73.976398,40.682608],[-73.976543,40.682877],[-73.976675,40.683264],[-73.977424,40.687228],[-73.977495,40.687399],[-73.977624,40.687541],[-73.977812,40.687656],[-73.980613,40.688792],[-73.980905,40.688986],[-73.981117,40.689232],[-73.982304,40.691559],[-73.983428,40.693829],[-73.983934,40.695138],[-73.985242,40.697839],[-73.994765,40.714991],[-73.994877,40.715281],[-73.994923,40.715578],[-73.994901,40.715881],[-73.994812,40.716191],[-73.991909,40.721912],[-73.991861,40.72208],[-73.991693,40.723036],[-73.991706,40.723355],[-73.991812,40.723635],[-73.991935,40.7238],[-73.992098,40.723946],[-73.992304,40.724075],[-73.99255,40.724185],[-73.996641,40.725437],[-73.997273,40.72567],[-73.997938,40.725961],[-74.002126,40.728032],[-74.002371,40.728247],[-74.002473,40.728414],[-74.002526,40.728601],[-74.002531,40.728808],[-74.002486,40.729034],[-74.002395,40.729279],[-74.001511,40.730897],[-74.001312,40.731216],[-73.987823,40.749719],[-73.97963,40.761008],[-73.97951,40.761332],[-73.979524,40.761626],[-73.97967,40.761889],[-73.97995,40.762121],[-73.980212,40.762259],[-73.983698,40.763731],[-73.983999,40.763931],[-73.984195,40.764157],[-73.984284,40.764408],[-73.984265,40.764684],[-73.984138,40.764986],[-73.95319,40.807392],[-73.953018,40.807711],[-73.952942,40.808042],[-73.953033,40.809815],[-73.952995,40.810087],[-73.952898,40.810332],[-73.9523,40.811167],[-73.952019,40.8115],[-73.950266,40.813257],[-73.949046,40.81493],[-73.948875,40.815254],[-73.944926,40.823739],[-73.944719,40.824092],[-73.944216,40.824783]]}},{"type":"Feature","properties":{"color":"#EB6800","description":"6 Avenue Express","route":"B","routeId":"B","shapeId":"B..S65R"},"geometry":{"type":"LineString","coordinates":[[-73.887138,40.873244],[-73.888279,40.871801],[-73.888619,40.871475],[-73.889113,40.871118],[-73.890415,40.870341],[-73.890765,40.870106],[-73.891336,40.869639],[-73.891781,40.869195],[-73.891998,40.868949],[-73.894164,40.866103],[-73.896681,40.863048],[-73.897017,40.862591],[-73.897292,40.862151],[-73.89888,40.859213],[-73.900741,40.856093],[-73.901043,40.855636],[-73.90142,40.855133],[-73.906419,40.848925],[-73.906925,40.848378],[-73.90756,40.847799],[-73.908535,40.847028],[-73.910273,40.845799],[-73.910765,40.845365],[-73.91108,40.845006],[-73.911351,40.844618],[-73.91164,40.844055],[-73.91285,40.840469],[-73.913216,40.839644],[-73.913588,40.838992],[-73.914043,40.838351],[-73.914603,40.837691],[-73.91844,40.833771],[-73.918895,40.833263],[-73.919334,40.832715],[-73.919886,40.831918],[-73.9204,40.831044],[-73.921823,40.828106],[-73.922092,40.827779],[-73.922248,40.82765],[-73.922603,40.827459],[-73.923016,40.827358],[-73.923486,40.827348],[-73.924013,40.827429],[-73.924298,40.827504],[-73.92604,40.828025],[-73.927021,40.82839],[-73.927482,40.828599],[-73.929156,40.829569],[-73.929492,40.829708],[-73.930142,40.829878],[-73.930905,40.829975],[-73.938209,40.830135],[-73.939156,40.830108],[-73.939797,40.830007],[-73.940336,40.829815],[-73.940673,40.829612],[-73.940866,40.829448],[-73.941032,40.829263],[-73.942358,40.827213],[-73.943403,40.825903],[-73.944669,40.824163],[-73.94486,40.823862],[-73.948875,40.815254],[-73.949046,40.81493],[-73.950266,40.813257],[-73.952019,40.8115],[-73.9523,40.811167],[-73.952898,40.810332],[-73.952995,40.810087],[-73.953033,40.809815],[-73.952942,40.808042],[-73.953018,40.807711],[-73.95319,40.807392],[-73.984138,40.764986],[-73.984265,40.764684],[-73.984284,40.764408],[-73.984195,40.764157],[-73.983999,40.763931],[-73.983698,40.763731],[-73.980212,40.762259],[-73.97995,40.762121],[-73.97967,40.761889],[-73.979524,40.761626],[-73.97951,40.761332],[-73.97963,40.761008],[-73.987823,40.749719],[-74.001312,40.731216],[-74.001511,40.730897],[-74.002395,40.729279],[-74.002486,40.729034],[-74.002535,40.728702],[-74.002473,40.728414],[-74.002301,40.72817],[-74.002019,40.72797],[-73.997568,40.725792],[-73.996858,40.725513],[-73.996204,40.725297],[-73.99255,40.724185],[-73.992304,40.724075],[-73.992098,40.723946],[-73.991935,40.7238],[-73.991812,40.723635],[-73.991706,40.723355],[-73.991693,40.723036],[-73.991861,40.72208],[-73.991909,40.721912],[-73.994812,40.716191],[-73.994901,40.715881],[-73.994923,40.715578],[-73.994877,40.715281],[-73.994765,40.714991],[-73.985242,40.697839],[-73.983934,40.695138],[-73.983428,40.693829],[-73.982304,40.691559],[-73.981117,40.689232],[-73.980905,40.688986],[-73.980613,40.688792],[-73.977812,40.687656],[-73.977624,40.687541],[-73.977495,40.687399],[-73.977424,40.687228],[-73.976675,40.683264],[-73.976543,40.682877],[-73.976398,40.682608],[-73.972367,40.67705],[-73.962927,40.663876],[-73.96264,40.663357],[-73.96245,40.662823],[-73.962144,40.660972],[-73.961941,40.660164],[-73.961394,40.656798],[-73.961365,40.656386],[-73.961393,40.655851],[-73.961495,40.655292],[-73.962486,40.652165],[-73.964421,40.645866],[-73.964502,40.645506],[-73.96455,40.645144],[-73.964564,40.644777],[-73.96453,40.644282],[-73.961911,40.63039],[-73.961408,40.628229],[-73.957986,40.610171],[-73.957896,40.609529],[-73.95764,40.608159],[-73.957502,40.607591],[-73.954319,40.590785],[-73.954096,40.589221],[-73.954052,40.58861],[-73.95406,40.588205],[-73.954139,40.587329],[-73.954158,40.58667],[-73.954201,40.586329],[-73.954254,40.586103],[-73.954373,40.585763],[-73.95467,40.585198],[-73.959681,40.57818],[-73.959912,40.577998],[-73.960148,40.577894],[-73.961376,40.577621]]}},{"type":"Feature","properties":{"color":"#EB6800","description":"6 Avenue Express","route":"B","routeId":"B","shapeId":"B..S66R"},"geometry":{"type":"LineString","coordinates":[[-73.944216,40.824783],[-73.944719,40.824092],[-73.944926,40.823739],[-73.948875,40.815254],[-73.949046,40.81493],[-73.950266,40.813257],[-73.952019,40.8115],[-73.9523,40.811167],[-73.952898,40.810332],[-73.952995,40.810087],[-73.953033,40.809815],[-73.952942,40.808042],[-73.953018,40.807711],[-73.95319,40.807392],[-73.984138,40.764986],[-73.984265,40.764684],[-73.984284,40.764408],[-73.984195,40.764157],[-73.983999,40.763931],[-73.983698,40.763731],[-73.980212,40.762259],[-73.97995,40.762121],[-73.97967,40.761889],[-73.979524,40.761626],[-73.97951,40.761332],[-73.97963,40.761008],[-73.987823,40.749719],[-74.001312,40.731216],[-74.001511,40.730897],[-74.002395,40.729279],[-74.002486,40.729034],[-74.002531,40.728808],[-74.002526,40.728601],[-74.002473,40.728414],[-74.002371,40.728247],[-74.002126,40.728032],[-73.997938,40.725961],[-73.997273,40.72567],[-73.996641,40.725437],[-73.99255,40.724185],[-73.992304,40.724075],[-73.992098,40.723946],[-73.991935,40.7238],[-73.991812,40.723635],[-73.991706,40.723355],[-73.991693,40.723036],[-73.991861,40.72208],[-73.991909,40.721912],[-73.994812,40.716191],[-73.994901,40.715881],[-73.994923,40.715578],[-73.994877,40.715281],[-73.994765,40.714991],[-73.985242,40.697839],[-73.983934,40.695138],[-73.983428,40.693829],[-73.982304,40.691559],[-73.981117,40.689232],[-73.980905,40.688986],[-73.980613,40.688792],[-73.977812,40.687656],[-73.977624,40.687541],[-73.977495,40.687399],[-73.977424,40.687228],[-73.976675,40.683264],[-73.976543,40.682877],[-73.976398,40.682608],[-73.972367,40.67705],[-73.962927,40.663876],[-73.96264,40.663357],[-73.96245,40.662823],[-73.962144,40.660972],[-73.961941,40.660164],[-73.961394,40.656798],[-73.961365,40.656386],[-73.961393,40.655851],[-73.961495,40.655292],[-73.962486,40.652165],[-73.964421,40.645866],[-73.964502,40.645506],[-73.96455,40.645144],[-73.964564,40.644777],[-73.96453,40.644282],[-73.961911,40.63039],[-73.961408,40.628229],[-73.957986,40.610171],[-73.957896,40.609529],[-73.95764,40.608159],[-73.957502,40.607591],[-73.954319,40.590785],[-73.954096,40.589221],[-73.954052,40.58861],[-73.95406,40.588205],[-73.954139,40.587329],[-73.954158,40.58667],[-73.954201,40.586329],[-73.954254,40.586103],[-73.954373,40.585763],[-73.95467,40.585198],[-73.959681,40.57818],[-73.959912,40.577998],[-73.960148,40.577894],[-73.961376,40.577621]]}},{"type":"Feature","properties":{"color":"#EB6800","description":"6 Avenue Express","route":"D","routeId":"D","shapeId":"D..N05R"},"geometry":{"type":"LineString","coordinates":[[-73.981233,40.577422],[-73.981412,40.5784],[-73.981367,40.578993],[-73.98146,40.580511],[-73.981412,40.580796],[-73.981208,40.581268],[-73.981079,40.581666],[-73.980923,40.582402],[-73.980804,40.583546],[-73.980824,40.583851],[-73.980899,40.584267],[-73.980982,40.584538],[-73.981109,40.584801],[-73.981556,40.585497],[-73.981837,40.585862],[-73.98212,40.586163],[-73.982405,40.586403],[-73.983059,40.586785],[-73.983246,40.586923],[-73.983376,40.587065],[-73.983436,40.587172],[-73.985204,40.59641],[-73.985251,40.596555],[-73.985328,40.596689],[-73.985474,40.596854],[-73.985672,40.597],[-74.00101,40.606273],[-74.001201,40.606409],[-74.001405,40.606612],[-74.001518,40.60678],[-74.001599,40.606961],[-74.001634,40.60709],[-74.00184,40.60886],[-74.001836,40.609103],[-74.001796,40.609348],[-73.995476,40.631435],[-73.995377,40.631838],[-73.9953,40.632265],[-73.994352,40.639712],[-73.994321,40.64013],[-73.994248,40.643166],[-73.994186,40.643347],[-73.994046,40.643555],[-73.992967,40.644565],[-73.992832,40.644798],[-73.992803,40.645029],[-73.992841,40.645182],[-73.992927,40.645334],[-73.993058,40.645485],[-73.993237,40.645636],[-73.998784,40.649001],[-73.999461,40.649329],[-74.005152,40.652741],[-74.005337,40.652917],[-74.005382,40.653017],[-74.005395,40.653125],[-74.005328,40.653363],[-74.005194,40.653563],[-73.992872,40.665414],[-73.992403,40.66593],[-73.983895,40.676156],[-73.978169,40.684641],[-73.978026,40.684939],[-73.97798,40.685237],[-73.978312,40.687496],[-73.97838,40.687686],[-73.978547,40.687894],[-73.978805,40.688068],[-73.980678,40.688827],[-73.980954,40.689031],[-73.981117,40.689232],[-73.982304,40.691559],[-73.983428,40.693829],[-73.983934,40.695138],[-73.985242,40.697839],[-73.994713,40.714897],[-73.994847,40.715184],[-73.994915,40.715478],[-73.994916,40.715779],[-73.994879,40.715984],[-73.994767,40.716296],[-73.991909,40.721912],[-73.991861,40.72208],[-73.991693,40.723036],[-73.991706,40.723355],[-73.991812,40.723635],[-73.991935,40.7238],[-73.992098,40.723946],[-73.992304,40.724075],[-73.99255,40.724185],[-73.996204,40.725297],[-73.996858,40.725513],[-73.997568,40.725792],[-74.002019,40.72797],[-74.002301,40.72817],[-74.002428,40.728328],[-74.002506,40.728505],[-74.002531,40.728808],[-74.002446,40.729154],[-74.001511,40.730897],[-74.001312,40.731216],[-73.987823,40.749719],[-73.97963,40.761008],[-73.97951,40.761332],[-73.979524,40.761626],[-73.97967,40.761889],[-73.97995,40.762121],[-73.980212,40.762259],[-73.983698,40.763731],[-73.983999,40.763931],[-73.984195,40.764157],[-73.984284,40.764408],[-73.984265,40.764684],[-73.984138,40.764986],[-73.95319,40.807392],[-73.953018,40.807711],[-73.952942,40.808042],[-73.953033,40.809815],[-73.952995,40.810087],[-73.952898,40.810332],[-73.9523,40.811167],[-73.952019,40.8115],[-73.950266,40.813257],[-73.949046,40.81493],[-73.948875,40.815254],[-73.94486,40.823862],[-73.944669,40.824163],[-73.943403,40.825903],[-73.942358,40.827213],[-73.940953,40.829358],[-73.940673,40.829612],[-73.940455,40.829753],[-73.940211,40.829871],[-73.939646,40.830041],[-73.939156,40.830108],[-73.938209,40.830135],[-73.931071,40.829985],[-73.930743,40.829961],[-73.930003,40.82985],[-73.929375,40.829664],[-73.929053,40.829514],[-73.927482,40.828599],[-73.927021,40.82839],[-73.92604,40.828025],[-73.924298,40.827504],[-73.924013,40.827429],[-73.923486,40.827348],[-73.923016,40.827358],[-73.922603,40.827459],[-73.922248,40.82765],[-73.922092,40.827779],[-73.921823,40.828106],[-73.9204,40.831044],[-73.919886,40.831918],[-73.919334,40.832715],[-73.918895,40.833263],[-73.91844,40.833771],[-73.914603,40.837691],[-73.914043,40.838351],[-73.913588,40.838992],[-73.913216,40.839644],[-73.912924,40.840288],[-73.91164,40.844055],[-73.91143,40.844482],[-73.911176,40.84488],[-73.910875,40.845249],[-73.910404,40.845695],[-73.908755,40.846868],[-73.907926,40.847497],[-73.907072,40.848236],[-73.906419,40.848925],[-73.90142,40.855133],[-73.900992,40.85571],[-73.900741,40.856093],[-73.898918,40.859147],[-73.897337,40.862073],[-73.897111,40.86245],[-73.896779,40.862924],[-73.894164,40.866103],[-73.891998,40.868949],[-73.891671,40.869312],[-73.891223,40.86974],[-73.890765,40.870106],[-73.890415,40.870341],[-73.888938,40.871233],[-73.888619,40.871475],[-73.888279,40.871801],[-73.887068,40.873335],[-73.886833,40.873685],[-73.886653,40.874027],[-73.885853,40.875843],[-73.885744,40.87606],[-73.885491,40.876425],[-73.885348,40.876573],[-73.885028,40.876801],[-73.884662,40.876938],[-73.884463,40.876972],[-73.88403,40.876972],[-73.883553,40.876881],[-73.883029,40.876699],[-73.878855,40.874811]]}},{"type":"Feature","properties":{"color":"#EB6800","description":"6 Avenue Express","route":"D","routeId":"D","shapeId":"D..N08X009"},"geometry":{"type":"LineString","coordinates":[[-73.986829,40.597704],[-74.00101,40.606273],[-74.001201,40.606409],[-74.001405,40.606612],[-74.001518,40.60678],[-74.001599,40.606961],[-74.001634,40.60709],[-74.00184,40.60886],[-74.001836,40.609103],[-74.001796,40.609348],[-73.995476,40.631435],[-73.995377,40.631838],[-73.9953,40.632265],[-73.994352,40.639712],[-73.994321,40.64013],[-73.994248,40.643166],[-73.994186,40.643347],[-73.994046,40.643555],[-73.992967,40.644565],[-73.992832,40.644798],[-73.992803,40.645029],[-73.992841,40.645182],[-73.992927,40.645334],[-73.993058,40.645485],[-73.993237,40.645636],[-73.998784,40.649001],[-73.999461,40.649329],[-74.005152,40.652741],[-74.005261,40.652825],[-74.005364,40.652966],[-74.005393,40.65307],[-74.00539,40.653181],[-74.005328,40.653363],[-74.005194,40.653563],[-73.992872,40.665414],[-73.992491,40.665827],[-73.983895,40.676156],[-73.978169,40.684641],[-73.978026,40.684939],[-73.97798,40.685237],[-73.978312,40.687496],[-73.97838,40.687686],[-73.978547,40.687894],[-73.978805,40.688068],[-73.980678,40.688827],[-73.980954,40.689031],[-73.981117,40.689232],[-73.982304,40.691559],[-73.983428,40.693829],[-73.983934,40.695138],[-73.985242,40.697839],[-73.994713,40.714897],[-73.994847,40.715184],[-73.994915,40.715478],[-73.994916,40.715779],[-73.994879,40.715984],[-73.994767,40.716296],[-73.991909,40.721912],[-73.991861,40.72208],[-73.991693,40.723036],[-73.991706,40.723355],[-73.991812,40.723635],[-73.991935,40.7238],[-73.992098,40.723946],[-73.992304,40.724075],[-73.99255,40.724185],[-73.996204,40.725297],[-73.996858,40.725513],[-73.997568,40.725792],[-74.002019,40.72797],[-74.002301,40.72817],[-74.002428,40.728328],[-74.002506,40.728505],[-74.002531,40.728808],[-74.002446,40.729154],[-74.001511,40.730897],[-74.001312,40.731216],[-73.987823,40.749719],[-73.97963,40.761008],[-73.97951,40.761332],[-73.979524,40.761626],[-73.97967,40.761889],[-73.97995,40.762121],[-73.980212,40.762259],[-73.983698,40.763731],[-73.983999,40.763931],[-73.984195,40.764157],[-73.984284,40.764408],[-73.984265,40.764684],[-73.984138,40.764986],[-73.95319,40.807392],[-73.953018,40.807711],[-73.952942,40.808042],[-73.953033,40.809815],[-73.952995,40.810087],[-73.952898,40.810332],[-73.9523,40.811167],[-73.952019,40.8115],[-73.950266,40.813257],[-73.949046,40.81493],[-73.948875,40.815254],[-73.94486,40.823862],[-73.944669,40.824163],[-73.943403,40.825903],[-73.942358,40.827213],[-73.940953,40.829358],[-73.940673,40.829612],[-73.940455,40.829753],[-73.940211,40.829871],[-73.939646,40.830041],[-73.939156,40.830108],[-73.938209,40.830135],[-73.931071,40.829985],[-73.930743,40.829961],[-73.930003,40.82985],[-73.929375,40.829664],[-73.929053,40.829514],[-73.927482,40.828599],[-73.927021,40.82839],[-73.92604,40.828025],[-73.924298,40.827504],[-73.924013,40.827429],[-73.923486,40.827348],[-73.923016,40.827358],[-73.922603,40.827459],[-73.922248,40.82765],[-73.922092,40.827779],[-73.921823,40.828106],[-73.9204,40.831044],[-73.919886,40.831918],[-73.919334,40.832715],[-73.918895,40.833263],[-73.91844,40.833771],[-73.914603,40.837691],[-73.914043,40.838351],[-73.913588,40.838992],[-73.913216,40.839644],[-73.912924,40.840288],[-73.91164,40.844055],[-73.91143,40.844482],[-73.911176,40.84488],[-73.910875,40.845249],[-73.910404,40.845695],[-73.908755,40.846868],[-73.907926,40.847497],[-73.907072,40.848236],[-73.906419,40.848925],[-73.90142,40.855133],[-73.900992,40.85571],[-73.900741,40.856093],[-73.898918,40.859147],[-73.897337,40.862073],[-73.897111,40.86245],[-73.896779,40.862924],[-73.894164,40.866103],[-73.891998,40.868949],[-73.891671,40.869312],[-73.891223,40.86974],[-73.890765,40.870106],[-73.890415,40.870341],[-73.888938,40.871233],[-73.888619,40.871475],[-73.888279,40.871801],[-73.887068,40.873335],[-73.886833,40.873685],[-73.886653,40.874027],[-73.885853,40.875843],[-73.885744,40.87606],[-73.885491,40.876425],[-73.885348,40.876573],[-73.885028,40.876801],[-73.884662,40.876938],[-73.884463,40.876972],[-73.88403,40.876972],[-73.883553,40.876881],[-73.883029,40.876699],[-73.878855,40.874811]]}},{"type":"Feature","properties":{"color":"#EB6800","description":"6 Avenue Express","route":"D","routeId":"D","shapeId":"D..S05R"},"geometry":{"type":"LineString","coordinates":[[-73.878855,40.874811],[-73.883029,40.876699],[-73.883553,40.876881],[-73.88403,40.876972],[-73.884463,40.876972],[-73.884662,40.876938],[-73.885028,40.876801],[-73.885348,40.876573],[-73.885491,40.876425],[-73.885744,40.87606],[-73.885853,40.875843],[-73.886653,40.874027],[-73.886833,40.873685],[-73.887068,40.873335],[-73.888279,40.871801],[-73.888619,40.871475],[-73.888938,40.871233],[-73.890415,40.870341],[-73.890765,40.870106],[-73.891223,40.86974],[-73.891671,40.869312],[-73.891998,40.868949],[-73.894164,40.866103],[-73.896779,40.862924],[-73.897111,40.86245],[-73.897337,40.862073],[-73.898918,40.859147],[-73.900741,40.856093],[-73.900992,40.85571],[-73.90142,40.855133],[-73.906419,40.848925],[-73.907072,40.848236],[-73.907926,40.847497],[-73.908755,40.846868],[-73.910404,40.845695],[-73.910875,40.845249],[-73.911176,40.84488],[-73.91143,40.844482],[-73.91164,40.844055],[-73.912924,40.840288],[-73.913216,40.839644],[-73.913588,40.838992],[-73.914043,40.838351],[-73.914603,40.837691],[-73.91844,40.833771],[-73.918895,40.833263],[-73.919334,40.832715],[-73.919886,40.831918],[-73.9204,40.831044],[-73.921823,40.828106],[-73.922092,40.827779],[-73.922248,40.82765],[-73.922603,40.827459],[-73.923016,40.827358],[-73.923486,40.827348],[-73.924013,40.827429],[-73.924298,40.827504],[-73.92604,40.828025],[-73.927021,40.82839],[-73.927482,40.828599],[-73.929053,40.829514],[-73.929375,40.829664],[-73.930003,40.82985],[-73.930743,40.829961],[-73.931071,40.829985],[-73.938209,40.830135],[-73.939156,40.830108],[-73.939646,40.830041],[-73.940211,40.829871],[-73.940455,40.829753],[-73.940673,40.829612],[-73.940953,40.829358],[-73.942358,40.827213],[-73.943403,40.825903],[-73.944669,40.824163],[-73.94486,40.823862],[-73.948875,40.815254],[-73.949046,40.81493],[-73.950266,40.813257],[-73.952019,40.8115],[-73.9523,40.811167],[-73.952898,40.810332],[-73.952995,40.810087],[-73.953033,40.809815],[-73.952942,40.808042],[-73.953018,40.807711],[-73.95319,40.807392],[-73.984138,40.764986],[-73.984265,40.764684],[-73.984284,40.764408],[-73.984195,40.764157],[-73.983999,40.763931],[-73.983698,40.763731],[-73.980212,40.762259],[-73.97995,40.762121],[-73.97967,40.761889],[-73.979524,40.761626],[-73.97951,40.761332],[-73.97963,40.761008],[-73.987823,40.749719],[-74.001312,40.731216],[-74.001511,40.730897],[-74.002446,40.729154],[-74.002531,40.728808],[-74.002506,40.728505],[-74.002428,40.728328],[-74.002301,40.72817],[-74.002019,40.72797],[-73.997568,40.725792],[-73.996858,40.725513],[-73.996204,40.725297],[-73.99255,40.724185],[-73.992304,40.724075],[-73.992098,40.723946],[-73.991935,40.7238],[-73.991812,40.723635],[-73.991706,40.723355],[-73.991693,40.723036],[-73.991861,40.72208],[-73.991909,40.721912],[-73.994767,40.716296],[-73.994879,40.715984],[-73.994916,40.715779],[-73.994915,40.715478],[-73.994847,40.715184],[-73.994713,40.714897],[-73.985242,40.697839],[-73.983934,40.695138],[-73.983428,40.693829],[-73.982304,40.691559],[-73.981117,40.689232],[-73.980954,40.689031],[-73.980678,40.688827],[-73.978805,40.688068],[-73.978547,40.687894],[-73.97838,40.687686],[-73.978312,40.687496],[-73.97798,40.685237],[-73.978026,40.684939],[-73.978169,40.684641],[-73.983895,40.676156],[-73.992403,40.66593],[-73.992872,40.665414],[-74.005194,40.653563],[-74.005328,40.653363],[-74.005395,40.653125],[-74.005382,40.653017],[-74.005337,40.652917],[-74.005152,40.652741],[-73.999461,40.649329],[-73.998784,40.649001],[-73.993237,40.645636],[-73.993058,40.645485],[-73.992927,40.645334],[-73.992841,40.645182],[-73.992803,40.645029],[-73.992832,40.644798],[-73.992967,40.644565],[-73.994046,40.643555],[-73.994186,40.643347],[-73.994248,40.643166],[-73.994321,40.64013],[-73.994352,40.639712],[-73.9953,40.632265],[-73.995377,40.631838],[-73.995476,40.631435],[-74.001796,40.609348],[-74.001836,40.609103],[-74.00184,40.60886],[-74.001634,40.60709],[-74.001599,40.606961],[-74.001518,40.60678],[-74.001405,40.606612],[-74.001201,40.606409],[-74.00101,40.606273],[-73.985672,40.597],[-73.985474,40.596854],[-73.985328,40.596689],[-73.985251,40.596555],[-73.985204,40.59641],[-73.983436,40.587172],[-73.983376,40.587065],[-73.983246,40.586923],[-73.983059,40.586785],[-73.982405,40.586403],[-73.98212,40.586163],[-73.981837,40.585862],[-73.981556,40.585497],[-73.981109,40.584801],[-73.980982,40.584538],[-73.980899,40.584267],[-73.980824,40.583851],[-73.980804,40.583546],[-73.980923,40.582402],[-73.981079,40.581666],[-73.981208,40.581268],[-73.981412,40.580796],[-73.98146,40.580511],[-73.981367,40.578993],[-73.981412,40.5784],[-73.981233,40.577422]]}},{"type":"Feature","properties":{"color":"#EB6800","description":"6 Avenue Express","route":"D","routeId":"D","shapeId":"D..S08X007"},"geometry":{"type":"LineString","coordinates":[[-73.878855,40.874811],[-73.883029,40.876699],[-73.883553,40.876881],[-73.88403,40.876972],[-73.884463,40.876972],[-73.884662,40.876938],[-73.885028,40.876801],[-73.885348,40.876573],[-73.885491,40.876425],[-73.885744,40.87606],[-73.885853,40.875843],[-73.886653,40.874027],[-73.886833,40.873685],[-73.887068,40.873335],[-73.888279,40.871801],[-73.888619,40.871475],[-73.888938,40.871233],[-73.890415,40.870341],[-73.890765,40.870106],[-73.891223,40.86974],[-73.891671,40.869312],[-73.891998,40.868949],[-73.894164,40.866103],[-73.896779,40.862924],[-73.897111,40.86245],[-73.897337,40.862073],[-73.898918,40.859147],[-73.900741,40.856093],[-73.900992,40.85571],[-73.90142,40.855133],[-73.906419,40.848925],[-73.907072,40.848236],[-73.907926,40.847497],[-73.908755,40.846868],[-73.910404,40.845695],[-73.910875,40.845249],[-73.911176,40.84488],[-73.91143,40.844482],[-73.91164,40.844055],[-73.912924,40.840288],[-73.913216,40.839644],[-73.913588,40.838992],[-73.914043,40.838351],[-73.914603,40.837691],[-73.91844,40.833771],[-73.918895,40.833263],[-73.919334,40.832715],[-73.919886,40.831918],[-73.9204,40.831044],[-73.921823,40.828106],[-73.922092,40.827779],[-73.922248,40.82765],[-73.922603,40.827459],[-73.923016,40.827358],[-73.923486,40.827348],[-73.924013,40.827429],[-73.924298,40.827504],[-73.92604,40.828025],[-73.927021,40.82839],[-73.927482,40.828599],[-73.929053,40.829514],[-73.929375,40.829664],[-73.930003,40.82985],[-73.930743,40.829961],[-73.931071,40.829985],[-73.938209,40.830135],[-73.939156,40.830108],[-73.939646,40.830041],[-73.940211,40.829871],[-73.940455,40.829753],[-73.940673,40.829612],[-73.940953,40.829358],[-73.942358,40.827213],[-73.943403,40.825903],[-73.944669,40.824163],[-73.94486,40.823862],[-73.948875,40.815254],[-73.949046,40.81493],[-73.950266,40.813257],[-73.952019,40.8115],[-73.9523,40.811167],[-73.952898,40.810332],[-73.952995,40.810087],[-73.953033,40.809815],[-73.952942,40.808042],[-73.953018,40.807711],[-73.95319,40.807392],[-73.984138,40.764986],[-73.984265,40.764684],[-73.984284,40.764408],[-73.984195,40.764157],[-73.983999,40.763931],[-73.983698,40.763731],[-73.980212,40.762259],[-73.97995,40.762121],[-73.97967,40.761889],[-73.979524,40.761626],[-73.97951,40.761332],[-73.97963,40.761008],[-73.987823,40.749719],[-74.001312,40.731216],[-74.001511,40.730897],[-74.002395,40.729279],[-74.002486,40.729034],[-74.002531,40.728808],[-74.002506,40.728505],[-74.002428,40.728328],[-74.002301,40.72817],[-74.002019,40.72797],[-73.997568,40.725792],[-73.996858,40.725513],[-73.996204,40.725297],[-73.99255,40.724185],[-73.992304,40.724075],[-73.992098,40.723946],[-73.991935,40.7238],[-73.991812,40.723635],[-73.991706,40.723355],[-73.991693,40.723036],[-73.991861,40.72208],[-73.991909,40.721912],[-73.994767,40.716296],[-73.994879,40.715984],[-73.994916,40.715779],[-73.994915,40.715478],[-73.994847,40.715184],[-73.994713,40.714897],[-73.985242,40.697839],[-73.983934,40.695138],[-73.983428,40.693829],[-73.982304,40.691559],[-73.981117,40.689232],[-73.980954,40.689031],[-73.980678,40.688827],[-73.978805,40.688068],[-73.978547,40.687894],[-73.97838,40.687686],[-73.978312,40.687496],[-73.97798,40.685237],[-73.978026,40.684939],[-73.978169,40.684641],[-73.983895,40.676156],[-73.992491,40.665827],[-73.992872,40.665414],[-74.005194,40.653563],[-74.005328,40.653363],[-74.00539,40.653181],[-74.005393,40.65307],[-74.005364,40.652966],[-74.005261,40.652825],[-74.005152,40.652741],[-73.999461,40.649329],[-73.998784,40.649001],[-73.993237,40.645636],[-73.992987,40.64541],[-73.992878,40.645258],[-73.992816,40.645105],[-73.992801,40.644952],[-73.992832,40.644798],[-73.992967,40.644565],[-73.994046,40.643555],[-73.994163,40.64339],[-73.994237,40.643213],[-73.994266,40.643022],[-73.99432,40.640167],[-73.994352,40.639712],[-73.9953,40.632265],[-73.99539,40.631779],[-74.001774,40.609431],[-74.001826,40.609184],[-74.001843,40.608941],[-74.001634,40.60709],[-74.001576,40.606899],[-74.001484,40.606722],[-74.001258,40.606458],[-74.00101,40.606273],[-73.993728,40.601875]]}},{"type":"Feature","properties":{"color":"#EB6800","description":"6 Avenue Express","route":"D","routeId":"D","shapeId":"D..S78R"},"geometry":{"type":"LineString","coordinates":[[-73.887138,40.873244],[-73.888279,40.871801],[-73.888619,40.871475],[-73.889113,40.871118],[-73.890415,40.870341],[-73.890765,40.870106],[-73.891336,40.869639],[-73.891781,40.869195],[-73.891998,40.868949],[-73.894164,40.866103],[-73.896681,40.863048],[-73.897017,40.862591],[-73.897292,40.862151],[-73.89888,40.859213],[-73.900741,40.856093],[-73.901043,40.855636],[-73.90142,40.855133],[-73.906419,40.848925],[-73.906925,40.848378],[-73.90756,40.847799],[-73.908535,40.847028],[-73.910273,40.845799],[-73.910765,40.845365],[-73.91108,40.845006],[-73.911351,40.844618],[-73.91164,40.844055],[-73.91285,40.840469],[-73.913216,40.839644],[-73.913588,40.838992],[-73.914043,40.838351],[-73.914603,40.837691],[-73.91844,40.833771],[-73.918895,40.833263],[-73.919334,40.832715],[-73.919886,40.831918],[-73.9204,40.831044],[-73.921823,40.828106],[-73.922092,40.827779],[-73.922248,40.82765],[-73.922603,40.827459],[-73.923016,40.827358],[-73.923486,40.827348],[-73.924013,40.827429],[-73.924298,40.827504],[-73.92604,40.828025],[-73.927021,40.82839],[-73.927482,40.828599],[-73.929156,40.829569],[-73.929492,40.829708],[-73.930142,40.829878],[-73.930905,40.829975],[-73.938209,40.830135],[-73.939156,40.830108],[-73.939797,40.830007],[-73.940336,40.829815],[-73.940673,40.829612],[-73.940866,40.829448],[-73.941032,40.829263],[-73.942358,40.827213],[-73.943403,40.825903],[-73.944669,40.824163],[-73.94486,40.823862],[-73.948875,40.815254],[-73.949046,40.81493],[-73.950266,40.813257],[-73.952019,40.8115],[-73.9523,40.811167],[-73.952898,40.810332],[-73.952995,40.810087],[-73.953033,40.809815],[-73.952942,40.808042],[-73.953018,40.807711],[-73.95319,40.807392],[-73.984138,40.764986],[-73.984265,40.764684],[-73.984284,40.764408],[-73.984195,40.764157],[-73.983999,40.763931],[-73.983698,40.763731],[-73.980212,40.762259],[-73.97995,40.762121],[-73.97967,40.761889],[-73.979524,40.761626],[-73.97951,40.761332],[-73.97963,40.761008],[-73.987823,40.749719],[-74.001312,40.731216],[-74.001511,40.730897],[-74.002395,40.729279],[-74.002486,40.729034],[-74.002535,40.728702],[-74.002473,40.728414],[-74.002301,40.72817],[-74.002019,40.72797],[-73.997568,40.725792],[-73.996858,40.725513],[-73.996204,40.725297],[-73.99255,40.724185],[-73.992304,40.724075],[-73.992098,40.723946],[-73.991935,40.7238],[-73.991812,40.723635],[-73.991706,40.723355],[-73.991693,40.723036],[-73.991861,40.72208],[-73.991909,40.721912],[-73.994767,40.716296],[-73.994879,40.715984],[-73.994916,40.715779],[-73.994915,40.715478],[-73.994847,40.715184],[-73.994713,40.714897],[-73.985242,40.697839],[-73.983934,40.695138],[-73.983428,40.693829],[-73.982304,40.691559],[-73.981117,40.689232],[-73.980954,40.689031],[-73.980678,40.688827],[-73.978805,40.688068],[-73.978547,40.687894],[-73.97838,40.687686],[-73.978312,40.687496],[-73.97798,40.685237],[-73.978026,40.684939],[-73.978169,40.684641],[-73.983895,40.676156],[-73.992403,40.66593],[-73.992872,40.665414],[-74.005194,40.653563],[-74.005328,40.653363],[-74.005395,40.653125],[-74.005382,40.653017],[-74.005337,40.652917],[-74.005152,40.652741],[-73.999461,40.649329],[-73.998784,40.649001],[-73.993237,40.645636],[-73.993058,40.645485],[-73.992927,40.645334],[-73.992841,40.645182],[-73.992803,40.645029],[-73.992832,40.644798],[-73.992967,40.644565],[-73.994046,40.643555],[-73.994186,40.643347],[-73.994248,40.643166],[-73.994321,40.64013],[-73.994352,40.639712],[-73.9953,40.632265],[-73.995377,40.631838],[-73.995476,40.631435],[-74.001796,40.609348],[-74.001836,40.609103],[-74.00184,40.60886],[-74.001634,40.60709],[-74.001599,40.606961],[-74.001518,40.60678],[-74.001405,40.606612],[-74.001201,40.606409],[-74.00101,40.606273],[-73.985672,40.597],[-73.985474,40.596854],[-73.985328,40.596689],[-73.985251,40.596555],[-73.985204,40.59641],[-73.983436,40.587172],[-73.983376,40.587065],[-73.983246,40.586923],[-73.983059,40.586785],[-73.982405,40.586403],[-73.98212,40.586163],[-73.981837,40.585862],[-73.981556,40.585497],[-73.981109,40.584801],[-73.980982,40.584538],[-73.980899,40.584267],[-73.980824,40.583851],[-73.980804,40.583546],[-73.980923,40.582402],[-73.981079,40.581666],[-73.981208,40.581268],[-73.981412,40.580796],[-73.98146,40.580511],[-73.981367,40.578993],[-73.981412,40.5784],[-73.981233,40.577422]]}},{"type":"Feature","properties":{"color":"#EB6800","description":"Queens Blvd Express/6 Av Local","route":"F","routeId":"F","shapeId":"F..N07R"},"geometry":{"type":"LineString","coordinates":[[-73.981233,40.577422],[-73.981047,40.576518],[-73.980938,40.576363],[-73.980762,40.576235],[-73.98052,40.576134],[-73.980212,40.576058],[-73.978088,40.575771],[-73.9777,40.575752],[-73.97731,40.575774],[-73.976917,40.575837],[-73.97662,40.575912],[-73.974919,40.576454],[-73.974707,40.576581],[-73.974632,40.576661],[-73.974556,40.576802],[-73.974531,40.576909],[-73.974531,40.577091],[-73.974719,40.578755],[-73.974514,40.581895],[-73.974617,40.582887],[-73.974631,40.583259],[-73.97428,40.589287],[-73.974131,40.59058],[-73.97223,40.60425],[-73.972237,40.604675],[-73.972299,40.605143],[-73.978262,40.636596],[-73.978693,40.638304],[-73.979072,40.640261],[-73.979267,40.641857],[-73.979931,40.645397],[-73.979985,40.645822],[-73.979969,40.646215],[-73.979886,40.646577],[-73.979733,40.646907],[-73.979513,40.647205],[-73.979223,40.647471],[-73.978865,40.647706],[-73.97866,40.647813],[-73.977113,40.648437],[-73.976933,40.648536],[-73.976613,40.648766],[-73.976345,40.649038],[-73.976129,40.649352],[-73.97604,40.649525],[-73.975901,40.649902],[-73.975814,40.65032],[-73.97578,40.650865],[-73.975825,40.651415],[-73.975911,40.652057],[-73.976464,40.655008],[-73.976565,40.655324],[-73.976664,40.655517],[-73.976858,40.655781],[-73.977203,40.656084],[-73.979912,40.657695],[-73.980122,40.657876],[-73.980281,40.658066],[-73.980386,40.658266],[-73.98044,40.658475],[-73.98044,40.658693],[-73.980342,40.659039],[-73.980051,40.659557],[-73.97976,40.660002],[-73.979493,40.660365],[-73.977197,40.663205],[-73.977094,40.663364],[-73.976959,40.663671],[-73.976928,40.66382],[-73.976938,40.664108],[-73.977043,40.664383],[-73.977245,40.664645],[-73.977382,40.664771],[-73.977729,40.665013],[-73.982993,40.667571],[-73.985354,40.668766],[-73.986041,40.669011],[-73.98738,40.669268],[-73.987817,40.669391],[-73.988253,40.669548],[-73.993056,40.67186],[-73.995331,40.673167],[-73.996031,40.673631],[-73.996533,40.674024],[-73.997022,40.674474],[-73.99725,40.674778],[-73.997367,40.675025],[-73.997438,40.675288],[-73.99746,40.675663],[-73.997427,40.675896],[-73.997343,40.676167],[-73.996262,40.678436],[-73.995775,40.679303],[-73.995209,40.680111],[-73.995048,40.680303],[-73.994454,40.680903],[-73.993851,40.681727],[-73.990862,40.686145],[-73.987738,40.690701],[-73.987532,40.691041],[-73.987423,40.691336],[-73.987383,40.691591],[-73.987276,40.693715],[-73.987179,40.694618],[-73.987036,40.697395],[-73.986587,40.704099],[-73.986604,40.704836],[-73.986682,40.705322],[-73.986813,40.705803],[-73.986997,40.70628],[-73.987234,40.706752],[-73.987689,40.707452],[-73.988899,40.709071],[-73.989193,40.709566],[-73.989518,40.710288],[-73.989712,40.710875],[-73.989866,40.711503],[-73.990127,40.713212],[-73.99019,40.714055],[-73.990127,40.714566],[-73.989953,40.715055],[-73.986929,40.720922],[-73.986786,40.721272],[-73.986727,40.721592],[-73.986729,40.721741],[-73.986797,40.722014],[-73.98695,40.722255],[-73.987058,40.722365],[-73.987339,40.722559],[-73.987704,40.722723],[-73.996204,40.725297],[-73.996858,40.725513],[-73.997568,40.725792],[-74.002126,40.728032],[-74.002301,40.72817],[-74.002428,40.728328],[-74.002506,40.728505],[-74.002535,40.728702],[-74.002515,40.728918],[-74.002395,40.729279],[-74.001511,40.730897],[-74.001312,40.731216],[-73.975637,40.766457],[-73.975434,40.76666],[-73.975214,40.766834],[-73.974983,40.766982],[-73.974487,40.767205],[-73.974222,40.76728],[-73.973658,40.767353],[-73.973049,40.767327],[-73.972394,40.767201],[-73.97205,40.7671],[-73.97133,40.766827],[-73.957506,40.761003],[-73.947691,40.756682],[-73.941712,40.753624],[-73.936548,40.750871],[-73.936262,40.750759],[-73.935975,40.750697],[-73.935544,40.750696],[-73.935111,40.750806],[-73.934821,40.750941],[-73.934122,40.75138],[-73.933682,40.751591],[-73.933212,40.751758],[-73.932452,40.751924],[-73.931627,40.75199],[-73.926339,40.752083],[-73.925903,40.752119],[-73.925376,40.752197],[-73.924861,40.752311],[-73.92456,40.752411],[-73.924291,40.752545],[-73.924129,40.752654],[-73.923848,40.752918],[-73.921421,40.756039],[-73.91985,40.757972],[-73.919713,40.758107],[-73.919568,40.758213],[-73.919262,40.758378],[-73.918936,40.758481],[-73.91859,40.758523],[-73.918033,40.758469],[-73.917432,40.758276],[-73.914404,40.756812],[-73.906786,40.753221],[-73.885104,40.743987],[-73.882917,40.742933],[-73.882218,40.742569],[-73.881592,40.742215],[-73.880977,40.741822],[-73.879422,40.740665],[-73.879117,40.740389],[-73.878845,40.740052],[-73.878649,40.739739],[-73.877223,40.737015],[-73.876951,40.736514],[-73.876705,40.736148],[-73.876405,40.735812],[-73.876054,40.735507],[-73.87565,40.735232],[-73.875194,40.734988],[-73.874412,40.734679],[-73.870454,40.733509],[-73.869229,40.733106],[-73.868127,40.732638],[-73.867573,40.732358],[-73.86639,40.731688],[-73.865257,40.731187],[-73.854378,40.727216],[-73.853554,40.726887],[-73.852538,40.726443],[-73.851849,40.72609],[-73.851228,40.725699],[-73.850673,40.725272],[-73.849912,40.724584],[-73.849372,40.724151],[-73.848797,40.723747],[-73.848187,40.723371],[-73.847541,40.723026],[-73.840875,40.72007],[-73.837324,40.718331],[-73.835753,40.717531],[-73.835176,40.717213],[-73.834482,40.716787],[-73.83395,40.716425],[-73.83251,40.715375],[-73.831691,40.714844],[-73.831008,40.714441],[-73.828344,40.713129],[-73.827871,40.712918],[-73.822318,40.710787],[-73.821887,40.710588],[-73.821518,40.710362],[-73.821305,40.710195],[-73.820963,40.709823],[-73.819479,40.707304],[-73.81838,40.70556],[-73.818196,40.705321],[-73.817786,40.704916],[-73.817333,40.704603],[-73.816836,40.704382],[-73.816571,40.704306],[-73.816009,40.704221],[-73.815403,40.704229],[-73.814754,40.704327],[-73.814414,40.704413],[-73.795329,40.709836],[-73.790661,40.711555],[-73.789961,40.711762],[-73.789402,40.711874],[-73.788815,40.71195],[-73.786515,40.712102],[-73.786003,40.712164],[-73.785426,40.712269],[-73.783817,40.712646]]}},{"type":"Feature","properties":{"color":"#EB6800","description":"Queens Blvd Express/6 Av Local","route":"F","routeId":"F","shapeId":"F..N19R"},"geometry":{"type":"LineString","coordinates":[[-73.979678,40.644041],[-73.979931,40.645397],[-73.979985,40.645822],[-73.979986,40.646022],[-73.979936,40.6464],[-73.979886,40.646577],[-73.979733,40.646907],[-73.979632,40.64706],[-73.979376,40.647342],[-73.979052,40.647593],[-73.978865,40.647706],[-73.97866,40.647813],[-73.977113,40.648437],[-73.976933,40.648536],[-73.976613,40.648766],[-73.976345,40.649038],[-73.976129,40.649352],[-73.97604,40.649525],[-73.975901,40.649902],[-73.975814,40.65032],[-73.97578,40.650865],[-73.975825,40.651415],[-73.975911,40.652057],[-73.976464,40.655008],[-73.976565,40.655324],[-73.976664,40.655517],[-73.976858,40.655781],[-73.977203,40.656084],[-73.979912,40.657695],[-73.980122,40.657876],[-73.980281,40.658066],[-73.980386,40.658266],[-73.98044,40.658475],[-73.98044,40.658693],[-73.980342,40.659039],[-73.980051,40.659557],[-73.97976,40.660002],[-73.979493,40.660365],[-73.977197,40.663205],[-73.977094,40.663364],[-73.976959,40.663671],[-73.976928,40.66382],[-73.976938,40.664108],[-73.977043,40.664383],[-73.977245,40.664645],[-73.977382,40.664771],[-73.977729,40.665013],[-73.977941,40.66513],[-73.982993,40.667571],[-73.985354,40.668766],[-73.986041,40.669011],[-73.98738,40.669268],[-73.987817,40.669391],[-73.988253,40.669548],[-73.992891,40.671773],[-73.99324,40.671959],[-73.995485,40.67326],[-73.99587,40.673514],[-73.996391,40.673906],[-73.996815,40.674274],[-73.997146,40.674622],[-73.99725,40.674778],[-73.997367,40.675025],[-73.997451,40.675379],[-73.997447,40.675805],[-73.997287,40.676302],[-73.996262,40.678436],[-73.995775,40.679303],[-73.995209,40.680111],[-73.995048,40.680303],[-73.994454,40.680903],[-73.993851,40.681727],[-73.990862,40.686145],[-73.987738,40.690701],[-73.987532,40.691041],[-73.987423,40.691336],[-73.987383,40.691591],[-73.987276,40.693715],[-73.987179,40.694618],[-73.987036,40.697395],[-73.986587,40.704099],[-73.986604,40.704836],[-73.986682,40.705322],[-73.986813,40.705803],[-73.986997,40.70628],[-73.987234,40.706752],[-73.987689,40.707452],[-73.988899,40.709071],[-73.989193,40.709566],[-73.989518,40.710288],[-73.989712,40.710875],[-73.989866,40.711503],[-73.990127,40.713212],[-73.99019,40.714055],[-73.990127,40.714566],[-73.989953,40.715055],[-73.986848,40.721101],[-73.986746,40.721436],[-73.986729,40.721741],[-73.986752,40.721881],[-73.986863,40.722138],[-73.987058,40.722365],[-73.987339,40.722559],[-73.987704,40.722723],[-73.996204,40.725297],[-73.996858,40.725513],[-73.997568,40.725792],[-74.002126,40.728032],[-74.002301,40.72817],[-74.002428,40.728328],[-74.002506,40.728505],[-74.002535,40.728702],[-74.002515,40.728918],[-74.002395,40.729279],[-74.001511,40.730897],[-74.001312,40.731216],[-73.979701,40.760893],[-73.979448,40.761138],[-73.979152,40.761297],[-73.978931,40.761356],[-73.978692,40.761377],[-73.978299,40.761338],[-73.978014,40.761264],[-73.976697,40.760789],[-73.96263,40.754839],[-73.962194,40.754617],[-73.961729,40.754329],[-73.957251,40.751182],[-73.956583,40.750778],[-73.95559,40.750244],[-73.954933,40.749935],[-73.954279,40.749664],[-73.953305,40.749328],[-73.952344,40.749075],[-73.943063,40.747287],[-73.942405,40.747263],[-73.942033,40.747303],[-73.941678,40.747385],[-73.936963,40.749083],[-73.936712,40.749215],[-73.936442,40.749408],[-73.934913,40.750826],[-73.934331,40.751258],[-73.933905,40.751491],[-73.933451,40.75168],[-73.932966,40.751824],[-73.932452,40.751924],[-73.931627,40.75199],[-73.926563,40.752074],[-73.925796,40.752132],[-73.925273,40.752217],[-73.918511,40.753697],[-73.91784,40.753799],[-73.91716,40.753847],[-73.916241,40.75383],[-73.915542,40.753755],[-73.911537,40.753079],[-73.911187,40.753044],[-73.91073,40.753017],[-73.910175,40.75302],[-73.908257,40.753208],[-73.907767,40.753228],[-73.906995,40.753167],[-73.906558,40.753074],[-73.906278,40.752988],[-73.885104,40.743987],[-73.882775,40.742862],[-73.881662,40.742256],[-73.880977,40.741822],[-73.879422,40.740665],[-73.87906,40.740326],[-73.878845,40.740052],[-73.878602,40.739655],[-73.877223,40.737015],[-73.876834,40.736327],[-73.876562,40.735976],[-73.876236,40.735655],[-73.875859,40.735365],[-73.875429,40.735106],[-73.874947,40.734877],[-73.874412,40.734679],[-73.870454,40.733509],[-73.869229,40.733106],[-73.868127,40.732638],[-73.867573,40.732358],[-73.86639,40.731688],[-73.865257,40.731187],[-73.854378,40.727216],[-73.853554,40.726887],[-73.852538,40.726443],[-73.851849,40.72609],[-73.851228,40.725699],[-73.850673,40.725272],[-73.849912,40.724584],[-73.849372,40.724151],[-73.848797,40.723747],[-73.848187,40.723371],[-73.847541,40.723026],[-73.840875,40.72007],[-73.837324,40.718331],[-73.835753,40.717531],[-73.835176,40.717213],[-73.834482,40.716787],[-73.83395,40.716425],[-73.83251,40.715375],[-73.831691,40.714844],[-73.831008,40.714441],[-73.828344,40.713129],[-73.827871,40.712918],[-73.822318,40.710787],[-73.821887,40.710588],[-73.821518,40.710362],[-73.821305,40.710195],[-73.820963,40.709823],[-73.819479,40.707304],[-73.81838,40.70556],[-73.818196,40.705321],[-73.817786,40.704916],[-73.817333,40.704603],[-73.816836,40.704382],[-73.816571,40.704306],[-73.816009,40.704221],[-73.815403,40.704229],[-73.814754,40.704327],[-73.814414,40.704413],[-73.795329,40.709836],[-73.790661,40.711555],[-73.789961,40.711762],[-73.789402,40.711874],[-73.788815,40.71195],[-73.786515,40.712102],[-73.786003,40.712164],[-73.785426,40.712269],[-73.783817,40.712646]]}},{"type":"Feature","properties":{"color":"#EB6800","description":"Queens Blvd Express/6 Av Local","route":"F","routeId":"F","shapeId":"F..N21R"},"geometry":{"type":"LineString","coordinates":[[-73.97425,40.58962],[-73.972247,40.604053],[-73.972226,40.604387],[-73.972243,40.60475],[-73.972299,40.605143],[-73.978262,40.636596],[-73.978693,40.638304],[-73.979072,40.640261],[-73.979267,40.641857],[-73.979931,40.645397],[-73.979985,40.645822],[-73.979969,40.646215],[-73.979886,40.646577],[-73.979818,40.646746],[-73.979632,40.64706],[-73.979376,40.647342],[-73.979052,40.647593],[-73.97866,40.647813],[-73.977306,40.648349],[-73.976933,40.648536],[-73.976613,40.648766],[-73.976345,40.649038],[-73.976129,40.649352],[-73.97604,40.649525],[-73.975901,40.649902],[-73.975789,40.650546],[-73.975776,40.650782],[-73.975797,40.651128],[-73.97593,40.652173],[-73.976441,40.654895],[-73.976525,40.655222],[-73.976664,40.655517],[-73.976858,40.655781],[-73.977203,40.656084],[-73.979648,40.657523],[-73.980024,40.657784],[-73.980208,40.65797],[-73.98034,40.658165],[-73.98042,40.658369],[-73.980446,40.658583],[-73.98042,40.658806],[-73.980342,40.659039],[-73.980051,40.659557],[-73.97976,40.660002],[-73.979493,40.660365],[-73.977197,40.663205],[-73.977094,40.663364],[-73.976959,40.663671],[-73.976928,40.66382],[-73.976938,40.664108],[-73.977043,40.664383],[-73.977245,40.664645],[-73.977382,40.664771],[-73.977729,40.665013],[-73.982993,40.667571],[-73.985354,40.668766],[-73.986041,40.669011],[-73.98738,40.669268],[-73.987817,40.669391],[-73.988253,40.669548],[-73.992891,40.671773],[-73.99324,40.671959],[-73.995485,40.67326],[-73.99587,40.673514],[-73.996391,40.673906],[-73.996815,40.674274],[-73.997146,40.674622],[-73.99725,40.674778],[-73.997367,40.675025],[-73.997451,40.675379],[-73.997447,40.675805],[-73.997287,40.676302],[-73.996262,40.678436],[-73.995775,40.679303],[-73.995209,40.680111],[-73.995048,40.680303],[-73.994454,40.680903],[-73.993851,40.681727],[-73.990862,40.686145],[-73.987738,40.690701],[-73.987532,40.691041],[-73.987423,40.691336],[-73.987383,40.691591],[-73.987276,40.693715],[-73.987179,40.694618],[-73.987036,40.697395],[-73.986587,40.704099],[-73.986604,40.704836],[-73.986682,40.705322],[-73.986813,40.705803],[-73.986997,40.70628],[-73.987234,40.706752],[-73.987689,40.707452],[-73.988899,40.709071],[-73.989193,40.709566],[-73.989518,40.710288],[-73.989712,40.710875],[-73.989866,40.711503],[-73.990127,40.713212],[-73.99019,40.714055],[-73.990127,40.714566],[-73.989953,40.715055],[-73.986848,40.721101],[-73.986746,40.721436],[-73.986729,40.721741],[-73.986752,40.721881],[-73.986863,40.722138],[-73.987058,40.722365],[-73.987339,40.722559],[-73.987704,40.722723],[-73.996204,40.725297],[-73.996858,40.725513],[-73.997568,40.725792],[-74.002126,40.728032],[-74.002301,40.72817],[-74.002428,40.728328],[-74.002506,40.728505],[-74.002535,40.728702],[-74.002515,40.728918],[-74.002395,40.729279],[-74.001511,40.730897],[-74.001312,40.731216],[-73.979701,40.760893],[-73.979537,40.761066],[-73.979354,40.761201],[-73.979152,40.761297],[-73.978931,40.761356],[-73.978692,40.761377],[-73.978435,40.76136],[-73.978014,40.761264],[-73.976697,40.760789],[-73.96263,40.754839],[-73.962194,40.754617],[-73.961729,40.754329],[-73.957251,40.751182],[-73.956583,40.750778],[-73.95559,40.750244],[-73.954933,40.749935],[-73.954279,40.749664],[-73.953305,40.749328],[-73.952344,40.749075],[-73.943063,40.747287],[-73.942405,40.747263],[-73.942033,40.747303],[-73.941678,40.747385],[-73.936963,40.749083],[-73.936712,40.749215],[-73.936442,40.749408],[-73.934913,40.750826],[-73.934331,40.751258],[-73.933905,40.751491],[-73.933451,40.75168],[-73.932966,40.751824],[-73.932452,40.751924],[-73.931627,40.75199],[-73.926563,40.752074],[-73.925796,40.752132],[-73.925273,40.752217],[-73.918511,40.753697],[-73.91784,40.753799],[-73.91716,40.753847],[-73.916241,40.75383],[-73.915542,40.753755],[-73.911537,40.753079],[-73.911187,40.753044],[-73.91073,40.753017],[-73.910175,40.75302],[-73.908257,40.753208],[-73.907767,40.753228],[-73.906995,40.753167],[-73.906558,40.753074],[-73.906278,40.752988],[-73.885104,40.743987],[-73.882775,40.742862],[-73.881662,40.742256],[-73.880977,40.741822],[-73.879422,40.740665],[-73.87906,40.740326],[-73.878845,40.740052],[-73.878602,40.739655],[-73.877223,40.737015],[-73.876834,40.736327],[-73.876562,40.735976],[-73.876236,40.735655],[-73.875859,40.735365],[-73.875429,40.735106],[-73.874947,40.734877],[-73.874412,40.734679],[-73.870454,40.733509],[-73.869229,40.733106],[-73.868127,40.732638],[-73.867573,40.732358],[-73.86639,40.731688],[-73.865257,40.731187],[-73.854378,40.727216],[-73.853554,40.726887],[-73.852538,40.726443],[-73.851849,40.72609],[-73.851228,40.725699],[-73.850673,40.725272],[-73.849912,40.724584],[-73.849372,40.724151],[-73.848797,40.723747],[-73.848187,40.723371],[-73.847541,40.723026],[-73.840875,40.72007],[-73.837324,40.718331],[-73.835753,40.717531],[-73.835176,40.717213],[-73.834482,40.716787],[-73.83395,40.716425],[-73.83251,40.715375],[-73.831691,40.714844],[-73.831008,40.714441],[-73.828344,40.713129],[-73.827871,40.712918],[-73.822318,40.710787],[-73.821887,40.710588],[-73.821518,40.710362],[-73.821305,40.710195],[-73.820963,40.709823],[-73.819479,40.707304],[-73.81838,40.70556],[-73.818196,40.705321],[-73.817786,40.704916],[-73.817333,40.704603],[-73.816836,40.704382],[-73.816571,40.704306],[-73.816009,40.704221],[-73.815403,40.704229],[-73.814754,40.704327],[-73.814414,40.704413],[-73.795329,40.709836],[-73.790661,40.711555],[-73.789961,40.711762],[-73.789402,40.711874],[-73.788815,40.71195],[-73.786515,40.712102],[-73.786003,40.712164],[-73.785426,40.712269],[-73.783817,40.712646]]}},{"type":"Feature","properties":{"color":"#EB6800","description":"Queens Blvd Express/6 Av Local","route":"F","routeId":"F","shapeId":"F..N54R"},"geometry":{"type":"LineString","coordinates":[[-73.981233,40.577422],[-73.981047,40.576518],[-73.980938,40.576363],[-73.980762,40.576235],[-73.98052,40.576134],[-73.980212,40.576058],[-73.978088,40.575771],[-73.9777,40.575752],[-73.97731,40.575774],[-73.976917,40.575837],[-73.97662,40.575912],[-73.974919,40.576454],[-73.974707,40.576581],[-73.974632,40.576661],[-73.974556,40.576802],[-73.974531,40.576909],[-73.974531,40.577091],[-73.974719,40.578755],[-73.974514,40.581895],[-73.974617,40.582887],[-73.974631,40.583259],[-73.97428,40.589287],[-73.974131,40.59058],[-73.97223,40.60425],[-73.972237,40.604675],[-73.972299,40.605143],[-73.978262,40.636596],[-73.978693,40.638304],[-73.979072,40.640261],[-73.979267,40.641857],[-73.979931,40.645397],[-73.979985,40.645822],[-73.979969,40.646215],[-73.979886,40.646577],[-73.979733,40.646907],[-73.979513,40.647205],[-73.979223,40.647471],[-73.978865,40.647706],[-73.97866,40.647813],[-73.977113,40.648437],[-73.976933,40.648536],[-73.976613,40.648766],[-73.976345,40.649038],[-73.976129,40.649352],[-73.97604,40.649525],[-73.975901,40.649902],[-73.975814,40.65032],[-73.97578,40.650865],[-73.975825,40.651415],[-73.975911,40.652057],[-73.976464,40.655008],[-73.976565,40.655324],[-73.976664,40.655517],[-73.976858,40.655781],[-73.977203,40.656084],[-73.979912,40.657695],[-73.980122,40.657876],[-73.980281,40.658066],[-73.980386,40.658266],[-73.98044,40.658475],[-73.98044,40.658693],[-73.980342,40.659039],[-73.980051,40.659557],[-73.97976,40.660002],[-73.979493,40.660365],[-73.977197,40.663205],[-73.977094,40.663364],[-73.976959,40.663671],[-73.976928,40.66382],[-73.976938,40.664108],[-73.977043,40.664383],[-73.977245,40.664645],[-73.977382,40.664771],[-73.977729,40.665013],[-73.982993,40.667571],[-73.985354,40.668766],[-73.986041,40.669011],[-73.98738,40.669268],[-73.987817,40.669391],[-73.988253,40.669548],[-73.993056,40.67186],[-73.995331,40.673167],[-73.996031,40.673631],[-73.996533,40.674024],[-73.997022,40.674474],[-73.99725,40.674778],[-73.997367,40.675025],[-73.997438,40.675288],[-73.99746,40.675663],[-73.997427,40.675896],[-73.997343,40.676167],[-73.996262,40.678436],[-73.995775,40.679303],[-73.995209,40.680111],[-73.995048,40.680303],[-73.994454,40.680903],[-73.993851,40.681727],[-73.990862,40.686145],[-73.987738,40.690701],[-73.987532,40.691041],[-73.987423,40.691336],[-73.987383,40.691591],[-73.987276,40.693715],[-73.987179,40.694618],[-73.987036,40.697395],[-73.986587,40.704099],[-73.986604,40.704836],[-73.986682,40.705322],[-73.986813,40.705803],[-73.986997,40.70628],[-73.987234,40.706752],[-73.987689,40.707452],[-73.988899,40.709071],[-73.989193,40.709566],[-73.989518,40.710288],[-73.989712,40.710875],[-73.989866,40.711503],[-73.990127,40.713212],[-73.99019,40.714055],[-73.990127,40.714566],[-73.989953,40.715055],[-73.986929,40.720922],[-73.986786,40.721272],[-73.986727,40.721592],[-73.986729,40.721741],[-73.986797,40.722014],[-73.98695,40.722255],[-73.987058,40.722365],[-73.987339,40.722559],[-73.987704,40.722723],[-73.996204,40.725297],[-73.996858,40.725513],[-73.997568,40.725792],[-74.002126,40.728032],[-74.002301,40.72817],[-74.002428,40.728328],[-74.002506,40.728505],[-74.002535,40.728702],[-74.002515,40.728918],[-74.002395,40.729279],[-74.001511,40.730897],[-74.001312,40.731216],[-73.979701,40.760893],[-73.979448,40.761138],[-73.979255,40.761254],[-73.978931,40.761356],[-73.978692,40.761377],[-73.978435,40.76136],[-73.978014,40.761264],[-73.976697,40.760789],[-73.96263,40.754839],[-73.962194,40.754617],[-73.961729,40.754329],[-73.957251,40.751182],[-73.956583,40.750778],[-73.95559,40.750244],[-73.954933,40.749935],[-73.954279,40.749664],[-73.953305,40.749328],[-73.952344,40.749075],[-73.943063,40.747287],[-73.942405,40.747263],[-73.942033,40.747303],[-73.941678,40.747385],[-73.936963,40.749083],[-73.936712,40.749215],[-73.936442,40.749408],[-73.934913,40.750826],[-73.934331,40.751258],[-73.933905,40.751491],[-73.933451,40.75168],[-73.932966,40.751824],[-73.932452,40.751924],[-73.931627,40.75199],[-73.926563,40.752074],[-73.925796,40.752132],[-73.925273,40.752217],[-73.918511,40.753697],[-73.91784,40.753799],[-73.91716,40.753847],[-73.916241,40.75383],[-73.915542,40.753755],[-73.911537,40.753079],[-73.911187,40.753044],[-73.91073,40.753017],[-73.910175,40.75302],[-73.908257,40.753208],[-73.907767,40.753228],[-73.906995,40.753167],[-73.906558,40.753074],[-73.906278,40.752988],[-73.885104,40.743987],[-73.882775,40.742862],[-73.881662,40.742256],[-73.880977,40.741822],[-73.879422,40.740665],[-73.87906,40.740326],[-73.878845,40.740052],[-73.878602,40.739655],[-73.877223,40.737015],[-73.876834,40.736327],[-73.876562,40.735976],[-73.876236,40.735655],[-73.875859,40.735365],[-73.875429,40.735106],[-73.874947,40.734877],[-73.874412,40.734679],[-73.870454,40.733509],[-73.869229,40.733106],[-73.868127,40.732638],[-73.867573,40.732358],[-73.86639,40.731688],[-73.865257,40.731187],[-73.854378,40.727216],[-73.853554,40.726887],[-73.852538,40.726443],[-73.851849,40.72609],[-73.851228,40.725699],[-73.850673,40.725272],[-73.849912,40.724584],[-73.849372,40.724151],[-73.848797,40.723747],[-73.848187,40.723371],[-73.847541,40.723026],[-73.840875,40.72007],[-73.837324,40.718331],[-73.835753,40.717531],[-73.835176,40.717213],[-73.834482,40.716787],[-73.83395,40.716425],[-73.83251,40.715375],[-73.831691,40.714844],[-73.831008,40.714441],[-73.828344,40.713129],[-73.827871,40.712918],[-73.822318,40.710787],[-73.821887,40.710588],[-73.821518,40.710362],[-73.821305,40.710195],[-73.820963,40.709823],[-73.819479,40.707304],[-73.81838,40.70556],[-73.818196,40.705321],[-73.817786,40.704916],[-73.817333,40.704603],[-73.816836,40.704382],[-73.816571,40.704306],[-73.816009,40.704221],[-73.815403,40.704229],[-73.814754,40.704327],[-73.814414,40.704413],[-73.795329,40.709836],[-73.790661,40.711555],[-73.789961,40.711762],[-73.789402,40.711874],[-73.788815,40.71195],[-73.786515,40.712102],[-73.786003,40.712164],[-73.785426,40.712269],[-73.783817,40.712646]]}},{"type":"Feature","properties":{"color":"#EB6800","description":"Queens Blvd Express/6 Av Local","route":"F","routeId":"F","shapeId":"F..N55R"},"geometry":{"type":"LineString","coordinates":[[-73.972361,40.603217],[-73.972227,40.604318],[-73.972237,40.604675],[-73.972284,40.605062],[-73.978262,40.636596],[-73.978693,40.638304],[-73.979072,40.640261],[-73.979267,40.641857],[-73.979931,40.645397],[-73.979985,40.645822],[-73.979969,40.646215],[-73.979886,40.646577],[-73.979733,40.646907],[-73.979513,40.647205],[-73.979223,40.647471],[-73.978865,40.647706],[-73.97866,40.647813],[-73.977113,40.648437],[-73.976933,40.648536],[-73.976613,40.648766],[-73.976345,40.649038],[-73.976129,40.649352],[-73.97604,40.649525],[-73.975901,40.649902],[-73.975814,40.65032],[-73.97578,40.650865],[-73.975825,40.651415],[-73.975911,40.652057],[-73.976464,40.655008],[-73.976565,40.655324],[-73.976664,40.655517],[-73.976858,40.655781],[-73.977203,40.656084],[-73.979912,40.657695],[-73.980122,40.657876],[-73.980281,40.658066],[-73.980386,40.658266],[-73.98044,40.658475],[-73.98044,40.658693],[-73.980342,40.659039],[-73.980051,40.659557],[-73.97976,40.660002],[-73.979493,40.660365],[-73.977197,40.663205],[-73.977094,40.663364],[-73.976959,40.663671],[-73.976928,40.66382],[-73.976921,40.663966],[-73.976978,40.664247],[-73.977132,40.664515],[-73.977382,40.664771],[-73.977729,40.665013],[-73.977941,40.66513],[-73.982993,40.667571],[-73.985354,40.668766],[-73.986041,40.669011],[-73.98738,40.669268],[-73.987817,40.669391],[-73.988253,40.669548],[-73.992891,40.671773],[-73.99324,40.671959],[-73.995485,40.67326],[-73.99587,40.673514],[-73.996391,40.673906],[-73.996815,40.674274],[-73.997146,40.674622],[-73.99725,40.674778],[-73.997367,40.675025],[-73.997451,40.675379],[-73.997447,40.675805],[-73.997287,40.676302],[-73.996262,40.678436],[-73.995775,40.679303],[-73.995209,40.680111],[-73.995048,40.680303],[-73.994454,40.680903],[-73.993851,40.681727],[-73.990862,40.686145],[-73.987738,40.690701],[-73.987532,40.691041],[-73.987423,40.691336],[-73.987383,40.691591],[-73.987276,40.693715],[-73.987179,40.694618],[-73.987036,40.697395],[-73.986587,40.704099],[-73.986604,40.704836],[-73.986682,40.705322],[-73.986813,40.705803],[-73.986997,40.70628],[-73.987234,40.706752],[-73.987689,40.707452],[-73.988899,40.709071],[-73.989193,40.709566],[-73.989518,40.710288],[-73.989712,40.710875],[-73.989866,40.711503],[-73.990127,40.713212],[-73.99019,40.714055],[-73.990127,40.714566],[-73.989953,40.715055],[-73.986848,40.721101],[-73.986746,40.721436],[-73.986729,40.721741],[-73.986752,40.721881],[-73.986863,40.722138],[-73.987058,40.722365],[-73.987339,40.722559],[-73.987704,40.722723],[-73.996204,40.725297],[-73.996858,40.725513],[-73.997568,40.725792],[-74.002126,40.728032],[-74.002301,40.72817],[-74.002428,40.728328],[-74.002506,40.728505],[-74.002535,40.728702],[-74.002515,40.728918],[-74.002395,40.729279],[-74.001511,40.730897],[-74.001312,40.731216],[-73.979701,40.760893],[-73.979537,40.761066],[-73.979354,40.761201],[-73.979152,40.761297],[-73.978931,40.761356],[-73.978692,40.761377],[-73.978435,40.76136],[-73.978014,40.761264],[-73.976697,40.760789],[-73.96263,40.754839],[-73.962194,40.754617],[-73.961729,40.754329],[-73.957251,40.751182],[-73.956583,40.750778],[-73.95559,40.750244],[-73.954933,40.749935],[-73.954279,40.749664],[-73.953305,40.749328],[-73.952344,40.749075],[-73.943063,40.747287],[-73.942405,40.747263],[-73.942033,40.747303],[-73.941678,40.747385],[-73.936963,40.749083],[-73.936712,40.749215],[-73.936442,40.749408],[-73.934913,40.750826],[-73.934331,40.751258],[-73.933905,40.751491],[-73.933451,40.75168],[-73.932966,40.751824],[-73.932452,40.751924],[-73.931627,40.75199],[-73.926563,40.752074],[-73.925796,40.752132],[-73.925273,40.752217],[-73.918511,40.753697],[-73.91784,40.753799],[-73.91716,40.753847],[-73.916241,40.75383],[-73.915542,40.753755],[-73.911537,40.753079],[-73.911187,40.753044],[-73.91073,40.753017],[-73.910175,40.75302],[-73.908257,40.753208],[-73.907767,40.753228],[-73.906995,40.753167],[-73.906558,40.753074],[-73.906278,40.752988],[-73.885104,40.743987],[-73.882775,40.742862],[-73.881662,40.742256],[-73.880977,40.741822],[-73.879422,40.740665],[-73.87906,40.740326],[-73.878845,40.740052],[-73.878602,40.739655],[-73.877223,40.737015],[-73.876834,40.736327],[-73.876562,40.735976],[-73.876236,40.735655],[-73.875859,40.735365],[-73.875429,40.735106],[-73.874947,40.734877],[-73.874412,40.734679],[-73.870454,40.733509],[-73.869229,40.733106],[-73.868127,40.732638],[-73.867573,40.732358],[-73.86639,40.731688],[-73.865257,40.731187],[-73.854378,40.727216],[-73.853554,40.726887],[-73.852538,40.726443],[-73.851849,40.72609],[-73.851228,40.725699],[-73.850673,40.725272],[-73.849912,40.724584],[-73.849372,40.724151],[-73.848797,40.723747],[-73.848187,40.723371],[-73.847541,40.723026],[-73.840875,40.72007],[-73.837324,40.718331],[-73.835753,40.717531],[-73.835176,40.717213],[-73.834482,40.716787],[-73.83395,40.716425],[-73.83251,40.715375],[-73.831691,40.714844],[-73.831008,40.714441],[-73.828344,40.713129],[-73.827871,40.712918],[-73.822318,40.710787],[-73.821887,40.710588],[-73.821518,40.710362],[-73.821305,40.710195],[-73.820963,40.709823],[-73.819479,40.707304],[-73.81838,40.70556],[-73.818196,40.705321],[-73.817786,40.704916],[-73.817333,40.704603],[-73.816836,40.704382],[-73.816571,40.704306],[-73.816009,40.704221],[-73.815403,40.704229],[-73.814754,40.704327],[-73.814414,40.704413],[-73.795329,40.709836],[-73.790661,40.711555],[-73.789961,40.711762],[-73.789402,40.711874],[-73.788815,40.71195],[-73.786515,40.712102],[-73.786003,40.712164],[-73.785426,40.712269],[-73.783817,40.712646]]}},{"type":"Feature","properties":{"color":"#EB6800","description":"Queens Blvd Express/6 Av Local","route":"F","routeId":"F","shapeId":"F..N65R"},"geometry":{"type":"LineString","coordinates":[[-73.981233,40.577422],[-73.981047,40.576518],[-73.980938,40.576363],[-73.980762,40.576235],[-73.98052,40.576134],[-73.980212,40.576058],[-73.978088,40.575771],[-73.9777,40.575752],[-73.97731,40.575774],[-73.976917,40.575837],[-73.97662,40.575912],[-73.974919,40.576454],[-73.974707,40.576581],[-73.974632,40.576661],[-73.974556,40.576802],[-73.974531,40.576909],[-73.974531,40.577091],[-73.974719,40.578755],[-73.974514,40.581895],[-73.974617,40.582887],[-73.974631,40.583259],[-73.97428,40.589287],[-73.974131,40.59058],[-73.97223,40.60425],[-73.972237,40.604675],[-73.972299,40.605143],[-73.978262,40.636596],[-73.978693,40.638304],[-73.979072,40.640261],[-73.979267,40.641857],[-73.979931,40.645397],[-73.979985,40.645822],[-73.979969,40.646215],[-73.979886,40.646577],[-73.979733,40.646907],[-73.979513,40.647205],[-73.979223,40.647471],[-73.978865,40.647706],[-73.97866,40.647813],[-73.977113,40.648437],[-73.976933,40.648536],[-73.976613,40.648766],[-73.976345,40.649038],[-73.976129,40.649352],[-73.97604,40.649525],[-73.975901,40.649902],[-73.975814,40.65032],[-73.97578,40.650865],[-73.975825,40.651415],[-73.975911,40.652057],[-73.976464,40.655008],[-73.976565,40.655324],[-73.976664,40.655517],[-73.976858,40.655781],[-73.977203,40.656084],[-73.979912,40.657695],[-73.980122,40.657876],[-73.980281,40.658066],[-73.980386,40.658266],[-73.98044,40.658475],[-73.98044,40.658693],[-73.980342,40.659039],[-73.980051,40.659557],[-73.97976,40.660002],[-73.979493,40.660365],[-73.977197,40.663205],[-73.977094,40.663364],[-73.976959,40.663671],[-73.976928,40.66382],[-73.976938,40.664108],[-73.977043,40.664383],[-73.977245,40.664645],[-73.977382,40.664771],[-73.977729,40.665013],[-73.982993,40.667571],[-73.985354,40.668766],[-73.986041,40.669011],[-73.98738,40.669268],[-73.987817,40.669391],[-73.988253,40.669548],[-73.993056,40.67186],[-73.995331,40.673167],[-73.996031,40.673631],[-73.996533,40.674024],[-73.997022,40.674474],[-73.99725,40.674778],[-73.997367,40.675025],[-73.997438,40.675288],[-73.99746,40.675663],[-73.997427,40.675896],[-73.997343,40.676167],[-73.996262,40.678436],[-73.995775,40.679303],[-73.995209,40.680111],[-73.995048,40.680303],[-73.994454,40.680903],[-73.993851,40.681727],[-73.990862,40.686145],[-73.987738,40.690701],[-73.987532,40.691041],[-73.987423,40.691336],[-73.987383,40.691591],[-73.987276,40.693715],[-73.987179,40.694618],[-73.987036,40.697395],[-73.986587,40.704099],[-73.986604,40.704836],[-73.986682,40.705322],[-73.986813,40.705803],[-73.986997,40.70628],[-73.987234,40.706752],[-73.987689,40.707452],[-73.988899,40.709071],[-73.989193,40.709566],[-73.989518,40.710288],[-73.989712,40.710875],[-73.989866,40.711503],[-73.990127,40.713212],[-73.99019,40.714055],[-73.990127,40.714566],[-73.989953,40.715055],[-73.986929,40.720922],[-73.986786,40.721272],[-73.986727,40.721592],[-73.986729,40.721741],[-73.986797,40.722014],[-73.98695,40.722255],[-73.987058,40.722365],[-73.987339,40.722559],[-73.987704,40.722723],[-73.996204,40.725297],[-73.996858,40.725513],[-73.997568,40.725792],[-74.002126,40.728032],[-74.002301,40.72817],[-74.002428,40.728328],[-74.002506,40.728505],[-74.002535,40.728702],[-74.002515,40.728918],[-74.002395,40.729279],[-74.001511,40.730897],[-74.001312,40.731216],[-73.975637,40.766457],[-73.975434,40.76666],[-73.975214,40.766834],[-73.974983,40.766982],[-73.974487,40.767205],[-73.974222,40.76728],[-73.973658,40.767353],[-73.973049,40.767327],[-73.972394,40.767201],[-73.97205,40.7671],[-73.97133,40.766827],[-73.957506,40.761003],[-73.947645,40.756661],[-73.941712,40.753624],[-73.936548,40.750871],[-73.936119,40.750722],[-73.935688,40.750684],[-73.935255,40.750757],[-73.934821,40.750941],[-73.934122,40.75138],[-73.933682,40.751591],[-73.933212,40.751758],[-73.932452,40.751924],[-73.931627,40.75199],[-73.926563,40.752074],[-73.925796,40.752132],[-73.925273,40.752217],[-73.918734,40.753651],[-73.918288,40.753737],[-73.917614,40.753821],[-73.916702,40.75385],[-73.915776,40.753786],[-73.911537,40.753079],[-73.911187,40.753044],[-73.91073,40.753017],[-73.910175,40.75302],[-73.908257,40.753208],[-73.907609,40.753225],[-73.906847,40.75314],[-73.906417,40.753033],[-73.906006,40.752885],[-73.885104,40.743987],[-73.882775,40.742862],[-73.881662,40.742256],[-73.880977,40.741822],[-73.879422,40.740665],[-73.87906,40.740326],[-73.878845,40.740052],[-73.878602,40.739655],[-73.877223,40.737015],[-73.876834,40.736327],[-73.876562,40.735976],[-73.876236,40.735655],[-73.875859,40.735365],[-73.875429,40.735106],[-73.874947,40.734877],[-73.874412,40.734679],[-73.870454,40.733509],[-73.869229,40.733106],[-73.868127,40.732638],[-73.867573,40.732358],[-73.86639,40.731688],[-73.865257,40.731187],[-73.854378,40.727216],[-73.853554,40.726887],[-73.852538,40.726443],[-73.851849,40.72609],[-73.851228,40.725699],[-73.850673,40.725272],[-73.849912,40.724584],[-73.849372,40.724151],[-73.848797,40.723747],[-73.848187,40.723371],[-73.847541,40.723026],[-73.840875,40.72007],[-73.837324,40.718331],[-73.835753,40.717531],[-73.835176,40.717213],[-73.834482,40.716787],[-73.83395,40.716425],[-73.83251,40.715375],[-73.831691,40.714844],[-73.831008,40.714441],[-73.828344,40.713129],[-73.827871,40.712918],[-73.822318,40.710787],[-73.821887,40.710588],[-73.821518,40.710362],[-73.821305,40.710195],[-73.820963,40.709823],[-73.819479,40.707304],[-73.81838,40.70556],[-73.818196,40.705321],[-73.817786,40.704916],[-73.817333,40.704603],[-73.816836,40.704382],[-73.816571,40.704306],[-73.816009,40.704221],[-73.815403,40.704229],[-73.814754,40.704327],[-73.814414,40.704413],[-73.795329,40.709836],[-73.790661,40.711555],[-73.789961,40.711762],[-73.789402,40.711874],[-73.788815,40.71195],[-73.786515,40.712102],[-73.786003,40.712164],[-73.785426,40.712269],[-73.783817,40.712646]]}},{"type":"Feature","properties":{"color":"#EB6800","description":"Queens Blvd Express/6 Av Local","route":"F","routeId":"F","shapeId":"F..S07R"},"geometry":{"type":"LineString","coordinates":[[-73.783817,40.712646],[-73.785426,40.712269],[-73.786003,40.712164],[-73.786515,40.712102],[-73.788815,40.71195],[-73.789402,40.711874],[-73.789961,40.711762],[-73.790661,40.711555],[-73.795329,40.709836],[-73.814414,40.704413],[-73.814754,40.704327],[-73.815403,40.704229],[-73.816009,40.704221],[-73.816571,40.704306],[-73.816836,40.704382],[-73.817333,40.704603],[-73.817786,40.704916],[-73.818196,40.705321],[-73.81838,40.70556],[-73.819479,40.707304],[-73.820963,40.709823],[-73.821305,40.710195],[-73.821518,40.710362],[-73.821887,40.710588],[-73.822318,40.710787],[-73.827871,40.712918],[-73.828344,40.713129],[-73.831008,40.714441],[-73.831691,40.714844],[-73.83251,40.715375],[-73.83395,40.716425],[-73.834482,40.716787],[-73.835176,40.717213],[-73.835753,40.717531],[-73.837324,40.718331],[-73.840875,40.72007],[-73.847541,40.723026],[-73.848187,40.723371],[-73.848797,40.723747],[-73.849372,40.724151],[-73.849912,40.724584],[-73.850673,40.725272],[-73.851228,40.725699],[-73.851849,40.72609],[-73.852538,40.726443],[-73.853554,40.726887],[-73.854378,40.727216],[-73.865257,40.731187],[-73.86639,40.731688],[-73.867573,40.732358],[-73.868127,40.732638],[-73.869229,40.733106],[-73.870454,40.733509],[-73.874412,40.734679],[-73.875194,40.734988],[-73.87565,40.735232],[-73.876054,40.735507],[-73.876405,40.735812],[-73.876705,40.736148],[-73.876951,40.736514],[-73.877223,40.737015],[-73.878649,40.739739],[-73.878845,40.740052],[-73.879117,40.740389],[-73.879422,40.740665],[-73.880977,40.741822],[-73.881592,40.742215],[-73.882218,40.742569],[-73.882917,40.742933],[-73.885104,40.743987],[-73.906786,40.753221],[-73.914404,40.756812],[-73.917432,40.758276],[-73.918033,40.758469],[-73.91859,40.758523],[-73.918936,40.758481],[-73.919262,40.758378],[-73.919568,40.758213],[-73.919713,40.758107],[-73.91985,40.757972],[-73.921421,40.756039],[-73.923848,40.752918],[-73.924129,40.752654],[-73.924291,40.752545],[-73.92456,40.752411],[-73.924861,40.752311],[-73.925376,40.752197],[-73.925903,40.752119],[-73.926339,40.752083],[-73.931627,40.75199],[-73.932452,40.751924],[-73.933212,40.751758],[-73.933682,40.751591],[-73.934122,40.75138],[-73.934821,40.750941],[-73.935111,40.750806],[-73.935544,40.750696],[-73.935975,40.750697],[-73.936262,40.750759],[-73.936548,40.750871],[-73.941712,40.753624],[-73.947691,40.756682],[-73.957506,40.761003],[-73.97133,40.766827],[-73.97205,40.7671],[-73.972394,40.767201],[-73.973049,40.767327],[-73.973658,40.767353],[-73.974222,40.76728],[-73.974487,40.767205],[-73.974983,40.766982],[-73.975214,40.766834],[-73.975434,40.76666],[-73.975637,40.766457],[-74.001312,40.731216],[-74.001511,40.730897],[-74.002395,40.729279],[-74.002515,40.728918],[-74.002535,40.728702],[-74.002506,40.728505],[-74.002428,40.728328],[-74.002301,40.72817],[-74.002126,40.728032],[-73.997568,40.725792],[-73.996858,40.725513],[-73.996204,40.725297],[-73.987704,40.722723],[-73.987339,40.722559],[-73.987058,40.722365],[-73.98695,40.722255],[-73.986797,40.722014],[-73.986729,40.721741],[-73.986727,40.721592],[-73.986786,40.721272],[-73.986929,40.720922],[-73.989953,40.715055],[-73.990127,40.714566],[-73.99019,40.714055],[-73.990127,40.713212],[-73.989866,40.711503],[-73.989712,40.710875],[-73.989518,40.710288],[-73.989193,40.709566],[-73.988899,40.709071],[-73.987689,40.707452],[-73.987234,40.706752],[-73.986997,40.70628],[-73.986813,40.705803],[-73.986682,40.705322],[-73.986604,40.704836],[-73.986587,40.704099],[-73.987036,40.697395],[-73.987179,40.694618],[-73.987276,40.693715],[-73.987383,40.691591],[-73.987423,40.691336],[-73.987532,40.691041],[-73.987738,40.690701],[-73.990862,40.686145],[-73.993851,40.681727],[-73.994454,40.680903],[-73.995048,40.680303],[-73.995209,40.680111],[-73.995775,40.679303],[-73.996262,40.678436],[-73.997343,40.676167],[-73.997427,40.675896],[-73.99746,40.675663],[-73.997438,40.675288],[-73.997367,40.675025],[-73.99725,40.674778],[-73.997022,40.674474],[-73.996533,40.674024],[-73.996031,40.673631],[-73.995331,40.673167],[-73.993056,40.67186],[-73.988253,40.669548],[-73.987817,40.669391],[-73.98738,40.669268],[-73.986041,40.669011],[-73.985354,40.668766],[-73.982993,40.667571],[-73.977729,40.665013],[-73.977382,40.664771],[-73.977245,40.664645],[-73.977043,40.664383],[-73.976938,40.664108],[-73.976928,40.66382],[-73.976959,40.663671],[-73.977094,40.663364],[-73.977197,40.663205],[-73.979493,40.660365],[-73.97976,40.660002],[-73.980051,40.659557],[-73.980342,40.659039],[-73.98044,40.658693],[-73.98044,40.658475],[-73.980386,40.658266],[-73.980281,40.658066],[-73.980122,40.657876],[-73.979912,40.657695],[-73.977203,40.656084],[-73.976935,40.655862],[-73.976664,40.655517],[-73.976565,40.655324],[-73.976464,40.655008],[-73.975911,40.652057],[-73.975825,40.651415],[-73.97578,40.650865],[-73.975814,40.65032],[-73.975901,40.649902],[-73.97604,40.649525],[-73.976129,40.649352],[-73.976345,40.649038],[-73.976613,40.648766],[-73.976933,40.648536],[-73.977113,40.648437],[-73.97866,40.647813],[-73.978865,40.647706],[-73.979223,40.647471],[-73.979513,40.647205],[-73.979733,40.646907],[-73.979886,40.646577],[-73.979969,40.646215],[-73.979985,40.645822],[-73.979931,40.645397],[-73.979267,40.641857],[-73.979072,40.640261],[-73.978693,40.638304],[-73.978262,40.636596],[-73.972299,40.605143],[-73.972237,40.604675],[-73.97223,40.60425],[-73.974131,40.59058],[-73.97428,40.589287],[-73.974631,40.583259],[-73.974617,40.582887],[-73.974514,40.581895],[-73.974719,40.578755],[-73.974531,40.577091],[-73.974531,40.576909],[-73.974556,40.576802],[-73.974632,40.576661],[-73.974707,40.576581],[-73.974919,40.576454],[-73.97662,40.575912],[-73.976917,40.575837],[-73.97731,40.575774],[-73.9777,40.575752],[-73.978088,40.575771],[-73.980212,40.576058],[-73.98052,40.576134],[-73.980762,40.576235],[-73.980938,40.576363],[-73.981047,40.576518],[-73.981233,40.577422]]}},{"type":"Feature","properties":{"color":"#EB6800","description":"Queens Blvd Express/6 Av Local","route":"F","routeId":"F","shapeId":"F..S19R"},"geometry":{"type":"LineString","coordinates":[[-73.783817,40.712646],[-73.785426,40.712269],[-73.786003,40.712164],[-73.786515,40.712102],[-73.788815,40.71195],[-73.789402,40.711874],[-73.789961,40.711762],[-73.790661,40.711555],[-73.795329,40.709836],[-73.814414,40.704413],[-73.814754,40.704327],[-73.815403,40.704229],[-73.816009,40.704221],[-73.816571,40.704306],[-73.816836,40.704382],[-73.817333,40.704603],[-73.817786,40.704916],[-73.818196,40.705321],[-73.81838,40.70556],[-73.819479,40.707304],[-73.820963,40.709823],[-73.821305,40.710195],[-73.821518,40.710362],[-73.821887,40.710588],[-73.822318,40.710787],[-73.827871,40.712918],[-73.828344,40.713129],[-73.831008,40.714441],[-73.831691,40.714844],[-73.83251,40.715375],[-73.83395,40.716425],[-73.834482,40.716787],[-73.835176,40.717213],[-73.835753,40.717531],[-73.837324,40.718331],[-73.840875,40.72007],[-73.847541,40.723026],[-73.848187,40.723371],[-73.848797,40.723747],[-73.849372,40.724151],[-73.849912,40.724584],[-73.850673,40.725272],[-73.851228,40.725699],[-73.851849,40.72609],[-73.852538,40.726443],[-73.853554,40.726887],[-73.854378,40.727216],[-73.865257,40.731187],[-73.86639,40.731688],[-73.867573,40.732358],[-73.868127,40.732638],[-73.869229,40.733106],[-73.870454,40.733509],[-73.874412,40.734679],[-73.875194,40.734988],[-73.87565,40.735232],[-73.876054,40.735507],[-73.876405,40.735812],[-73.876705,40.736148],[-73.876951,40.736514],[-73.877223,40.737015],[-73.878649,40.739739],[-73.878845,40.740052],[-73.879117,40.740389],[-73.879422,40.740665],[-73.880977,40.741822],[-73.881592,40.742215],[-73.882218,40.742569],[-73.882917,40.742933],[-73.885104,40.743987],[-73.906786,40.753221],[-73.914404,40.756812],[-73.917222,40.758182],[-73.917638,40.758356],[-73.918224,40.758502],[-73.91859,40.758523],[-73.918765,40.75851],[-73.918936,40.758481],[-73.919262,40.758378],[-73.919568,40.758213],[-73.919713,40.758107],[-73.91985,40.757972],[-73.921421,40.756039],[-73.923848,40.752918],[-73.924129,40.752654],[-73.924467,40.752452],[-73.924757,40.75234],[-73.925273,40.752217],[-73.92612,40.752098],[-73.931908,40.751979],[-73.932713,40.75188],[-73.933212,40.751758],[-73.933905,40.751491],[-73.934532,40.751125],[-73.934913,40.750826],[-73.936442,40.749408],[-73.936712,40.749215],[-73.936963,40.749083],[-73.941678,40.747385],[-73.942155,40.747285],[-73.942794,40.747264],[-73.943338,40.747329],[-73.952344,40.749075],[-73.953305,40.749328],[-73.954279,40.749664],[-73.954933,40.749935],[-73.95559,40.750244],[-73.956583,40.750778],[-73.957251,40.751182],[-73.961729,40.754329],[-73.962194,40.754617],[-73.96263,40.754839],[-73.976697,40.760789],[-73.978014,40.761264],[-73.978299,40.761338],[-73.978692,40.761377],[-73.978931,40.761356],[-73.979152,40.761297],[-73.979448,40.761138],[-73.979701,40.760893],[-74.001312,40.731216],[-74.001511,40.730897],[-74.002395,40.729279],[-74.002515,40.728918],[-74.002535,40.728702],[-74.002506,40.728505],[-74.002428,40.728328],[-74.002301,40.72817],[-74.002126,40.728032],[-73.997568,40.725792],[-73.996858,40.725513],[-73.996204,40.725297],[-73.987704,40.722723],[-73.987339,40.722559],[-73.987058,40.722365],[-73.986863,40.722138],[-73.986752,40.721881],[-73.986729,40.721741],[-73.986746,40.721436],[-73.986848,40.721101],[-73.989953,40.715055],[-73.990127,40.714566],[-73.99019,40.714055],[-73.990127,40.713212],[-73.989866,40.711503],[-73.989712,40.710875],[-73.989518,40.710288],[-73.989193,40.709566],[-73.988899,40.709071],[-73.987689,40.707452],[-73.987234,40.706752],[-73.986997,40.70628],[-73.986813,40.705803],[-73.986682,40.705322],[-73.986604,40.704836],[-73.986587,40.704099],[-73.987036,40.697395],[-73.987179,40.694618],[-73.987276,40.693715],[-73.987383,40.691591],[-73.987423,40.691336],[-73.987532,40.691041],[-73.987738,40.690701],[-73.990862,40.686145],[-73.993851,40.681727],[-73.994454,40.680903],[-73.995048,40.680303],[-73.995209,40.680111],[-73.995775,40.679303],[-73.996262,40.678436],[-73.997287,40.676302],[-73.997447,40.675805],[-73.997451,40.675379],[-73.997367,40.675025],[-73.99725,40.674778],[-73.997146,40.674622],[-73.996815,40.674274],[-73.996391,40.673906],[-73.99587,40.673514],[-73.995485,40.67326],[-73.99324,40.671959],[-73.992891,40.671773],[-73.988253,40.669548],[-73.987817,40.669391],[-73.98738,40.669268],[-73.986041,40.669011],[-73.985354,40.668766],[-73.982993,40.667571],[-73.977941,40.66513],[-73.977729,40.665013],[-73.977382,40.664771],[-73.977245,40.664645],[-73.977043,40.664383],[-73.976938,40.664108],[-73.976928,40.66382],[-73.976959,40.663671],[-73.977094,40.663364],[-73.977197,40.663205],[-73.979493,40.660365],[-73.97976,40.660002],[-73.980051,40.659557],[-73.980342,40.659039],[-73.98044,40.658693],[-73.98044,40.658475],[-73.980386,40.658266],[-73.980281,40.658066],[-73.980122,40.657876],[-73.979912,40.657695],[-73.977203,40.656084],[-73.976935,40.655862],[-73.976664,40.655517],[-73.976565,40.655324],[-73.976464,40.655008],[-73.975911,40.652057],[-73.975825,40.651415],[-73.97578,40.650865],[-73.975814,40.65032],[-73.975901,40.649902],[-73.97604,40.649525],[-73.976129,40.649352],[-73.976345,40.649038],[-73.976613,40.648766],[-73.976933,40.648536],[-73.977113,40.648437],[-73.97866,40.647813],[-73.978865,40.647706],[-73.979052,40.647593],[-73.979376,40.647342],[-73.979632,40.64706],[-73.979733,40.646907],[-73.979886,40.646577],[-73.979936,40.6464],[-73.979986,40.646022],[-73.979985,40.645822],[-73.979931,40.645397],[-73.979678,40.644041]]}},{"type":"Feature","properties":{"color":"#EB6800","description":"Queens Blvd Express/6 Av Local","route":"F","routeId":"F","shapeId":"F..S54R"},"geometry":{"type":"LineString","coordinates":[[-73.783817,40.712646],[-73.785426,40.712269],[-73.786003,40.712164],[-73.786515,40.712102],[-73.788815,40.71195],[-73.789402,40.711874],[-73.789961,40.711762],[-73.790661,40.711555],[-73.795329,40.709836],[-73.814414,40.704413],[-73.814754,40.704327],[-73.815403,40.704229],[-73.816009,40.704221],[-73.816571,40.704306],[-73.816836,40.704382],[-73.817333,40.704603],[-73.817786,40.704916],[-73.818196,40.705321],[-73.81838,40.70556],[-73.819479,40.707304],[-73.820963,40.709823],[-73.821305,40.710195],[-73.821518,40.710362],[-73.821887,40.710588],[-73.822318,40.710787],[-73.827871,40.712918],[-73.828344,40.713129],[-73.831008,40.714441],[-73.831691,40.714844],[-73.83251,40.715375],[-73.83395,40.716425],[-73.834482,40.716787],[-73.835176,40.717213],[-73.835753,40.717531],[-73.837324,40.718331],[-73.840875,40.72007],[-73.847541,40.723026],[-73.848187,40.723371],[-73.848797,40.723747],[-73.849372,40.724151],[-73.849912,40.724584],[-73.850673,40.725272],[-73.851228,40.725699],[-73.851849,40.72609],[-73.852538,40.726443],[-73.853554,40.726887],[-73.854378,40.727216],[-73.865257,40.731187],[-73.86639,40.731688],[-73.867573,40.732358],[-73.868127,40.732638],[-73.869229,40.733106],[-73.870454,40.733509],[-73.874412,40.734679],[-73.874947,40.734877],[-73.875429,40.735106],[-73.875859,40.735365],[-73.876236,40.735655],[-73.876562,40.735976],[-73.876834,40.736327],[-73.877223,40.737015],[-73.878602,40.739655],[-73.878845,40.740052],[-73.87906,40.740326],[-73.879422,40.740665],[-73.880977,40.741822],[-73.881662,40.742256],[-73.882775,40.742862],[-73.885104,40.743987],[-73.906278,40.752988],[-73.906558,40.753074],[-73.906995,40.753167],[-73.907767,40.753228],[-73.908257,40.753208],[-73.910175,40.75302],[-73.91073,40.753017],[-73.911187,40.753044],[-73.911537,40.753079],[-73.915542,40.753755],[-73.916241,40.75383],[-73.91716,40.753847],[-73.91784,40.753799],[-73.918511,40.753697],[-73.925273,40.752217],[-73.925796,40.752132],[-73.926563,40.752074],[-73.931627,40.75199],[-73.932452,40.751924],[-73.932966,40.751824],[-73.933451,40.75168],[-73.933905,40.751491],[-73.934331,40.751258],[-73.934913,40.750826],[-73.936442,40.749408],[-73.936712,40.749215],[-73.936963,40.749083],[-73.941678,40.747385],[-73.942033,40.747303],[-73.942405,40.747263],[-73.943063,40.747287],[-73.952344,40.749075],[-73.953305,40.749328],[-73.954279,40.749664],[-73.954933,40.749935],[-73.95559,40.750244],[-73.956583,40.750778],[-73.957251,40.751182],[-73.961729,40.754329],[-73.962194,40.754617],[-73.96263,40.754839],[-73.976697,40.760789],[-73.978014,40.761264],[-73.978435,40.76136],[-73.978692,40.761377],[-73.978931,40.761356],[-73.979255,40.761254],[-73.979448,40.761138],[-73.979701,40.760893],[-74.001312,40.731216],[-74.001511,40.730897],[-74.002395,40.729279],[-74.002515,40.728918],[-74.002535,40.728702],[-74.002506,40.728505],[-74.002428,40.728328],[-74.002301,40.72817],[-74.002126,40.728032],[-73.997568,40.725792],[-73.996858,40.725513],[-73.996204,40.725297],[-73.987704,40.722723],[-73.987339,40.722559],[-73.987058,40.722365],[-73.98695,40.722255],[-73.986797,40.722014],[-73.986729,40.721741],[-73.986727,40.721592],[-73.986786,40.721272],[-73.986929,40.720922],[-73.989953,40.715055],[-73.990127,40.714566],[-73.99019,40.714055],[-73.990127,40.713212],[-73.989866,40.711503],[-73.989712,40.710875],[-73.989518,40.710288],[-73.989193,40.709566],[-73.988899,40.709071],[-73.987689,40.707452],[-73.987234,40.706752],[-73.986997,40.70628],[-73.986813,40.705803],[-73.986682,40.705322],[-73.986604,40.704836],[-73.986587,40.704099],[-73.987036,40.697395],[-73.987179,40.694618],[-73.987276,40.693715],[-73.987383,40.691591],[-73.987423,40.691336],[-73.987532,40.691041],[-73.987738,40.690701],[-73.990862,40.686145],[-73.993851,40.681727],[-73.994454,40.680903],[-73.995048,40.680303],[-73.995209,40.680111],[-73.995775,40.679303],[-73.996262,40.678436],[-73.997343,40.676167],[-73.997427,40.675896],[-73.99746,40.675663],[-73.997438,40.675288],[-73.997367,40.675025],[-73.99725,40.674778],[-73.997022,40.674474],[-73.996533,40.674024],[-73.996031,40.673631],[-73.995331,40.673167],[-73.993056,40.67186],[-73.988253,40.669548],[-73.987817,40.669391],[-73.98738,40.669268],[-73.986041,40.669011],[-73.985354,40.668766],[-73.982993,40.667571],[-73.977729,40.665013],[-73.977382,40.664771],[-73.977245,40.664645],[-73.977043,40.664383],[-73.976938,40.664108],[-73.976928,40.66382],[-73.976959,40.663671],[-73.977094,40.663364],[-73.977197,40.663205],[-73.979493,40.660365],[-73.97976,40.660002],[-73.980051,40.659557],[-73.980342,40.659039],[-73.98044,40.658693],[-73.98044,40.658475],[-73.980386,40.658266],[-73.980281,40.658066],[-73.980122,40.657876],[-73.979912,40.657695],[-73.977203,40.656084],[-73.976935,40.655862],[-73.976664,40.655517],[-73.976565,40.655324],[-73.976464,40.655008],[-73.975911,40.652057],[-73.975825,40.651415],[-73.97578,40.650865],[-73.975814,40.65032],[-73.975901,40.649902],[-73.97604,40.649525],[-73.976129,40.649352],[-73.976345,40.649038],[-73.976613,40.648766],[-73.976933,40.648536],[-73.977113,40.648437],[-73.97866,40.647813],[-73.978865,40.647706],[-73.979223,40.647471],[-73.979513,40.647205],[-73.979733,40.646907],[-73.979886,40.646577],[-73.979969,40.646215],[-73.979985,40.645822],[-73.979931,40.645397],[-73.979267,40.641857],[-73.979072,40.640261],[-73.978693,40.638304],[-73.978262,40.636596],[-73.972299,40.605143],[-73.972237,40.604675],[-73.97223,40.60425],[-73.974131,40.59058],[-73.97428,40.589287],[-73.974631,40.583259],[-73.974617,40.582887],[-73.974514,40.581895],[-73.974719,40.578755],[-73.974531,40.577091],[-73.974531,40.576909],[-73.974556,40.576802],[-73.974632,40.576661],[-73.974707,40.576581],[-73.974919,40.576454],[-73.97662,40.575912],[-73.976917,40.575837],[-73.97731,40.575774],[-73.9777,40.575752],[-73.978088,40.575771],[-73.980212,40.576058],[-73.98052,40.576134],[-73.980762,40.576235],[-73.980938,40.576363],[-73.981047,40.576518],[-73.981233,40.577422]]}},{"type":"Feature","properties":{"color":"#EB6800","description":"Queens Blvd Express/6 Av Local","route":"F","routeId":"F","shapeId":"F..S55R"},"geometry":{"type":"LineString","coordinates":[[-73.783817,40.712646],[-73.785426,40.712269],[-73.786003,40.712164],[-73.786515,40.712102],[-73.788815,40.71195],[-73.789402,40.711874],[-73.789961,40.711762],[-73.790661,40.711555],[-73.795329,40.709836],[-73.814414,40.704413],[-73.814754,40.704327],[-73.815403,40.704229],[-73.816009,40.704221],[-73.816571,40.704306],[-73.816836,40.704382],[-73.817333,40.704603],[-73.817786,40.704916],[-73.818196,40.705321],[-73.81838,40.70556],[-73.819479,40.707304],[-73.820963,40.709823],[-73.821305,40.710195],[-73.821518,40.710362],[-73.821887,40.710588],[-73.822318,40.710787],[-73.827871,40.712918],[-73.828344,40.713129],[-73.831008,40.714441],[-73.831691,40.714844],[-73.83251,40.715375],[-73.83395,40.716425],[-73.834482,40.716787],[-73.835176,40.717213],[-73.835753,40.717531],[-73.837324,40.718331],[-73.840875,40.72007],[-73.847541,40.723026],[-73.848187,40.723371],[-73.848797,40.723747],[-73.849372,40.724151],[-73.849912,40.724584],[-73.850673,40.725272],[-73.851228,40.725699],[-73.851849,40.72609],[-73.852538,40.726443],[-73.853554,40.726887],[-73.854378,40.727216],[-73.865257,40.731187],[-73.86639,40.731688],[-73.867573,40.732358],[-73.868127,40.732638],[-73.869229,40.733106],[-73.870454,40.733509],[-73.874412,40.734679],[-73.874947,40.734877],[-73.875429,40.735106],[-73.875859,40.735365],[-73.876236,40.735655],[-73.876562,40.735976],[-73.876834,40.736327],[-73.877223,40.737015],[-73.878602,40.739655],[-73.878845,40.740052],[-73.87906,40.740326],[-73.879422,40.740665],[-73.880977,40.741822],[-73.881662,40.742256],[-73.882775,40.742862],[-73.885104,40.743987],[-73.906278,40.752988],[-73.906558,40.753074],[-73.906995,40.753167],[-73.907767,40.753228],[-73.908257,40.753208],[-73.910175,40.75302],[-73.91073,40.753017],[-73.911187,40.753044],[-73.911537,40.753079],[-73.915542,40.753755],[-73.916241,40.75383],[-73.91716,40.753847],[-73.91784,40.753799],[-73.918511,40.753697],[-73.925273,40.752217],[-73.925796,40.752132],[-73.926563,40.752074],[-73.931627,40.75199],[-73.932452,40.751924],[-73.932966,40.751824],[-73.933451,40.75168],[-73.933905,40.751491],[-73.934331,40.751258],[-73.934913,40.750826],[-73.936442,40.749408],[-73.936712,40.749215],[-73.936963,40.749083],[-73.941678,40.747385],[-73.942033,40.747303],[-73.942405,40.747263],[-73.943063,40.747287],[-73.952344,40.749075],[-73.953305,40.749328],[-73.954279,40.749664],[-73.954933,40.749935],[-73.95559,40.750244],[-73.956583,40.750778],[-73.957251,40.751182],[-73.961729,40.754329],[-73.962194,40.754617],[-73.96263,40.754839],[-73.976697,40.760789],[-73.978014,40.761264],[-73.978435,40.76136],[-73.978692,40.761377],[-73.978931,40.761356],[-73.979152,40.761297],[-73.979354,40.761201],[-73.979537,40.761066],[-73.979701,40.760893],[-74.001312,40.731216],[-74.001511,40.730897],[-74.002395,40.729279],[-74.002515,40.728918],[-74.002535,40.728702],[-74.002506,40.728505],[-74.002428,40.728328],[-74.002301,40.72817],[-74.002126,40.728032],[-73.997568,40.725792],[-73.996858,40.725513],[-73.996204,40.725297],[-73.987704,40.722723],[-73.987339,40.722559],[-73.987058,40.722365],[-73.986863,40.722138],[-73.986752,40.721881],[-73.986729,40.721741],[-73.986746,40.721436],[-73.986848,40.721101],[-73.989953,40.715055],[-73.990127,40.714566],[-73.99019,40.714055],[-73.990127,40.713212],[-73.989866,40.711503],[-73.989712,40.710875],[-73.989518,40.710288],[-73.989193,40.709566],[-73.988899,40.709071],[-73.987689,40.707452],[-73.987234,40.706752],[-73.986997,40.70628],[-73.986813,40.705803],[-73.986682,40.705322],[-73.986604,40.704836],[-73.986587,40.704099],[-73.987036,40.697395],[-73.987179,40.694618],[-73.987276,40.693715],[-73.987383,40.691591],[-73.987423,40.691336],[-73.987532,40.691041],[-73.987738,40.690701],[-73.990862,40.686145],[-73.993851,40.681727],[-73.994454,40.680903],[-73.995048,40.680303],[-73.995209,40.680111],[-73.995775,40.679303],[-73.996262,40.678436],[-73.997287,40.676302],[-73.997447,40.675805],[-73.997451,40.675379],[-73.997367,40.675025],[-73.99725,40.674778],[-73.997146,40.674622],[-73.996815,40.674274],[-73.996391,40.673906],[-73.99587,40.673514],[-73.995485,40.67326],[-73.99324,40.671959],[-73.992891,40.671773],[-73.988253,40.669548],[-73.987817,40.669391],[-73.98738,40.669268],[-73.986041,40.669011],[-73.985354,40.668766],[-73.982993,40.667571],[-73.977941,40.66513],[-73.977729,40.665013],[-73.977382,40.664771],[-73.977132,40.664515],[-73.976978,40.664247],[-73.976921,40.663966],[-73.976928,40.66382],[-73.976959,40.663671],[-73.977094,40.663364],[-73.977197,40.663205],[-73.979493,40.660365],[-73.97976,40.660002],[-73.980051,40.659557],[-73.980342,40.659039],[-73.98044,40.658693],[-73.98044,40.658475],[-73.980386,40.658266],[-73.980281,40.658066],[-73.980122,40.657876],[-73.979912,40.657695],[-73.977203,40.656084],[-73.976935,40.655862],[-73.976664,40.655517],[-73.976565,40.655324],[-73.976464,40.655008],[-73.975911,40.652057],[-73.975825,40.651415],[-73.97578,40.650865],[-73.975814,40.65032],[-73.975901,40.649902],[-73.97604,40.649525],[-73.976129,40.649352],[-73.976345,40.649038],[-73.976613,40.648766],[-73.976933,40.648536],[-73.977113,40.648437],[-73.97866,40.647813],[-73.978865,40.647706],[-73.979223,40.647471],[-73.979513,40.647205],[-73.979733,40.646907],[-73.979886,40.646577],[-73.979969,40.646215],[-73.979985,40.645822],[-73.979931,40.645397],[-73.979267,40.641857],[-73.979072,40.640261],[-73.978693,40.638304],[-73.978262,40.636596],[-73.972284,40.605062],[-73.972237,40.604675],[-73.972227,40.604318],[-73.972361,40.603217]]}},{"type":"Feature","properties":{"color":"#EB6800","description":"Queens Blvd Express/6 Av Local","route":"F","routeId":"F","shapeId":"F..S69R"},"geometry":{"type":"LineString","coordinates":[[-73.783817,40.712646],[-73.785426,40.712269],[-73.786003,40.712164],[-73.786515,40.712102],[-73.788815,40.71195],[-73.789402,40.711874],[-73.789961,40.711762],[-73.790661,40.711555],[-73.795329,40.709836],[-73.814414,40.704413],[-73.814754,40.704327],[-73.815403,40.704229],[-73.816009,40.704221],[-73.816571,40.704306],[-73.816836,40.704382],[-73.817333,40.704603],[-73.817786,40.704916],[-73.818196,40.705321],[-73.81838,40.70556],[-73.819479,40.707304],[-73.820963,40.709823],[-73.821305,40.710195],[-73.821518,40.710362],[-73.821887,40.710588],[-73.822318,40.710787],[-73.827871,40.712918],[-73.828344,40.713129],[-73.831008,40.714441],[-73.831691,40.714844],[-73.83251,40.715375],[-73.83395,40.716425],[-73.834482,40.716787],[-73.835176,40.717213],[-73.835753,40.717531],[-73.837324,40.718331],[-73.840875,40.72007],[-73.847541,40.723026],[-73.848187,40.723371],[-73.848797,40.723747],[-73.849372,40.724151],[-73.849912,40.724584],[-73.850673,40.725272],[-73.851228,40.725699],[-73.851849,40.72609],[-73.852538,40.726443],[-73.853554,40.726887],[-73.854378,40.727216],[-73.865257,40.731187],[-73.86639,40.731688],[-73.867573,40.732358],[-73.868127,40.732638],[-73.869229,40.733106],[-73.870454,40.733509],[-73.874412,40.734679],[-73.874947,40.734877],[-73.875429,40.735106],[-73.875859,40.735365],[-73.876236,40.735655],[-73.876562,40.735976],[-73.876834,40.736327],[-73.877223,40.737015],[-73.878602,40.739655],[-73.878845,40.740052],[-73.87906,40.740326],[-73.879422,40.740665],[-73.880977,40.741822],[-73.881662,40.742256],[-73.882775,40.742862],[-73.885104,40.743987],[-73.906006,40.752885],[-73.906417,40.753033],[-73.906847,40.75314],[-73.907609,40.753225],[-73.908257,40.753208],[-73.910175,40.75302],[-73.91073,40.753017],[-73.911187,40.753044],[-73.911537,40.753079],[-73.915776,40.753786],[-73.916702,40.75385],[-73.917614,40.753821],[-73.918064,40.753771],[-73.918734,40.753651],[-73.925273,40.752217],[-73.925796,40.752132],[-73.926563,40.752074],[-73.931627,40.75199],[-73.932452,40.751924],[-73.933212,40.751758],[-73.933682,40.751591],[-73.934122,40.75138],[-73.934821,40.750941],[-73.935255,40.750757],[-73.935688,40.750684],[-73.936119,40.750722],[-73.936548,40.750871],[-73.941712,40.753624],[-73.947645,40.756661],[-73.957506,40.761003],[-73.97133,40.766827],[-73.97205,40.7671],[-73.972394,40.767201],[-73.973049,40.767327],[-73.973658,40.767353],[-73.974222,40.76728],[-73.974487,40.767205],[-73.974983,40.766982],[-73.975214,40.766834],[-73.975434,40.76666],[-73.975637,40.766457],[-74.001312,40.731216],[-74.001511,40.730897],[-74.002395,40.729279],[-74.002515,40.728918],[-74.002535,40.728702],[-74.002506,40.728505],[-74.002428,40.728328],[-74.002301,40.72817],[-74.002126,40.728032],[-73.997568,40.725792],[-73.996858,40.725513],[-73.996204,40.725297],[-73.987704,40.722723],[-73.987339,40.722559],[-73.987058,40.722365],[-73.98695,40.722255],[-73.986797,40.722014],[-73.986729,40.721741],[-73.986727,40.721592],[-73.986786,40.721272],[-73.986929,40.720922],[-73.989953,40.715055],[-73.990127,40.714566],[-73.99019,40.714055],[-73.990127,40.713212],[-73.989866,40.711503],[-73.989712,40.710875],[-73.989518,40.710288],[-73.989193,40.709566],[-73.988899,40.709071],[-73.987689,40.707452],[-73.987234,40.706752],[-73.986997,40.70628],[-73.986813,40.705803],[-73.986682,40.705322],[-73.986604,40.704836],[-73.986587,40.704099],[-73.987036,40.697395],[-73.987179,40.694618],[-73.987276,40.693715],[-73.987383,40.691591],[-73.987423,40.691336],[-73.987532,40.691041],[-73.987738,40.690701],[-73.990862,40.686145],[-73.993851,40.681727],[-73.994454,40.680903],[-73.995048,40.680303],[-73.995209,40.680111],[-73.995775,40.679303],[-73.996262,40.678436],[-73.997343,40.676167],[-73.997427,40.675896],[-73.99746,40.675663],[-73.997438,40.675288],[-73.997367,40.675025],[-73.99725,40.674778],[-73.997022,40.674474],[-73.996533,40.674024],[-73.996031,40.673631],[-73.995331,40.673167],[-73.993056,40.67186],[-73.988253,40.669548],[-73.987817,40.669391],[-73.98738,40.669268],[-73.986041,40.669011],[-73.985354,40.668766],[-73.982993,40.667571],[-73.977729,40.665013],[-73.977382,40.664771],[-73.977245,40.664645],[-73.977043,40.664383],[-73.976938,40.664108],[-73.976928,40.66382],[-73.976959,40.663671],[-73.977094,40.663364],[-73.977197,40.663205],[-73.979493,40.660365],[-73.97976,40.660002],[-73.980051,40.659557],[-73.980342,40.659039],[-73.98044,40.658693],[-73.98044,40.658475],[-73.980386,40.658266],[-73.980281,40.658066],[-73.980122,40.657876],[-73.979912,40.657695],[-73.977203,40.656084],[-73.976935,40.655862],[-73.976664,40.655517],[-73.976565,40.655324],[-73.976464,40.655008],[-73.975911,40.652057],[-73.975825,40.651415],[-73.97578,40.650865],[-73.975814,40.65032],[-73.975901,40.649902],[-73.97604,40.649525],[-73.976129,40.649352],[-73.976345,40.649038],[-73.976613,40.648766],[-73.976933,40.648536],[-73.977113,40.648437],[-73.97866,40.647813],[-73.978865,40.647706],[-73.979223,40.647471],[-73.979513,40.647205],[-73.979733,40.646907],[-73.979886,40.646577],[-73.979969,40.646215],[-73.979985,40.645822],[-73.979931,40.645397],[-73.979267,40.641857],[-73.979072,40.640261],[-73.978693,40.638304],[-73.978262,40.636596],[-73.972299,40.605143],[-73.972237,40.604675],[-73.97223,40.60425],[-73.974131,40.59058],[-73.97428,40.589287],[-73.974631,40.583259],[-73.974617,40.582887],[-73.974514,40.581895],[-73.974719,40.578755],[-73.974531,40.577091],[-73.974531,40.576909],[-73.974556,40.576802],[-73.974632,40.576661],[-73.974707,40.576581],[-73.974919,40.576454],[-73.97662,40.575912],[-73.976917,40.575837],[-73.97731,40.575774],[-73.9777,40.575752],[-73.978088,40.575771],[-73.980212,40.576058],[-73.98052,40.576134],[-73.980762,40.576235],[-73.980938,40.576363],[-73.981047,40.576518],[-73.981233,40.577422]]}},{"type":"Feature","properties":{"color":"#EB6800","description":"Brooklyn F Express","route":"FX","routeId":"FX","shapeId":"F..N56R"},"geometry":{"type":"LineString","coordinates":[[-73.981233,40.577422],[-73.981047,40.576518],[-73.980938,40.576363],[-73.980762,40.576235],[-73.98052,40.576134],[-73.980212,40.576058],[-73.978088,40.575771],[-73.9777,40.575752],[-73.97731,40.575774],[-73.976917,40.575837],[-73.97662,40.575912],[-73.974919,40.576454],[-73.974707,40.576581],[-73.974632,40.576661],[-73.974556,40.576802],[-73.974531,40.576909],[-73.974531,40.577091],[-73.974719,40.578755],[-73.974514,40.581895],[-73.974617,40.582887],[-73.974631,40.583259],[-73.97428,40.589287],[-73.974131,40.59058],[-73.97223,40.60425],[-73.972237,40.604675],[-73.972299,40.605143],[-73.978262,40.636596],[-73.978693,40.638304],[-73.979072,40.640261],[-73.979267,40.641857],[-73.979931,40.645397],[-73.979985,40.645822],[-73.979969,40.646215],[-73.979886,40.646577],[-73.979733,40.646907],[-73.979513,40.647205],[-73.979223,40.647471],[-73.978865,40.647706],[-73.97866,40.647813],[-73.977113,40.648437],[-73.976933,40.648536],[-73.976613,40.648766],[-73.976345,40.649038],[-73.976129,40.649352],[-73.975964,40.649708],[-73.975851,40.650106],[-73.975776,40.650782],[-73.975825,40.651415],[-73.975951,40.652292],[-73.976441,40.654895],[-73.97651,40.655699],[-73.97651,40.656165],[-73.976458,40.656767],[-73.976385,40.657202],[-73.976253,40.657669],[-73.976124,40.658288],[-73.976057,40.658752],[-73.97601,40.65937],[-73.976299,40.663049],[-73.97646,40.663639],[-73.976726,40.66415],[-73.977095,40.664583],[-73.977568,40.664936],[-73.982993,40.667571],[-73.985354,40.668766],[-73.986041,40.669011],[-73.98738,40.669268],[-73.987817,40.669391],[-73.988253,40.669548],[-73.992891,40.671773],[-73.995278,40.673136],[-73.99587,40.673514],[-73.996462,40.673964],[-73.997022,40.674474],[-73.99725,40.674778],[-73.997367,40.675025],[-73.997438,40.675288],[-73.99746,40.675663],[-73.997427,40.675896],[-73.997343,40.676167],[-73.996262,40.678436],[-73.995775,40.679303],[-73.995209,40.680111],[-73.995048,40.680303],[-73.994454,40.680903],[-73.993851,40.681727],[-73.990862,40.686145],[-73.987738,40.690701],[-73.987532,40.691041],[-73.987423,40.691336],[-73.987383,40.691591],[-73.987276,40.693715],[-73.987179,40.694618],[-73.987036,40.697395],[-73.986587,40.704099],[-73.986604,40.704836],[-73.986682,40.705322],[-73.986813,40.705803],[-73.986997,40.70628],[-73.987234,40.706752],[-73.987689,40.707452],[-73.988899,40.709071],[-73.989193,40.709566],[-73.989518,40.710288],[-73.989712,40.710875],[-73.989866,40.711503],[-73.990127,40.713212],[-73.99019,40.714055],[-73.990127,40.714566],[-73.989953,40.715055],[-73.986929,40.720922],[-73.986786,40.721272],[-73.986727,40.721592],[-73.986729,40.721741],[-73.986797,40.722014],[-73.98695,40.722255],[-73.987058,40.722365],[-73.987339,40.722559],[-73.987704,40.722723],[-73.996204,40.725297],[-73.996858,40.725513],[-73.997568,40.725792],[-74.002126,40.728032],[-74.002301,40.72817],[-74.002428,40.728328],[-74.002506,40.728505],[-74.002535,40.728702],[-74.002515,40.728918],[-74.002395,40.729279],[-74.001511,40.730897],[-74.001312,40.731216],[-73.979701,40.760893],[-73.979448,40.761138],[-73.979255,40.761254],[-73.978931,40.761356],[-73.978692,40.761377],[-73.978435,40.76136],[-73.978014,40.761264],[-73.976697,40.760789],[-73.96263,40.754839],[-73.962194,40.754617],[-73.961729,40.754329],[-73.957251,40.751182],[-73.956583,40.750778],[-73.95559,40.750244],[-73.954933,40.749935],[-73.954279,40.749664],[-73.953305,40.749328],[-73.952344,40.749075],[-73.943063,40.747287],[-73.942405,40.747263],[-73.942033,40.747303],[-73.941678,40.747385],[-73.936963,40.749083],[-73.936712,40.749215],[-73.936442,40.749408],[-73.934913,40.750826],[-73.934331,40.751258],[-73.933905,40.751491],[-73.933451,40.75168],[-73.932966,40.751824],[-73.932452,40.751924],[-73.931627,40.75199],[-73.926563,40.752074],[-73.925796,40.752132],[-73.925273,40.752217],[-73.918511,40.753697],[-73.91784,40.753799],[-73.91716,40.753847],[-73.916241,40.75383],[-73.915542,40.753755],[-73.911537,40.753079],[-73.911187,40.753044],[-73.91073,40.753017],[-73.910175,40.75302],[-73.908257,40.753208],[-73.907767,40.753228],[-73.906995,40.753167],[-73.906558,40.753074],[-73.906278,40.752988],[-73.885104,40.743987],[-73.882775,40.742862],[-73.881662,40.742256],[-73.880977,40.741822],[-73.879422,40.740665],[-73.87906,40.740326],[-73.878845,40.740052],[-73.878602,40.739655],[-73.877223,40.737015],[-73.876834,40.736327],[-73.876562,40.735976],[-73.876236,40.735655],[-73.875859,40.735365],[-73.875429,40.735106],[-73.874947,40.734877],[-73.874412,40.734679],[-73.870454,40.733509],[-73.869229,40.733106],[-73.868127,40.732638],[-73.867573,40.732358],[-73.86639,40.731688],[-73.865257,40.731187],[-73.854378,40.727216],[-73.853554,40.726887],[-73.852538,40.726443],[-73.851849,40.72609],[-73.851228,40.725699],[-73.850673,40.725272],[-73.849912,40.724584],[-73.849372,40.724151],[-73.848797,40.723747],[-73.848187,40.723371],[-73.847541,40.723026],[-73.840875,40.72007],[-73.837324,40.718331],[-73.835753,40.717531],[-73.835176,40.717213],[-73.834482,40.716787],[-73.83395,40.716425],[-73.83251,40.715375],[-73.831691,40.714844],[-73.831008,40.714441],[-73.828344,40.713129],[-73.827871,40.712918],[-73.822318,40.710787],[-73.821887,40.710588],[-73.821518,40.710362],[-73.821305,40.710195],[-73.820963,40.709823],[-73.819479,40.707304],[-73.81838,40.70556],[-73.818196,40.705321],[-73.817786,40.704916],[-73.817333,40.704603],[-73.816836,40.704382],[-73.816571,40.704306],[-73.816009,40.704221],[-73.815403,40.704229],[-73.814754,40.704327],[-73.814414,40.704413],[-73.795329,40.709836],[-73.790661,40.711555],[-73.789961,40.711762],[-73.789402,40.711874],[-73.788815,40.71195],[-73.786515,40.712102],[-73.786003,40.712164],[-73.785426,40.712269],[-73.783817,40.712646]]}},{"type":"Feature","properties":{"color":"#EB6800","description":"Brooklyn F Express","route":"FX","routeId":"FX","shapeId":"F..S56R"},"geometry":{"type":"LineString","coordinates":[[-73.783817,40.712646],[-73.785426,40.712269],[-73.786003,40.712164],[-73.786515,40.712102],[-73.788815,40.71195],[-73.789402,40.711874],[-73.789961,40.711762],[-73.790661,40.711555],[-73.795329,40.709836],[-73.814414,40.704413],[-73.814754,40.704327],[-73.815403,40.704229],[-73.816009,40.704221],[-73.816571,40.704306],[-73.816836,40.704382],[-73.817333,40.704603],[-73.817786,40.704916],[-73.818196,40.705321],[-73.81838,40.70556],[-73.819479,40.707304],[-73.820963,40.709823],[-73.821305,40.710195],[-73.821518,40.710362],[-73.821887,40.710588],[-73.822318,40.710787],[-73.827871,40.712918],[-73.828344,40.713129],[-73.831008,40.714441],[-73.831691,40.714844],[-73.83251,40.715375],[-73.83395,40.716425],[-73.834482,40.716787],[-73.835176,40.717213],[-73.835753,40.717531],[-73.837324,40.718331],[-73.840875,40.72007],[-73.847541,40.723026],[-73.848187,40.723371],[-73.848797,40.723747],[-73.849372,40.724151],[-73.849912,40.724584],[-73.850673,40.725272],[-73.851228,40.725699],[-73.851849,40.72609],[-73.852538,40.726443],[-73.853554,40.726887],[-73.854378,40.727216],[-73.865257,40.731187],[-73.86639,40.731688],[-73.867573,40.732358],[-73.868127,40.732638],[-73.869229,40.733106],[-73.870454,40.733509],[-73.874412,40.734679],[-73.874947,40.734877],[-73.875429,40.735106],[-73.875859,40.735365],[-73.876236,40.735655],[-73.876562,40.735976],[-73.876834,40.736327],[-73.877223,40.737015],[-73.878602,40.739655],[-73.878845,40.740052],[-73.87906,40.740326],[-73.879422,40.740665],[-73.880977,40.741822],[-73.881662,40.742256],[-73.882775,40.742862],[-73.885104,40.743987],[-73.906278,40.752988],[-73.906558,40.753074],[-73.906995,40.753167],[-73.907767,40.753228],[-73.908257,40.753208],[-73.910175,40.75302],[-73.91073,40.753017],[-73.911187,40.753044],[-73.911537,40.753079],[-73.915542,40.753755],[-73.916241,40.75383],[-73.91716,40.753847],[-73.91784,40.753799],[-73.918511,40.753697],[-73.925273,40.752217],[-73.925796,40.752132],[-73.926563,40.752074],[-73.931627,40.75199],[-73.932452,40.751924],[-73.932966,40.751824],[-73.933451,40.75168],[-73.933905,40.751491],[-73.934331,40.751258],[-73.934913,40.750826],[-73.936442,40.749408],[-73.936712,40.749215],[-73.936963,40.749083],[-73.941678,40.747385],[-73.942033,40.747303],[-73.942405,40.747263],[-73.943063,40.747287],[-73.952344,40.749075],[-73.953305,40.749328],[-73.954279,40.749664],[-73.954933,40.749935],[-73.95559,40.750244],[-73.956583,40.750778],[-73.957251,40.751182],[-73.961729,40.754329],[-73.962194,40.754617],[-73.96263,40.754839],[-73.976697,40.760789],[-73.978014,40.761264],[-73.978435,40.76136],[-73.978692,40.761377],[-73.978931,40.761356],[-73.979255,40.761254],[-73.979448,40.761138],[-73.979701,40.760893],[-74.001312,40.731216],[-74.001511,40.730897],[-74.002395,40.729279],[-74.002515,40.728918],[-74.002535,40.728702],[-74.002506,40.728505],[-74.002428,40.728328],[-74.002301,40.72817],[-74.002126,40.728032],[-73.997568,40.725792],[-73.996858,40.725513],[-73.996204,40.725297],[-73.987704,40.722723],[-73.987339,40.722559],[-73.987058,40.722365],[-73.98695,40.722255],[-73.986797,40.722014],[-73.986729,40.721741],[-73.986727,40.721592],[-73.986786,40.721272],[-73.986929,40.720922],[-73.989953,40.715055],[-73.990127,40.714566],[-73.99019,40.714055],[-73.990127,40.713212],[-73.989866,40.711503],[-73.989712,40.710875],[-73.989518,40.710288],[-73.989193,40.709566],[-73.988899,40.709071],[-73.987689,40.707452],[-73.987234,40.706752],[-73.986997,40.70628],[-73.986813,40.705803],[-73.986682,40.705322],[-73.986604,40.704836],[-73.986587,40.704099],[-73.987036,40.697395],[-73.987179,40.694618],[-73.987276,40.693715],[-73.987383,40.691591],[-73.987423,40.691336],[-73.987532,40.691041],[-73.987738,40.690701],[-73.990862,40.686145],[-73.993851,40.681727],[-73.994454,40.680903],[-73.995048,40.680303],[-73.995209,40.680111],[-73.995775,40.679303],[-73.996262,40.678436],[-73.997343,40.676167],[-73.997427,40.675896],[-73.99746,40.675663],[-73.997438,40.675288],[-73.997367,40.675025],[-73.99725,40.674778],[-73.997022,40.674474],[-73.996462,40.673964],[-73.99587,40.673514],[-73.995278,40.673136],[-73.992891,40.671773],[-73.988253,40.669548],[-73.987817,40.669391],[-73.98738,40.669268],[-73.986041,40.669011],[-73.985354,40.668766],[-73.982993,40.667571],[-73.977568,40.664936],[-73.977095,40.664583],[-73.976726,40.66415],[-73.97646,40.663639],[-73.976299,40.663049],[-73.97601,40.65937],[-73.976057,40.658752],[-73.976124,40.658288],[-73.976253,40.657669],[-73.976385,40.657202],[-73.976458,40.656767],[-73.97651,40.656165],[-73.97651,40.655699],[-73.976441,40.654895],[-73.975951,40.652292],[-73.975825,40.651415],[-73.975776,40.650782],[-73.975851,40.650106],[-73.975964,40.649708],[-73.976129,40.649352],[-73.976345,40.649038],[-73.976613,40.648766],[-73.976933,40.648536],[-73.977113,40.648437],[-73.97866,40.647813],[-73.978865,40.647706],[-73.979223,40.647471],[-73.979513,40.647205],[-73.979733,40.646907],[-73.979886,40.646577],[-73.979969,40.646215],[-73.979985,40.645822],[-73.979931,40.645397],[-73.979267,40.641857],[-73.979072,40.640261],[-73.978693,40.638304],[-73.978262,40.636596],[-73.972299,40.605143],[-73.972237,40.604675],[-73.97223,40.60425],[-73.974131,40.59058],[-73.97428,40.589287],[-73.974631,40.583259],[-73.974617,40.582887],[-73.974514,40.581895],[-73.974719,40.578755],[-73.974531,40.577091],[-73.974531,40.576909],[-73.974556,40.576802],[-73.974632,40.576661],[-73.974707,40.576581],[-73.974919,40.576454],[-73.97662,40.575912],[-73.976917,40.575837],[-73.97731,40.575774],[-73.9777,40.575752],[-73.978088,40.575771],[-73.980212,40.576058],[-73.98052,40.576134],[-73.980762,40.576235],[-73.980938,40.576363],[-73.981047,40.576518],[-73.981233,40.577422]]}},{"type":"Feature","properties":{"color":"#EB6800","description":"Queens Blvd Local/6 Av Local","route":"M","routeId":"M","shapeId":"M..N24R"},"geometry":{"type":"LineString","coordinates":[[-73.889601,40.711396],[-73.889879,40.710717],[-73.890103,40.709831],[-73.890271,40.709493],[-73.892109,40.707479],[-73.892373,40.707254],[-73.89267,40.707067],[-73.892915,40.706952],[-73.893272,40.706833],[-73.906656,40.703548],[-73.906876,40.703478],[-73.907067,40.703381],[-73.907228,40.703255],[-73.910743,40.699825],[-73.91094,40.69968],[-73.911165,40.69958],[-73.911417,40.699526],[-73.927397,40.697857],[-73.933022,40.697229],[-73.933231,40.697181],[-73.933401,40.697097],[-73.933808,40.696684],[-73.933949,40.696593],[-73.934106,40.696544],[-73.934342,40.696546],[-73.934679,40.696654],[-73.941126,40.70026],[-73.942058,40.700799],[-73.943133,40.701472],[-73.951543,40.706172],[-73.952081,40.706406],[-73.959236,40.708871],[-73.95949,40.709019],[-73.960736,40.710027],[-73.96108,40.710213],[-73.984487,40.717319],[-73.985827,40.717811],[-73.990892,40.719363],[-73.99122,40.719498],[-73.991495,40.719664],[-73.991715,40.719862],[-73.991879,40.720091],[-73.99194,40.720217],[-73.992021,40.720493],[-73.992038,40.720965],[-73.991687,40.723147],[-73.991706,40.723355],[-73.991767,40.723546],[-73.991868,40.72372],[-73.992011,40.723875],[-73.992196,40.724013],[-73.99255,40.724185],[-73.996641,40.725437],[-73.997273,40.72567],[-73.997938,40.725961],[-74.002126,40.728032],[-74.002371,40.728247],[-74.002473,40.728414],[-74.002535,40.728702],[-74.002515,40.728918],[-74.002395,40.729279],[-74.001511,40.730897],[-74.001312,40.731216],[-73.975637,40.766457],[-73.975434,40.76666],[-73.975214,40.766834],[-73.97474,40.767106],[-73.974222,40.76728],[-73.973658,40.767353],[-73.973359,40.767352],[-73.973049,40.767327],[-73.972394,40.767201],[-73.97205,40.7671],[-73.97133,40.766827],[-73.957506,40.761003],[-73.947738,40.756703],[-73.941712,40.753624],[-73.936548,40.750871],[-73.936262,40.750759],[-73.935975,40.750697],[-73.935544,40.750696],[-73.935111,40.750806],[-73.934821,40.750941],[-73.934122,40.75138],[-73.933682,40.751591],[-73.933212,40.751758],[-73.932452,40.751924],[-73.931627,40.75199],[-73.926339,40.752083],[-73.925903,40.752119],[-73.925376,40.752197],[-73.924861,40.752311],[-73.92456,40.752411],[-73.924291,40.752545],[-73.924129,40.752654],[-73.923848,40.752918],[-73.921421,40.756039],[-73.91985,40.757972],[-73.919713,40.758107],[-73.919568,40.758213],[-73.919262,40.758378],[-73.918936,40.758481],[-73.918765,40.75851],[-73.91859,40.758523],[-73.918224,40.758502],[-73.917638,40.758356],[-73.917222,40.758182],[-73.914404,40.756812],[-73.906786,40.753221],[-73.885104,40.743987],[-73.882917,40.742933],[-73.882218,40.742569],[-73.881592,40.742215],[-73.880977,40.741822],[-73.879422,40.740665],[-73.879117,40.740389],[-73.878845,40.740052],[-73.878649,40.739739],[-73.877223,40.737015],[-73.876951,40.736514],[-73.876705,40.736148],[-73.876405,40.735812],[-73.876054,40.735507],[-73.87565,40.735232],[-73.875194,40.734988],[-73.874412,40.734679],[-73.870454,40.733509],[-73.869229,40.733106],[-73.868127,40.732638],[-73.867573,40.732358],[-73.86639,40.731688],[-73.865257,40.731187],[-73.854378,40.727216],[-73.85321,40.72674],[-73.852185,40.726271],[-73.851377,40.7258],[-73.850805,40.725382],[-73.849912,40.724584],[-73.849372,40.724151],[-73.848797,40.723747],[-73.848187,40.723371],[-73.847541,40.723026],[-73.844521,40.721691]]}},{"type":"Feature","properties":{"color":"#EB6800","description":"Queens Blvd Local/6 Av Local","route":"M","routeId":"M","shapeId":"M..N25R"},"geometry":{"type":"LineString","coordinates":[[-73.889601,40.711396],[-73.889879,40.710717],[-73.890103,40.709831],[-73.890271,40.709493],[-73.892109,40.707479],[-73.892373,40.707254],[-73.89267,40.707067],[-73.892915,40.706952],[-73.893272,40.706833],[-73.906656,40.703548],[-73.906876,40.703478],[-73.907067,40.703381],[-73.907228,40.703255],[-73.910743,40.699825],[-73.91094,40.69968],[-73.911165,40.69958],[-73.911417,40.699526],[-73.927397,40.697857],[-73.933022,40.697229],[-73.933231,40.697181],[-73.933401,40.697097],[-73.933808,40.696684],[-73.9339,40.696619],[-73.934106,40.696544],[-73.93428,40.696538],[-73.934471,40.696575],[-73.934679,40.696654],[-73.941126,40.70026],[-73.942058,40.700799],[-73.943133,40.701472],[-73.951543,40.706172],[-73.952081,40.706406],[-73.959236,40.708871],[-73.95949,40.709019],[-73.960736,40.710027],[-73.96108,40.710213],[-73.984487,40.717319],[-73.985827,40.717811],[-73.987437,40.718315]]}},{"type":"Feature","properties":{"color":"#EB6800","description":"Queens Blvd Local/6 Av Local","route":"M","routeId":"M","shapeId":"M..N30R"},"geometry":{"type":"LineString","coordinates":[[-73.889601,40.711396],[-73.889879,40.710717],[-73.890103,40.709831],[-73.890271,40.709493],[-73.892109,40.707479],[-73.892373,40.707254],[-73.89267,40.707067],[-73.892915,40.706952],[-73.893272,40.706833],[-73.906834,40.703495],[-73.907067,40.703381],[-73.907228,40.703255],[-73.910743,40.699825],[-73.910983,40.699656],[-73.911213,40.699565],[-73.911417,40.699526],[-73.927397,40.697857],[-73.933022,40.697229],[-73.933231,40.697181],[-73.933375,40.697113],[-73.933471,40.697042],[-73.933853,40.696649],[-73.933999,40.696572],[-73.934162,40.696538],[-73.934405,40.696558],[-73.934679,40.696654],[-73.935657,40.697207]]}},{"type":"Feature","properties":{"color":"#EB6800","description":"Queens Blvd Local/6 Av Local","route":"M","routeId":"M","shapeId":"M..S24R"},"geometry":{"type":"LineString","coordinates":[[-73.844521,40.721691],[-73.847541,40.723026],[-73.848187,40.723371],[-73.848797,40.723747],[-73.849372,40.724151],[-73.849912,40.724584],[-73.850805,40.725382],[-73.851377,40.7258],[-73.852185,40.726271],[-73.85321,40.72674],[-73.854378,40.727216],[-73.865257,40.731187],[-73.86639,40.731688],[-73.867573,40.732358],[-73.868127,40.732638],[-73.869229,40.733106],[-73.870454,40.733509],[-73.874412,40.734679],[-73.875194,40.734988],[-73.87565,40.735232],[-73.876054,40.735507],[-73.876405,40.735812],[-73.876705,40.736148],[-73.876951,40.736514],[-73.877223,40.737015],[-73.878649,40.739739],[-73.878845,40.740052],[-73.879117,40.740389],[-73.879422,40.740665],[-73.880977,40.741822],[-73.881592,40.742215],[-73.882218,40.742569],[-73.882917,40.742933],[-73.885104,40.743987],[-73.906786,40.753221],[-73.914404,40.756812],[-73.917222,40.758182],[-73.917638,40.758356],[-73.918224,40.758502],[-73.91859,40.758523],[-73.918765,40.75851],[-73.918936,40.758481],[-73.919262,40.758378],[-73.919568,40.758213],[-73.919713,40.758107],[-73.91985,40.757972],[-73.921421,40.756039],[-73.923848,40.752918],[-73.924129,40.752654],[-73.924291,40.752545],[-73.92456,40.752411],[-73.924861,40.752311],[-73.925376,40.752197],[-73.925903,40.752119],[-73.926339,40.752083],[-73.931627,40.75199],[-73.932452,40.751924],[-73.933212,40.751758],[-73.933682,40.751591],[-73.934122,40.75138],[-73.934821,40.750941],[-73.935111,40.750806],[-73.935544,40.750696],[-73.935975,40.750697],[-73.936262,40.750759],[-73.936548,40.750871],[-73.941712,40.753624],[-73.947738,40.756703],[-73.957506,40.761003],[-73.97133,40.766827],[-73.97205,40.7671],[-73.972394,40.767201],[-73.973049,40.767327],[-73.973359,40.767352],[-73.973658,40.767353],[-73.974222,40.76728],[-73.97474,40.767106],[-73.975214,40.766834],[-73.975434,40.76666],[-73.975637,40.766457],[-74.001312,40.731216],[-74.001511,40.730897],[-74.002395,40.729279],[-74.002515,40.728918],[-74.002535,40.728702],[-74.002473,40.728414],[-74.002371,40.728247],[-74.002126,40.728032],[-73.997938,40.725961],[-73.997273,40.72567],[-73.996641,40.725437],[-73.99255,40.724185],[-73.992196,40.724013],[-73.992011,40.723875],[-73.991868,40.72372],[-73.991767,40.723546],[-73.991706,40.723355],[-73.991687,40.723147],[-73.992038,40.720965],[-73.992021,40.720493],[-73.99194,40.720217],[-73.991879,40.720091],[-73.991715,40.719862],[-73.991495,40.719664],[-73.99122,40.719498],[-73.990892,40.719363],[-73.985827,40.717811],[-73.984487,40.717319],[-73.96108,40.710213],[-73.960736,40.710027],[-73.95949,40.709019],[-73.959236,40.708871],[-73.952081,40.706406],[-73.951543,40.706172],[-73.943133,40.701472],[-73.942058,40.700799],[-73.941126,40.70026],[-73.934679,40.696654],[-73.934342,40.696546],[-73.934106,40.696544],[-73.933949,40.696593],[-73.933808,40.696684],[-73.933401,40.697097],[-73.933231,40.697181],[-73.933022,40.697229],[-73.927397,40.697857],[-73.911417,40.699526],[-73.911165,40.69958],[-73.91094,40.69968],[-73.910743,40.699825],[-73.907228,40.703255],[-73.907067,40.703381],[-73.906876,40.703478],[-73.906656,40.703548],[-73.893272,40.706833],[-73.892915,40.706952],[-73.89267,40.707067],[-73.892373,40.707254],[-73.892109,40.707479],[-73.890271,40.709493],[-73.890103,40.709831],[-73.889879,40.710717],[-73.889601,40.711396]]}},{"type":"Feature","properties":{"color":"#EB6800","description":"Queens Blvd Local/6 Av Local","route":"M","routeId":"M","shapeId":"M..S25R"},"geometry":{"type":"LineString","coordinates":[[-73.987437,40.718315],[-73.985827,40.717811],[-73.984487,40.717319],[-73.96108,40.710213],[-73.960736,40.710027],[-73.95949,40.709019],[-73.959236,40.708871],[-73.952081,40.706406],[-73.951543,40.706172],[-73.943133,40.701472],[-73.942058,40.700799],[-73.941126,40.70026],[-73.934679,40.696654],[-73.934471,40.696575],[-73.93428,40.696538],[-73.934106,40.696544],[-73.9339,40.696619],[-73.933808,40.696684],[-73.933401,40.697097],[-73.933231,40.697181],[-73.933022,40.697229],[-73.927397,40.697857],[-73.911417,40.699526],[-73.911165,40.69958],[-73.91094,40.69968],[-73.910743,40.699825],[-73.907228,40.703255],[-73.907067,40.703381],[-73.906876,40.703478],[-73.906656,40.703548],[-73.893272,40.706833],[-73.892915,40.706952],[-73.89267,40.707067],[-73.892373,40.707254],[-73.892109,40.707479],[-73.890271,40.709493],[-73.890103,40.709831],[-73.889879,40.710717],[-73.889601,40.711396]]}},{"type":"Feature","properties":{"color":"#EB6800","description":"Queens Blvd Local/6 Av Local","route":"M","routeId":"M","shapeId":"M..S30R"},"geometry":{"type":"LineString","coordinates":[[-73.935657,40.697207],[-73.934679,40.696654],[-73.934405,40.696558],[-73.934162,40.696538],[-73.933999,40.696572],[-73.933853,40.696649],[-73.933471,40.697042],[-73.933375,40.697113],[-73.933231,40.697181],[-73.933022,40.697229],[-73.927397,40.697857],[-73.911417,40.699526],[-73.911213,40.699565],[-73.910983,40.699656],[-73.910743,40.699825],[-73.907228,40.703255],[-73.907067,40.703381],[-73.906834,40.703495],[-73.893272,40.706833],[-73.892915,40.706952],[-73.89267,40.707067],[-73.892373,40.707254],[-73.892109,40.707479],[-73.890271,40.709493],[-73.890103,40.709831],[-73.889879,40.710717],[-73.889601,40.711396]]}},{"type":"Feature","properties":{"color":"#799534","description":"Brooklyn-Queens Crosstown","route":"G","routeId":"G","shapeId":"G..N13R"},"geometry":{"type":"LineString","coordinates":[[-73.979678,40.644041],[-73.979931,40.645397],[-73.979985,40.645822],[-73.979986,40.646022],[-73.979936,40.6464],[-73.979886,40.646577],[-73.979733,40.646907],[-73.979632,40.64706],[-73.979376,40.647342],[-73.979052,40.647593],[-73.978865,40.647706],[-73.97866,40.647813],[-73.977113,40.648437],[-73.976933,40.648536],[-73.976613,40.648766],[-73.976345,40.649038],[-73.976129,40.649352],[-73.97604,40.649525],[-73.975901,40.649902],[-73.975814,40.65032],[-73.97578,40.650865],[-73.975825,40.651415],[-73.975911,40.652057],[-73.976464,40.655008],[-73.976565,40.655324],[-73.976664,40.655517],[-73.976858,40.655781],[-73.977203,40.656084],[-73.979912,40.657695],[-73.980122,40.657876],[-73.980281,40.658066],[-73.980386,40.658266],[-73.98044,40.658475],[-73.98044,40.658693],[-73.980342,40.659039],[-73.980051,40.659557],[-73.97976,40.660002],[-73.979493,40.660365],[-73.977197,40.663205],[-73.977094,40.663364],[-73.976959,40.663671],[-73.976928,40.66382],[-73.976938,40.664108],[-73.977043,40.664383],[-73.977245,40.664645],[-73.977382,40.664771],[-73.977729,40.665013],[-73.977941,40.66513],[-73.982993,40.667571],[-73.985354,40.668766],[-73.986041,40.669011],[-73.98738,40.669268],[-73.987817,40.669391],[-73.988253,40.669548],[-73.992891,40.671773],[-73.993354,40.672023],[-73.99573,40.673418],[-73.996462,40.673964],[-73.997022,40.674474],[-73.997146,40.674622],[-73.997294,40.674859],[-73.997396,40.675111],[-73.997438,40.675288],[-73.997454,40.67576],[-73.997359,40.676122],[-73.996182,40.678593],[-73.995856,40.679169],[-73.995532,40.679676],[-73.995048,40.680303],[-73.994454,40.680903],[-73.994001,40.681511],[-73.990862,40.686145],[-73.988937,40.688929],[-73.98878,40.68912],[-73.988607,40.689272],[-73.988418,40.689384],[-73.988213,40.689458],[-73.987993,40.689492],[-73.987757,40.689488],[-73.987376,40.689409],[-73.983901,40.688056],[-73.980996,40.687036],[-73.98003,40.686779],[-73.979594,40.686726],[-73.979124,40.686721],[-73.975375,40.687119],[-73.966839,40.688089],[-73.949836,40.690051],[-73.949423,40.690164],[-73.949079,40.690311],[-73.948805,40.690491],[-73.948602,40.690703],[-73.948526,40.690821],[-73.948427,40.691081],[-73.948404,40.691224],[-73.948411,40.691533],[-73.948714,40.692898],[-73.950263,40.700583],[-73.950287,40.701035],[-73.950193,40.705043],[-73.950234,40.705639],[-73.951418,40.712792],[-73.952301,40.7183],[-73.952285,40.71857],[-73.952221,40.718834],[-73.952107,40.719091],[-73.951944,40.719343],[-73.950385,40.720948],[-73.950134,40.721262],[-73.95002,40.721473],[-73.949949,40.721686],[-73.94992,40.721902],[-73.949934,40.722118],[-73.950036,40.722448],[-73.953712,40.7289],[-73.953906,40.729301],[-73.954073,40.729724],[-73.954254,40.730325],[-73.954358,40.730802],[-73.955369,40.736961],[-73.955445,40.737598],[-73.955437,40.738343],[-73.95528,40.739836],[-73.955098,40.74042],[-73.95481,40.740948],[-73.954559,40.741268],[-73.95426,40.741563],[-73.953914,40.741832],[-73.95331,40.742194],[-73.949477,40.744194],[-73.948632,40.744608],[-73.947934,40.744914],[-73.943832,40.746554]]}},{"type":"Feature","properties":{"color":"#799534","description":"Brooklyn-Queens Crosstown","route":"G","routeId":"G","shapeId":"G..S14R"},"geometry":{"type":"LineString","coordinates":[[-73.943832,40.746554],[-73.947934,40.744914],[-73.948632,40.744608],[-73.949477,40.744194],[-73.95331,40.742194],[-73.953914,40.741832],[-73.95426,40.741563],[-73.954559,40.741268],[-73.95481,40.740948],[-73.955098,40.74042],[-73.95528,40.739836],[-73.955437,40.738343],[-73.955445,40.737598],[-73.955369,40.736961],[-73.954358,40.730802],[-73.954254,40.730325],[-73.954073,40.729724],[-73.953906,40.729301],[-73.953712,40.7289],[-73.950036,40.722448],[-73.949934,40.722118],[-73.94992,40.721902],[-73.949949,40.721686],[-73.95002,40.721473],[-73.950134,40.721262],[-73.950385,40.720948],[-73.951944,40.719343],[-73.952107,40.719091],[-73.952221,40.718834],[-73.952285,40.71857],[-73.952301,40.7183],[-73.951418,40.712792],[-73.950234,40.705639],[-73.950193,40.705043],[-73.950287,40.701035],[-73.950263,40.700583],[-73.948714,40.692898],[-73.948411,40.691533],[-73.948404,40.691224],[-73.948427,40.691081],[-73.948526,40.690821],[-73.948602,40.690703],[-73.948805,40.690491],[-73.949079,40.690311],[-73.949423,40.690164],[-73.949836,40.690051],[-73.966839,40.688089],[-73.975375,40.687119],[-73.979124,40.686721],[-73.979594,40.686726],[-73.98003,40.686779],[-73.980996,40.687036],[-73.983901,40.688056],[-73.987376,40.689409],[-73.987757,40.689488],[-73.987993,40.689492],[-73.988213,40.689458],[-73.988418,40.689384],[-73.988607,40.689272],[-73.98878,40.68912],[-73.988937,40.688929],[-73.990862,40.686145],[-73.994001,40.681511],[-73.994454,40.680903],[-73.995048,40.680303],[-73.995532,40.679676],[-73.995856,40.679169],[-73.996182,40.678593],[-73.997359,40.676122],[-73.997454,40.67576],[-73.997438,40.675288],[-73.997396,40.675111],[-73.997294,40.674859],[-73.997146,40.674622],[-73.997022,40.674474],[-73.996462,40.673964],[-73.99573,40.673418],[-73.993354,40.672023],[-73.992891,40.671773],[-73.988253,40.669548],[-73.987817,40.669391],[-73.98738,40.669268],[-73.986041,40.669011],[-73.985354,40.668766],[-73.982993,40.667571],[-73.977941,40.66513],[-73.977729,40.665013],[-73.977382,40.664771],[-73.977245,40.664645],[-73.977043,40.664383],[-73.976938,40.664108],[-73.976928,40.66382],[-73.976959,40.663671],[-73.977094,40.663364],[-73.977197,40.663205],[-73.979493,40.660365],[-73.97976,40.660002],[-73.980051,40.659557],[-73.980342,40.659039],[-73.98044,40.658693],[-73.98044,40.658475],[-73.980386,40.658266],[-73.980281,40.658066],[-73.980122,40.657876],[-73.979912,40.657695],[-73.977203,40.656084],[-73.976935,40.655862],[-73.976664,40.655517],[-73.976565,40.655324],[-73.976464,40.655008],[-73.975911,40.652057],[-73.975825,40.651415],[-73.97578,40.650865],[-73.975814,40.65032],[-73.975901,40.649902],[-73.97604,40.649525],[-73.976129,40.649352],[-73.976345,40.649038],[-73.976613,40.648766],[-73.976933,40.648536],[-73.977113,40.648437],[-73.97866,40.647813],[-73.978865,40.647706],[-73.979052,40.647593],[-73.979376,40.647342],[-73.979632,40.64706],[-73.979733,40.646907],[-73.979886,40.646577],[-73.979936,40.6464],[-73.979986,40.646022],[-73.979985,40.645822],[-73.979931,40.645397],[-73.979678,40.644041]]}},{"type":"Feature","properties":{"color":"#8E5C33","description":"Nassau St Local","route":"J","routeId":"J","shapeId":"J..N40R"},"geometry":{"type":"LineString","coordinates":[[-74.011056,40.706476],[-74.010633,40.707165],[-74.010457,40.70741],[-74.009519,40.708457],[-74.008795,40.709141],[-74.007721,40.710244],[-74.007266,40.710663],[-74.00541,40.712006],[-74.00519,40.712112],[-74.004947,40.712191],[-74.00422,40.712329],[-74.004031,40.712412],[-74.003883,40.712522],[-74.002554,40.714561],[-74.000599,40.717215],[-73.999102,40.71908],[-73.997396,40.721083],[-73.99724,40.72118],[-73.997064,40.721231],[-73.996869,40.721236],[-73.996655,40.721196],[-73.993915,40.72028],[-73.985982,40.717861],[-73.984487,40.717319],[-73.961186,40.710251],[-73.960979,40.71017],[-73.960764,40.710047],[-73.95949,40.709019],[-73.959236,40.708871],[-73.952081,40.706406],[-73.951721,40.706258],[-73.943133,40.701472],[-73.942058,40.700799],[-73.941126,40.70026],[-73.935657,40.697207],[-73.92227,40.68963],[-73.904512,40.679498],[-73.900282,40.677004],[-73.900047,40.676897],[-73.899757,40.676847],[-73.898654,40.676992],[-73.889776,40.678318],[-73.879971,40.681431],[-73.872598,40.683546],[-73.872454,40.683638],[-73.872338,40.683796],[-73.872307,40.68394],[-73.872326,40.684107],[-73.873189,40.686821],[-73.873889,40.688847],[-73.873922,40.689022],[-73.873914,40.689128],[-73.873825,40.689315],[-73.873744,40.689395],[-73.873578,40.689501],[-73.871932,40.690206],[-73.871142,40.690449],[-73.868483,40.69111],[-73.866044,40.691495],[-73.862254,40.692134],[-73.859474,40.692493],[-73.855476,40.692728],[-73.854712,40.69282],[-73.854233,40.692926],[-73.85389,40.693029],[-73.851367,40.693956],[-73.850485,40.694227],[-73.846094,40.695089],[-73.845187,40.695168],[-73.841885,40.695222],[-73.840728,40.695328],[-73.839948,40.695451],[-73.839176,40.695678],[-73.838468,40.696005],[-73.838203,40.696163],[-73.836345,40.697418],[-73.835974,40.697642],[-73.832747,40.699404],[-73.832227,40.699628],[-73.831794,40.699771],[-73.830102,40.700185],[-73.825831,40.700902],[-73.823901,40.701387],[-73.823305,40.701449],[-73.822924,40.701435],[-73.822377,40.701332],[-73.822028,40.701208],[-73.821528,40.70094],[-73.820218,40.699943],[-73.81976,40.699646],[-73.819298,40.699382],[-73.818832,40.699151],[-73.818362,40.698953],[-73.817888,40.698788],[-73.817409,40.698656],[-73.816926,40.698558],[-73.816439,40.698492],[-73.815947,40.69846],[-73.815451,40.698461],[-73.814951,40.698494],[-73.814447,40.698561],[-73.813939,40.698661],[-73.809551,40.699899],[-73.80913,40.700047],[-73.808499,40.700315],[-73.80803,40.70047],[-73.803891,40.701523],[-73.801109,40.702147]]}},{"type":"Feature","properties":{"color":"#8E5C33","description":"Nassau St Local","route":"J","routeId":"J","shapeId":"J..N43R"},"geometry":{"type":"LineString","coordinates":[[-74.011056,40.706476],[-74.010633,40.707165],[-74.010457,40.70741],[-74.009519,40.708457],[-74.008795,40.709141],[-74.007721,40.710244],[-74.007266,40.710663],[-74.00541,40.712006],[-74.00519,40.712112],[-74.004947,40.712191],[-74.00422,40.712329],[-74.004031,40.712412],[-74.003883,40.712522],[-74.002554,40.714561],[-74.000599,40.717215],[-73.999102,40.71908],[-73.997396,40.721083],[-73.99724,40.72118],[-73.997064,40.721231],[-73.996869,40.721236],[-73.996655,40.721196],[-73.993915,40.72028],[-73.985982,40.717861],[-73.984487,40.717319],[-73.961186,40.710251],[-73.960979,40.71017],[-73.960764,40.710047],[-73.95949,40.709019],[-73.959236,40.708871],[-73.952081,40.706406],[-73.951765,40.706278],[-73.951411,40.706102],[-73.943133,40.701472],[-73.942058,40.700799],[-73.941126,40.70026],[-73.935657,40.697207],[-73.928814,40.693342],[-73.904512,40.679498]]}},{"type":"Feature","properties":{"color":"#8E5C33","description":"Nassau St Local","route":"J","routeId":"J","shapeId":"J..N60R"},"geometry":{"type":"LineString","coordinates":[[-73.904512,40.679498],[-73.900236,40.676978],[-73.900047,40.676897],[-73.899806,40.676849],[-73.899609,40.676853],[-73.898654,40.676992],[-73.889829,40.678306],[-73.879971,40.681431],[-73.872721,40.683497],[-73.872496,40.683605],[-73.872385,40.683712],[-73.872322,40.683841],[-73.872307,40.68394],[-73.872326,40.684107],[-73.873189,40.686821],[-73.873889,40.688847],[-73.873922,40.689022],[-73.873914,40.689128],[-73.873825,40.689315],[-73.873744,40.689395],[-73.873578,40.689501],[-73.871932,40.690206],[-73.87128,40.690413],[-73.868483,40.69111],[-73.866044,40.691495],[-73.862254,40.692134],[-73.859474,40.692493],[-73.855476,40.692728],[-73.854712,40.69282],[-73.854233,40.692926],[-73.85389,40.693029],[-73.851367,40.693956],[-73.850485,40.694227],[-73.846094,40.695089],[-73.845187,40.695168],[-73.841885,40.695222],[-73.840728,40.695328],[-73.839948,40.695451],[-73.839176,40.695678],[-73.838468,40.696005],[-73.838203,40.696163],[-73.836345,40.697418],[-73.835974,40.697642],[-73.832747,40.699404],[-73.832227,40.699628],[-73.831794,40.699771],[-73.830102,40.700185],[-73.825831,40.700902],[-73.823901,40.701387],[-73.823305,40.701449],[-73.822924,40.701435],[-73.822377,40.701332],[-73.822028,40.701208],[-73.821528,40.70094],[-73.820218,40.699943],[-73.81976,40.699646],[-73.819298,40.699382],[-73.818832,40.699151],[-73.818362,40.698953],[-73.817888,40.698788],[-73.817409,40.698656],[-73.816926,40.698558],[-73.816439,40.698492],[-73.815947,40.69846],[-73.815451,40.698461],[-73.814951,40.698494],[-73.814447,40.698561],[-73.813939,40.698661],[-73.809551,40.699899],[-73.80913,40.700047],[-73.808499,40.700315],[-73.80803,40.70047],[-73.803891,40.701523],[-73.801109,40.702147]]}},{"type":"Feature","properties":{"color":"#8E5C33","description":"Nassau St Local","route":"J","routeId":"J","shapeId":"J..S12R"},"geometry":{"type":"LineString","coordinates":[[-73.801109,40.702147],[-73.803891,40.701523],[-73.80803,40.70047],[-73.808499,40.700315],[-73.80913,40.700047],[-73.809551,40.699899],[-73.813939,40.698661],[-73.814447,40.698561],[-73.814951,40.698494],[-73.815451,40.698461],[-73.815947,40.69846],[-73.816439,40.698492],[-73.816926,40.698558],[-73.817409,40.698656],[-73.817888,40.698788],[-73.818362,40.698953],[-73.818832,40.699151],[-73.819298,40.699382],[-73.81976,40.699646],[-73.820218,40.699943],[-73.821528,40.70094],[-73.822028,40.701208],[-73.822377,40.701332],[-73.822924,40.701435],[-73.823305,40.701449],[-73.823901,40.701387],[-73.825831,40.700902],[-73.830102,40.700185],[-73.831794,40.699771],[-73.832227,40.699628],[-73.832747,40.699404],[-73.835974,40.697642],[-73.836345,40.697418],[-73.838203,40.696163],[-73.838468,40.696005],[-73.839176,40.695678],[-73.839948,40.695451],[-73.840728,40.695328],[-73.841885,40.695222],[-73.845187,40.695168],[-73.846094,40.695089],[-73.850485,40.694227],[-73.851367,40.693956],[-73.85389,40.693029],[-73.854233,40.692926],[-73.854712,40.69282],[-73.855476,40.692728],[-73.859474,40.692493],[-73.862254,40.692134],[-73.866044,40.691495],[-73.868483,40.69111],[-73.871142,40.690449],[-73.871932,40.690206],[-73.873578,40.689501],[-73.873744,40.689395],[-73.873825,40.689315],[-73.873914,40.689128],[-73.873922,40.689022],[-73.873889,40.688847],[-73.873189,40.686821],[-73.872326,40.684107],[-73.872307,40.68394],[-73.872338,40.683796],[-73.872454,40.683638],[-73.872598,40.683546],[-73.879971,40.681431],[-73.889776,40.678318],[-73.898654,40.676992],[-73.899757,40.676847],[-73.900047,40.676897],[-73.900282,40.677004],[-73.904512,40.679498],[-73.92227,40.68963],[-73.935657,40.697207],[-73.941126,40.70026],[-73.942058,40.700799],[-73.943133,40.701472],[-73.951721,40.706258],[-73.952081,40.706406],[-73.959236,40.708871],[-73.95949,40.709019],[-73.960764,40.710047],[-73.960979,40.71017],[-73.961186,40.710251],[-73.984487,40.717319],[-73.985982,40.717861],[-73.993915,40.72028],[-73.996655,40.721196],[-73.996869,40.721236],[-73.997064,40.721231],[-73.99724,40.72118],[-73.997396,40.721083],[-73.999102,40.71908],[-74.000599,40.717215],[-74.002554,40.714561],[-74.003883,40.712522],[-74.004031,40.712412],[-74.00422,40.712329],[-74.004947,40.712191],[-74.00519,40.712112],[-74.00541,40.712006],[-74.007266,40.710663],[-74.007721,40.710244],[-74.008795,40.709141],[-74.009519,40.708457],[-74.010457,40.70741],[-74.010633,40.707165],[-74.011056,40.706476]]}},{"type":"Feature","properties":{"color":"#8E5C33","description":"Nassau St Local","route":"J","routeId":"J","shapeId":"J..S54R"},"geometry":{"type":"LineString","coordinates":[[-73.898654,40.676992],[-73.899708,40.676847],[-73.899951,40.676871],[-73.900236,40.676978],[-73.904512,40.679498],[-73.92227,40.68963],[-73.935657,40.697207],[-73.941126,40.70026],[-73.942058,40.700799],[-73.943133,40.701472],[-73.951411,40.706102],[-73.951765,40.706278],[-73.952081,40.706406],[-73.959236,40.708871],[-73.95949,40.709019],[-73.960764,40.710047],[-73.960979,40.71017],[-73.961186,40.710251],[-73.984487,40.717319],[-73.985982,40.717861],[-73.993915,40.72028],[-73.996655,40.721196],[-73.996869,40.721236],[-73.997064,40.721231],[-73.99724,40.72118],[-73.997396,40.721083],[-73.999102,40.71908],[-74.000599,40.717215],[-74.002554,40.714561],[-74.003883,40.712522],[-74.004031,40.712412],[-74.00422,40.712329],[-74.004947,40.712191],[-74.00519,40.712112],[-74.00541,40.712006],[-74.007266,40.710663],[-74.007721,40.710244],[-74.008795,40.709141],[-74.009519,40.708457],[-74.010457,40.70741],[-74.010633,40.707165],[-74.011056,40.706476]]}},{"type":"Feature","properties":{"color":"#8E5C33","description":"Nassau St Express","route":"Z","routeId":"Z","shapeId":"J..N47R"},"geometry":{"type":"LineString","coordinates":[[-74.011056,40.706476],[-74.010633,40.707165],[-74.010457,40.70741],[-74.009519,40.708457],[-74.008795,40.709141],[-74.007721,40.710244],[-74.007266,40.710663],[-74.00541,40.712006],[-74.00519,40.712112],[-74.004947,40.712191],[-74.00422,40.712329],[-74.004031,40.712412],[-74.003883,40.712522],[-74.002554,40.714561],[-74.000599,40.717215],[-73.999102,40.71908],[-73.997396,40.721083],[-73.99724,40.72118],[-73.997064,40.721231],[-73.996869,40.721236],[-73.996655,40.721196],[-73.993915,40.72028],[-73.985982,40.717861],[-73.984487,40.717319],[-73.961186,40.710251],[-73.960979,40.71017],[-73.960764,40.710047],[-73.95949,40.709019],[-73.959236,40.708871],[-73.952081,40.706406],[-73.951721,40.706258],[-73.943133,40.701472],[-73.942058,40.700799],[-73.941126,40.70026],[-73.935657,40.697207],[-73.92227,40.68963],[-73.904512,40.679498],[-73.900282,40.677004],[-73.900047,40.676897],[-73.899757,40.676847],[-73.898654,40.676992],[-73.889776,40.678318],[-73.879971,40.681431],[-73.872598,40.683546],[-73.872454,40.683638],[-73.872338,40.683796],[-73.872307,40.68394],[-73.872326,40.684107],[-73.873189,40.686821],[-73.873889,40.688847],[-73.873922,40.689022],[-73.873914,40.689128],[-73.873825,40.689315],[-73.873744,40.689395],[-73.873578,40.689501],[-73.871932,40.690206],[-73.871142,40.690449],[-73.868483,40.69111],[-73.866044,40.691495],[-73.862254,40.692134],[-73.859474,40.692493],[-73.855476,40.692728],[-73.854712,40.69282],[-73.854233,40.692926],[-73.85389,40.693029],[-73.851367,40.693956],[-73.850485,40.694227],[-73.846094,40.695089],[-73.845187,40.695168],[-73.841885,40.695222],[-73.840728,40.695328],[-73.839948,40.695451],[-73.839176,40.695678],[-73.838468,40.696005],[-73.838203,40.696163],[-73.836345,40.697418],[-73.835974,40.697642],[-73.832747,40.699404],[-73.832227,40.699628],[-73.831794,40.699771],[-73.830102,40.700185],[-73.825831,40.700902],[-73.823901,40.701387],[-73.823305,40.701449],[-73.822924,40.701435],[-73.822377,40.701332],[-73.822028,40.701208],[-73.821528,40.70094],[-73.820218,40.699943],[-73.81976,40.699646],[-73.819298,40.699382],[-73.818832,40.699151],[-73.818362,40.698953],[-73.817888,40.698788],[-73.817409,40.698656],[-73.816926,40.698558],[-73.816439,40.698492],[-73.815947,40.69846],[-73.815451,40.698461],[-73.814951,40.698494],[-73.814447,40.698561],[-73.813939,40.698661],[-73.809551,40.699899],[-73.80913,40.700047],[-73.808499,40.700315],[-73.80803,40.70047],[-73.803891,40.701523],[-73.801109,40.702147]]}},{"type":"Feature","properties":{"color":"#8E5C33","description":"Nassau St Express","route":"Z","routeId":"Z","shapeId":"J..S16R"},"geometry":{"type":"LineString","coordinates":[[-73.801109,40.702147],[-73.803891,40.701523],[-73.80803,40.70047],[-73.808499,40.700315],[-73.80913,40.700047],[-73.809551,40.699899],[-73.813939,40.698661],[-73.814447,40.698561],[-73.814951,40.698494],[-73.815451,40.698461],[-73.815947,40.69846],[-73.816439,40.698492],[-73.816926,40.698558],[-73.817409,40.698656],[-73.817888,40.698788],[-73.818362,40.698953],[-73.818832,40.699151],[-73.819298,40.699382],[-73.81976,40.699646],[-73.820218,40.699943],[-73.821528,40.70094],[-73.822028,40.701208],[-73.822377,40.701332],[-73.822924,40.701435],[-73.823305,40.701449],[-73.823901,40.701387],[-73.825831,40.700902],[-73.830102,40.700185],[-73.831794,40.699771],[-73.832227,40.699628],[-73.832747,40.699404],[-73.835974,40.697642],[-73.836345,40.697418],[-73.838203,40.696163],[-73.838468,40.696005],[-73.839176,40.695678],[-73.839948,40.695451],[-73.840728,40.695328],[-73.841885,40.695222],[-73.845187,40.695168],[-73.846094,40.695089],[-73.850485,40.694227],[-73.851367,40.693956],[-73.85389,40.693029],[-73.854233,40.692926],[-73.854712,40.69282],[-73.855476,40.692728],[-73.859474,40.692493],[-73.862254,40.692134],[-73.866044,40.691495],[-73.868483,40.69111],[-73.871142,40.690449],[-73.871932,40.690206],[-73.873578,40.689501],[-73.873744,40.689395],[-73.873825,40.689315],[-73.873914,40.689128],[-73.873922,40.689022],[-73.873889,40.688847],[-73.873189,40.686821],[-73.872326,40.684107],[-73.872307,40.68394],[-73.872338,40.683796],[-73.872454,40.683638],[-73.872598,40.683546],[-73.879971,40.681431],[-73.889776,40.678318],[-73.898654,40.676992],[-73.899757,40.676847],[-73.900047,40.676897],[-73.900282,40.677004],[-73.904512,40.679498],[-73.92227,40.68963],[-73.935657,40.697207],[-73.941126,40.70026],[-73.942058,40.700799],[-73.943133,40.701472],[-73.951721,40.706258],[-73.952081,40.706406],[-73.959236,40.708871],[-73.95949,40.709019],[-73.960764,40.710047],[-73.960979,40.71017],[-73.961186,40.710251],[-73.984487,40.717319],[-73.985982,40.717861],[-73.993915,40.72028],[-73.996655,40.721196],[-73.996869,40.721236],[-73.997064,40.721231],[-73.99724,40.72118],[-73.997396,40.721083],[-73.999102,40.71908],[-74.000599,40.717215],[-74.002554,40.714561],[-74.003883,40.712522],[-74.004031,40.712412],[-74.00422,40.712329],[-74.004947,40.712191],[-74.00519,40.712112],[-74.00541,40.712006],[-74.007266,40.710663],[-74.007721,40.710244],[-74.008795,40.709141],[-74.009519,40.708457],[-74.010457,40.70741],[-74.010633,40.707165],[-74.011056,40.706476]]}},{"type":"Feature","properties":{"color":"#7C858C","description":"14 St-Canarsie Local","route":"L","routeId":"L","shapeId":"L..N01R"},"geometry":{"type":"LineString","coordinates":[[-73.90185,40.646654],[-73.898278,40.652568],[-73.898128,40.652889],[-73.898033,40.653217],[-73.897992,40.653553],[-73.898006,40.653899],[-73.898074,40.654252],[-73.900571,40.664038],[-73.901975,40.669367],[-73.902319,40.670751],[-73.902593,40.671426],[-73.903283,40.674137],[-73.903311,40.674359],[-73.903297,40.674572],[-73.902874,40.676227],[-73.902803,40.677154],[-73.902816,40.677389],[-73.902859,40.677614],[-73.903846,40.680764],[-73.903998,40.68107],[-73.904178,40.681358],[-73.904388,40.681627],[-73.904733,40.682],[-73.904912,40.682246],[-73.905377,40.683067],[-73.905534,40.683429],[-73.905651,40.683801],[-73.905727,40.684182],[-73.905764,40.684707],[-73.905647,40.685684],[-73.905488,40.686422],[-73.90528,40.687049],[-73.905021,40.687564],[-73.904794,40.687875],[-73.90311,40.689863],[-73.901868,40.691144],[-73.901191,40.691895],[-73.900993,40.692234],[-73.900921,40.692397],[-73.900833,40.692712],[-73.900819,40.693012],[-73.900879,40.693295],[-73.900937,40.693431],[-73.901013,40.693564],[-73.901221,40.693816],[-73.901504,40.694054],[-73.90293,40.694949],[-73.915479,40.70198],[-73.923782,40.70715],[-73.924248,40.707357],[-73.924731,40.707453],[-73.92523,40.707436],[-73.933579,40.706084],[-73.934059,40.706038],[-73.934926,40.706041],[-73.935496,40.706001],[-73.938143,40.705505],[-73.938648,40.705495],[-73.938929,40.705554],[-73.939053,40.705604],[-73.939268,40.705743],[-73.939358,40.705833],[-73.939505,40.706052],[-73.939608,40.706324],[-73.940424,40.711193],[-73.940527,40.711577],[-73.94067,40.711926],[-73.941928,40.714429],[-73.942015,40.714547],[-73.942131,40.714632],[-73.942331,40.714695],[-73.942584,40.7147],[-73.948784,40.714113],[-73.949478,40.714068],[-73.951222,40.714068],[-73.95152,40.714108],[-73.951872,40.714221],[-73.952137,40.714362],[-73.972429,40.72699],[-73.972924,40.727259],[-73.973379,40.727471],[-74.002578,40.739777]]}},{"type":"Feature","properties":{"color":"#7C858C","description":"14 St-Canarsie Local","route":"L","routeId":"L","shapeId":"L..N02R"},"geometry":{"type":"LineString","coordinates":[[-73.899485,40.650573],[-73.898278,40.652568],[-73.898172,40.652781],[-73.898059,40.653106],[-73.898,40.65344],[-73.897995,40.653783],[-73.898023,40.654016],[-73.900571,40.664038],[-73.901975,40.669367],[-73.902319,40.670751],[-73.902593,40.671426],[-73.903283,40.674137],[-73.903311,40.674359],[-73.903297,40.674572],[-73.902874,40.676227],[-73.902803,40.677154],[-73.902816,40.677389],[-73.902859,40.677614],[-73.903846,40.680764],[-73.903998,40.68107],[-73.904178,40.681358],[-73.904388,40.681627],[-73.904733,40.682],[-73.904912,40.682246],[-73.905377,40.683067],[-73.905534,40.683429],[-73.905651,40.683801],[-73.905727,40.684182],[-73.905762,40.684573],[-73.905764,40.684707],[-73.905647,40.685684],[-73.905533,40.686248],[-73.905337,40.686903],[-73.905157,40.687321],[-73.905021,40.687564],[-73.904794,40.687875],[-73.90311,40.689863],[-73.901868,40.691144],[-73.901191,40.691895],[-73.900993,40.692234],[-73.900921,40.692397],[-73.900833,40.692712],[-73.900819,40.693012],[-73.90084,40.693155],[-73.900879,40.693295],[-73.901013,40.693564],[-73.901221,40.693816],[-73.901353,40.693937],[-73.901504,40.694054],[-73.90293,40.694949],[-73.915479,40.70198],[-73.923782,40.70715],[-73.924248,40.707357],[-73.924731,40.707453],[-73.92523,40.707436],[-73.933579,40.706084],[-73.934059,40.706038],[-73.934926,40.706041],[-73.935496,40.706001],[-73.938143,40.705505],[-73.938648,40.705495],[-73.938929,40.705554],[-73.939053,40.705604],[-73.939268,40.705743],[-73.939358,40.705833],[-73.939505,40.706052],[-73.939608,40.706324],[-73.940424,40.711193],[-73.940527,40.711577],[-73.94067,40.711926],[-73.941928,40.714429],[-73.942015,40.714547],[-73.942131,40.714632],[-73.942331,40.714695],[-73.942584,40.7147],[-73.948784,40.714113],[-73.949478,40.714068],[-73.951222,40.714068],[-73.95152,40.714108],[-73.951872,40.714221],[-73.952137,40.714362],[-73.972429,40.72699],[-73.972924,40.727259],[-73.973379,40.727471],[-74.002578,40.739777]]}},{"type":"Feature","properties":{"color":"#7C858C","description":"14 St-Canarsie Local","route":"L","routeId":"L","shapeId":"L..N05R"},"geometry":{"type":"LineString","coordinates":[[-73.911586,40.699814],[-73.915479,40.70198],[-73.923782,40.70715],[-73.924059,40.707287],[-73.924439,40.707409],[-73.924829,40.707459],[-73.92523,40.707436],[-73.933579,40.706084],[-73.934059,40.706038],[-73.934926,40.706041],[-73.935496,40.706001],[-73.938143,40.705505],[-73.938648,40.705495],[-73.938929,40.705554],[-73.939053,40.705604],[-73.939268,40.705743],[-73.939358,40.705833],[-73.939505,40.706052],[-73.939608,40.706324],[-73.940424,40.711193],[-73.940527,40.711577],[-73.94067,40.711926],[-73.941928,40.714429],[-73.942015,40.714547],[-73.942131,40.714632],[-73.942331,40.714695],[-73.942584,40.7147],[-73.948784,40.714113],[-73.949478,40.714068],[-73.951222,40.714068],[-73.95152,40.714108],[-73.951872,40.714221],[-73.952137,40.714362],[-73.972429,40.72699],[-73.972924,40.727259],[-73.973379,40.727471],[-74.002578,40.739777]]}},{"type":"Feature","properties":{"color":"#7C858C","description":"14 St-Canarsie Local","route":"L","routeId":"L","shapeId":"L..S01R"},"geometry":{"type":"LineString","coordinates":[[-74.002578,40.739777],[-73.973379,40.727471],[-73.972924,40.727259],[-73.972429,40.72699],[-73.952137,40.714362],[-73.951872,40.714221],[-73.95152,40.714108],[-73.951222,40.714068],[-73.949478,40.714068],[-73.948784,40.714113],[-73.942584,40.7147],[-73.942331,40.714695],[-73.942131,40.714632],[-73.942015,40.714547],[-73.941928,40.714429],[-73.94067,40.711926],[-73.940527,40.711577],[-73.940424,40.711193],[-73.939608,40.706324],[-73.939505,40.706052],[-73.939358,40.705833],[-73.939268,40.705743],[-73.939053,40.705604],[-73.938929,40.705554],[-73.938648,40.705495],[-73.938143,40.705505],[-73.935496,40.706001],[-73.934926,40.706041],[-73.934059,40.706038],[-73.933579,40.706084],[-73.92523,40.707436],[-73.924731,40.707453],[-73.924248,40.707357],[-73.923782,40.70715],[-73.915479,40.70198],[-73.90293,40.694949],[-73.901504,40.694054],[-73.901221,40.693816],[-73.901013,40.693564],[-73.900937,40.693431],[-73.900879,40.693295],[-73.900819,40.693012],[-73.900833,40.692712],[-73.900921,40.692397],[-73.900993,40.692234],[-73.901191,40.691895],[-73.901868,40.691144],[-73.90311,40.689863],[-73.904794,40.687875],[-73.905021,40.687564],[-73.90528,40.687049],[-73.905488,40.686422],[-73.905647,40.685684],[-73.905764,40.684707],[-73.905727,40.684182],[-73.905651,40.683801],[-73.905534,40.683429],[-73.905377,40.683067],[-73.904912,40.682246],[-73.904733,40.682],[-73.904388,40.681627],[-73.904178,40.681358],[-73.903998,40.68107],[-73.903846,40.680764],[-73.902859,40.677614],[-73.902816,40.677389],[-73.902803,40.677154],[-73.902874,40.676227],[-73.903297,40.674572],[-73.903311,40.674359],[-73.903283,40.674137],[-73.902593,40.671426],[-73.902319,40.670751],[-73.901975,40.669367],[-73.900571,40.664038],[-73.898074,40.654252],[-73.898006,40.653899],[-73.897992,40.653553],[-73.898033,40.653217],[-73.898128,40.652889],[-73.898278,40.652568],[-73.90185,40.646654]]}},{"type":"Feature","properties":{"color":"#7C858C","description":"14 St-Canarsie Local","route":"L","routeId":"L","shapeId":"L..S05R"},"geometry":{"type":"LineString","coordinates":[[-74.002578,40.739777],[-73.973379,40.727471],[-73.972924,40.727259],[-73.972429,40.72699],[-73.952137,40.714362],[-73.951872,40.714221],[-73.95152,40.714108],[-73.951222,40.714068],[-73.949478,40.714068],[-73.948784,40.714113],[-73.942584,40.7147],[-73.942331,40.714695],[-73.942131,40.714632],[-73.942015,40.714547],[-73.941928,40.714429],[-73.94067,40.711926],[-73.940527,40.711577],[-73.940424,40.711193],[-73.939608,40.706324],[-73.939505,40.706052],[-73.939358,40.705833],[-73.939268,40.705743],[-73.939053,40.705604],[-73.938929,40.705554],[-73.938648,40.705495],[-73.938143,40.705505],[-73.935496,40.706001],[-73.934926,40.706041],[-73.934059,40.706038],[-73.933579,40.706084],[-73.92523,40.707436],[-73.924829,40.707459],[-73.924439,40.707409],[-73.924059,40.707287],[-73.923782,40.70715],[-73.915479,40.70198],[-73.911586,40.699814]]}},{"type":"Feature","properties":{"color":"#F6BC26","description":"Broadway Local","route":"N","routeId":"N","shapeId":"N..N16R"},"geometry":{"type":"LineString","coordinates":[[-73.981233,40.577422],[-73.981414,40.578429],[-73.981367,40.578993],[-73.98146,40.580445],[-73.981437,40.580704],[-73.981208,40.581268],[-73.980777,40.58205],[-73.979992,40.583922],[-73.978841,40.587559],[-73.978638,40.588361],[-73.978329,40.589237],[-73.97819,40.589744],[-73.978039,40.590478],[-73.978,40.590896],[-73.977999,40.591296],[-73.978036,40.591679],[-73.97823,40.592721],[-73.981848,40.611815],[-73.982195,40.613511],[-73.982359,40.61412],[-73.982547,40.614663],[-73.982758,40.61514],[-73.983015,40.615584],[-73.983383,40.616074],[-73.983703,40.616418],[-73.984061,40.616743],[-73.984597,40.617146],[-73.99515,40.623531],[-73.995414,40.623709],[-73.995661,40.623924],[-73.995945,40.624246],[-73.996865,40.625619],[-73.997273,40.626152],[-73.997807,40.626713],[-73.998255,40.627076],[-74.008839,40.633502],[-74.011263,40.634846],[-74.011719,40.635064],[-74.012254,40.63527],[-74.012949,40.635482],[-74.016561,40.636415],[-74.019487,40.637265],[-74.019929,40.637418],[-74.020386,40.637637],[-74.020737,40.637886],[-74.0209,40.638059],[-74.020936,40.638145],[-74.020938,40.638283],[-74.020879,40.638433],[-74.020704,40.63865],[-73.992675,40.66562],[-73.983934,40.676104],[-73.97881,40.683666],[-73.978143,40.684683],[-73.978026,40.684939],[-73.97798,40.685237],[-73.978312,40.687496],[-73.97838,40.687686],[-73.978547,40.687894],[-73.978805,40.688068],[-73.980678,40.688827],[-73.980954,40.689031],[-73.981117,40.689232],[-73.982304,40.691559],[-73.983428,40.693829],[-73.984126,40.695079],[-73.985484,40.69777],[-73.995171,40.715152],[-73.995454,40.715498],[-73.996031,40.716081],[-73.996194,40.71621],[-73.996555,40.716396],[-73.998391,40.717034],[-73.998974,40.71732],[-74.001393,40.719055],[-74.001577,40.719275],[-74.001623,40.719456],[-74.001592,40.71965],[-74.001429,40.71993],[-73.991649,40.731485],[-73.99144,40.731822],[-73.991367,40.732044],[-73.990166,40.737608],[-73.989512,40.740195],[-73.989344,40.741303],[-73.989116,40.743221],[-73.98795,40.749567],[-73.987493,40.752204],[-73.987306,40.752904],[-73.986201,40.75643],[-73.986003,40.756971],[-73.985775,40.757477],[-73.985371,40.758173],[-73.984139,40.759901],[-73.978177,40.768045],[-73.977993,40.768274],[-73.977592,40.768649],[-73.977148,40.768911],[-73.976909,40.769],[-73.97666,40.769062],[-73.976128,40.769101],[-73.975553,40.769028],[-73.974934,40.768843],[-73.974272,40.768546],[-73.971957,40.76715],[-73.971394,40.766856],[-73.964558,40.763973],[-73.964301,40.763888],[-73.96381,40.763774],[-73.963574,40.763744],[-73.963123,40.76374],[-73.962698,40.763808],[-73.962496,40.763869],[-73.962112,40.764046],[-73.96193,40.764162],[-73.961755,40.764296],[-73.961424,40.76462],[-73.947656,40.783471]]}},{"type":"Feature","properties":{"color":"#F6BC26","description":"Broadway Local","route":"N","routeId":"N","shapeId":"N..N20R"},"geometry":{"type":"LineString","coordinates":[[-73.981233,40.577422],[-73.981414,40.578429],[-73.981367,40.578993],[-73.98146,40.580445],[-73.981437,40.580704],[-73.981208,40.581268],[-73.980777,40.58205],[-73.979992,40.583922],[-73.978841,40.587559],[-73.978638,40.588361],[-73.978329,40.589237],[-73.97819,40.589744],[-73.978039,40.590478],[-73.978,40.590896],[-73.977999,40.591296],[-73.978036,40.591679],[-73.97823,40.592721],[-73.981848,40.611815],[-73.982195,40.613511],[-73.982359,40.61412],[-73.982547,40.614663],[-73.982758,40.61514],[-73.983015,40.615584],[-73.983383,40.616074],[-73.983703,40.616418],[-73.984061,40.616743],[-73.984597,40.617146],[-73.99515,40.623531],[-73.995414,40.623709],[-73.995661,40.623924],[-73.995945,40.624246],[-73.996865,40.625619],[-73.997273,40.626152],[-73.997807,40.626713],[-73.998255,40.627076],[-74.008839,40.633502],[-74.011149,40.634786],[-74.011577,40.635001],[-74.01198,40.63517],[-74.012845,40.635454],[-74.016561,40.636415],[-74.019716,40.637339],[-74.020216,40.637546],[-74.02061,40.637783],[-74.020872,40.638018],[-74.020936,40.638145],[-74.020944,40.638235],[-74.020879,40.638433],[-74.020704,40.63865],[-73.992872,40.665414],[-73.992521,40.665792],[-73.983975,40.67605],[-73.978169,40.684641],[-73.978026,40.684939],[-73.97798,40.685237],[-73.978323,40.687545],[-73.97838,40.687686],[-73.978469,40.687815],[-73.978747,40.688036],[-73.980545,40.68876],[-73.98074,40.688863],[-73.980954,40.689031],[-73.981149,40.689287],[-73.982337,40.691624],[-73.982521,40.69184],[-73.982784,40.691988],[-73.983034,40.692054],[-73.983226,40.692077],[-73.988439,40.692277],[-73.98872,40.692309],[-73.98897,40.692367],[-73.98919,40.692449],[-73.989463,40.692621],[-73.989669,40.692849],[-73.989854,40.693186],[-73.99001,40.693389],[-73.990274,40.693608],[-73.990602,40.693768],[-73.997667,40.695716],[-73.998895,40.696088],[-74.01011,40.699942],[-74.011412,40.700483],[-74.011669,40.700612],[-74.012,40.700832],[-74.012187,40.700997],[-74.012415,40.701273],[-74.012581,40.701582],[-74.012658,40.701808],[-74.013114,40.703592],[-74.013358,40.705072],[-74.013493,40.705357],[-74.01387,40.70582],[-74.013992,40.706007],[-74.01405,40.706184],[-74.014028,40.706406],[-74.013938,40.706562],[-74.013432,40.707111],[-74.013205,40.7074],[-74.01042,40.711587],[-74.010215,40.711728],[-74.009965,40.711773],[-74.009749,40.711744],[-74.009245,40.711561],[-74.008937,40.7115],[-74.008794,40.711501],[-74.008594,40.711544],[-74.008353,40.711676],[-74.007703,40.712488],[-74.007454,40.712713],[-74.006368,40.714018],[-74.006242,40.714236],[-74.001429,40.71993],[-74.001564,40.719718],[-74.001622,40.719519],[-74.001601,40.719334],[-74.001544,40.719218],[-74.001393,40.719055],[-74.00046,40.718383],[-74.001393,40.719055],[-74.001544,40.719218],[-74.001601,40.719334],[-74.001622,40.719519],[-74.001592,40.71965],[-74.001483,40.719858],[-73.991649,40.731485],[-73.991505,40.731693],[-73.991367,40.732044],[-73.990206,40.737433],[-73.989512,40.740195],[-73.989344,40.741303],[-73.989116,40.743221],[-73.98795,40.749567],[-73.98751,40.752127],[-73.987306,40.752904],[-73.986154,40.756569],[-73.985949,40.757101],[-73.985775,40.757477],[-73.985582,40.757835],[-73.985298,40.75828],[-73.984139,40.759901],[-73.979499,40.766254],[-73.979375,40.766396],[-73.979239,40.766507],[-73.979091,40.766585],[-73.978846,40.766643],[-73.978575,40.766628],[-73.978379,40.766577],[-73.974097,40.764787],[-73.973847,40.764767],[-73.972718,40.764873],[-73.972575,40.764864],[-73.972347,40.764799],[-73.959131,40.75923],[-73.946938,40.753765],[-73.942041,40.751632],[-73.941718,40.751448],[-73.941397,40.751167],[-73.941087,40.750963],[-73.938774,40.749956],[-73.938375,40.74975],[-73.937515,40.749245],[-73.937265,40.749176],[-73.937018,40.749172],[-73.936696,40.749267],[-73.936459,40.749415],[-73.934871,40.750874],[-73.934573,40.751108],[-73.933946,40.751513],[-73.933601,40.751841],[-73.921479,40.766779],[-73.920795,40.767617],[-73.920542,40.767889],[-73.919982,40.768421],[-73.917843,40.770258],[-73.912034,40.775036]]}},{"type":"Feature","properties":{"color":"#F6BC26","description":"Broadway Local","route":"N","routeId":"N","shapeId":"N..N23R"},"geometry":{"type":"LineString","coordinates":[[-73.981233,40.577422],[-73.981414,40.578429],[-73.981367,40.578993],[-73.98146,40.580445],[-73.981437,40.580704],[-73.981208,40.581268],[-73.980777,40.58205],[-73.979992,40.583922],[-73.978841,40.587559],[-73.978638,40.588361],[-73.978329,40.589237],[-73.97819,40.589744],[-73.978039,40.590478],[-73.978,40.590896],[-73.977999,40.591296],[-73.978036,40.591679],[-73.97823,40.592721],[-73.981848,40.611815],[-73.982195,40.613511],[-73.982359,40.61412],[-73.982547,40.614663],[-73.982758,40.61514],[-73.983015,40.615584],[-73.983383,40.616074],[-73.983703,40.616418],[-73.984061,40.616743],[-73.984597,40.617146],[-73.99515,40.623531],[-73.995414,40.623709],[-73.995661,40.623924],[-73.995945,40.624246],[-73.996865,40.625619],[-73.997273,40.626152],[-73.997807,40.626713],[-73.998255,40.627076],[-74.008839,40.633502],[-74.011149,40.634786],[-74.011577,40.635001],[-74.01198,40.63517],[-74.012845,40.635454],[-74.016561,40.636415],[-74.019604,40.637301],[-74.020124,40.637502],[-74.020539,40.637733],[-74.020837,40.637978],[-74.0209,40.638059],[-74.020943,40.638189],[-74.020938,40.638283],[-74.020879,40.638433],[-74.020704,40.63865],[-73.992675,40.66562],[-73.983934,40.676104],[-73.97881,40.683666],[-73.978143,40.684683],[-73.978003,40.685024],[-73.97798,40.685237],[-73.978312,40.687496],[-73.97838,40.687686],[-73.978547,40.687894],[-73.978805,40.688068],[-73.980678,40.688827],[-73.980954,40.689031],[-73.981117,40.689232],[-73.982304,40.691559],[-73.983428,40.693829],[-73.984126,40.695079],[-73.985484,40.69777],[-73.995141,40.715108],[-73.995495,40.71554],[-73.996031,40.716081],[-73.996287,40.716268],[-73.996614,40.716418],[-73.99846,40.717062],[-73.998789,40.717216],[-73.999149,40.717433],[-74.001452,40.719108],[-74.001544,40.719218],[-74.001601,40.719334],[-74.001622,40.719519],[-74.001592,40.71965],[-74.001429,40.71993],[-73.991649,40.731485],[-73.99146,40.731779],[-73.991367,40.732044],[-73.990166,40.737608],[-73.989512,40.740195],[-73.989344,40.741303],[-73.989116,40.743221],[-73.98795,40.749567],[-73.98751,40.752127],[-73.987306,40.752904],[-73.986154,40.756569],[-73.985949,40.757101],[-73.985775,40.757477],[-73.985582,40.757835],[-73.985298,40.75828],[-73.984139,40.759901],[-73.979499,40.766254],[-73.979375,40.766396],[-73.979239,40.766507],[-73.979091,40.766585],[-73.978846,40.766643],[-73.978575,40.766628],[-73.978379,40.766577],[-73.974097,40.764787],[-73.973847,40.764767],[-73.972718,40.764873],[-73.972575,40.764864],[-73.972347,40.764799],[-73.959131,40.75923],[-73.946938,40.753765],[-73.942041,40.751632],[-73.941718,40.751448],[-73.941397,40.751167],[-73.941087,40.750963],[-73.938774,40.749956],[-73.938375,40.74975],[-73.937515,40.749245],[-73.937265,40.749176],[-73.937018,40.749172],[-73.936696,40.749267],[-73.936459,40.749415],[-73.934871,40.750874],[-73.934573,40.751108],[-73.933946,40.751513],[-73.933601,40.751841],[-73.921479,40.766779],[-73.920795,40.767617],[-73.920542,40.767889],[-73.919982,40.768421],[-73.917843,40.770258],[-73.912034,40.775036]]}},{"type":"Feature","properties":{"color":"#F6BC26","description":"Broadway Local","route":"N","routeId":"N","shapeId":"N..N35R"},"geometry":{"type":"LineString","coordinates":[[-73.97823,40.592721],[-73.981848,40.611815],[-73.982195,40.613511],[-73.98245,40.6144],[-73.982758,40.61514],[-73.983101,40.61571],[-73.983592,40.616305],[-73.984061,40.616743],[-73.984597,40.617146],[-73.99535,40.623661],[-73.995661,40.623924],[-73.995945,40.624246],[-73.996865,40.625619],[-73.997378,40.626274],[-73.997917,40.626811],[-73.99837,40.627155],[-74.008933,40.633558],[-74.011149,40.634786],[-74.011577,40.635001],[-74.01198,40.63517],[-74.012845,40.635454],[-74.016561,40.636415],[-74.019604,40.637301],[-74.020029,40.637459],[-74.020465,40.637684],[-74.020837,40.637978],[-74.020936,40.638145],[-74.020938,40.638283],[-74.020905,40.638381],[-74.020704,40.63865],[-73.992675,40.66562],[-73.983934,40.676104],[-73.97881,40.683666],[-73.978143,40.684683],[-73.978003,40.685024],[-73.97798,40.685237],[-73.978312,40.687496],[-73.97838,40.687686],[-73.978547,40.687894],[-73.978805,40.688068],[-73.980678,40.688827],[-73.980954,40.689031],[-73.981117,40.689232],[-73.982304,40.691559],[-73.983428,40.693829],[-73.984126,40.695079],[-73.985484,40.69777],[-73.995141,40.715108],[-73.995495,40.71554],[-73.996031,40.716081],[-73.996287,40.716268],[-73.996614,40.716418],[-73.99846,40.717062],[-73.998789,40.717216],[-73.999149,40.717433],[-74.001452,40.719108],[-74.001544,40.719218],[-74.001601,40.719334],[-74.001622,40.719519],[-74.001592,40.71965],[-74.001429,40.71993],[-73.991649,40.731485],[-73.99146,40.731779],[-73.991367,40.732044],[-73.990166,40.737608],[-73.989512,40.740195],[-73.989344,40.741303],[-73.989116,40.743221],[-73.98795,40.749567],[-73.98751,40.752127],[-73.987306,40.752904],[-73.986154,40.756569],[-73.985949,40.757101],[-73.985775,40.757477],[-73.985582,40.757835],[-73.985298,40.75828],[-73.984139,40.759901],[-73.979499,40.766254],[-73.979375,40.766396],[-73.979239,40.766507],[-73.979091,40.766585],[-73.978846,40.766643],[-73.978575,40.766628],[-73.978379,40.766577],[-73.974097,40.764787],[-73.973847,40.764767],[-73.972718,40.764873],[-73.972575,40.764864],[-73.972347,40.764799],[-73.959131,40.75923],[-73.946938,40.753765],[-73.942041,40.751632],[-73.941718,40.751448],[-73.941397,40.751167],[-73.941087,40.750963],[-73.938774,40.749956],[-73.938375,40.74975],[-73.937515,40.749245],[-73.937265,40.749176],[-73.937018,40.749172],[-73.936696,40.749267],[-73.936459,40.749415],[-73.934871,40.750874],[-73.934573,40.751108],[-73.933946,40.751513],[-73.933601,40.751841],[-73.921479,40.766779],[-73.920795,40.767617],[-73.920542,40.767889],[-73.919982,40.768421],[-73.917843,40.770258],[-73.912034,40.775036]]}},{"type":"Feature","properties":{"color":"#F6BC26","description":"Broadway Local","route":"N","routeId":"N","shapeId":"N..S16R"},"geometry":{"type":"LineString","coordinates":[[-73.947656,40.783471],[-73.961424,40.76462],[-73.961755,40.764296],[-73.96193,40.764162],[-73.962112,40.764046],[-73.962496,40.763869],[-73.962698,40.763808],[-73.963123,40.76374],[-73.963574,40.763744],[-73.96381,40.763774],[-73.964301,40.763888],[-73.964558,40.763973],[-73.971394,40.766856],[-73.971957,40.76715],[-73.974272,40.768546],[-73.974934,40.768843],[-73.975553,40.769028],[-73.976128,40.769101],[-73.97666,40.769062],[-73.976909,40.769],[-73.977148,40.768911],[-73.977592,40.768649],[-73.977993,40.768274],[-73.978177,40.768045],[-73.984139,40.759901],[-73.985371,40.758173],[-73.985775,40.757477],[-73.986003,40.756971],[-73.986201,40.75643],[-73.987306,40.752904],[-73.987493,40.752204],[-73.98795,40.749567],[-73.989116,40.743221],[-73.989344,40.741303],[-73.989512,40.740195],[-73.990166,40.737608],[-73.991367,40.732044],[-73.99144,40.731822],[-73.991649,40.731485],[-74.001429,40.71993],[-74.001592,40.71965],[-74.001623,40.719456],[-74.001577,40.719275],[-74.001393,40.719055],[-73.998974,40.71732],[-73.998391,40.717034],[-73.996555,40.716396],[-73.996194,40.71621],[-73.996031,40.716081],[-73.995454,40.715498],[-73.995171,40.715152],[-73.985484,40.69777],[-73.984126,40.695079],[-73.983428,40.693829],[-73.982304,40.691559],[-73.981117,40.689232],[-73.980954,40.689031],[-73.980678,40.688827],[-73.978805,40.688068],[-73.978547,40.687894],[-73.97838,40.687686],[-73.978312,40.687496],[-73.97798,40.685237],[-73.978026,40.684939],[-73.978143,40.684683],[-73.97881,40.683666],[-73.983934,40.676104],[-73.992675,40.66562],[-74.020704,40.63865],[-74.020879,40.638433],[-74.020938,40.638283],[-74.020936,40.638145],[-74.0209,40.638059],[-74.020737,40.637886],[-74.020386,40.637637],[-74.019929,40.637418],[-74.019487,40.637265],[-74.016561,40.636415],[-74.012949,40.635482],[-74.012254,40.63527],[-74.011719,40.635064],[-74.011263,40.634846],[-74.008839,40.633502],[-73.998255,40.627076],[-73.997807,40.626713],[-73.997273,40.626152],[-73.996865,40.625619],[-73.995945,40.624246],[-73.995661,40.623924],[-73.995414,40.623709],[-73.99515,40.623531],[-73.984597,40.617146],[-73.984061,40.616743],[-73.983703,40.616418],[-73.983383,40.616074],[-73.983015,40.615584],[-73.982758,40.61514],[-73.982547,40.614663],[-73.982359,40.61412],[-73.982195,40.613511],[-73.981848,40.611815],[-73.97823,40.592721],[-73.978036,40.591679],[-73.977999,40.591296],[-73.978,40.590896],[-73.978039,40.590478],[-73.97819,40.589744],[-73.978329,40.589237],[-73.978638,40.588361],[-73.978841,40.587559],[-73.979992,40.583922],[-73.980777,40.58205],[-73.981208,40.581268],[-73.981437,40.580704],[-73.98146,40.580445],[-73.981367,40.578993],[-73.981414,40.578429],[-73.981233,40.577422]]}},{"type":"Feature","properties":{"color":"#F6BC26","description":"Broadway Local","route":"N","routeId":"N","shapeId":"N..S20R"},"geometry":{"type":"LineString","coordinates":[[-73.912034,40.775036],[-73.917843,40.770258],[-73.919982,40.768421],[-73.920542,40.767889],[-73.920795,40.767617],[-73.921479,40.766779],[-73.933601,40.751841],[-73.933946,40.751513],[-73.934573,40.751108],[-73.934871,40.750874],[-73.936459,40.749415],[-73.936696,40.749267],[-73.937018,40.749172],[-73.937265,40.749176],[-73.937515,40.749245],[-73.938375,40.74975],[-73.938774,40.749956],[-73.941087,40.750963],[-73.941397,40.751167],[-73.941718,40.751448],[-73.942041,40.751632],[-73.946938,40.753765],[-73.959131,40.75923],[-73.972347,40.764799],[-73.972575,40.764864],[-73.972718,40.764873],[-73.973847,40.764767],[-73.974097,40.764787],[-73.978379,40.766577],[-73.978575,40.766628],[-73.978846,40.766643],[-73.979091,40.766585],[-73.979239,40.766507],[-73.979375,40.766396],[-73.979499,40.766254],[-73.984139,40.759901],[-73.985298,40.75828],[-73.985582,40.757835],[-73.985775,40.757477],[-73.985949,40.757101],[-73.986154,40.756569],[-73.987306,40.752904],[-73.98751,40.752127],[-73.98795,40.749567],[-73.989116,40.743221],[-73.989344,40.741303],[-73.989512,40.740195],[-73.990206,40.737433],[-73.991367,40.732044],[-73.991505,40.731693],[-73.991649,40.731485],[-74.001483,40.719858],[-74.001592,40.71965],[-74.001622,40.719519],[-74.001601,40.719334],[-74.001544,40.719218],[-74.001393,40.719055],[-74.00046,40.718383],[-74.001393,40.719055],[-74.001544,40.719218],[-74.001601,40.719334],[-74.001622,40.719519],[-74.001564,40.719718],[-74.001429,40.71993],[-74.006242,40.714236],[-74.006368,40.714018],[-74.007454,40.712713],[-74.007703,40.712488],[-74.008353,40.711676],[-74.008594,40.711544],[-74.008794,40.711501],[-74.008937,40.7115],[-74.009245,40.711561],[-74.009749,40.711744],[-74.009965,40.711773],[-74.010215,40.711728],[-74.01042,40.711587],[-74.013205,40.7074],[-74.013432,40.707111],[-74.013938,40.706562],[-74.014028,40.706406],[-74.01405,40.706184],[-74.013992,40.706007],[-74.01387,40.70582],[-74.013493,40.705357],[-74.013358,40.705072],[-74.013114,40.703592],[-74.012658,40.701808],[-74.012581,40.701582],[-74.012415,40.701273],[-74.012187,40.700997],[-74.012,40.700832],[-74.011669,40.700612],[-74.011412,40.700483],[-74.01011,40.699942],[-73.998895,40.696088],[-73.997667,40.695716],[-73.990602,40.693768],[-73.990274,40.693608],[-73.99001,40.693389],[-73.989854,40.693186],[-73.989669,40.692849],[-73.989463,40.692621],[-73.98919,40.692449],[-73.98897,40.692367],[-73.98872,40.692309],[-73.988439,40.692277],[-73.983226,40.692077],[-73.983034,40.692054],[-73.982784,40.691988],[-73.982521,40.69184],[-73.982337,40.691624],[-73.981149,40.689287],[-73.980954,40.689031],[-73.98074,40.688863],[-73.980545,40.68876],[-73.978747,40.688036],[-73.978469,40.687815],[-73.97838,40.687686],[-73.978323,40.687545],[-73.97798,40.685237],[-73.978026,40.684939],[-73.978169,40.684641],[-73.983975,40.67605],[-73.992521,40.665792],[-73.992872,40.665414],[-74.020704,40.63865],[-74.020879,40.638433],[-74.020944,40.638235],[-74.020936,40.638145],[-74.020872,40.638018],[-74.02061,40.637783],[-74.020216,40.637546],[-74.019716,40.637339],[-74.016561,40.636415],[-74.012845,40.635454],[-74.01198,40.63517],[-74.011577,40.635001],[-74.011149,40.634786],[-74.008839,40.633502],[-73.998255,40.627076],[-73.997807,40.626713],[-73.997273,40.626152],[-73.996865,40.625619],[-73.995945,40.624246],[-73.995661,40.623924],[-73.995414,40.623709],[-73.99515,40.623531],[-73.984597,40.617146],[-73.984061,40.616743],[-73.983703,40.616418],[-73.983383,40.616074],[-73.983015,40.615584],[-73.982758,40.61514],[-73.982547,40.614663],[-73.982359,40.61412],[-73.982195,40.613511],[-73.981848,40.611815],[-73.97823,40.592721],[-73.978036,40.591679],[-73.977999,40.591296],[-73.978,40.590896],[-73.978039,40.590478],[-73.97819,40.589744],[-73.978329,40.589237],[-73.978638,40.588361],[-73.978841,40.587559],[-73.979992,40.583922],[-73.980777,40.58205],[-73.981208,40.581268],[-73.981437,40.580704],[-73.98146,40.580445],[-73.981367,40.578993],[-73.981414,40.578429],[-73.981233,40.577422]]}},{"type":"Feature","properties":{"color":"#F6BC26","description":"Broadway Local","route":"N","routeId":"N","shapeId":"N..S27R"},"geometry":{"type":"LineString","coordinates":[[-73.912034,40.775036],[-73.917843,40.770258],[-73.919982,40.768421],[-73.920542,40.767889],[-73.920795,40.767617],[-73.921479,40.766779],[-73.933601,40.751841],[-73.933946,40.751513],[-73.934573,40.751108],[-73.934871,40.750874],[-73.936459,40.749415],[-73.936696,40.749267],[-73.937018,40.749172],[-73.937265,40.749176],[-73.937515,40.749245],[-73.938375,40.74975],[-73.938774,40.749956],[-73.941087,40.750963],[-73.941397,40.751167],[-73.941718,40.751448],[-73.942041,40.751632],[-73.946938,40.753765],[-73.959131,40.75923],[-73.972347,40.764799],[-73.972575,40.764864],[-73.972718,40.764873],[-73.973847,40.764767],[-73.974097,40.764787],[-73.978379,40.766577],[-73.978575,40.766628],[-73.978846,40.766643],[-73.979091,40.766585],[-73.979239,40.766507],[-73.979375,40.766396],[-73.979499,40.766254],[-73.984139,40.759901],[-73.985298,40.75828],[-73.985582,40.757835],[-73.985775,40.757477],[-73.985949,40.757101],[-73.986154,40.756569],[-73.987306,40.752904],[-73.98751,40.752127],[-73.98795,40.749567],[-73.989116,40.743221],[-73.989344,40.741303],[-73.989512,40.740195],[-73.990166,40.737608],[-73.991367,40.732044],[-73.99146,40.731779],[-73.991649,40.731485],[-74.001429,40.71993],[-74.001592,40.71965],[-74.001622,40.719519],[-74.001601,40.719334],[-74.001544,40.719218],[-74.001452,40.719108],[-73.999149,40.717433],[-73.998789,40.717216],[-73.99846,40.717062],[-73.996614,40.716418],[-73.996287,40.716268],[-73.996031,40.716081],[-73.995495,40.71554],[-73.995141,40.715108],[-73.985484,40.69777],[-73.984126,40.695079],[-73.983428,40.693829],[-73.982304,40.691559],[-73.981117,40.689232],[-73.980954,40.689031],[-73.980678,40.688827],[-73.978805,40.688068],[-73.978547,40.687894],[-73.97838,40.687686],[-73.978312,40.687496],[-73.97798,40.685237],[-73.978003,40.685024],[-73.978143,40.684683],[-73.97881,40.683666],[-73.983934,40.676104],[-73.992675,40.66562],[-74.020704,40.63865],[-74.020879,40.638433],[-74.020938,40.638283],[-74.020943,40.638189],[-74.0209,40.638059],[-74.020837,40.637978],[-74.020539,40.637733],[-74.020124,40.637502],[-74.019604,40.637301],[-74.016561,40.636415],[-74.012845,40.635454],[-74.01198,40.63517],[-74.011577,40.635001],[-74.011149,40.634786],[-74.008839,40.633502],[-73.998255,40.627076],[-73.997807,40.626713],[-73.997273,40.626152],[-73.996865,40.625619],[-73.995945,40.624246],[-73.995661,40.623924],[-73.995414,40.623709],[-73.99515,40.623531],[-73.984597,40.617146],[-73.984061,40.616743],[-73.983703,40.616418],[-73.983383,40.616074],[-73.983015,40.615584],[-73.982758,40.61514],[-73.982547,40.614663],[-73.982359,40.61412],[-73.982195,40.613511],[-73.981848,40.611815],[-73.97823,40.592721],[-73.978036,40.591679],[-73.977999,40.591296],[-73.978,40.590896],[-73.978039,40.590478],[-73.97819,40.589744],[-73.978329,40.589237],[-73.978638,40.588361],[-73.978841,40.587559],[-73.979992,40.583922],[-73.980777,40.58205],[-73.981208,40.581268],[-73.981437,40.580704],[-73.98146,40.580445],[-73.981367,40.578993],[-73.981414,40.578429],[-73.981233,40.577422]]}},{"type":"Feature","properties":{"color":"#F6BC26","description":"Broadway Express","route":"Q","routeId":"Q","shapeId":"Q..N16R"},"geometry":{"type":"LineString","coordinates":[[-73.981233,40.577422],[-73.981047,40.576518],[-73.980938,40.576363],[-73.980689,40.576199],[-73.980425,40.576106],[-73.980094,40.576039],[-73.978088,40.575771],[-73.977603,40.575754],[-73.977212,40.575786],[-73.976818,40.57586],[-73.974389,40.576618],[-73.974,40.576705],[-73.97367,40.576739],[-73.973141,40.576731],[-73.9686,40.576315],[-73.968017,40.576312],[-73.96744,40.576358],[-73.967059,40.576418],[-73.960148,40.577894],[-73.95986,40.57803],[-73.959721,40.578139],[-73.959607,40.578268],[-73.95467,40.585198],[-73.954422,40.58565],[-73.954225,40.586216],[-73.954158,40.58667],[-73.954139,40.587329],[-73.95406,40.588205],[-73.954052,40.58861],[-73.954096,40.589221],[-73.954319,40.590785],[-73.957502,40.607591],[-73.95764,40.608159],[-73.957896,40.609529],[-73.957986,40.610171],[-73.961408,40.628229],[-73.961911,40.63039],[-73.964492,40.644031],[-73.964544,40.644407],[-73.964564,40.644777],[-73.96455,40.645144],[-73.964502,40.645506],[-73.964421,40.645866],[-73.962486,40.652165],[-73.961495,40.655292],[-73.961425,40.65563],[-73.961373,40.656067],[-73.961365,40.656386],[-73.961394,40.656798],[-73.961937,40.660141],[-73.962144,40.660972],[-73.962408,40.662642],[-73.962566,40.663181],[-73.96282,40.663705],[-73.972367,40.67705],[-73.976398,40.682608],[-73.976543,40.682877],[-73.976675,40.683264],[-73.977424,40.687228],[-73.977522,40.687437],[-73.977666,40.687573],[-73.977812,40.687656],[-73.980613,40.688792],[-73.980905,40.688986],[-73.981117,40.689232],[-73.982304,40.691559],[-73.983428,40.693829],[-73.984126,40.695079],[-73.985484,40.69777],[-73.995141,40.715108],[-73.995495,40.71554],[-73.996031,40.716081],[-73.996287,40.716268],[-73.996614,40.716418],[-73.998391,40.717034],[-73.998725,40.717183],[-73.999092,40.717394],[-74.001393,40.719055],[-74.001577,40.719275],[-74.001616,40.719394],[-74.001622,40.719519],[-74.001564,40.719718],[-74.001429,40.71993],[-73.991649,40.731485],[-73.99146,40.731779],[-73.991367,40.732044],[-73.990166,40.737608],[-73.989512,40.740195],[-73.989344,40.741303],[-73.989116,40.743221],[-73.98795,40.749567],[-73.98751,40.752127],[-73.987306,40.752904],[-73.986106,40.756705],[-73.985775,40.757477],[-73.985582,40.757835],[-73.985298,40.75828],[-73.984139,40.759901],[-73.979499,40.766254],[-73.977993,40.768274],[-73.977592,40.768649],[-73.977375,40.768794],[-73.977148,40.768911],[-73.97666,40.769062],[-73.976128,40.769101],[-73.975553,40.769028],[-73.975249,40.768949],[-73.974934,40.768843],[-73.974272,40.768546],[-73.971957,40.76715],[-73.971394,40.766856],[-73.964558,40.763973],[-73.964301,40.763888],[-73.96381,40.763774],[-73.963345,40.763733],[-73.962907,40.763765],[-73.962698,40.763808],[-73.962301,40.763949],[-73.96193,40.764162],[-73.961755,40.764296],[-73.961424,40.76462],[-73.947656,40.783471]]}},{"type":"Feature","properties":{"color":"#F6BC26","description":"Broadway Express","route":"Q","routeId":"Q","shapeId":"Q..S16R"},"geometry":{"type":"LineString","coordinates":[[-73.947656,40.783471],[-73.961424,40.76462],[-73.961755,40.764296],[-73.96193,40.764162],[-73.962301,40.763949],[-73.962698,40.763808],[-73.962907,40.763765],[-73.963345,40.763733],[-73.96381,40.763774],[-73.964301,40.763888],[-73.964558,40.763973],[-73.971394,40.766856],[-73.971957,40.76715],[-73.974272,40.768546],[-73.974934,40.768843],[-73.975249,40.768949],[-73.975553,40.769028],[-73.976128,40.769101],[-73.97666,40.769062],[-73.977148,40.768911],[-73.977375,40.768794],[-73.977592,40.768649],[-73.977993,40.768274],[-73.979499,40.766254],[-73.984139,40.759901],[-73.985298,40.75828],[-73.985582,40.757835],[-73.985775,40.757477],[-73.986106,40.756705],[-73.987306,40.752904],[-73.98751,40.752127],[-73.98795,40.749567],[-73.989116,40.743221],[-73.989344,40.741303],[-73.989512,40.740195],[-73.990166,40.737608],[-73.991367,40.732044],[-73.99146,40.731779],[-73.991649,40.731485],[-74.001429,40.71993],[-74.001564,40.719718],[-74.001622,40.719519],[-74.001616,40.719394],[-74.001577,40.719275],[-74.001393,40.719055],[-73.999092,40.717394],[-73.998725,40.717183],[-73.998391,40.717034],[-73.996614,40.716418],[-73.996287,40.716268],[-73.996031,40.716081],[-73.995495,40.71554],[-73.995141,40.715108],[-73.985484,40.69777],[-73.984126,40.695079],[-73.983428,40.693829],[-73.982304,40.691559],[-73.981117,40.689232],[-73.980905,40.688986],[-73.980613,40.688792],[-73.977812,40.687656],[-73.977666,40.687573],[-73.977522,40.687437],[-73.977424,40.687228],[-73.976675,40.683264],[-73.976543,40.682877],[-73.976398,40.682608],[-73.972367,40.67705],[-73.96282,40.663705],[-73.962566,40.663181],[-73.962408,40.662642],[-73.962144,40.660972],[-73.961937,40.660141],[-73.961394,40.656798],[-73.961365,40.656386],[-73.961373,40.656067],[-73.961425,40.65563],[-73.961495,40.655292],[-73.962486,40.652165],[-73.964421,40.645866],[-73.964502,40.645506],[-73.96455,40.645144],[-73.964564,40.644777],[-73.964544,40.644407],[-73.964492,40.644031],[-73.961911,40.63039],[-73.961408,40.628229],[-73.957986,40.610171],[-73.957896,40.609529],[-73.95764,40.608159],[-73.957502,40.607591],[-73.954319,40.590785],[-73.954096,40.589221],[-73.954052,40.58861],[-73.95406,40.588205],[-73.954139,40.587329],[-73.954158,40.58667],[-73.954225,40.586216],[-73.954422,40.58565],[-73.95467,40.585198],[-73.959607,40.578268],[-73.959721,40.578139],[-73.95986,40.57803],[-73.960148,40.577894],[-73.967059,40.576418],[-73.96744,40.576358],[-73.968017,40.576312],[-73.9686,40.576315],[-73.973141,40.576731],[-73.97367,40.576739],[-73.974,40.576705],[-73.974389,40.576618],[-73.976818,40.57586],[-73.977212,40.575786],[-73.977603,40.575754],[-73.978088,40.575771],[-73.980094,40.576039],[-73.980425,40.576106],[-73.980689,40.576199],[-73.980938,40.576363],[-73.981047,40.576518],[-73.981233,40.577422]]}},{"type":"Feature","properties":{"color":"#F6BC26","description":"Broadway Express","route":"Q","routeId":"Q","shapeId":"Q..S37R"},"geometry":{"type":"LineString","coordinates":[[-73.947656,40.783471],[-73.961424,40.76462],[-73.961755,40.764296],[-73.96193,40.764162],[-73.962301,40.763949],[-73.962698,40.763808],[-73.962907,40.763765],[-73.963345,40.763733],[-73.96381,40.763774],[-73.964301,40.763888],[-73.964558,40.763973],[-73.971394,40.766856],[-73.971957,40.76715],[-73.974272,40.768546],[-73.974934,40.768843],[-73.975249,40.768949],[-73.975553,40.769028],[-73.976128,40.769101],[-73.97666,40.769062],[-73.977148,40.768911],[-73.977375,40.768794],[-73.977592,40.768649],[-73.977993,40.768274],[-73.979499,40.766254],[-73.984139,40.759901],[-73.985298,40.75828],[-73.985582,40.757835],[-73.985775,40.757477],[-73.986106,40.756705],[-73.987306,40.752904],[-73.98751,40.752127],[-73.98795,40.749567],[-73.989116,40.743221],[-73.989344,40.741303],[-73.989512,40.740195],[-73.990166,40.737608],[-73.991367,40.732044],[-73.99146,40.731779],[-73.991649,40.731485],[-74.001429,40.71993],[-74.001564,40.719718],[-74.001622,40.719519],[-74.001616,40.719394],[-74.001577,40.719275],[-74.001393,40.719055],[-73.999092,40.717394],[-73.998725,40.717183],[-73.998391,40.717034],[-73.996614,40.716418],[-73.996287,40.716268],[-73.995996,40.716047],[-73.995414,40.715456],[-73.995202,40.715197],[-73.985484,40.69777],[-73.984126,40.695079],[-73.983428,40.693829],[-73.982304,40.691559],[-73.981117,40.689232],[-73.980905,40.688986],[-73.980613,40.688792],[-73.977812,40.687656],[-73.977624,40.687541],[-73.977495,40.687399],[-73.977424,40.687228],[-73.976675,40.683264],[-73.976543,40.682877],[-73.976398,40.682608],[-73.972367,40.67705],[-73.962927,40.663876],[-73.962681,40.663445],[-73.962475,40.662913],[-73.962392,40.662551],[-73.962144,40.660972],[-73.961941,40.660164],[-73.961394,40.656798],[-73.961365,40.656386],[-73.961393,40.655851],[-73.961495,40.655292],[-73.962486,40.652165],[-73.964421,40.645866],[-73.964502,40.645506],[-73.96455,40.645144],[-73.964564,40.644777],[-73.96453,40.644282],[-73.961911,40.63039],[-73.961408,40.628229],[-73.957986,40.610171],[-73.957896,40.609529],[-73.95764,40.608159],[-73.957502,40.607591],[-73.954319,40.590785],[-73.954096,40.589221],[-73.954052,40.58861],[-73.95406,40.588205],[-73.954139,40.587329],[-73.954158,40.58667],[-73.954201,40.586329],[-73.954254,40.586103],[-73.954373,40.585763],[-73.95467,40.585198],[-73.959681,40.57818],[-73.959912,40.577998],[-73.960148,40.577894],[-73.961376,40.577621]]}},{"type":"Feature","properties":{"color":"#F6BC26","description":"Broadway Local","route":"R","routeId":"R","shapeId":"R..N27R"},"geometry":{"type":"LineString","coordinates":[[-74.030876,40.616622],[-74.022774,40.636436],[-74.022667,40.636649],[-74.022507,40.636889],[-74.022278,40.63714],[-73.992675,40.66562],[-73.983934,40.676104],[-73.97881,40.683666],[-73.978143,40.684683],[-73.978003,40.685024],[-73.97798,40.685237],[-73.978304,40.687446],[-73.978338,40.687594],[-73.978406,40.68773],[-73.978547,40.687894],[-73.978805,40.688068],[-73.980545,40.68876],[-73.98074,40.688863],[-73.980954,40.689031],[-73.981149,40.689287],[-73.982337,40.691624],[-73.982467,40.691792],[-73.982642,40.691922],[-73.982862,40.692014],[-73.983226,40.692077],[-73.988439,40.692277],[-73.98872,40.692309],[-73.98897,40.692367],[-73.98919,40.692449],[-73.989463,40.692621],[-73.989669,40.692849],[-73.989854,40.693186],[-73.99001,40.693389],[-73.990274,40.693608],[-73.990602,40.693768],[-73.997667,40.695716],[-73.998636,40.696005],[-74.01011,40.699942],[-74.011412,40.700483],[-74.011669,40.700612],[-74.012,40.700832],[-74.01227,40.701086],[-74.012477,40.701372],[-74.012622,40.701693],[-74.012994,40.703087]]}},{"type":"Feature","properties":{"color":"#F6BC26","description":"Broadway Local","route":"R","routeId":"R","shapeId":"R..N76R"},"geometry":{"type":"LineString","coordinates":[[-74.030876,40.616622],[-74.022774,40.636436],[-74.022667,40.636649],[-74.022507,40.636889],[-74.022278,40.63714],[-73.992675,40.66562],[-73.983934,40.676104],[-73.97881,40.683666],[-73.978143,40.684683],[-73.978003,40.685024],[-73.97798,40.685237],[-73.978304,40.687446],[-73.978338,40.687594],[-73.978406,40.68773],[-73.978547,40.687894],[-73.978805,40.688068],[-73.980545,40.68876],[-73.98074,40.688863],[-73.980954,40.689031],[-73.981149,40.689287],[-73.982337,40.691624],[-73.982467,40.691792],[-73.982711,40.691957],[-73.982946,40.692036],[-73.983226,40.692077],[-73.988439,40.692277],[-73.98872,40.692309],[-73.98897,40.692367],[-73.98919,40.692449],[-73.989463,40.692621],[-73.989669,40.692849],[-73.989854,40.693186],[-73.99001,40.693389],[-73.990274,40.693608],[-73.990602,40.693768],[-73.997667,40.695716],[-73.998895,40.696088],[-74.01011,40.699942],[-74.011412,40.700483],[-74.011669,40.700612],[-74.012,40.700832],[-74.012187,40.700997],[-74.012415,40.701273],[-74.012581,40.701582],[-74.012658,40.701808],[-74.013114,40.703592],[-74.013358,40.705072],[-74.013493,40.705357],[-74.01387,40.70582],[-74.013992,40.706007],[-74.014055,40.706241],[-74.014005,40.706459],[-74.013938,40.706562],[-74.013432,40.707111],[-74.013205,40.7074],[-74.010465,40.711537],[-74.010373,40.711631],[-74.010157,40.711748],[-74.009896,40.711769],[-74.009672,40.711723],[-74.009165,40.711537],[-74.008865,40.711498],[-74.008594,40.711544],[-74.008353,40.711676],[-74.007703,40.712488],[-74.007454,40.712713],[-74.006368,40.714018],[-74.006242,40.714236],[-73.991649,40.731485],[-73.991505,40.731693],[-73.991367,40.732044],[-73.990206,40.737433],[-73.989512,40.740195],[-73.989344,40.741303],[-73.989116,40.743221],[-73.98795,40.749567],[-73.98751,40.752127],[-73.987306,40.752904],[-73.986106,40.756705],[-73.985775,40.757477],[-73.985582,40.757835],[-73.985298,40.75828],[-73.984139,40.759901],[-73.979499,40.766254],[-73.977993,40.768274],[-73.977592,40.768649],[-73.977375,40.768794],[-73.977148,40.768911],[-73.97666,40.769062],[-73.976128,40.769101],[-73.975553,40.769028],[-73.975249,40.768949],[-73.974934,40.768843],[-73.974272,40.768546],[-73.971957,40.76715],[-73.971394,40.766856],[-73.964558,40.763973],[-73.964301,40.763888],[-73.96381,40.763774],[-73.963345,40.763733],[-73.962907,40.763765],[-73.962698,40.763808],[-73.962301,40.763949],[-73.96193,40.764162],[-73.961755,40.764296],[-73.961424,40.76462],[-73.947656,40.783471]]}},{"type":"Feature","properties":{"color":"#F6BC26","description":"Broadway Local","route":"R","routeId":"R","shapeId":"R..N78R"},"geometry":{"type":"LineString","coordinates":[[-74.030876,40.616622],[-74.022774,40.636436],[-74.022667,40.636649],[-74.022507,40.636889],[-74.022278,40.63714],[-73.992675,40.66562],[-73.983934,40.676104],[-73.97881,40.683666],[-73.978143,40.684683],[-73.978026,40.684939],[-73.97798,40.685237],[-73.978312,40.687496],[-73.978406,40.68773],[-73.978547,40.687894],[-73.978805,40.688068],[-73.980545,40.68876],[-73.98074,40.688863],[-73.980954,40.689031],[-73.981149,40.689287],[-73.982337,40.691624],[-73.982467,40.691792],[-73.982642,40.691922],[-73.982862,40.692014],[-73.983226,40.692077],[-73.988439,40.692277],[-73.98872,40.692309],[-73.98897,40.692367],[-73.98919,40.692449],[-73.989463,40.692621],[-73.989669,40.692849],[-73.989854,40.693186],[-73.99001,40.693389],[-73.990274,40.693608],[-73.990602,40.693768],[-73.997667,40.695716],[-73.998895,40.696088],[-74.01011,40.699942],[-74.011412,40.700483],[-74.011786,40.700682],[-74.012097,40.700913],[-74.012346,40.701177],[-74.012532,40.701476],[-74.012658,40.701808],[-74.013114,40.703592],[-74.013371,40.705114],[-74.01352,40.705396],[-74.013958,40.705946],[-74.01405,40.706184],[-74.014044,40.706352],[-74.013975,40.706511],[-74.013432,40.707111],[-74.013205,40.7074],[-74.01042,40.711587],[-74.010215,40.711728],[-74.009965,40.711773],[-74.009749,40.711744],[-74.009245,40.711561],[-74.008937,40.7115],[-74.008794,40.711501],[-74.008594,40.711544],[-74.008353,40.711676],[-74.007703,40.712488],[-74.007454,40.712713],[-74.006368,40.714018],[-74.006242,40.714236],[-74.001429,40.71993],[-74.001564,40.719718],[-74.001622,40.719519],[-74.001601,40.719334],[-74.001544,40.719218],[-74.001393,40.719055],[-74.00046,40.718383],[-73.997702,40.724329],[-73.991649,40.731485],[-73.991505,40.731693],[-73.991367,40.732044],[-73.990206,40.737433],[-73.989512,40.740195],[-73.989344,40.741303],[-73.989116,40.743221],[-73.987457,40.75236],[-73.987306,40.752904],[-73.986106,40.756705],[-73.985775,40.757477],[-73.985582,40.757835],[-73.985298,40.75828],[-73.984139,40.759901],[-73.979499,40.766254],[-73.979308,40.766455],[-73.979091,40.766585],[-73.978846,40.766643],[-73.978575,40.766628],[-73.978276,40.76654],[-73.974146,40.7648],[-73.973847,40.764767],[-73.97267,40.764873],[-73.972347,40.764799],[-73.959131,40.75923],[-73.946938,40.753765],[-73.944152,40.752553],[-73.943838,40.752397],[-73.943557,40.752184],[-73.943348,40.751945],[-73.943209,40.75168],[-73.943156,40.751489],[-73.943135,40.751287],[-73.943167,40.750146],[-73.943114,40.749935],[-73.943009,40.749736],[-73.942897,40.749595],[-73.941796,40.748457],[-73.941561,40.748273],[-73.941309,40.748132],[-73.941038,40.748033],[-73.9406,40.747964],[-73.940285,40.747972],[-73.939953,40.748021],[-73.93978,40.748061],[-73.937243,40.748973]]}},{"type":"Feature","properties":{"color":"#F6BC26","description":"Broadway Local","route":"R","routeId":"R","shapeId":"R..N93R"},"geometry":{"type":"LineString","coordinates":[[-74.030876,40.616622],[-74.022774,40.636436],[-74.022667,40.636649],[-74.022507,40.636889],[-74.022278,40.63714],[-73.992675,40.66562],[-73.983934,40.676104],[-73.97881,40.683666],[-73.978169,40.684641],[-73.97804,40.684897],[-73.97798,40.685237],[-73.978312,40.687496],[-73.978406,40.68773],[-73.978547,40.687894],[-73.978805,40.688068],[-73.980545,40.68876],[-73.98074,40.688863],[-73.980954,40.689031],[-73.981149,40.689287],[-73.982337,40.691624],[-73.982467,40.691792],[-73.982642,40.691922],[-73.982862,40.692014],[-73.983226,40.692077],[-73.988439,40.692277],[-73.98872,40.692309],[-73.98897,40.692367],[-73.98919,40.692449],[-73.989463,40.692621],[-73.989669,40.692849],[-73.989854,40.693186],[-73.99001,40.693389],[-73.990274,40.693608],[-73.990602,40.693768],[-73.997667,40.695716],[-73.998895,40.696088],[-74.01011,40.699942],[-74.011412,40.700483],[-74.011786,40.700682],[-74.012187,40.700997],[-74.012415,40.701273],[-74.012581,40.701582],[-74.012658,40.701808],[-74.013114,40.703592],[-74.013371,40.705114],[-74.01352,40.705396],[-74.013958,40.705946],[-74.014018,40.706067],[-74.014055,40.706241],[-74.014044,40.706352],[-74.013975,40.706511],[-74.013432,40.707111],[-74.013205,40.7074],[-74.010465,40.711537],[-74.01027,40.711701],[-74.010032,40.71177],[-74.009749,40.711744],[-74.009245,40.711561],[-74.008937,40.7115],[-74.008794,40.711501],[-74.008594,40.711544],[-74.008353,40.711676],[-74.007703,40.712488],[-74.007454,40.712713],[-74.006368,40.714018],[-74.006242,40.714236],[-73.991649,40.731485],[-73.991505,40.731693],[-73.991367,40.732044],[-73.990206,40.737433],[-73.989512,40.740195],[-73.989344,40.741303],[-73.989116,40.743221],[-73.98795,40.749567],[-73.98751,40.752127],[-73.987306,40.752904],[-73.986106,40.756705],[-73.985775,40.757477],[-73.985582,40.757835],[-73.985298,40.75828],[-73.984139,40.759901],[-73.979499,40.766254],[-73.979375,40.766396],[-73.979166,40.76655],[-73.978931,40.766632],[-73.978759,40.766646],[-73.978575,40.766628],[-73.978379,40.766577],[-73.974121,40.764793],[-73.973847,40.764767],[-73.972718,40.764873],[-73.972575,40.764864],[-73.972347,40.764799],[-73.959131,40.75923],[-73.946938,40.753765],[-73.944152,40.752553],[-73.943838,40.752397],[-73.943557,40.752184],[-73.943348,40.751945],[-73.943209,40.75168],[-73.943156,40.751489],[-73.943135,40.751287],[-73.943167,40.750146],[-73.943114,40.749935],[-73.942975,40.749688],[-73.941909,40.748566],[-73.941681,40.74836],[-73.941437,40.748197],[-73.941176,40.748077],[-73.94075,40.747977],[-73.940285,40.747972],[-73.93978,40.748061],[-73.936897,40.749114],[-73.936655,40.749251],[-73.936442,40.749408],[-73.934913,40.750826],[-73.934532,40.751125],[-73.933905,40.751491],[-73.933212,40.751758],[-73.932713,40.75188],[-73.931908,40.751979],[-73.92612,40.752098],[-73.925273,40.752217],[-73.924757,40.75234],[-73.924467,40.752452],[-73.924129,40.752654],[-73.923848,40.752918],[-73.921421,40.756039],[-73.91985,40.757972],[-73.919713,40.758107],[-73.919568,40.758213],[-73.919262,40.758378],[-73.918936,40.758481],[-73.918765,40.75851],[-73.91859,40.758523],[-73.918224,40.758502],[-73.917638,40.758356],[-73.917222,40.758182],[-73.914404,40.756812],[-73.906786,40.753221],[-73.885104,40.743987],[-73.882917,40.742933],[-73.882218,40.742569],[-73.881592,40.742215],[-73.880977,40.741822],[-73.879422,40.740665],[-73.879117,40.740389],[-73.878845,40.740052],[-73.878649,40.739739],[-73.877223,40.737015],[-73.876951,40.736514],[-73.876705,40.736148],[-73.876405,40.735812],[-73.876054,40.735507],[-73.87565,40.735232],[-73.875194,40.734988],[-73.874412,40.734679],[-73.870454,40.733509],[-73.869229,40.733106],[-73.868127,40.732638],[-73.867573,40.732358],[-73.86639,40.731688],[-73.865257,40.731187],[-73.854378,40.727216],[-73.85321,40.72674],[-73.852185,40.726271],[-73.851377,40.7258],[-73.850805,40.725382],[-73.849912,40.724584],[-73.849372,40.724151],[-73.848797,40.723747],[-73.848187,40.723371],[-73.847541,40.723026],[-73.844521,40.721691]]}},{"type":"Feature","properties":{"color":"#F6BC26","description":"Broadway Local","route":"R","routeId":"R","shapeId":"R..N96R"},"geometry":{"type":"LineString","coordinates":[[-74.003549,40.655144],[-73.992675,40.66562],[-73.984016,40.675997],[-73.98375,40.676359],[-73.97881,40.683666],[-73.978075,40.684811],[-73.978003,40.685024],[-73.97798,40.685237],[-73.978312,40.687496],[-73.978357,40.68764],[-73.978469,40.687815],[-73.978747,40.688036],[-73.980545,40.68876],[-73.98074,40.688863],[-73.980954,40.689031],[-73.981149,40.689287],[-73.982337,40.691624],[-73.982521,40.69184],[-73.982784,40.691988],[-73.983034,40.692054],[-73.983226,40.692077],[-73.988439,40.692277],[-73.98872,40.692309],[-73.98897,40.692367],[-73.98919,40.692449],[-73.989463,40.692621],[-73.989669,40.692849],[-73.989854,40.693186],[-73.99001,40.693389],[-73.990274,40.693608],[-73.990602,40.693768],[-73.997667,40.695716],[-73.998895,40.696088],[-74.01011,40.699942],[-74.011544,40.700546],[-74.011896,40.700755],[-74.012187,40.700997],[-74.012415,40.701273],[-74.012581,40.701582],[-74.012658,40.701808],[-74.013114,40.703592],[-74.013358,40.705072],[-74.013493,40.705357],[-74.01387,40.70582],[-74.013992,40.706007],[-74.01405,40.706184],[-74.014044,40.706352],[-74.013938,40.706562],[-74.013432,40.707111],[-74.013205,40.7074],[-74.010465,40.711537],[-74.01027,40.711701],[-74.010032,40.71177],[-74.009749,40.711744],[-74.009245,40.711561],[-74.008937,40.7115],[-74.008794,40.711501],[-74.008594,40.711544],[-74.008353,40.711676],[-74.007703,40.712488],[-74.007454,40.712713],[-74.006368,40.714018],[-74.006242,40.714236],[-73.991649,40.731485],[-73.991505,40.731693],[-73.991367,40.732044],[-73.990206,40.737433],[-73.989512,40.740195],[-73.989344,40.741303],[-73.989116,40.743221],[-73.98795,40.749567],[-73.98751,40.752127],[-73.987306,40.752904],[-73.986106,40.756705],[-73.985775,40.757477],[-73.985582,40.757835],[-73.985298,40.75828],[-73.984139,40.759901],[-73.979499,40.766254],[-73.979308,40.766455],[-73.979091,40.766585],[-73.978931,40.766632],[-73.978668,40.766641],[-73.978276,40.76654],[-73.974121,40.764793],[-73.973847,40.764767],[-73.972718,40.764873],[-73.972575,40.764864],[-73.972347,40.764799],[-73.959131,40.75923],[-73.946938,40.753765],[-73.944152,40.752553],[-73.943838,40.752397],[-73.943557,40.752184],[-73.943348,40.751945],[-73.943209,40.75168],[-73.943156,40.751489],[-73.943135,40.751287],[-73.943167,40.750146],[-73.943114,40.749935],[-73.942975,40.749688],[-73.941909,40.748566],[-73.941681,40.74836],[-73.941437,40.748197],[-73.941176,40.748077],[-73.94075,40.747977],[-73.940285,40.747972],[-73.93978,40.748061],[-73.936897,40.749114],[-73.936655,40.749251],[-73.936442,40.749408],[-73.934913,40.750826],[-73.934532,40.751125],[-73.933905,40.751491],[-73.933212,40.751758],[-73.932713,40.75188],[-73.931908,40.751979],[-73.92612,40.752098],[-73.925273,40.752217],[-73.924757,40.75234],[-73.924467,40.752452],[-73.924129,40.752654],[-73.923848,40.752918],[-73.921421,40.756039],[-73.91985,40.757972],[-73.919713,40.758107],[-73.919568,40.758213],[-73.919262,40.758378],[-73.918936,40.758481],[-73.918765,40.75851],[-73.91859,40.758523],[-73.918224,40.758502],[-73.917638,40.758356],[-73.917222,40.758182],[-73.914404,40.756812],[-73.906786,40.753221],[-73.885104,40.743987],[-73.882917,40.742933],[-73.882218,40.742569],[-73.881592,40.742215],[-73.880977,40.741822],[-73.879422,40.740665],[-73.879117,40.740389],[-73.878845,40.740052],[-73.878649,40.739739],[-73.877223,40.737015],[-73.876951,40.736514],[-73.876705,40.736148],[-73.876405,40.735812],[-73.876054,40.735507],[-73.87565,40.735232],[-73.875194,40.734988],[-73.874412,40.734679],[-73.870454,40.733509],[-73.869229,40.733106],[-73.868127,40.732638],[-73.867573,40.732358],[-73.86639,40.731688],[-73.865257,40.731187],[-73.854378,40.727216],[-73.85321,40.72674],[-73.852185,40.726271],[-73.851377,40.7258],[-73.850805,40.725382],[-73.849912,40.724584],[-73.849372,40.724151],[-73.848797,40.723747],[-73.848187,40.723371],[-73.847541,40.723026],[-73.844521,40.721691]]}},{"type":"Feature","properties":{"color":"#F6BC26","description":"Broadway Local","route":"R","routeId":"R","shapeId":"R..S27R"},"geometry":{"type":"LineString","coordinates":[[-74.012994,40.703087],[-74.012622,40.701693],[-74.012477,40.701372],[-74.01227,40.701086],[-74.012,40.700832],[-74.011669,40.700612],[-74.011412,40.700483],[-74.01011,40.699942],[-73.998636,40.696005],[-73.997667,40.695716],[-73.990602,40.693768],[-73.990274,40.693608],[-73.99001,40.693389],[-73.989854,40.693186],[-73.989669,40.692849],[-73.989463,40.692621],[-73.98919,40.692449],[-73.98897,40.692367],[-73.98872,40.692309],[-73.988439,40.692277],[-73.983226,40.692077],[-73.982862,40.692014],[-73.982642,40.691922],[-73.982467,40.691792],[-73.982337,40.691624],[-73.981149,40.689287],[-73.980954,40.689031],[-73.98074,40.688863],[-73.980545,40.68876],[-73.978805,40.688068],[-73.978547,40.687894],[-73.978406,40.68773],[-73.978338,40.687594],[-73.978304,40.687446],[-73.97798,40.685237],[-73.978003,40.685024],[-73.978143,40.684683],[-73.97881,40.683666],[-73.983934,40.676104],[-73.992675,40.66562],[-74.022278,40.63714],[-74.022507,40.636889],[-74.022667,40.636649],[-74.022774,40.636436],[-74.030876,40.616622]]}},{"type":"Feature","properties":{"color":"#F6BC26","description":"Broadway Local","route":"R","routeId":"R","shapeId":"R..S36R"},"geometry":{"type":"LineString","coordinates":[[-73.998091,40.660397],[-74.022278,40.63714],[-74.022507,40.636889],[-74.022667,40.636649],[-74.022774,40.636436],[-74.030876,40.616622]]}},{"type":"Feature","properties":{"color":"#F6BC26","description":"Broadway Local","route":"R","routeId":"R","shapeId":"R..S71R"},"geometry":{"type":"LineString","coordinates":[[-73.844521,40.721691],[-73.847541,40.723026],[-73.848187,40.723371],[-73.848797,40.723747],[-73.849372,40.724151],[-73.849912,40.724584],[-73.850805,40.725382],[-73.851377,40.7258],[-73.852185,40.726271],[-73.85321,40.72674],[-73.854378,40.727216],[-73.865257,40.731187],[-73.86639,40.731688],[-73.867573,40.732358],[-73.868127,40.732638],[-73.869229,40.733106],[-73.870454,40.733509],[-73.874412,40.734679],[-73.875194,40.734988],[-73.87565,40.735232],[-73.876054,40.735507],[-73.876405,40.735812],[-73.876705,40.736148],[-73.876951,40.736514],[-73.877223,40.737015],[-73.878649,40.739739],[-73.878845,40.740052],[-73.879117,40.740389],[-73.879422,40.740665],[-73.880977,40.741822],[-73.881592,40.742215],[-73.882218,40.742569],[-73.882917,40.742933],[-73.885104,40.743987],[-73.906786,40.753221],[-73.914404,40.756812],[-73.917222,40.758182],[-73.917638,40.758356],[-73.918224,40.758502],[-73.91859,40.758523],[-73.918765,40.75851],[-73.918936,40.758481],[-73.919262,40.758378],[-73.919568,40.758213],[-73.919713,40.758107],[-73.91985,40.757972],[-73.921421,40.756039],[-73.923848,40.752918],[-73.924129,40.752654],[-73.924467,40.752452],[-73.924757,40.75234],[-73.925273,40.752217],[-73.92612,40.752098],[-73.931908,40.751979],[-73.932713,40.75188],[-73.933212,40.751758],[-73.933682,40.751591],[-73.934526,40.751094],[-73.934913,40.750826],[-73.936442,40.749408],[-73.936655,40.749251],[-73.936897,40.749114],[-73.93978,40.748061],[-73.940285,40.747972],[-73.94075,40.747977],[-73.941176,40.748077],[-73.941437,40.748197],[-73.941681,40.74836],[-73.941909,40.748566],[-73.942975,40.749688],[-73.943114,40.749935],[-73.943167,40.750146],[-73.943135,40.751287],[-73.943156,40.751489],[-73.943209,40.75168],[-73.943348,40.751945],[-73.943557,40.752184],[-73.943838,40.752397],[-73.944152,40.752553],[-73.946938,40.753765],[-73.959131,40.75923],[-73.972347,40.764799],[-73.972575,40.764864],[-73.972718,40.764873],[-73.973847,40.764767],[-73.974121,40.764793],[-73.978379,40.766577],[-73.978575,40.766628],[-73.978759,40.766646],[-73.978931,40.766632],[-73.979166,40.76655],[-73.979375,40.766396],[-73.979499,40.766254],[-73.984139,40.759901],[-73.985298,40.75828],[-73.985582,40.757835],[-73.985775,40.757477],[-73.986106,40.756705],[-73.987306,40.752904],[-73.98751,40.752127],[-73.98795,40.749567],[-73.989116,40.743221],[-73.989344,40.741303],[-73.989512,40.740195],[-73.990206,40.737433],[-73.991367,40.732044],[-73.991505,40.731693],[-73.991649,40.731485],[-74.006242,40.714236],[-74.006368,40.714018],[-74.007454,40.712713],[-74.007703,40.712488],[-74.008353,40.711676],[-74.008594,40.711544],[-74.008794,40.711501],[-74.008937,40.7115],[-74.009245,40.711561],[-74.009749,40.711744],[-74.010032,40.71177],[-74.01027,40.711701],[-74.010465,40.711537],[-74.013205,40.7074],[-74.013432,40.707111],[-74.013975,40.706511],[-74.014044,40.706352],[-74.014055,40.706241],[-74.014018,40.706067],[-74.013958,40.705946],[-74.01352,40.705396],[-74.013371,40.705114],[-74.013114,40.703592],[-74.012658,40.701808],[-74.012581,40.701582],[-74.012415,40.701273],[-74.012187,40.700997],[-74.011786,40.700682],[-74.011412,40.700483],[-74.01011,40.699942],[-73.998895,40.696088],[-73.997667,40.695716],[-73.990602,40.693768],[-73.990274,40.693608],[-73.99001,40.693389],[-73.989854,40.693186],[-73.989669,40.692849],[-73.989463,40.692621],[-73.98919,40.692449],[-73.98897,40.692367],[-73.98872,40.692309],[-73.988439,40.692277],[-73.983226,40.692077],[-73.982862,40.692014],[-73.982642,40.691922],[-73.982467,40.691792],[-73.982337,40.691624],[-73.981149,40.689287],[-73.980954,40.689031],[-73.98074,40.688863],[-73.980545,40.68876],[-73.978805,40.688068],[-73.978547,40.687894],[-73.978406,40.68773],[-73.978312,40.687496],[-73.97798,40.685237],[-73.97804,40.684897],[-73.978169,40.684641],[-73.97881,40.683666],[-73.983934,40.676104],[-73.992675,40.66562],[-74.022278,40.63714],[-74.022507,40.636889],[-74.022667,40.636649],[-74.022774,40.636436],[-74.030876,40.616622]]}},{"type":"Feature","properties":{"color":"#F6BC26","description":"Broadway Local","route":"R","routeId":"R","shapeId":"R..S96R"},"geometry":{"type":"LineString","coordinates":[[-73.844521,40.721691],[-73.847541,40.723026],[-73.848187,40.723371],[-73.848797,40.723747],[-73.849372,40.724151],[-73.849912,40.724584],[-73.850805,40.725382],[-73.851377,40.7258],[-73.852185,40.726271],[-73.85321,40.72674],[-73.854378,40.727216],[-73.865257,40.731187],[-73.86639,40.731688],[-73.867573,40.732358],[-73.868127,40.732638],[-73.869229,40.733106],[-73.870454,40.733509],[-73.874412,40.734679],[-73.875194,40.734988],[-73.87565,40.735232],[-73.876054,40.735507],[-73.876405,40.735812],[-73.876705,40.736148],[-73.876951,40.736514],[-73.877223,40.737015],[-73.878649,40.739739],[-73.878845,40.740052],[-73.879117,40.740389],[-73.879422,40.740665],[-73.880977,40.741822],[-73.881592,40.742215],[-73.882218,40.742569],[-73.882917,40.742933],[-73.885104,40.743987],[-73.906786,40.753221],[-73.914404,40.756812],[-73.917222,40.758182],[-73.917638,40.758356],[-73.918224,40.758502],[-73.91859,40.758523],[-73.918765,40.75851],[-73.918936,40.758481],[-73.919262,40.758378],[-73.919568,40.758213],[-73.919713,40.758107],[-73.91985,40.757972],[-73.921421,40.756039],[-73.923848,40.752918],[-73.924129,40.752654],[-73.924467,40.752452],[-73.924757,40.75234],[-73.925273,40.752217],[-73.92612,40.752098],[-73.931908,40.751979],[-73.932713,40.75188],[-73.933212,40.751758],[-73.933905,40.751491],[-73.934532,40.751125],[-73.934913,40.750826],[-73.936442,40.749408],[-73.936655,40.749251],[-73.936897,40.749114],[-73.93978,40.748061],[-73.940285,40.747972],[-73.94075,40.747977],[-73.941176,40.748077],[-73.941437,40.748197],[-73.941681,40.74836],[-73.941909,40.748566],[-73.942975,40.749688],[-73.943114,40.749935],[-73.943167,40.750146],[-73.943135,40.751287],[-73.943156,40.751489],[-73.943209,40.75168],[-73.943348,40.751945],[-73.943557,40.752184],[-73.943838,40.752397],[-73.944152,40.752553],[-73.946938,40.753765],[-73.959131,40.75923],[-73.972347,40.764799],[-73.972575,40.764864],[-73.972718,40.764873],[-73.973847,40.764767],[-73.974097,40.764787],[-73.978379,40.766577],[-73.978668,40.766641],[-73.978931,40.766632],[-73.979166,40.76655],[-73.979308,40.766455],[-73.979499,40.766254],[-73.984139,40.759901],[-73.985298,40.75828],[-73.985582,40.757835],[-73.985775,40.757477],[-73.985949,40.757101],[-73.986154,40.756569],[-73.987306,40.752904],[-73.98751,40.752127],[-73.98795,40.749567],[-73.989116,40.743221],[-73.989344,40.741303],[-73.989512,40.740195],[-73.990206,40.737433],[-73.991367,40.732044],[-73.991505,40.731693],[-73.991649,40.731485],[-74.001483,40.719858],[-74.001592,40.71965],[-74.001622,40.719519],[-74.001601,40.719334],[-74.001544,40.719218],[-74.001393,40.719055],[-74.00046,40.718383],[-74.001775,40.719527],[-74.006242,40.714236],[-74.006368,40.714018],[-74.007454,40.712713],[-74.007703,40.712488],[-74.008353,40.711676],[-74.008594,40.711544],[-74.008794,40.711501],[-74.008937,40.7115],[-74.009245,40.711561],[-74.009749,40.711744],[-74.009965,40.711773],[-74.010215,40.711728],[-74.01042,40.711587],[-74.013205,40.7074],[-74.013432,40.707111],[-74.013938,40.706562],[-74.014005,40.706459],[-74.014053,40.706297],[-74.014037,40.706126],[-74.013958,40.705946],[-74.01352,40.705396],[-74.013371,40.705114],[-74.013114,40.703592],[-74.012658,40.701808],[-74.012581,40.701582],[-74.012415,40.701273],[-74.012187,40.700997],[-74.011896,40.700755],[-74.011544,40.700546],[-74.01011,40.699942],[-73.998895,40.696088],[-73.997667,40.695716],[-73.990602,40.693768],[-73.990274,40.693608],[-73.99001,40.693389],[-73.989854,40.693186],[-73.989669,40.692849],[-73.989463,40.692621],[-73.98919,40.692449],[-73.98897,40.692367],[-73.98872,40.692309],[-73.988439,40.692277],[-73.983226,40.692077],[-73.983034,40.692054],[-73.982784,40.691988],[-73.982521,40.69184],[-73.982337,40.691624],[-73.981149,40.689287],[-73.980954,40.689031],[-73.98074,40.688863],[-73.980545,40.68876],[-73.978747,40.688036],[-73.978469,40.687815],[-73.978357,40.68764],[-73.978312,40.687496],[-73.97798,40.685237],[-73.978003,40.685024],[-73.978075,40.684811],[-73.97881,40.683666],[-73.98375,40.676359],[-73.984102,40.675887],[-73.992675,40.66562],[-74.005194,40.653563],[-74.005328,40.653363],[-74.00539,40.653181],[-74.005393,40.65307],[-74.005364,40.652966],[-74.005261,40.652825],[-74.005152,40.652741],[-73.999461,40.649329],[-73.998784,40.649001],[-73.993237,40.645636],[-73.992987,40.64541],[-73.992878,40.645258],[-73.992816,40.645105],[-73.992801,40.644952],[-73.992832,40.644798],[-73.992967,40.644565],[-73.994046,40.643555],[-73.994163,40.64339],[-73.994237,40.643213],[-73.994266,40.643022],[-73.99432,40.640167],[-73.994352,40.639712],[-73.9953,40.632265],[-73.99539,40.631779],[-74.001774,40.609431],[-74.001826,40.609184],[-74.001843,40.608941],[-74.001634,40.60709],[-74.001576,40.606899],[-74.001484,40.606722],[-74.001258,40.606458],[-74.00101,40.606273],[-73.993728,40.601875]]}},{"type":"Feature","properties":{"color":"#F6BC26","description":"Broadway Local","route":"W","routeId":"W","shapeId":"N..N70R"},"geometry":{"type":"LineString","coordinates":[[-73.97823,40.592721],[-73.981848,40.611815],[-73.982195,40.613511],[-73.98245,40.6144],[-73.982703,40.615027],[-73.983015,40.615584],[-73.983485,40.616191],[-73.983937,40.616637],[-73.984597,40.617146],[-73.99535,40.623661],[-73.995661,40.623924],[-73.995945,40.624246],[-73.996865,40.625619],[-73.997378,40.626274],[-73.997917,40.626811],[-73.99837,40.627155],[-74.008933,40.633558],[-74.011149,40.634786],[-74.011577,40.635001],[-74.01198,40.63517],[-74.012845,40.635454],[-74.016561,40.636415],[-74.019716,40.637339],[-74.020216,40.637546],[-74.02061,40.637783],[-74.020872,40.638018],[-74.020936,40.638145],[-74.020944,40.638235],[-74.020879,40.638433],[-74.020704,40.63865],[-73.992872,40.665414],[-73.992521,40.665792],[-73.983975,40.67605],[-73.978169,40.684641],[-73.978026,40.684939],[-73.97798,40.685237],[-73.978338,40.687594],[-73.978406,40.68773],[-73.978506,40.687855],[-73.978805,40.688068],[-73.980545,40.68876],[-73.98074,40.688863],[-73.980954,40.689031],[-73.981149,40.689287],[-73.982337,40.691624],[-73.982521,40.69184],[-73.982784,40.691988],[-73.983034,40.692054],[-73.983226,40.692077],[-73.988439,40.692277],[-73.98872,40.692309],[-73.98897,40.692367],[-73.98919,40.692449],[-73.989463,40.692621],[-73.989669,40.692849],[-73.989854,40.693186],[-73.99001,40.693389],[-73.990274,40.693608],[-73.990602,40.693768],[-73.997667,40.695716],[-73.998895,40.696088],[-74.01011,40.699942],[-74.011544,40.700546],[-74.011896,40.700755],[-74.012187,40.700997],[-74.012415,40.701273],[-74.012581,40.701582],[-74.012658,40.701808],[-74.013114,40.703592],[-74.013358,40.705072],[-74.013493,40.705357],[-74.01387,40.70582],[-74.013992,40.706007],[-74.01405,40.706184],[-74.014028,40.706406],[-74.013938,40.706562],[-74.013432,40.707111],[-74.013205,40.7074],[-74.010465,40.711537],[-74.01027,40.711701],[-74.010032,40.71177],[-74.009749,40.711744],[-74.009245,40.711561],[-74.008937,40.7115],[-74.008794,40.711501],[-74.008594,40.711544],[-74.008353,40.711676],[-74.007703,40.712488],[-74.007454,40.712713],[-74.006368,40.714018],[-74.006242,40.714236],[-73.991649,40.731485],[-73.991505,40.731693],[-73.991367,40.732044],[-73.990206,40.737433],[-73.989512,40.740195],[-73.989344,40.741303],[-73.989116,40.743221],[-73.98795,40.749567],[-73.98751,40.752127],[-73.987306,40.752904],[-73.986154,40.756569],[-73.985949,40.757101],[-73.985775,40.757477],[-73.985582,40.757835],[-73.985298,40.75828],[-73.984139,40.759901],[-73.979499,40.766254],[-73.979375,40.766396],[-73.979239,40.766507],[-73.979091,40.766585],[-73.978846,40.766643],[-73.978575,40.766628],[-73.978379,40.766577],[-73.974097,40.764787],[-73.973847,40.764767],[-73.972718,40.764873],[-73.972575,40.764864],[-73.972347,40.764799],[-73.959131,40.75923],[-73.946938,40.753765],[-73.942041,40.751632],[-73.941718,40.751448],[-73.941397,40.751167],[-73.941087,40.750963],[-73.938774,40.749956],[-73.938375,40.74975],[-73.937515,40.749245],[-73.937265,40.749176],[-73.937018,40.749172],[-73.936696,40.749267],[-73.936459,40.749415],[-73.934871,40.750874],[-73.934573,40.751108],[-73.933946,40.751513],[-73.933601,40.751841],[-73.921479,40.766779],[-73.920795,40.767617],[-73.920542,40.767889],[-73.919982,40.768421],[-73.917843,40.770258],[-73.912034,40.775036]]}},{"type":"Feature","properties":{"color":"#F6BC26","description":"Broadway Local","route":"W","routeId":"W","shapeId":"N..N72R"},"geometry":{"type":"LineString","coordinates":[[-74.012994,40.703087],[-74.013171,40.703865],[-74.013371,40.705114],[-74.01352,40.705396],[-74.01387,40.70582],[-74.013992,40.706007],[-74.01405,40.706184],[-74.014028,40.706406],[-74.013938,40.706562],[-74.013432,40.707111],[-74.013205,40.7074],[-74.010465,40.711537],[-74.01027,40.711701],[-74.010032,40.71177],[-74.009749,40.711744],[-74.009245,40.711561],[-74.008937,40.7115],[-74.008794,40.711501],[-74.008594,40.711544],[-74.008353,40.711676],[-74.007703,40.712488],[-74.007454,40.712713],[-74.006368,40.714018],[-74.006242,40.714236],[-73.991649,40.731485],[-73.991482,40.731736],[-73.991367,40.732044],[-73.990166,40.737608],[-73.989512,40.740195],[-73.989344,40.741303],[-73.989116,40.743221],[-73.98795,40.749567],[-73.98751,40.752127],[-73.987306,40.752904],[-73.986154,40.756569],[-73.985949,40.757101],[-73.985775,40.757477],[-73.985582,40.757835],[-73.985298,40.75828],[-73.984139,40.759901],[-73.979499,40.766254],[-73.979375,40.766396],[-73.979239,40.766507],[-73.979091,40.766585],[-73.978846,40.766643],[-73.978575,40.766628],[-73.978379,40.766577],[-73.974097,40.764787],[-73.973847,40.764767],[-73.972718,40.764873],[-73.972575,40.764864],[-73.972347,40.764799],[-73.959131,40.75923],[-73.946938,40.753765],[-73.942041,40.751632],[-73.941718,40.751448],[-73.941397,40.751167],[-73.941087,40.750963],[-73.938774,40.749956],[-73.938375,40.74975],[-73.937515,40.749245],[-73.937265,40.749176],[-73.937018,40.749172],[-73.936696,40.749267],[-73.936459,40.749415],[-73.934871,40.750874],[-73.934573,40.751108],[-73.933946,40.751513],[-73.933601,40.751841],[-73.921479,40.766779],[-73.920795,40.767617],[-73.920542,40.767889],[-73.919982,40.768421],[-73.917843,40.770258],[-73.912034,40.775036]]}},{"type":"Feature","properties":{"color":"#F6BC26","description":"Broadway Local","route":"W","routeId":"W","shapeId":"N..S70R"},"geometry":{"type":"LineString","coordinates":[[-73.912034,40.775036],[-73.917843,40.770258],[-73.919982,40.768421],[-73.920542,40.767889],[-73.920795,40.767617],[-73.921479,40.766779],[-73.933601,40.751841],[-73.933946,40.751513],[-73.934573,40.751108],[-73.934871,40.750874],[-73.936459,40.749415],[-73.936696,40.749267],[-73.937018,40.749172],[-73.937265,40.749176],[-73.937515,40.749245],[-73.938375,40.74975],[-73.938774,40.749956],[-73.941087,40.750963],[-73.941397,40.751167],[-73.941718,40.751448],[-73.942041,40.751632],[-73.946938,40.753765],[-73.959131,40.75923],[-73.972347,40.764799],[-73.972575,40.764864],[-73.972718,40.764873],[-73.973847,40.764767],[-73.974097,40.764787],[-73.978379,40.766577],[-73.978575,40.766628],[-73.978846,40.766643],[-73.979091,40.766585],[-73.979239,40.766507],[-73.979375,40.766396],[-73.979499,40.766254],[-73.984139,40.759901],[-73.985298,40.75828],[-73.985582,40.757835],[-73.985775,40.757477],[-73.985949,40.757101],[-73.986154,40.756569],[-73.987306,40.752904],[-73.98751,40.752127],[-73.98795,40.749567],[-73.989116,40.743221],[-73.989344,40.741303],[-73.989512,40.740195],[-73.990206,40.737433],[-73.991367,40.732044],[-73.991505,40.731693],[-73.991649,40.731485],[-74.006242,40.714236],[-74.006368,40.714018],[-74.007454,40.712713],[-74.007703,40.712488],[-74.008353,40.711676],[-74.008594,40.711544],[-74.008794,40.711501],[-74.008937,40.7115],[-74.009245,40.711561],[-74.009749,40.711744],[-74.010032,40.71177],[-74.01027,40.711701],[-74.010465,40.711537],[-74.013205,40.7074],[-74.013432,40.707111],[-74.013938,40.706562],[-74.014028,40.706406],[-74.01405,40.706184],[-74.013992,40.706007],[-74.01387,40.70582],[-74.013493,40.705357],[-74.013358,40.705072],[-74.013114,40.703592],[-74.012658,40.701808],[-74.012581,40.701582],[-74.012415,40.701273],[-74.012187,40.700997],[-74.011896,40.700755],[-74.011544,40.700546],[-74.01011,40.699942],[-73.998895,40.696088],[-73.997667,40.695716],[-73.990602,40.693768],[-73.990274,40.693608],[-73.99001,40.693389],[-73.989854,40.693186],[-73.989669,40.692849],[-73.989463,40.692621],[-73.98919,40.692449],[-73.98897,40.692367],[-73.98872,40.692309],[-73.988439,40.692277],[-73.983226,40.692077],[-73.983034,40.692054],[-73.982784,40.691988],[-73.982521,40.69184],[-73.982337,40.691624],[-73.981149,40.689287],[-73.980954,40.689031],[-73.98074,40.688863],[-73.980545,40.68876],[-73.978805,40.688068],[-73.978506,40.687855],[-73.978406,40.68773],[-73.978338,40.687594],[-73.97798,40.685237],[-73.978026,40.684939],[-73.978169,40.684641],[-73.983975,40.67605],[-73.992521,40.665792],[-73.992872,40.665414],[-74.020704,40.63865],[-74.020879,40.638433],[-74.020944,40.638235],[-74.020936,40.638145],[-74.020872,40.638018],[-74.02061,40.637783],[-74.020216,40.637546],[-74.019716,40.637339],[-74.016561,40.636415],[-74.012845,40.635454],[-74.01198,40.63517],[-74.011577,40.635001],[-74.011149,40.634786],[-74.008933,40.633558],[-73.99837,40.627155],[-73.997917,40.626811],[-73.997378,40.626274],[-73.996865,40.625619],[-73.995945,40.624246],[-73.995661,40.623924],[-73.99535,40.623661],[-73.984597,40.617146],[-73.983937,40.616637],[-73.983485,40.616191],[-73.983015,40.615584],[-73.982703,40.615027],[-73.98245,40.6144],[-73.982195,40.613511],[-73.981848,40.611815],[-73.97823,40.592721]]}},{"type":"Feature","properties":{"color":"#F6BC26","description":"Broadway Local","route":"W","routeId":"W","shapeId":"N..S72R"},"geometry":{"type":"LineString","coordinates":[[-73.912034,40.775036],[-73.917843,40.770258],[-73.919982,40.768421],[-73.920542,40.767889],[-73.920795,40.767617],[-73.921479,40.766779],[-73.933601,40.751841],[-73.933946,40.751513],[-73.934573,40.751108],[-73.934871,40.750874],[-73.936459,40.749415],[-73.936696,40.749267],[-73.937018,40.749172],[-73.937265,40.749176],[-73.937515,40.749245],[-73.938375,40.74975],[-73.938774,40.749956],[-73.941087,40.750963],[-73.941397,40.751167],[-73.941718,40.751448],[-73.942041,40.751632],[-73.946938,40.753765],[-73.959131,40.75923],[-73.972347,40.764799],[-73.972575,40.764864],[-73.972718,40.764873],[-73.973847,40.764767],[-73.974097,40.764787],[-73.978379,40.766577],[-73.978575,40.766628],[-73.978846,40.766643],[-73.979091,40.766585],[-73.979239,40.766507],[-73.979375,40.766396],[-73.979499,40.766254],[-73.984139,40.759901],[-73.985298,40.75828],[-73.985582,40.757835],[-73.985775,40.757477],[-73.985949,40.757101],[-73.986154,40.756569],[-73.987306,40.752904],[-73.98751,40.752127],[-73.98795,40.749567],[-73.989116,40.743221],[-73.989344,40.741303],[-73.989512,40.740195],[-73.990166,40.737608],[-73.991367,40.732044],[-73.991482,40.731736],[-73.991649,40.731485],[-74.006242,40.714236],[-74.006368,40.714018],[-74.007454,40.712713],[-74.007703,40.712488],[-74.008353,40.711676],[-74.008594,40.711544],[-74.008794,40.711501],[-74.008937,40.7115],[-74.009245,40.711561],[-74.009749,40.711744],[-74.010032,40.71177],[-74.01027,40.711701],[-74.010465,40.711537],[-74.013205,40.7074],[-74.013432,40.707111],[-74.013938,40.706562],[-74.014028,40.706406],[-74.01405,40.706184],[-74.013992,40.706007],[-74.01387,40.70582],[-74.01352,40.705396],[-74.013371,40.705114],[-74.013171,40.703865],[-74.012994,40.703087]]}},{"type":"Feature","properties":{"color":"#F6BC26","description":"Broadway Local","route":"W","routeId":"W","shapeId":"N..S74R"},"geometry":{"type":"LineString","coordinates":[[-73.912034,40.775036],[-73.917843,40.770258],[-73.919982,40.768421],[-73.920542,40.767889],[-73.920795,40.767617],[-73.921479,40.766779],[-73.933601,40.751841],[-73.933946,40.751513],[-73.934573,40.751108],[-73.934871,40.750874],[-73.936459,40.749415],[-73.936696,40.749267],[-73.937018,40.749172],[-73.937265,40.749176],[-73.937515,40.749245],[-73.938375,40.74975],[-73.938774,40.749956],[-73.941087,40.750963],[-73.941397,40.751167],[-73.941718,40.751448],[-73.942041,40.751632],[-73.946938,40.753765],[-73.959131,40.75923],[-73.972347,40.764799],[-73.972575,40.764864],[-73.972718,40.764873],[-73.973847,40.764767],[-73.974097,40.764787],[-73.978379,40.766577],[-73.978575,40.766628],[-73.978846,40.766643],[-73.979091,40.766585],[-73.979239,40.766507],[-73.979375,40.766396],[-73.979499,40.766254],[-73.984139,40.759901],[-73.985298,40.75828],[-73.985582,40.757835],[-73.985775,40.757477],[-73.985949,40.757101],[-73.986154,40.756569],[-73.987306,40.752904],[-73.98751,40.752127],[-73.98795,40.749567],[-73.989116,40.743221],[-73.989344,40.741303],[-73.989512,40.740195],[-73.990206,40.737433],[-73.991367,40.732044],[-73.991505,40.731693],[-73.991649,40.731485],[-74.001483,40.719858],[-74.001592,40.71965],[-74.001622,40.719519],[-74.001601,40.719334],[-74.001544,40.719218],[-74.001393,40.719055],[-74.00046,40.718383],[-74.001775,40.719527],[-74.006242,40.714236],[-74.006368,40.714018],[-74.007454,40.712713],[-74.007703,40.712488],[-74.008353,40.711676],[-74.008594,40.711544],[-74.008794,40.711501],[-74.008937,40.7115],[-74.009245,40.711561],[-74.009749,40.711744],[-74.009965,40.711773],[-74.010215,40.711728],[-74.01042,40.711587],[-74.013205,40.7074],[-74.013432,40.707111],[-74.013938,40.706562],[-74.014005,40.706459],[-74.014055,40.706241],[-74.013992,40.706007],[-74.01387,40.70582],[-74.013493,40.705357],[-74.013358,40.705072],[-74.013114,40.703592],[-74.012658,40.701808],[-74.012581,40.701582],[-74.012415,40.701273],[-74.012187,40.700997],[-74.012,40.700832],[-74.011669,40.700612],[-74.011412,40.700483],[-74.01011,40.699942],[-73.998895,40.696088],[-73.997667,40.695716],[-73.990602,40.693768],[-73.990274,40.693608],[-73.99001,40.693389],[-73.989854,40.693186],[-73.989669,40.692849],[-73.989463,40.692621],[-73.98919,40.692449],[-73.98897,40.692367],[-73.98872,40.692309],[-73.988439,40.692277],[-73.983226,40.692077],[-73.983034,40.692054],[-73.982784,40.691988],[-73.982521,40.69184],[-73.982337,40.691624],[-73.981149,40.689287],[-73.980954,40.689031],[-73.98074,40.688863],[-73.980545,40.68876],[-73.978747,40.688036],[-73.978469,40.687815],[-73.978357,40.68764],[-73.978312,40.687496],[-73.97798,40.685237],[-73.978003,40.685024],[-73.978075,40.684811],[-73.97881,40.683666],[-73.98375,40.676359],[-73.984102,40.675887],[-73.992675,40.66562],[-74.005194,40.653563],[-74.005328,40.653363],[-74.00539,40.653181],[-74.005393,40.65307],[-74.005364,40.652966],[-74.005261,40.652825],[-74.005152,40.652741],[-73.999461,40.649329],[-73.998784,40.649001],[-73.993237,40.645636],[-73.992987,40.64541],[-73.992878,40.645258],[-73.992816,40.645105],[-73.992801,40.644952],[-73.992832,40.644798],[-73.992967,40.644565],[-73.994046,40.643555],[-73.994163,40.64339],[-73.994237,40.643213],[-73.994266,40.643022],[-73.99432,40.640167],[-73.994352,40.639712],[-73.9953,40.632265],[-73.99539,40.631779],[-74.001774,40.609431],[-74.001826,40.609184],[-74.001843,40.608941],[-74.001634,40.60709],[-74.001576,40.606899],[-74.001484,40.606722],[-74.001258,40.606458],[-74.00101,40.606273],[-73.993728,40.601875]]}},{"type":"Feature","properties":{"color":"#7C858C","description":"42 St Shuttle","route":"S","routeId":"GS","shapeId":"GS.N01R"},"geometry":{"type":"LineString","coordinates":[[-73.979189,40.752769],[-73.985728,40.755522],[-73.985909,40.755622],[-73.986055,40.755738],[-73.986229,40.755983]]}},{"type":"Feature","properties":{"color":"#7C858C","description":"42 St Shuttle","route":"S","routeId":"GS","shapeId":"GS.S01R"},"geometry":{"type":"LineString","coordinates":[[-73.986229,40.755983],[-73.986055,40.755738],[-73.985909,40.755622],[-73.985728,40.755522],[-73.979189,40.752769]]}},{"type":"Feature","properties":{"color":"#7C858C","description":"Franklin Avenue Shuttle","route":"S","routeId":"FS","shapeId":"FS.N01R"},"geometry":{"type":"LineString","coordinates":[[-73.962246,40.661614],[-73.962267,40.661951],[-73.962251,40.662187],[-73.962179,40.662556],[-73.9621,40.662811],[-73.961509,40.664126],[-73.955943,40.679434],[-73.955856,40.679876],[-73.955827,40.680596]]}},{"type":"Feature","properties":{"color":"#7C858C","description":"Franklin Avenue Shuttle","route":"S","routeId":"FS","shapeId":"FS.S01R"},"geometry":{"type":"LineString","coordinates":[[-73.955827,40.680596],[-73.955856,40.679876],[-73.955943,40.679434],[-73.961509,40.664126],[-73.9621,40.662811],[-73.962179,40.662556],[-73.962251,40.662187],[-73.962267,40.661951],[-73.962246,40.661614]]}},{"type":"Feature","properties":{"color":"#7C858C","description":"Rockaway Park Shuttle","route":"S","routeId":"H","shapeId":"H..N21R"},"geometry":{"type":"LineString","coordinates":[[-73.835592,40.580903],[-73.83058,40.582272],[-73.828874,40.582832],[-73.822788,40.58454],[-73.82133,40.585014],[-73.811874,40.588745],[-73.811252,40.589079],[-73.810697,40.589474],[-73.810395,40.589741],[-73.810192,40.589962],[-73.809841,40.590407],[-73.809695,40.59063],[-73.809464,40.591079],[-73.809379,40.591304],[-73.809269,40.591756],[-73.809239,40.592211],[-73.809254,40.59244],[-73.809345,40.592898],[-73.809421,40.593127],[-73.815653,40.607677],[-73.815925,40.608382]]}},{"type":"Feature","properties":{"color":"#7C858C","description":"Rockaway Park Shuttle","route":"S","routeId":"H","shapeId":"H..N21X007"},"geometry":{"type":"LineString","coordinates":[[-73.835592,40.580903],[-73.83058,40.582272],[-73.828874,40.582832],[-73.822788,40.58454],[-73.821873,40.584825],[-73.820558,40.585307],[-73.812007,40.588685],[-73.811371,40.589008],[-73.810802,40.58939],[-73.810395,40.589741],[-73.810006,40.590184],[-73.809841,40.590407],[-73.80957,40.590854],[-73.809379,40.591304],[-73.809269,40.591756],[-73.809239,40.592211],[-73.809254,40.59244],[-73.809345,40.592898],[-73.809421,40.593127],[-73.815653,40.607677],[-73.815896,40.6083],[-73.816119,40.608977],[-73.82842,40.656136],[-73.828611,40.65675],[-73.828825,40.657337],[-73.829062,40.657898],[-73.830301,40.660476],[-73.838819,40.678102],[-73.839095,40.678632],[-73.840071,40.680272],[-73.840289,40.680534],[-73.840559,40.680722],[-73.840882,40.680836],[-73.841127,40.680871],[-73.841395,40.680873],[-73.841687,40.680843],[-73.843853,40.680429]]}},{"type":"Feature","properties":{"color":"#7C858C","description":"Rockaway Park Shuttle","route":"S","routeId":"H","shapeId":"H..S21R"},"geometry":{"type":"LineString","coordinates":[[-73.815925,40.608382],[-73.815653,40.607677],[-73.809421,40.593127],[-73.809345,40.592898],[-73.809254,40.59244],[-73.809239,40.592211],[-73.809269,40.591756],[-73.809379,40.591304],[-73.809464,40.591079],[-73.809695,40.59063],[-73.809841,40.590407],[-73.810192,40.589962],[-73.810395,40.589741],[-73.810697,40.589474],[-73.811252,40.589079],[-73.811874,40.588745],[-73.82133,40.585014],[-73.822788,40.58454],[-73.828874,40.582832],[-73.83058,40.582272],[-73.835592,40.580903]]}},{"type":"Feature","properties":{"color":"#7C858C","description":"Rockaway Park Shuttle","route":"S","routeId":"H","shapeId":"H..S21X007"},"geometry":{"type":"LineString","coordinates":[[-73.843853,40.680429],[-73.841687,40.680843],[-73.841395,40.680873],[-73.841127,40.680871],[-73.840882,40.680836],[-73.840559,40.680722],[-73.840289,40.680534],[-73.840071,40.680272],[-73.839095,40.678632],[-73.838819,40.678102],[-73.830301,40.660476],[-73.829062,40.657898],[-73.828825,40.657337],[-73.828611,40.65675],[-73.82842,40.656136],[-73.816119,40.608977],[-73.815896,40.6083],[-73.815653,40.607677],[-73.809421,40.593127],[-73.809345,40.592898],[-73.809254,40.59244],[-73.809239,40.592211],[-73.809269,40.591756],[-73.809379,40.591304],[-73.80957,40.590854],[-73.809841,40.590407],[-73.810006,40.590184],[-73.810395,40.589741],[-73.810802,40.58939],[-73.811371,40.589008],[-73.812007,40.588685],[-73.820558,40.585307],[-73.821873,40.584825],[-73.822788,40.58454],[-73.828874,40.582832],[-73.83058,40.582272],[-73.835592,40.580903]]}},{"type":"Feature","properties":{"color":"#D82233","description":"Broadway - 7 Avenue Local","route":"1","routeId":"1","shapeId":"1..N03R"},"geometry":{"type":"LineString","coordinates":[[-74.013664,40.702068],[-74.01482,40.703226],[-74.014952,40.703391],[-74.015035,40.703596],[-74.015122,40.704168],[-74.015123,40.704327],[-74.015086,40.704487],[-74.012648,40.710132],[-74.012529,40.7105],[-74.012188,40.711835],[-74.012094,40.712154],[-74.011986,40.712394],[-74.011864,40.712574],[-74.01171,40.712743],[-74.011011,40.713315],[-74.010848,40.713482],[-74.007249,40.718032],[-74.007117,40.718262],[-74.007046,40.718484],[-74.006886,40.719318],[-74.005221,40.729169],[-74.00516,40.729414],[-74.005062,40.729642],[-74.001345,40.736162],[-74.000973,40.736761],[-73.985786,40.757638],[-73.985569,40.758014],[-73.985421,40.758375],[-73.984959,40.759714],[-73.984577,40.760592],[-73.983038,40.76298],[-73.982464,40.764029],[-73.982156,40.764821],[-73.981977,40.765461],[-73.981689,40.767324],[-73.981718,40.767681],[-73.981781,40.767895],[-73.982012,40.768454],[-73.982088,40.768794],[-73.982212,40.774166],[-73.982091,40.777496],[-73.982058,40.777869],[-73.981906,40.778822],[-73.981314,40.780996],[-73.980847,40.782374],[-73.980748,40.782622],[-73.980473,40.783149],[-73.979917,40.783934],[-73.977656,40.786953],[-73.975942,40.788957],[-73.96866,40.798954],[-73.96821,40.799772],[-73.968082,40.800124],[-73.96798,40.80051],[-73.967929,40.80087],[-73.967789,40.802298],[-73.967719,40.802605],[-73.967582,40.802929],[-73.967465,40.803121],[-73.92519,40.861],[-73.925016,40.861204],[-73.924807,40.861396],[-73.924492,40.861621],[-73.924151,40.861805],[-73.920305,40.863239],[-73.919867,40.863451],[-73.919565,40.863669],[-73.919309,40.86395],[-73.914141,40.870986],[-73.913803,40.871376],[-73.913415,40.871758],[-73.912201,40.872766],[-73.910249,40.874278],[-73.90965,40.874686],[-73.908261,40.87577],[-73.907623,40.876213],[-73.906585,40.876765],[-73.906305,40.876957],[-73.906061,40.877176],[-73.905744,40.877584],[-73.902223,40.882525],[-73.901899,40.882988],[-73.901602,40.883467],[-73.900991,40.884461],[-73.90073,40.884928],[-73.898583,40.889248]]}},{"type":"Feature","properties":{"color":"#D82233","description":"Broadway - 7 Avenue Local","route":"1","routeId":"1","shapeId":"1..N16R"},"geometry":{"type":"LineString","coordinates":[[-74.013664,40.702068],[-74.01482,40.703226],[-74.014952,40.703391],[-74.015035,40.703596],[-74.015122,40.704168],[-74.015123,40.704327],[-74.015086,40.704487],[-74.012648,40.710132],[-74.012529,40.7105],[-74.012188,40.711835],[-74.012094,40.712154],[-74.011986,40.712394],[-74.011864,40.712574],[-74.01171,40.712743],[-74.011011,40.713315],[-74.010848,40.713482],[-74.007249,40.718032],[-74.007117,40.718262],[-74.007046,40.718484],[-74.006886,40.719318],[-74.005221,40.729169],[-74.00516,40.729414],[-74.005062,40.729642],[-74.001345,40.736162],[-74.000973,40.736761],[-73.985786,40.757638],[-73.985569,40.758014],[-73.985421,40.758375],[-73.984959,40.759714],[-73.984577,40.760592],[-73.983038,40.76298],[-73.982464,40.764029],[-73.982156,40.764821],[-73.981977,40.765461],[-73.981689,40.767324],[-73.981718,40.767681],[-73.981781,40.767895],[-73.982012,40.768454],[-73.982088,40.768794],[-73.982212,40.774166],[-73.982091,40.777496],[-73.982058,40.777869],[-73.981906,40.778822],[-73.981314,40.780996],[-73.980847,40.782374],[-73.980664,40.782794],[-73.980371,40.783313],[-73.977656,40.786953],[-73.975942,40.788957],[-73.968789,40.798763],[-73.968441,40.799326],[-73.96821,40.799772],[-73.968082,40.800124],[-73.96798,40.80051],[-73.967929,40.80087],[-73.967789,40.802298],[-73.967719,40.802605],[-73.967582,40.802929],[-73.967465,40.803121],[-73.953676,40.822008]]}},{"type":"Feature","properties":{"color":"#D82233","description":"Broadway - 7 Avenue Local","route":"1","routeId":"1","shapeId":"1..N17R"},"geometry":{"type":"LineString","coordinates":[[-74.013664,40.702068],[-74.01482,40.703226],[-74.014952,40.703391],[-74.015035,40.703596],[-74.015122,40.704168],[-74.015123,40.704327],[-74.015086,40.704487],[-74.012648,40.710132],[-74.012529,40.7105],[-74.012188,40.711835],[-74.012094,40.712154],[-74.011986,40.712394],[-74.011864,40.712574],[-74.01171,40.712743],[-74.011011,40.713315],[-74.010848,40.713482],[-74.007249,40.718032],[-74.007117,40.718262],[-74.007046,40.718484],[-74.006886,40.719318],[-74.005221,40.729169],[-74.00516,40.729414],[-74.005062,40.729642],[-74.001345,40.736162],[-74.000973,40.736761],[-73.985786,40.757638],[-73.985569,40.758014],[-73.985421,40.758375],[-73.984959,40.759714],[-73.984577,40.760592],[-73.983038,40.76298],[-73.982464,40.764029],[-73.982156,40.764821],[-73.981977,40.765461],[-73.981689,40.767324],[-73.981718,40.767681],[-73.981781,40.767895],[-73.982012,40.768454],[-73.982088,40.768794],[-73.982212,40.774166],[-73.982091,40.777496],[-73.982058,40.777869],[-73.981906,40.778822],[-73.981314,40.780996],[-73.980847,40.782374],[-73.980748,40.782622],[-73.980473,40.783149],[-73.979917,40.783934],[-73.977656,40.786953],[-73.975942,40.788957],[-73.96866,40.798954],[-73.96821,40.799772],[-73.968082,40.800124],[-73.96798,40.80051],[-73.967929,40.80087],[-73.967789,40.802298],[-73.967719,40.802605],[-73.967582,40.802929],[-73.967465,40.803121],[-73.92519,40.861],[-73.925016,40.861204],[-73.924807,40.861396],[-73.924492,40.861621],[-73.924151,40.861805],[-73.920305,40.863239],[-73.919867,40.863451],[-73.919565,40.863669],[-73.919309,40.86395],[-73.915279,40.869444]]}},{"type":"Feature","properties":{"color":"#D82233","description":"Broadway - 7 Avenue Local","route":"1","routeId":"1","shapeId":"1..N20R"},"geometry":{"type":"LineString","coordinates":[[-74.013664,40.702068],[-74.01482,40.703226],[-74.014952,40.703391],[-74.015035,40.703596],[-74.015122,40.704168],[-74.015123,40.704327],[-74.015086,40.704487],[-74.012648,40.710132],[-74.012529,40.7105],[-74.012188,40.711835],[-74.012094,40.712154],[-74.011986,40.712394],[-74.011864,40.712574],[-74.01171,40.712743],[-74.011011,40.713315],[-74.010848,40.713482],[-74.007249,40.718032],[-74.007117,40.718262],[-74.007046,40.718484],[-74.006886,40.719318],[-74.005221,40.729169],[-74.00516,40.729414],[-74.005062,40.729642],[-74.001345,40.736162],[-74.000973,40.736761],[-73.985786,40.757638],[-73.985569,40.758014],[-73.985421,40.758375],[-73.984959,40.759714],[-73.984577,40.760592],[-73.983038,40.76298],[-73.982464,40.764029],[-73.982156,40.764821],[-73.981977,40.765461],[-73.981689,40.767324],[-73.981718,40.767681],[-73.981781,40.767895],[-73.982012,40.768454],[-73.982088,40.768794],[-73.982212,40.774166],[-73.982091,40.777496],[-73.982058,40.777869],[-73.981906,40.778822],[-73.981314,40.780996],[-73.980847,40.782374],[-73.980748,40.782622],[-73.980473,40.783149],[-73.979917,40.783934],[-73.977656,40.786953],[-73.975942,40.788957],[-73.96866,40.798954],[-73.96821,40.799772],[-73.968082,40.800124],[-73.96798,40.80051],[-73.967929,40.80087],[-73.967789,40.802298],[-73.967719,40.802605],[-73.967582,40.802929],[-73.967465,40.803121],[-73.925536,40.860531]]}},{"type":"Feature","properties":{"color":"#D82233","description":"Broadway - 7 Avenue Local","route":"1","routeId":"1","shapeId":"1..S03R"},"geometry":{"type":"LineString","coordinates":[[-73.898583,40.889248],[-73.90073,40.884928],[-73.900991,40.884461],[-73.901602,40.883467],[-73.901899,40.882988],[-73.902223,40.882525],[-73.905744,40.877584],[-73.906061,40.877176],[-73.906305,40.876957],[-73.906585,40.876765],[-73.907623,40.876213],[-73.908261,40.87577],[-73.90965,40.874686],[-73.910249,40.874278],[-73.912201,40.872766],[-73.913415,40.871758],[-73.913803,40.871376],[-73.914141,40.870986],[-73.919309,40.86395],[-73.919565,40.863669],[-73.919867,40.863451],[-73.920305,40.863239],[-73.924151,40.861805],[-73.924492,40.861621],[-73.924807,40.861396],[-73.925016,40.861204],[-73.92519,40.861],[-73.967465,40.803121],[-73.967582,40.802929],[-73.967719,40.802605],[-73.967789,40.802298],[-73.967929,40.80087],[-73.96798,40.80051],[-73.968082,40.800124],[-73.96821,40.799772],[-73.96866,40.798954],[-73.975942,40.788957],[-73.977656,40.786953],[-73.979917,40.783934],[-73.980473,40.783149],[-73.980748,40.782622],[-73.980847,40.782374],[-73.981314,40.780996],[-73.981906,40.778822],[-73.982058,40.777869],[-73.982091,40.777496],[-73.982212,40.774166],[-73.982088,40.768794],[-73.982012,40.768454],[-73.981781,40.767895],[-73.981718,40.767681],[-73.981689,40.767324],[-73.981977,40.765461],[-73.982156,40.764821],[-73.982464,40.764029],[-73.983038,40.76298],[-73.984577,40.760592],[-73.984959,40.759714],[-73.985421,40.758375],[-73.985569,40.758014],[-73.985786,40.757638],[-74.000973,40.736761],[-74.001345,40.736162],[-74.005062,40.729642],[-74.00516,40.729414],[-74.005221,40.729169],[-74.006886,40.719318],[-74.007046,40.718484],[-74.007117,40.718262],[-74.007249,40.718032],[-74.010848,40.713482],[-74.011011,40.713315],[-74.01171,40.712743],[-74.011864,40.712574],[-74.011986,40.712394],[-74.012094,40.712154],[-74.012188,40.711835],[-74.012529,40.7105],[-74.012648,40.710132],[-74.015086,40.704487],[-74.015123,40.704327],[-74.015122,40.704168],[-74.015035,40.703596],[-74.014952,40.703391],[-74.01482,40.703226],[-74.013664,40.702068]]}},{"type":"Feature","properties":{"color":"#D82233","description":"Broadway - 7 Avenue Local","route":"1","routeId":"1","shapeId":"1..S16R"},"geometry":{"type":"LineString","coordinates":[[-73.90087,40.884667],[-73.901899,40.882988],[-73.905744,40.877584],[-73.906061,40.877176],[-73.906305,40.876957],[-73.906585,40.876765],[-73.907623,40.876213],[-73.908261,40.87577],[-73.90965,40.874686],[-73.910249,40.874278],[-73.912201,40.872766],[-73.913415,40.871758],[-73.913803,40.871376],[-73.914141,40.870986],[-73.919442,40.863782],[-73.919696,40.863561],[-73.919867,40.863451],[-73.920305,40.863239],[-73.924151,40.861805],[-73.924492,40.861621],[-73.924807,40.861396],[-73.925016,40.861204],[-73.92519,40.861],[-73.967465,40.803121],[-73.967582,40.802929],[-73.967719,40.802605],[-73.967789,40.802298],[-73.967929,40.80087],[-73.96798,40.80051],[-73.968082,40.800124],[-73.96821,40.799772],[-73.96866,40.798954],[-73.975942,40.788957],[-73.977656,40.786953],[-73.979917,40.783934],[-73.980473,40.783149],[-73.980748,40.782622],[-73.980847,40.782374],[-73.981314,40.780996],[-73.981906,40.778822],[-73.982058,40.777869],[-73.982091,40.777496],[-73.982212,40.774166],[-73.982088,40.768794],[-73.982012,40.768454],[-73.981781,40.767895],[-73.981718,40.767681],[-73.981689,40.767324],[-73.981977,40.765461],[-73.982156,40.764821],[-73.982464,40.764029],[-73.983038,40.76298],[-73.984577,40.760592],[-73.984959,40.759714],[-73.985421,40.758375],[-73.985569,40.758014],[-73.985786,40.757638],[-74.000973,40.736761],[-74.001345,40.736162],[-74.005062,40.729642],[-74.00516,40.729414],[-74.005221,40.729169],[-74.006886,40.719318],[-74.007046,40.718484],[-74.007117,40.718262],[-74.007249,40.718032],[-74.010848,40.713482],[-74.011011,40.713315],[-74.01171,40.712743],[-74.011864,40.712574],[-74.011986,40.712394],[-74.012094,40.712154],[-74.012188,40.711835],[-74.012529,40.7105],[-74.012648,40.710132],[-74.015086,40.704487],[-74.015123,40.704327],[-74.015122,40.704168],[-74.015035,40.703596],[-74.014952,40.703391],[-74.01482,40.703226],[-74.013664,40.702068]]}},{"type":"Feature","properties":{"color":"#D82233","description":"Broadway - 7 Avenue Local","route":"1","routeId":"1","shapeId":"1..S17R"},"geometry":{"type":"LineString","coordinates":[[-73.953676,40.822008],[-73.967465,40.803121],[-73.967582,40.802929],[-73.967719,40.802605],[-73.967789,40.802298],[-73.967929,40.80087],[-73.96798,40.80051],[-73.968082,40.800124],[-73.96821,40.799772],[-73.968441,40.799326],[-73.968789,40.798763],[-73.975942,40.788957],[-73.977656,40.786953],[-73.980371,40.783313],[-73.980664,40.782794],[-73.980847,40.782374],[-73.981314,40.780996],[-73.981906,40.778822],[-73.982058,40.777869],[-73.982091,40.777496],[-73.982212,40.774166],[-73.982088,40.768794],[-73.982012,40.768454],[-73.981781,40.767895],[-73.981718,40.767681],[-73.981689,40.767324],[-73.981977,40.765461],[-73.982156,40.764821],[-73.982464,40.764029],[-73.983038,40.76298],[-73.984577,40.760592],[-73.984959,40.759714],[-73.985421,40.758375],[-73.985569,40.758014],[-73.985786,40.757638],[-74.000973,40.736761],[-74.001345,40.736162],[-74.005062,40.729642],[-74.00516,40.729414],[-74.005221,40.729169],[-74.006886,40.719318],[-74.007046,40.718484],[-74.007117,40.718262],[-74.007249,40.718032],[-74.010848,40.713482],[-74.011011,40.713315],[-74.01171,40.712743],[-74.011864,40.712574],[-74.011986,40.712394],[-74.012094,40.712154],[-74.012188,40.711835],[-74.012529,40.7105],[-74.012648,40.710132],[-74.015086,40.704487],[-74.015123,40.704327],[-74.015122,40.704168],[-74.015035,40.703596],[-74.014952,40.703391],[-74.01482,40.703226],[-74.013664,40.702068]]}},{"type":"Feature","properties":{"color":"#D82233","description":"7 Avenue Express","route":"2","routeId":"2","shapeId":"2..N01R"},"geometry":{"type":"LineString","coordinates":[[-73.947642,40.632836],[-73.95098,40.664053],[-73.950992,40.664409],[-73.950971,40.664823],[-73.950559,40.669213],[-73.95057,40.669381],[-73.950684,40.669592],[-73.950823,40.669705],[-73.951013,40.669795],[-73.951252,40.669863],[-73.951542,40.669909],[-73.954983,40.670096],[-73.955823,40.670208],[-73.964375,40.671987],[-73.968631,40.672955],[-73.968947,40.673056],[-73.969259,40.673208],[-73.969546,40.673414],[-73.969806,40.673679],[-73.971046,40.675235],[-73.98074,40.688593],[-73.981001,40.688856],[-73.98136,40.689062],[-73.989185,40.692195],[-73.989447,40.692361],[-73.989623,40.692535],[-73.989735,40.692699],[-73.990439,40.694124],[-73.991255,40.696643],[-73.991423,40.69687],[-73.991667,40.697046],[-73.991897,40.697148],[-74.00291,40.700174],[-74.00426,40.700635],[-74.00471,40.700828],[-74.005185,40.701068],[-74.005659,40.701345],[-74.006073,40.701603],[-74.006508,40.701924],[-74.009737,40.70477],[-74.009892,40.70497],[-74.009987,40.705177],[-74.009981,40.70538],[-74.009889,40.705735],[-74.00967,40.706141],[-74.009488,40.706375],[-74.008592,40.707382],[-74.005869,40.710148],[-74.005803,40.710254],[-74.005763,40.710376],[-74.005772,40.710496],[-74.005848,40.71062],[-74.006954,40.711685],[-74.007289,40.712145],[-74.007548,40.712431],[-74.007813,40.712596],[-74.01016,40.713662],[-74.010294,40.713777],[-74.010341,40.713865],[-74.010353,40.713961],[-74.010333,40.714066],[-74.010238,40.714241],[-74.007249,40.718032],[-74.007089,40.718334],[-74.006886,40.719318],[-74.005221,40.729169],[-74.00516,40.729414],[-74.004935,40.729881],[-74.001345,40.736162],[-74.000973,40.736761],[-73.991057,40.750373],[-73.985786,40.757638],[-73.985638,40.75788],[-73.985421,40.758375],[-73.984841,40.760017],[-73.984577,40.760592],[-73.983038,40.76298],[-73.982626,40.763714],[-73.982464,40.764029],[-73.982156,40.764821],[-73.981977,40.765461],[-73.981689,40.767324],[-73.981718,40.767681],[-73.981781,40.767895],[-73.982012,40.768454],[-73.982088,40.768794],[-73.982212,40.774166],[-73.982091,40.777496],[-73.98197,40.778453],[-73.981906,40.778822],[-73.981757,40.779426],[-73.981314,40.780996],[-73.980748,40.782622],[-73.980371,40.783313],[-73.979917,40.783934],[-73.977656,40.786953],[-73.975942,40.788957],[-73.96898,40.798506],[-73.96872,40.798781],[-73.968441,40.798996],[-73.968295,40.79908],[-73.968144,40.79915],[-73.967828,40.799244],[-73.967495,40.799278],[-73.96696,40.799215],[-73.966582,40.799099],[-73.961593,40.797002],[-73.961185,40.79689],[-73.960984,40.796872],[-73.960573,40.796904],[-73.956739,40.797535],[-73.95331,40.798177],[-73.952702,40.798356],[-73.952322,40.79856],[-73.952174,40.798665],[-73.951822,40.799075],[-73.937754,40.818371],[-73.93748,40.818607],[-73.937034,40.818896],[-73.936715,40.819046],[-73.936378,40.819161],[-73.935839,40.81927],[-73.935458,40.819299],[-73.931501,40.819335],[-73.930657,40.819283],[-73.929801,40.819165],[-73.928935,40.818984],[-73.917757,40.816109],[-73.916492,40.815732],[-73.916277,40.815702],[-73.915934,40.815684],[-73.91568,40.815699],[-73.915469,40.81574],[-73.915203,40.81582],[-73.914448,40.816109],[-73.91403,40.816201],[-73.913574,40.816201],[-73.911136,40.815974],[-73.910364,40.815931],[-73.909808,40.815926],[-73.909111,40.815963],[-73.908682,40.816055],[-73.908375,40.816174],[-73.905518,40.817813],[-73.903268,40.818818],[-73.892368,40.824431],[-73.892182,40.824554],[-73.891978,40.824818],[-73.891922,40.825069],[-73.891875,40.829842],[-73.89183,40.830227],[-73.891704,40.830667],[-73.891469,40.831153],[-73.888068,40.83683],[-73.8878,40.837218],[-73.887544,40.837463],[-73.887183,40.837713],[-73.88512,40.838935],[-73.884886,40.839063],[-73.884441,40.839252],[-73.883891,40.839419],[-73.883573,40.839484],[-73.881759,40.839642],[-73.881149,40.839802],[-73.880498,40.840057],[-73.880049,40.840295],[-73.879899,40.840415],[-73.879175,40.841151],[-73.878966,40.841245],[-73.878707,40.841277],[-73.878512,40.841249],[-73.877782,40.840945],[-73.877474,40.840846],[-73.877172,40.840795],[-73.876841,40.840784],[-73.876313,40.840847],[-73.874736,40.841121],[-73.87443,40.84121],[-73.874329,40.841252],[-73.874109,40.841402],[-73.871389,40.843567],[-73.870857,40.844101],[-73.870717,40.844293],[-73.870472,40.844767],[-73.869431,40.847153],[-73.867986,40.849629],[-73.867921,40.849772],[-73.867846,40.85007],[-73.867016,40.87619],[-73.866928,40.876693],[-73.866787,40.876988],[-73.863846,40.881715],[-73.855124,40.897451],[-73.85494,40.897716],[-73.852447,40.900653],[-73.85151,40.902066],[-73.85062,40.903125]]}},{"type":"Feature","properties":{"color":"#D82233","description":"7 Avenue Express","route":"2","routeId":"2","shapeId":"2..N03R"},"geometry":{"type":"LineString","coordinates":[[-73.884079,40.666235],[-73.917633,40.661257],[-73.918036,40.661201],[-73.918245,40.661198],[-73.918614,40.66127],[-73.918958,40.66145],[-73.924177,40.666124],[-73.92441,40.666422],[-73.924861,40.667449],[-73.925038,40.667735],[-73.925553,40.668271],[-73.925796,40.668415],[-73.925986,40.668473],[-73.926593,40.668554],[-73.955258,40.670118],[-73.955823,40.670208],[-73.964375,40.671987],[-73.968465,40.672915],[-73.968947,40.673056],[-73.969397,40.673299],[-73.969694,40.673552],[-73.971046,40.675235],[-73.98074,40.688593],[-73.981001,40.688856],[-73.98136,40.689062],[-73.989185,40.692195],[-73.989447,40.692361],[-73.989623,40.692535],[-73.989735,40.692699],[-73.990439,40.694124],[-73.991255,40.696643],[-73.991423,40.69687],[-73.991667,40.697046],[-73.991897,40.697148],[-74.00291,40.700174],[-74.00426,40.700635],[-74.00471,40.700828],[-74.005185,40.701068],[-74.006073,40.701603],[-74.006508,40.701924],[-74.009737,40.70477],[-74.009957,40.705083],[-74.009996,40.705281],[-74.009889,40.705735],[-74.00967,40.706141],[-74.009488,40.706375],[-74.008592,40.707382],[-74.005869,40.710148],[-74.005777,40.710315],[-74.005761,40.710437],[-74.005772,40.710496],[-74.005848,40.71062],[-74.006954,40.711685],[-74.007289,40.712145],[-74.007548,40.712431],[-74.007813,40.712596],[-74.01016,40.713662],[-74.010258,40.713737],[-74.010321,40.71382],[-74.010351,40.713912],[-74.010347,40.714013],[-74.010238,40.714241],[-74.007249,40.718032],[-74.007089,40.718334],[-74.006886,40.719318],[-74.005221,40.729169],[-74.00516,40.729414],[-74.004935,40.729881],[-74.001345,40.736162],[-74.000973,40.736761],[-73.985786,40.757638],[-73.985569,40.758014],[-73.985421,40.758375],[-73.984959,40.759714],[-73.984577,40.760592],[-73.983038,40.76298],[-73.982464,40.764029],[-73.982156,40.764821],[-73.981977,40.765461],[-73.981689,40.767324],[-73.981718,40.767681],[-73.981781,40.767895],[-73.982012,40.768454],[-73.982088,40.768794],[-73.982212,40.774166],[-73.982091,40.777496],[-73.982058,40.777869],[-73.981906,40.778822],[-73.981314,40.780996],[-73.980847,40.782374],[-73.980664,40.782794],[-73.980371,40.783313],[-73.977656,40.786953],[-73.975942,40.788957],[-73.96898,40.798506],[-73.968582,40.798896],[-73.968441,40.798996],[-73.968144,40.79915],[-73.967828,40.799244],[-73.967495,40.799278],[-73.96696,40.799215],[-73.966582,40.799099],[-73.961593,40.797002],[-73.961185,40.79689],[-73.960984,40.796872],[-73.960573,40.796904],[-73.956739,40.797535],[-73.95331,40.798177],[-73.952702,40.798356],[-73.952322,40.79856],[-73.952174,40.798665],[-73.951822,40.799075],[-73.937754,40.818371],[-73.93748,40.818607],[-73.937187,40.818808],[-73.936877,40.818975],[-73.936548,40.819108],[-73.936023,40.819242],[-73.935458,40.819299],[-73.931501,40.819335],[-73.930657,40.819283],[-73.929973,40.819194],[-73.928935,40.818984],[-73.917757,40.816109],[-73.916492,40.815732],[-73.916277,40.815702],[-73.915934,40.815684],[-73.91568,40.815699],[-73.915469,40.81574],[-73.914233,40.816171],[-73.913796,40.816213],[-73.910726,40.815949],[-73.909808,40.815926],[-73.909111,40.815963],[-73.908682,40.816055],[-73.908375,40.816174],[-73.905518,40.817813],[-73.903268,40.818818],[-73.892368,40.824431],[-73.892182,40.824554],[-73.891978,40.824818],[-73.891922,40.825069],[-73.891875,40.829842],[-73.89183,40.830227],[-73.891704,40.830667],[-73.891469,40.831153],[-73.888068,40.83683],[-73.8878,40.837218],[-73.88765,40.837371],[-73.887183,40.837713],[-73.88512,40.838935],[-73.884886,40.839063],[-73.884441,40.839252],[-73.883891,40.839419],[-73.883573,40.839484],[-73.881759,40.839642],[-73.881149,40.839802],[-73.880498,40.840057],[-73.880049,40.840295],[-73.879899,40.840415],[-73.879175,40.841151],[-73.878966,40.841245],[-73.878707,40.841277],[-73.878512,40.841249],[-73.877782,40.840945],[-73.877474,40.840846],[-73.877172,40.840795],[-73.876841,40.840784],[-73.876313,40.840847],[-73.874736,40.841121],[-73.874329,40.841252],[-73.874109,40.841402],[-73.871389,40.843567],[-73.870857,40.844101],[-73.870597,40.844505],[-73.869431,40.847153],[-73.867986,40.849629],[-73.867921,40.849772],[-73.867846,40.85007],[-73.867016,40.87619],[-73.866928,40.876693],[-73.866787,40.876988],[-73.863846,40.881715],[-73.855124,40.897451],[-73.85494,40.897716],[-73.852447,40.900653],[-73.85151,40.902066],[-73.85062,40.903125]]}},{"type":"Feature","properties":{"color":"#D82233","description":"7 Avenue Express","route":"2","routeId":"2","shapeId":"2..S01R"},"geometry":{"type":"LineString","coordinates":[[-73.85062,40.903125],[-73.85151,40.902066],[-73.852447,40.900653],[-73.85494,40.897716],[-73.855124,40.897451],[-73.863846,40.881715],[-73.866787,40.876988],[-73.866928,40.876693],[-73.867016,40.87619],[-73.867846,40.85007],[-73.867921,40.849772],[-73.867986,40.849629],[-73.869431,40.847153],[-73.870472,40.844767],[-73.870717,40.844293],[-73.870857,40.844101],[-73.871389,40.843567],[-73.874109,40.841402],[-73.874329,40.841252],[-73.87443,40.84121],[-73.874736,40.841121],[-73.876313,40.840847],[-73.876841,40.840784],[-73.877172,40.840795],[-73.877474,40.840846],[-73.877782,40.840945],[-73.878512,40.841249],[-73.878707,40.841277],[-73.878966,40.841245],[-73.879175,40.841151],[-73.879899,40.840415],[-73.880049,40.840295],[-73.880498,40.840057],[-73.881149,40.839802],[-73.881759,40.839642],[-73.883573,40.839484],[-73.883891,40.839419],[-73.884441,40.839252],[-73.884886,40.839063],[-73.88512,40.838935],[-73.887183,40.837713],[-73.887544,40.837463],[-73.8878,40.837218],[-73.888068,40.83683],[-73.891469,40.831153],[-73.891704,40.830667],[-73.89183,40.830227],[-73.891875,40.829842],[-73.891922,40.825069],[-73.891978,40.824818],[-73.892182,40.824554],[-73.892368,40.824431],[-73.903268,40.818818],[-73.905518,40.817813],[-73.908375,40.816174],[-73.908682,40.816055],[-73.909111,40.815963],[-73.909808,40.815926],[-73.910364,40.815931],[-73.911136,40.815974],[-73.913574,40.816201],[-73.91403,40.816201],[-73.914448,40.816109],[-73.915203,40.81582],[-73.915469,40.81574],[-73.91568,40.815699],[-73.915934,40.815684],[-73.916277,40.815702],[-73.916492,40.815732],[-73.917757,40.816109],[-73.928935,40.818984],[-73.929801,40.819165],[-73.930657,40.819283],[-73.931501,40.819335],[-73.935458,40.819299],[-73.935839,40.81927],[-73.936378,40.819161],[-73.936715,40.819046],[-73.937034,40.818896],[-73.937336,40.818712],[-73.937754,40.818371],[-73.951822,40.799075],[-73.952174,40.798665],[-73.952322,40.79856],[-73.952702,40.798356],[-73.95331,40.798177],[-73.956739,40.797535],[-73.960573,40.796904],[-73.960984,40.796872],[-73.961185,40.79689],[-73.961593,40.797002],[-73.966582,40.799099],[-73.96696,40.799215],[-73.967495,40.799278],[-73.967828,40.799244],[-73.968144,40.79915],[-73.968295,40.79908],[-73.968441,40.798996],[-73.96872,40.798781],[-73.96898,40.798506],[-73.975942,40.788957],[-73.977656,40.786953],[-73.979917,40.783934],[-73.980371,40.783313],[-73.980748,40.782622],[-73.981314,40.780996],[-73.981757,40.779426],[-73.981906,40.778822],[-73.98197,40.778453],[-73.982091,40.777496],[-73.982212,40.774166],[-73.982088,40.768794],[-73.982012,40.768454],[-73.981781,40.767895],[-73.981718,40.767681],[-73.981689,40.767324],[-73.981977,40.765461],[-73.982156,40.764821],[-73.982464,40.764029],[-73.982626,40.763714],[-73.983038,40.76298],[-73.984577,40.760592],[-73.984841,40.760017],[-73.985421,40.758375],[-73.985638,40.75788],[-73.985786,40.757638],[-73.991057,40.750373],[-74.000973,40.736761],[-74.001345,40.736162],[-74.004935,40.729881],[-74.00516,40.729414],[-74.005221,40.729169],[-74.006886,40.719318],[-74.007089,40.718334],[-74.007249,40.718032],[-74.010238,40.714241],[-74.010333,40.714066],[-74.010353,40.713961],[-74.010341,40.713865],[-74.010294,40.713777],[-74.01016,40.713662],[-74.007813,40.712596],[-74.007548,40.712431],[-74.007289,40.712145],[-74.006954,40.711685],[-74.005848,40.71062],[-74.005772,40.710496],[-74.005763,40.710376],[-74.005803,40.710254],[-74.005869,40.710148],[-74.008592,40.707382],[-74.009488,40.706375],[-74.00967,40.706141],[-74.009889,40.705735],[-74.009981,40.70538],[-74.009987,40.705177],[-74.009892,40.70497],[-74.009737,40.70477],[-74.006508,40.701924],[-74.006073,40.701603],[-74.005659,40.701345],[-74.005185,40.701068],[-74.00471,40.700828],[-74.00426,40.700635],[-74.00291,40.700174],[-73.991897,40.697148],[-73.991667,40.697046],[-73.991423,40.69687],[-73.991255,40.696643],[-73.990439,40.694124],[-73.989735,40.692699],[-73.989623,40.692535],[-73.989447,40.692361],[-73.989185,40.692195],[-73.98136,40.689062],[-73.981001,40.688856],[-73.98074,40.688593],[-73.971046,40.675235],[-73.969806,40.673679],[-73.969546,40.673414],[-73.969259,40.673208],[-73.968947,40.673056],[-73.968631,40.672955],[-73.964375,40.671987],[-73.955823,40.670208],[-73.954983,40.670096],[-73.951542,40.669909],[-73.951252,40.669863],[-73.951013,40.669795],[-73.950823,40.669705],[-73.950684,40.669592],[-73.95057,40.669381],[-73.950559,40.669213],[-73.950971,40.664823],[-73.950992,40.664409],[-73.95098,40.664053],[-73.947642,40.632836]]}},{"type":"Feature","properties":{"color":"#D82233","description":"7 Avenue Express","route":"2","routeId":"2","shapeId":"2..S03R"},"geometry":{"type":"LineString","coordinates":[[-73.85062,40.903125],[-73.85151,40.902066],[-73.852447,40.900653],[-73.85494,40.897716],[-73.855124,40.897451],[-73.863846,40.881715],[-73.866787,40.876988],[-73.866928,40.876693],[-73.867016,40.87619],[-73.867846,40.85007],[-73.867921,40.849772],[-73.867986,40.849629],[-73.869431,40.847153],[-73.870597,40.844505],[-73.870857,40.844101],[-73.871389,40.843567],[-73.874109,40.841402],[-73.874329,40.841252],[-73.874736,40.841121],[-73.876313,40.840847],[-73.876841,40.840784],[-73.877172,40.840795],[-73.877474,40.840846],[-73.877782,40.840945],[-73.878512,40.841249],[-73.878707,40.841277],[-73.878966,40.841245],[-73.879175,40.841151],[-73.879899,40.840415],[-73.880049,40.840295],[-73.880498,40.840057],[-73.881149,40.839802],[-73.881759,40.839642],[-73.883573,40.839484],[-73.883891,40.839419],[-73.884441,40.839252],[-73.884886,40.839063],[-73.88512,40.838935],[-73.887183,40.837713],[-73.88765,40.837371],[-73.8878,40.837218],[-73.888068,40.83683],[-73.891469,40.831153],[-73.891704,40.830667],[-73.89183,40.830227],[-73.891875,40.829842],[-73.891922,40.825069],[-73.891978,40.824818],[-73.892182,40.824554],[-73.892368,40.824431],[-73.903268,40.818818],[-73.905518,40.817813],[-73.908375,40.816174],[-73.908682,40.816055],[-73.909111,40.815963],[-73.909808,40.815926],[-73.910726,40.815949],[-73.913796,40.816213],[-73.914233,40.816171],[-73.915469,40.81574],[-73.91568,40.815699],[-73.915934,40.815684],[-73.916277,40.815702],[-73.916492,40.815732],[-73.917757,40.816109],[-73.928935,40.818984],[-73.929973,40.819194],[-73.930657,40.819283],[-73.931501,40.819335],[-73.935458,40.819299],[-73.936023,40.819242],[-73.936548,40.819108],[-73.936877,40.818975],[-73.937187,40.818808],[-73.93748,40.818607],[-73.937754,40.818371],[-73.951822,40.799075],[-73.952174,40.798665],[-73.952322,40.79856],[-73.952702,40.798356],[-73.95331,40.798177],[-73.956739,40.797535],[-73.960573,40.796904],[-73.960984,40.796872],[-73.961185,40.79689],[-73.961593,40.797002],[-73.966582,40.799099],[-73.96696,40.799215],[-73.967495,40.799278],[-73.967828,40.799244],[-73.968144,40.79915],[-73.968441,40.798996],[-73.968582,40.798896],[-73.96898,40.798506],[-73.975942,40.788957],[-73.977656,40.786953],[-73.980371,40.783313],[-73.980664,40.782794],[-73.980847,40.782374],[-73.981314,40.780996],[-73.981906,40.778822],[-73.982058,40.777869],[-73.982091,40.777496],[-73.982212,40.774166],[-73.982088,40.768794],[-73.982012,40.768454],[-73.981781,40.767895],[-73.981718,40.767681],[-73.981689,40.767324],[-73.981977,40.765461],[-73.982156,40.764821],[-73.982464,40.764029],[-73.983038,40.76298],[-73.984577,40.760592],[-73.984959,40.759714],[-73.985421,40.758375],[-73.985569,40.758014],[-73.985786,40.757638],[-74.000973,40.736761],[-74.001345,40.736162],[-74.004935,40.729881],[-74.00516,40.729414],[-74.005221,40.729169],[-74.006886,40.719318],[-74.007089,40.718334],[-74.007249,40.718032],[-74.010238,40.714241],[-74.010347,40.714013],[-74.010351,40.713912],[-74.010321,40.71382],[-74.010258,40.713737],[-74.01016,40.713662],[-74.007813,40.712596],[-74.007548,40.712431],[-74.007289,40.712145],[-74.006954,40.711685],[-74.005848,40.71062],[-74.005772,40.710496],[-74.005761,40.710437],[-74.005777,40.710315],[-74.005869,40.710148],[-74.008592,40.707382],[-74.009488,40.706375],[-74.00967,40.706141],[-74.009889,40.705735],[-74.009996,40.705281],[-74.009957,40.705083],[-74.009737,40.70477],[-74.006508,40.701924],[-74.006073,40.701603],[-74.005185,40.701068],[-74.00471,40.700828],[-74.00426,40.700635],[-74.00291,40.700174],[-73.991897,40.697148],[-73.991667,40.697046],[-73.991423,40.69687],[-73.991255,40.696643],[-73.990439,40.694124],[-73.989735,40.692699],[-73.989623,40.692535],[-73.989447,40.692361],[-73.989185,40.692195],[-73.98136,40.689062],[-73.981001,40.688856],[-73.98074,40.688593],[-73.971046,40.675235],[-73.969694,40.673552],[-73.969397,40.673299],[-73.968947,40.673056],[-73.968465,40.672915],[-73.964375,40.671987],[-73.955823,40.670208],[-73.955258,40.670118],[-73.926593,40.668554],[-73.925986,40.668473],[-73.925796,40.668415],[-73.925553,40.668271],[-73.925038,40.667735],[-73.924861,40.667449],[-73.92441,40.666422],[-73.924177,40.666124],[-73.918958,40.66145],[-73.918614,40.66127],[-73.918245,40.661198],[-73.918036,40.661201],[-73.917633,40.661257],[-73.884079,40.666235]]}},{"type":"Feature","properties":{"color":"#D82233","description":"7 Avenue Express","route":"2","routeId":"2","shapeId":"2..S07R"},"geometry":{"type":"LineString","coordinates":[[-73.854376,40.898379],[-73.85494,40.897716],[-73.855124,40.897451],[-73.863846,40.881715],[-73.866787,40.876988],[-73.866928,40.876693],[-73.867016,40.87619],[-73.867846,40.85007],[-73.867921,40.849772],[-73.867986,40.849629],[-73.869431,40.847153],[-73.870472,40.844767],[-73.870717,40.844293],[-73.870857,40.844101],[-73.871389,40.843567],[-73.874109,40.841402],[-73.874329,40.841252],[-73.87443,40.84121],[-73.874736,40.841121],[-73.876313,40.840847],[-73.876841,40.840784],[-73.877172,40.840795],[-73.877474,40.840846],[-73.877782,40.840945],[-73.878512,40.841249],[-73.878707,40.841277],[-73.878966,40.841245],[-73.879175,40.841151],[-73.879899,40.840415],[-73.880049,40.840295],[-73.880498,40.840057],[-73.881149,40.839802],[-73.881759,40.839642],[-73.883573,40.839484],[-73.883891,40.839419],[-73.884441,40.839252],[-73.884886,40.839063],[-73.88512,40.838935],[-73.887183,40.837713],[-73.887544,40.837463],[-73.8878,40.837218],[-73.888068,40.83683],[-73.891469,40.831153],[-73.891704,40.830667],[-73.89183,40.830227],[-73.891875,40.829842],[-73.891922,40.825069],[-73.891978,40.824818],[-73.892182,40.824554],[-73.892368,40.824431],[-73.903268,40.818818],[-73.905518,40.817813],[-73.908375,40.816174],[-73.908682,40.816055],[-73.909111,40.815963],[-73.909808,40.815926],[-73.910364,40.815931],[-73.911136,40.815974],[-73.913574,40.816201],[-73.91403,40.816201],[-73.914448,40.816109],[-73.915203,40.81582],[-73.915469,40.81574],[-73.91568,40.815699],[-73.915934,40.815684],[-73.916277,40.815702],[-73.916492,40.815732],[-73.917757,40.816109],[-73.928935,40.818984],[-73.929801,40.819165],[-73.930657,40.819283],[-73.931501,40.819335],[-73.935458,40.819299],[-73.935839,40.81927],[-73.936378,40.819161],[-73.936715,40.819046],[-73.937034,40.818896],[-73.937336,40.818712],[-73.937754,40.818371],[-73.951822,40.799075],[-73.952174,40.798665],[-73.952322,40.79856],[-73.952702,40.798356],[-73.95331,40.798177],[-73.956739,40.797535],[-73.960573,40.796904],[-73.960984,40.796872],[-73.961185,40.79689],[-73.961593,40.797002],[-73.966582,40.799099],[-73.96696,40.799215],[-73.967495,40.799278],[-73.967828,40.799244],[-73.968144,40.79915],[-73.968295,40.79908],[-73.968441,40.798996],[-73.96872,40.798781],[-73.96898,40.798506],[-73.975942,40.788957],[-73.977656,40.786953],[-73.979917,40.783934],[-73.980371,40.783313],[-73.980748,40.782622],[-73.981314,40.780996],[-73.981757,40.779426],[-73.981906,40.778822],[-73.98197,40.778453],[-73.982091,40.777496],[-73.982212,40.774166],[-73.982088,40.768794],[-73.982012,40.768454],[-73.981781,40.767895],[-73.981718,40.767681],[-73.981689,40.767324],[-73.981977,40.765461],[-73.982156,40.764821],[-73.982464,40.764029],[-73.982626,40.763714],[-73.983038,40.76298],[-73.984577,40.760592],[-73.984841,40.760017],[-73.985421,40.758375],[-73.985638,40.75788],[-73.985786,40.757638],[-73.991057,40.750373],[-74.000973,40.736761],[-74.001345,40.736162],[-74.004935,40.729881],[-74.00516,40.729414],[-74.005221,40.729169],[-74.006886,40.719318],[-74.007089,40.718334],[-74.007249,40.718032],[-74.010238,40.714241],[-74.010333,40.714066],[-74.010353,40.713961],[-74.010341,40.713865],[-74.010294,40.713777],[-74.01016,40.713662],[-74.007813,40.712596],[-74.007548,40.712431],[-74.007289,40.712145],[-74.006954,40.711685],[-74.005848,40.71062],[-74.005772,40.710496],[-74.005763,40.710376],[-74.005803,40.710254],[-74.005869,40.710148],[-74.008592,40.707382],[-74.009488,40.706375],[-74.00967,40.706141],[-74.009889,40.705735],[-74.009981,40.70538],[-74.009987,40.705177],[-74.009892,40.70497],[-74.009737,40.70477],[-74.006508,40.701924],[-74.006073,40.701603],[-74.005659,40.701345],[-74.005185,40.701068],[-74.00471,40.700828],[-74.00426,40.700635],[-74.00291,40.700174],[-73.991897,40.697148],[-73.991667,40.697046],[-73.991423,40.69687],[-73.991255,40.696643],[-73.990439,40.694124],[-73.989735,40.692699],[-73.989623,40.692535],[-73.989447,40.692361],[-73.989185,40.692195],[-73.98136,40.689062],[-73.981001,40.688856],[-73.98074,40.688593],[-73.971046,40.675235],[-73.969806,40.673679],[-73.969546,40.673414],[-73.969259,40.673208],[-73.968947,40.673056],[-73.968631,40.672955],[-73.964375,40.671987],[-73.955823,40.670208],[-73.954983,40.670096],[-73.951542,40.669909],[-73.951252,40.669863],[-73.951013,40.669795],[-73.950823,40.669705],[-73.950684,40.669592],[-73.95057,40.669381],[-73.950559,40.669213],[-73.950971,40.664823],[-73.950992,40.664409],[-73.95098,40.664053],[-73.947642,40.632836]]}},{"type":"Feature","properties":{"color":"#D82233","description":"7 Avenue Express","route":"3","routeId":"3","shapeId":"3..N01R"},"geometry":{"type":"LineString","coordinates":[[-73.884079,40.666235],[-73.917633,40.661257],[-73.918036,40.661201],[-73.918245,40.661198],[-73.918614,40.66127],[-73.918958,40.66145],[-73.924177,40.666124],[-73.92441,40.666422],[-73.924861,40.667449],[-73.925038,40.667735],[-73.925553,40.668271],[-73.925796,40.668415],[-73.925986,40.668473],[-73.926593,40.668554],[-73.955258,40.670118],[-73.955823,40.670208],[-73.964375,40.671987],[-73.968779,40.672999],[-73.969259,40.673208],[-73.969546,40.673414],[-73.969694,40.673552],[-73.971046,40.675235],[-73.98074,40.688593],[-73.981001,40.688856],[-73.98136,40.689062],[-73.989185,40.692195],[-73.989447,40.692361],[-73.989623,40.692535],[-73.989735,40.692699],[-73.990439,40.694124],[-73.991255,40.696643],[-73.991423,40.69687],[-73.991667,40.697046],[-73.991897,40.697148],[-74.00291,40.700174],[-74.00426,40.700635],[-74.00471,40.700828],[-74.005185,40.701068],[-74.005659,40.701345],[-74.006073,40.701603],[-74.006508,40.701924],[-74.009737,40.70477],[-74.009957,40.705083],[-74.009996,40.705281],[-74.009889,40.705735],[-74.00967,40.706141],[-74.009488,40.706375],[-74.008592,40.707382],[-74.005869,40.710148],[-74.005803,40.710254],[-74.005763,40.710376],[-74.005772,40.710496],[-74.005848,40.71062],[-74.006954,40.711685],[-74.007289,40.712145],[-74.007548,40.712431],[-74.007813,40.712596],[-74.01016,40.713662],[-74.010294,40.713777],[-74.010341,40.713865],[-74.010353,40.713961],[-74.010333,40.714066],[-74.010238,40.714241],[-74.007249,40.718032],[-74.007089,40.718334],[-74.006886,40.719318],[-74.005221,40.729169],[-74.00516,40.729414],[-74.005062,40.729642],[-74.001345,40.736162],[-74.000973,40.736761],[-73.985786,40.757638],[-73.985569,40.758014],[-73.985421,40.758375],[-73.984959,40.759714],[-73.984577,40.760592],[-73.983038,40.76298],[-73.982464,40.764029],[-73.98232,40.764386],[-73.982156,40.764821],[-73.981977,40.765461],[-73.981689,40.767324],[-73.981718,40.767681],[-73.981781,40.767895],[-73.982012,40.768454],[-73.982088,40.768794],[-73.982212,40.774166],[-73.982091,40.777496],[-73.982058,40.777869],[-73.981906,40.778822],[-73.981314,40.780996],[-73.980847,40.782374],[-73.980748,40.782622],[-73.980473,40.783149],[-73.979917,40.783934],[-73.977656,40.786953],[-73.975942,40.788957],[-73.96898,40.798506],[-73.96872,40.798781],[-73.968441,40.798996],[-73.968295,40.79908],[-73.968144,40.79915],[-73.967828,40.799244],[-73.967495,40.799278],[-73.967143,40.799251],[-73.966773,40.799164],[-73.961824,40.797093],[-73.961388,40.796934],[-73.960984,40.796872],[-73.960573,40.796904],[-73.956739,40.797535],[-73.95331,40.798177],[-73.952702,40.798356],[-73.95247,40.798469],[-73.952174,40.798665],[-73.951822,40.799075],[-73.936245,40.820421],[-73.935654,40.82122],[-73.935192,40.821675],[-73.935099,40.821793],[-73.934725,40.82271],[-73.934715,40.822901],[-73.934777,40.823066],[-73.934911,40.823205],[-73.935041,40.823283],[-73.93647,40.82388]]}},{"type":"Feature","properties":{"color":"#D82233","description":"7 Avenue Express","route":"3","routeId":"3","shapeId":"3..N42R"},"geometry":{"type":"LineString","coordinates":[[-73.987495,40.75529],[-73.985786,40.757638],[-73.985638,40.75788],[-73.985421,40.758375],[-73.984841,40.760017],[-73.984577,40.760592],[-73.983038,40.76298],[-73.982793,40.763412],[-73.982464,40.764029],[-73.982156,40.764821],[-73.982063,40.765125],[-73.98191,40.765808],[-73.981689,40.767324],[-73.981718,40.767681],[-73.981781,40.767895],[-73.982012,40.768454],[-73.982088,40.768794],[-73.982212,40.774166],[-73.982091,40.777496],[-73.982058,40.777869],[-73.981906,40.778822],[-73.981757,40.779426],[-73.981314,40.780996],[-73.980847,40.782374],[-73.980748,40.782622],[-73.980473,40.783149],[-73.979917,40.783934],[-73.977656,40.786953],[-73.975942,40.788957],[-73.96898,40.798506],[-73.96872,40.798781],[-73.968441,40.798996],[-73.968295,40.79908],[-73.968144,40.79915],[-73.967828,40.799244],[-73.967495,40.799278],[-73.967143,40.799251],[-73.966773,40.799164],[-73.961824,40.797093],[-73.961388,40.796934],[-73.960984,40.796872],[-73.960573,40.796904],[-73.956739,40.797535],[-73.95331,40.798177],[-73.952702,40.798356],[-73.95247,40.798469],[-73.952174,40.798665],[-73.951822,40.799075],[-73.936245,40.820421],[-73.935654,40.82122],[-73.935192,40.821675],[-73.935099,40.821793],[-73.934725,40.82271],[-73.934715,40.822901],[-73.934777,40.823066],[-73.934911,40.823205],[-73.935041,40.823283],[-73.93647,40.82388]]}},{"type":"Feature","properties":{"color":"#D82233","description":"7 Avenue Express","route":"3","routeId":"3","shapeId":"3..N90R"},"geometry":{"type":"LineString","coordinates":[[-73.991057,40.750373],[-73.985709,40.757758],[-73.985569,40.758014],[-73.985421,40.758375],[-73.984959,40.759714],[-73.984577,40.760592],[-73.983038,40.76298],[-73.982464,40.764029],[-73.982156,40.764821],[-73.981977,40.765461],[-73.98191,40.765808],[-73.981689,40.767324],[-73.981718,40.767681],[-73.981781,40.767895],[-73.982012,40.768454],[-73.982088,40.768794],[-73.982212,40.774166],[-73.982091,40.777496],[-73.982058,40.777869],[-73.981906,40.778822],[-73.981757,40.779426],[-73.981314,40.780996],[-73.980847,40.782374],[-73.980748,40.782622],[-73.980473,40.783149],[-73.979917,40.783934],[-73.977656,40.786953],[-73.975942,40.788957],[-73.96898,40.798506],[-73.96872,40.798781],[-73.968441,40.798996],[-73.968295,40.79908],[-73.968144,40.79915],[-73.967828,40.799244],[-73.967495,40.799278],[-73.967143,40.799251],[-73.966773,40.799164],[-73.961824,40.797093],[-73.961388,40.796934],[-73.960984,40.796872],[-73.960573,40.796904],[-73.956739,40.797535],[-73.95331,40.798177],[-73.952702,40.798356],[-73.95247,40.798469],[-73.952174,40.798665],[-73.951822,40.799075],[-73.936245,40.820421],[-73.935654,40.82122],[-73.935192,40.821675],[-73.935099,40.821793],[-73.934725,40.82271],[-73.934715,40.822901],[-73.934777,40.823066],[-73.934911,40.823205],[-73.935041,40.823283],[-73.93647,40.82388]]}},{"type":"Feature","properties":{"color":"#D82233","description":"7 Avenue Express","route":"3","routeId":"3","shapeId":"3..S01R"},"geometry":{"type":"LineString","coordinates":[[-73.93647,40.82388],[-73.935041,40.823283],[-73.934911,40.823205],[-73.934777,40.823066],[-73.934715,40.822901],[-73.934725,40.82271],[-73.935099,40.821793],[-73.935192,40.821675],[-73.935654,40.82122],[-73.936245,40.820421],[-73.951822,40.799075],[-73.952174,40.798665],[-73.95247,40.798469],[-73.952702,40.798356],[-73.95331,40.798177],[-73.956739,40.797535],[-73.960573,40.796904],[-73.960984,40.796872],[-73.961388,40.796934],[-73.961824,40.797093],[-73.966773,40.799164],[-73.967143,40.799251],[-73.967495,40.799278],[-73.967828,40.799244],[-73.968144,40.79915],[-73.968295,40.79908],[-73.968441,40.798996],[-73.96872,40.798781],[-73.96898,40.798506],[-73.975942,40.788957],[-73.977656,40.786953],[-73.979917,40.783934],[-73.980473,40.783149],[-73.980748,40.782622],[-73.980847,40.782374],[-73.981314,40.780996],[-73.981906,40.778822],[-73.982058,40.777869],[-73.982091,40.777496],[-73.982212,40.774166],[-73.982088,40.768794],[-73.982012,40.768454],[-73.981781,40.767895],[-73.981718,40.767681],[-73.981689,40.767324],[-73.981977,40.765461],[-73.982156,40.764821],[-73.98232,40.764386],[-73.982464,40.764029],[-73.983038,40.76298],[-73.984577,40.760592],[-73.984959,40.759714],[-73.985421,40.758375],[-73.985569,40.758014],[-73.985786,40.757638],[-74.000973,40.736761],[-74.001345,40.736162],[-74.005062,40.729642],[-74.00516,40.729414],[-74.005221,40.729169],[-74.006886,40.719318],[-74.007089,40.718334],[-74.007249,40.718032],[-74.010238,40.714241],[-74.010333,40.714066],[-74.010353,40.713961],[-74.010341,40.713865],[-74.010294,40.713777],[-74.01016,40.713662],[-74.007813,40.712596],[-74.007548,40.712431],[-74.007289,40.712145],[-74.006954,40.711685],[-74.005848,40.71062],[-74.005772,40.710496],[-74.005763,40.710376],[-74.005803,40.710254],[-74.005869,40.710148],[-74.008592,40.707382],[-74.009488,40.706375],[-74.00967,40.706141],[-74.009889,40.705735],[-74.009996,40.705281],[-74.009957,40.705083],[-74.009737,40.70477],[-74.006508,40.701924],[-74.006073,40.701603],[-74.005659,40.701345],[-74.005185,40.701068],[-74.00471,40.700828],[-74.00426,40.700635],[-74.00291,40.700174],[-73.991897,40.697148],[-73.991667,40.697046],[-73.991423,40.69687],[-73.991255,40.696643],[-73.990439,40.694124],[-73.989735,40.692699],[-73.989623,40.692535],[-73.989447,40.692361],[-73.989185,40.692195],[-73.98136,40.689062],[-73.981001,40.688856],[-73.98074,40.688593],[-73.971046,40.675235],[-73.969694,40.673552],[-73.969546,40.673414],[-73.969259,40.673208],[-73.968779,40.672999],[-73.964375,40.671987],[-73.955823,40.670208],[-73.955258,40.670118],[-73.926593,40.668554],[-73.925986,40.668473],[-73.925796,40.668415],[-73.925553,40.668271],[-73.925038,40.667735],[-73.924861,40.667449],[-73.92441,40.666422],[-73.924177,40.666124],[-73.918958,40.66145],[-73.918614,40.66127],[-73.918245,40.661198],[-73.918036,40.661201],[-73.917633,40.661257],[-73.884079,40.666235]]}},{"type":"Feature","properties":{"color":"#D82233","description":"7 Avenue Express","route":"3","routeId":"3","shapeId":"3..S07R"},"geometry":{"type":"LineString","coordinates":[[-73.936245,40.820421],[-73.951822,40.799075],[-73.952174,40.798665],[-73.95247,40.798469],[-73.952702,40.798356],[-73.95331,40.798177],[-73.956739,40.797535],[-73.960573,40.796904],[-73.960984,40.796872],[-73.961388,40.796934],[-73.961824,40.797093],[-73.966773,40.799164],[-73.967143,40.799251],[-73.967495,40.799278],[-73.967828,40.799244],[-73.968144,40.79915],[-73.968295,40.79908],[-73.968441,40.798996],[-73.96872,40.798781],[-73.96898,40.798506],[-73.975942,40.788957],[-73.977656,40.786953],[-73.980371,40.783313],[-73.980748,40.782622],[-73.981314,40.780996],[-73.981906,40.778822],[-73.982058,40.777869],[-73.982091,40.777496],[-73.982212,40.774166],[-73.982088,40.768794],[-73.982012,40.768454],[-73.981781,40.767895],[-73.981718,40.767681],[-73.981689,40.767324],[-73.981977,40.765461],[-73.982156,40.764821],[-73.98232,40.764386],[-73.982464,40.764029],[-73.983038,40.76298],[-73.984577,40.760592],[-73.984959,40.759714],[-73.985421,40.758375],[-73.985569,40.758014],[-73.985786,40.757638],[-74.000973,40.736761],[-74.001345,40.736162],[-74.005062,40.729642],[-74.00516,40.729414],[-74.005221,40.729169],[-74.006886,40.719318],[-74.007089,40.718334],[-74.007249,40.718032],[-74.010238,40.714241],[-74.010333,40.714066],[-74.010353,40.713961],[-74.010341,40.713865],[-74.010294,40.713777],[-74.01016,40.713662],[-74.007813,40.712596],[-74.007548,40.712431],[-74.007289,40.712145],[-74.006954,40.711685],[-74.005848,40.71062],[-74.005772,40.710496],[-74.005763,40.710376],[-74.005803,40.710254],[-74.005869,40.710148],[-74.008592,40.707382],[-74.009488,40.706375],[-74.00967,40.706141],[-74.009889,40.705735],[-74.009996,40.705281],[-74.009957,40.705083],[-74.009737,40.70477],[-74.006508,40.701924],[-74.006073,40.701603],[-74.005659,40.701345],[-74.005185,40.701068],[-74.00471,40.700828],[-74.00426,40.700635],[-74.00291,40.700174],[-73.991897,40.697148],[-73.991667,40.697046],[-73.991423,40.69687],[-73.991255,40.696643],[-73.990439,40.694124],[-73.989735,40.692699],[-73.989623,40.692535],[-73.989447,40.692361],[-73.989185,40.692195],[-73.98136,40.689062],[-73.981001,40.688856],[-73.98074,40.688593],[-73.971046,40.675235],[-73.969694,40.673552],[-73.969546,40.673414],[-73.969259,40.673208],[-73.968779,40.672999],[-73.964375,40.671987],[-73.955823,40.670208],[-73.955258,40.670118],[-73.926593,40.668554],[-73.925986,40.668473],[-73.925796,40.668415],[-73.925553,40.668271],[-73.925038,40.667735],[-73.924861,40.667449],[-73.92441,40.666422],[-73.924177,40.666124],[-73.918958,40.66145],[-73.918614,40.66127],[-73.918245,40.661198],[-73.918036,40.661201],[-73.917633,40.661257],[-73.884079,40.666235]]}},{"type":"Feature","properties":{"color":"#D82233","description":"7 Avenue Express","route":"3","routeId":"3","shapeId":"3..S88R"},"geometry":{"type":"LineString","coordinates":[[-73.93647,40.82388],[-73.935041,40.823283],[-73.934911,40.823205],[-73.934777,40.823066],[-73.934715,40.822901],[-73.934725,40.82271],[-73.935099,40.821793],[-73.935192,40.821675],[-73.935654,40.82122],[-73.936245,40.820421],[-73.951822,40.799075],[-73.952174,40.798665],[-73.95247,40.798469],[-73.952702,40.798356],[-73.95331,40.798177],[-73.956739,40.797535],[-73.960573,40.796904],[-73.960984,40.796872],[-73.961388,40.796934],[-73.961824,40.797093],[-73.966773,40.799164],[-73.967143,40.799251],[-73.967495,40.799278],[-73.967828,40.799244],[-73.968144,40.79915],[-73.968295,40.79908],[-73.968441,40.798996],[-73.96872,40.798781],[-73.96898,40.798506],[-73.975942,40.788957],[-73.977656,40.786953],[-73.979917,40.783934],[-73.980473,40.783149],[-73.980748,40.782622],[-73.980847,40.782374],[-73.981314,40.780996],[-73.981757,40.779426],[-73.981906,40.778822],[-73.982058,40.777869],[-73.982091,40.777496],[-73.982212,40.774166],[-73.982088,40.768794],[-73.982012,40.768454],[-73.981781,40.767895],[-73.981718,40.767681],[-73.981689,40.767324],[-73.98191,40.765808],[-73.981977,40.765461],[-73.982156,40.764821],[-73.982464,40.764029],[-73.983038,40.76298],[-73.984577,40.760592],[-73.984959,40.759714],[-73.985421,40.758375],[-73.985569,40.758014],[-73.985709,40.757758],[-73.991057,40.750373]]}},{"type":"Feature","properties":{"color":"#009952","description":"Lexington Avenue Express","route":"4","routeId":"4","shapeId":"4..N01R"},"geometry":{"type":"LineString","coordinates":[[-73.884079,40.666235],[-73.917633,40.661257],[-73.918036,40.661201],[-73.918245,40.661198],[-73.918614,40.66127],[-73.918958,40.66145],[-73.924177,40.666124],[-73.92441,40.666422],[-73.924861,40.667449],[-73.925038,40.667735],[-73.925553,40.668271],[-73.925796,40.668415],[-73.925986,40.668473],[-73.926593,40.668554],[-73.955258,40.670118],[-73.955823,40.670208],[-73.964375,40.671987],[-73.968631,40.672955],[-73.968947,40.673056],[-73.969259,40.673208],[-73.969546,40.673414],[-73.969694,40.673552],[-73.971046,40.675235],[-73.98074,40.688593],[-73.980884,40.688757],[-73.981065,40.688902],[-73.981444,40.689096],[-73.989328,40.692242],[-73.989986,40.69238],[-73.99508,40.693147],[-73.999213,40.693877],[-74.003274,40.694909],[-74.003986,40.695132],[-74.005764,40.695813],[-74.006198,40.696065],[-74.014111,40.702119],[-74.014341,40.702361],[-74.014509,40.702618],[-74.014615,40.70289],[-74.014645,40.703031],[-74.014659,40.703325],[-74.014612,40.703634],[-74.014428,40.704123],[-74.013932,40.705053],[-74.013759,40.705299],[-74.009509,40.710368],[-74.00877,40.711218],[-74.008594,40.711348],[-74.008372,40.711442],[-74.005233,40.712228],[-74.00493,40.71234],[-74.004697,40.712498],[-74.004131,40.713065],[-74.003369,40.71393],[-74.003263,40.714102],[-74.003195,40.714294],[-74.003048,40.715471],[-74.002994,40.715627],[-74.002905,40.715772],[-73.999049,40.720055],[-73.99722,40.722188],[-73.997066,40.722435],[-73.996726,40.723314],[-73.996631,40.723488],[-73.994659,40.725915],[-73.993622,40.727308],[-73.991669,40.729595],[-73.991376,40.729856],[-73.990941,40.730144],[-73.990682,40.730419],[-73.990569,40.730618],[-73.990488,40.730843],[-73.989863,40.733476],[-73.989839,40.733755],[-73.989849,40.734063],[-73.989969,40.734884],[-73.989933,40.735181],[-73.989845,40.735409],[-73.978287,40.751266],[-73.978108,40.75143],[-73.977884,40.75154],[-73.975869,40.752014],[-73.975634,40.752119],[-73.975427,40.7523],[-73.934662,40.808149],[-73.934366,40.808503],[-73.929849,40.813224],[-73.929244,40.813931],[-73.92908,40.814189],[-73.928949,40.814456],[-73.927911,40.817191],[-73.926398,40.820412],[-73.926291,40.820713],[-73.926218,40.821007],[-73.926171,40.821438],[-73.926182,40.821718],[-73.926226,40.821992],[-73.927106,40.824562],[-73.927191,40.82491],[-73.927208,40.825316],[-73.927148,40.825624],[-73.927074,40.825847],[-73.92684,40.82629],[-73.920309,40.837361],[-73.92013,40.837556],[-73.919948,40.837704],[-73.919312,40.83813],[-73.919114,40.838292],[-73.918951,40.838463],[-73.910243,40.850631],[-73.909863,40.851074],[-73.905731,40.855612],[-73.905292,40.856143],[-73.904933,40.856673],[-73.901915,40.861609],[-73.90166,40.861995],[-73.895412,40.870029],[-73.895138,40.870308],[-73.89477,40.870567],[-73.892543,40.871644],[-73.891764,40.872102],[-73.891551,40.872246],[-73.890064,40.873412],[-73.889214,40.874115],[-73.888999,40.874357],[-73.88882,40.874628],[-73.887857,40.876764],[-73.88773,40.876978],[-73.88754,40.877226],[-73.887266,40.877496],[-73.881692,40.88231],[-73.881332,40.882656],[-73.880879,40.883175],[-73.878751,40.886037]]}},{"type":"Feature","properties":{"color":"#009952","description":"Lexington Avenue Express","route":"4","routeId":"4","shapeId":"4..N06R"},"geometry":{"type":"LineString","coordinates":[[-73.932942,40.668897],[-73.955258,40.670118],[-73.955823,40.670208],[-73.964375,40.671987],[-73.968465,40.672915],[-73.968947,40.673056],[-73.969397,40.673299],[-73.969694,40.673552],[-73.971046,40.675235],[-73.98074,40.688593],[-73.980884,40.688757],[-73.981065,40.688902],[-73.981444,40.689096],[-73.989328,40.692242],[-73.989986,40.69238],[-73.99508,40.693147],[-73.999213,40.693877],[-74.003274,40.694909],[-74.003986,40.695132],[-74.005764,40.695813],[-74.006198,40.696065],[-74.014111,40.702119],[-74.014432,40.702488],[-74.014509,40.702618],[-74.014615,40.70289],[-74.01466,40.703176],[-74.014612,40.703634],[-74.014428,40.704123],[-74.013932,40.705053],[-74.013759,40.705299],[-74.009509,40.710368],[-74.00877,40.711218],[-74.008594,40.711348],[-74.008372,40.711442],[-74.005233,40.712228],[-74.00493,40.71234],[-74.004697,40.712498],[-74.004131,40.713065],[-74.003369,40.71393],[-74.003263,40.714102],[-74.003195,40.714294],[-74.003048,40.715471],[-74.002994,40.715627],[-74.002905,40.715772],[-73.999049,40.720055],[-73.99722,40.722188],[-73.997066,40.722435],[-73.996726,40.723314],[-73.996631,40.723488],[-73.994659,40.725915],[-73.993622,40.727308],[-73.991669,40.729595],[-73.991376,40.729856],[-73.990941,40.730144],[-73.990682,40.730419],[-73.990569,40.730618],[-73.990488,40.730843],[-73.989863,40.733476],[-73.989839,40.733755],[-73.989849,40.734063],[-73.989969,40.734884],[-73.989933,40.735181],[-73.989845,40.735409],[-73.978287,40.751266],[-73.978108,40.75143],[-73.977884,40.75154],[-73.975869,40.752014],[-73.975634,40.752119],[-73.975427,40.7523],[-73.934662,40.808149],[-73.934366,40.808503],[-73.929849,40.813224],[-73.929244,40.813931],[-73.92908,40.814189],[-73.928949,40.814456],[-73.927911,40.817191],[-73.926398,40.820412],[-73.926291,40.820713],[-73.926218,40.821007],[-73.926171,40.821438],[-73.926182,40.821718],[-73.926226,40.821992],[-73.927106,40.824562],[-73.927191,40.82491],[-73.927208,40.825316],[-73.927148,40.825624],[-73.927074,40.825847],[-73.92684,40.82629],[-73.920309,40.837361],[-73.92013,40.837556],[-73.919948,40.837704],[-73.919312,40.83813],[-73.919114,40.838292],[-73.918951,40.838463],[-73.910243,40.850631],[-73.909863,40.851074],[-73.905731,40.855612],[-73.905292,40.856143],[-73.904933,40.856673],[-73.901915,40.861609],[-73.90166,40.861995],[-73.895412,40.870029],[-73.895138,40.870308],[-73.89477,40.870567],[-73.892543,40.871644],[-73.891764,40.872102],[-73.891551,40.872246],[-73.890064,40.873412],[-73.889214,40.874115],[-73.888999,40.874357],[-73.88882,40.874628],[-73.887857,40.876764],[-73.88773,40.876978],[-73.88754,40.877226],[-73.887266,40.877496],[-73.881692,40.88231],[-73.881332,40.882656],[-73.880879,40.883175],[-73.878751,40.886037]]}},{"type":"Feature","properties":{"color":"#009952","description":"Lexington Avenue Express","route":"4","routeId":"4","shapeId":"4..N14R"},"geometry":{"type":"LineString","coordinates":[[-74.014065,40.704817],[-74.013759,40.705299],[-74.009509,40.710368],[-74.008725,40.711258],[-74.008565,40.711364],[-74.008372,40.711442],[-74.005233,40.712228],[-74.00493,40.71234],[-74.004697,40.712498],[-74.004131,40.713065],[-74.003369,40.71393],[-74.003263,40.714102],[-74.003195,40.714294],[-74.003048,40.715471],[-74.002994,40.715627],[-74.002905,40.715772],[-73.999049,40.720055],[-73.99722,40.722188],[-73.997066,40.722435],[-73.996726,40.723314],[-73.996631,40.723488],[-73.994659,40.725915],[-73.993622,40.727308],[-73.991669,40.729595],[-73.991376,40.729856],[-73.990941,40.730144],[-73.990682,40.730419],[-73.990569,40.730618],[-73.990488,40.730843],[-73.989863,40.733476],[-73.989839,40.733755],[-73.989849,40.734063],[-73.989969,40.734884],[-73.989933,40.735181],[-73.989845,40.735409],[-73.978287,40.751266],[-73.978108,40.75143],[-73.977884,40.75154],[-73.975869,40.752014],[-73.975634,40.752119],[-73.975427,40.7523],[-73.934662,40.808149],[-73.934366,40.808503],[-73.929849,40.813224],[-73.929244,40.813931],[-73.92908,40.814189],[-73.928949,40.814456],[-73.927911,40.817191],[-73.926398,40.820412],[-73.926291,40.820713],[-73.926218,40.821007],[-73.926171,40.821438],[-73.926182,40.821718],[-73.926226,40.821992],[-73.927106,40.824562],[-73.927191,40.82491],[-73.927208,40.825316],[-73.927148,40.825624],[-73.927074,40.825847],[-73.92684,40.82629],[-73.920309,40.837361],[-73.92013,40.837556],[-73.919948,40.837704],[-73.919312,40.83813],[-73.919114,40.838292],[-73.918951,40.838463],[-73.910243,40.850631],[-73.909863,40.851074],[-73.905731,40.855612],[-73.905292,40.856143],[-73.904933,40.856673],[-73.901915,40.861609],[-73.90166,40.861995],[-73.895412,40.870029],[-73.895138,40.870308],[-73.89477,40.870567],[-73.892543,40.871644],[-73.891764,40.872102],[-73.891551,40.872246],[-73.890064,40.873412],[-73.889214,40.874115],[-73.888999,40.874357],[-73.88882,40.874628],[-73.887857,40.876764],[-73.88773,40.876978],[-73.88754,40.877226],[-73.887266,40.877496],[-73.881692,40.88231],[-73.881332,40.882656],[-73.880879,40.883175],[-73.878751,40.886037]]}},{"type":"Feature","properties":{"color":"#009952","description":"Lexington Avenue Express","route":"4","routeId":"4","shapeId":"4..N43X004"},"geometry":{"type":"LineString","coordinates":[[-73.932942,40.668897],[-73.955258,40.670118],[-73.955823,40.670208],[-73.964375,40.671987],[-73.968465,40.672915],[-73.968947,40.673056],[-73.969397,40.673299],[-73.969694,40.673552],[-73.971046,40.675235],[-73.98074,40.688593],[-73.980884,40.688757],[-73.981065,40.688902],[-73.981444,40.689096],[-73.989328,40.692242],[-73.989986,40.69238],[-73.99508,40.693147],[-73.999213,40.693877],[-74.003274,40.694909],[-74.003986,40.695132],[-74.005764,40.695813],[-74.006198,40.696065],[-74.014111,40.702119],[-74.014341,40.702361],[-74.014509,40.702618],[-74.014615,40.70289],[-74.014645,40.703031],[-74.014659,40.703325],[-74.014612,40.703634],[-74.014428,40.704123],[-74.013932,40.705053],[-74.013759,40.705299],[-74.009509,40.710368],[-74.00877,40.711218],[-74.008594,40.711348],[-74.008372,40.711442],[-74.005023,40.712297],[-74.004845,40.712387],[-74.004697,40.712498],[-74.004131,40.713065],[-74.003402,40.713889],[-74.003263,40.714102],[-74.003184,40.714345],[-74.003048,40.715471],[-74.002994,40.715627],[-74.002905,40.715772],[-73.999049,40.720055],[-73.99722,40.722188],[-73.997066,40.722435],[-73.996726,40.723314],[-73.996631,40.723488],[-73.994659,40.725915],[-73.993622,40.727308],[-73.991669,40.729595],[-73.991376,40.729856],[-73.990941,40.730144],[-73.990727,40.730358],[-73.990603,40.730548],[-73.990488,40.730843],[-73.989863,40.733476],[-73.989839,40.733755],[-73.989849,40.734063],[-73.989969,40.734884],[-73.989933,40.735181],[-73.989845,40.735409],[-73.97826,40.751298],[-73.978074,40.751452],[-73.977843,40.751553],[-73.975817,40.752032],[-73.975594,40.752145],[-73.975427,40.7523],[-73.934662,40.808149],[-73.934366,40.808503],[-73.929849,40.813224],[-73.929244,40.813931],[-73.928972,40.814402],[-73.927985,40.817019],[-73.927351,40.818375]]}},{"type":"Feature","properties":{"color":"#009952","description":"Lexington Avenue Express","route":"4","routeId":"4","shapeId":"4..N56R"},"geometry":{"type":"LineString","coordinates":[[-73.932942,40.668897],[-73.955258,40.670118],[-73.955823,40.670208],[-73.964375,40.671987],[-73.968465,40.672915],[-73.968947,40.673056],[-73.969397,40.673299],[-73.969694,40.673552],[-73.971046,40.675235],[-73.98074,40.688593],[-73.980884,40.688757],[-73.981065,40.688902],[-73.981444,40.689096],[-73.989328,40.692242],[-73.989986,40.69238],[-73.99508,40.693147],[-73.999213,40.693877],[-74.003274,40.694909],[-74.003986,40.695132],[-74.005764,40.695813],[-74.006198,40.696065],[-74.014111,40.702119],[-74.014432,40.702488],[-74.014509,40.702618],[-74.014615,40.70289],[-74.01466,40.703176],[-74.014612,40.703634],[-74.014428,40.704123],[-74.013932,40.705053],[-74.013759,40.705299],[-74.009509,40.710368],[-74.00877,40.711218],[-74.008594,40.711348],[-74.008372,40.711442],[-74.005233,40.712228],[-74.00493,40.71234],[-74.004697,40.712498],[-74.004131,40.713065],[-74.003369,40.71393],[-74.003263,40.714102],[-74.003195,40.714294],[-74.003048,40.715471],[-74.002994,40.715627],[-74.002905,40.715772],[-73.999049,40.720055],[-73.99722,40.722188],[-73.997066,40.722435],[-73.996726,40.723314],[-73.996631,40.723488],[-73.994659,40.725915],[-73.993622,40.727308],[-73.991669,40.729595],[-73.991376,40.729856],[-73.990941,40.730144],[-73.990682,40.730419],[-73.990569,40.730618],[-73.990488,40.730843],[-73.989863,40.733476],[-73.989839,40.733755],[-73.989849,40.734063],[-73.989969,40.734884],[-73.989933,40.735181],[-73.989845,40.735409],[-73.978287,40.751266],[-73.978108,40.75143],[-73.977884,40.75154],[-73.975869,40.752014],[-73.975634,40.752119],[-73.975427,40.7523],[-73.934662,40.808149],[-73.934366,40.808503],[-73.929849,40.813224],[-73.929244,40.813931],[-73.92908,40.814189],[-73.928949,40.814456],[-73.927911,40.817191],[-73.926398,40.820412],[-73.926291,40.820713],[-73.926218,40.821007],[-73.926171,40.821438],[-73.926182,40.821718],[-73.926226,40.821992],[-73.927106,40.824562],[-73.927191,40.82491],[-73.927208,40.825316],[-73.927148,40.825624],[-73.927074,40.825847],[-73.92684,40.82629],[-73.920309,40.837361],[-73.92013,40.837556],[-73.919948,40.837704],[-73.919312,40.83813],[-73.919114,40.838292],[-73.918951,40.838463],[-73.910243,40.850631],[-73.909863,40.851074],[-73.905731,40.855612],[-73.905292,40.856143],[-73.904933,40.856673],[-73.901915,40.861609],[-73.90166,40.861995],[-73.895412,40.870029],[-73.895138,40.870308],[-73.89477,40.870567],[-73.892543,40.871644],[-73.891902,40.872012],[-73.891551,40.872246],[-73.890064,40.873412]]}},{"type":"Feature","properties":{"color":"#009952","description":"Lexington Avenue Express","route":"4","routeId":"4","shapeId":"4..N64R"},"geometry":{"type":"LineString","coordinates":[[-73.932942,40.668897],[-73.955258,40.670118],[-73.955823,40.670208],[-73.964375,40.671987],[-73.968465,40.672915],[-73.968947,40.673056],[-73.969397,40.673299],[-73.969694,40.673552],[-73.971046,40.675235],[-73.98074,40.688593],[-73.980884,40.688757],[-73.981065,40.688902],[-73.981444,40.689096],[-73.989328,40.692242],[-73.989986,40.69238],[-73.99508,40.693147],[-73.999213,40.693877],[-74.003274,40.694909],[-74.003986,40.695132],[-74.005764,40.695813],[-74.006198,40.696065],[-74.014111,40.702119],[-74.014432,40.702488],[-74.014509,40.702618],[-74.014615,40.70289],[-74.01466,40.703176],[-74.014612,40.703634],[-74.014428,40.704123],[-74.013932,40.705053],[-74.013759,40.705299],[-74.009509,40.710368],[-74.00877,40.711218],[-74.008594,40.711348],[-74.008372,40.711442],[-74.005233,40.712228],[-74.00493,40.71234],[-74.004697,40.712498],[-74.004131,40.713065],[-74.003369,40.71393],[-74.003263,40.714102],[-74.003195,40.714294],[-74.003048,40.715471],[-74.002994,40.715627],[-74.002905,40.715772],[-73.999049,40.720055],[-73.99722,40.722188],[-73.997066,40.722435],[-73.996726,40.723314],[-73.996631,40.723488],[-73.994659,40.725915],[-73.993622,40.727308],[-73.991669,40.729595],[-73.991376,40.729856],[-73.990941,40.730144],[-73.990682,40.730419],[-73.990569,40.730618],[-73.990488,40.730843],[-73.989863,40.733476],[-73.989839,40.733755],[-73.989849,40.734063],[-73.989969,40.734884],[-73.989933,40.735181],[-73.989845,40.735409],[-73.978287,40.751266],[-73.978108,40.75143],[-73.977884,40.75154],[-73.975869,40.752014],[-73.975634,40.752119],[-73.975427,40.7523],[-73.934662,40.808149],[-73.934366,40.808503],[-73.929849,40.813224],[-73.929244,40.813931],[-73.92908,40.814189],[-73.928949,40.814456],[-73.927911,40.817191],[-73.926398,40.820412],[-73.926291,40.820713],[-73.926218,40.821007],[-73.926171,40.821438],[-73.926182,40.821718],[-73.926226,40.821992],[-73.927106,40.824562],[-73.927191,40.82491],[-73.927208,40.825316],[-73.927148,40.825624],[-73.927074,40.825847],[-73.92684,40.82629],[-73.920309,40.837361],[-73.92013,40.837556],[-73.919948,40.837704],[-73.919312,40.83813],[-73.919114,40.838292],[-73.918951,40.838463],[-73.910243,40.850631],[-73.909863,40.851074],[-73.905731,40.855612],[-73.905292,40.856143],[-73.904933,40.856673],[-73.901915,40.861609],[-73.90166,40.861995],[-73.895412,40.870029],[-73.895138,40.870308],[-73.89477,40.870567],[-73.892543,40.871644],[-73.891764,40.872102],[-73.891551,40.872246],[-73.890064,40.873412],[-73.889253,40.874078],[-73.889032,40.874315],[-73.88882,40.874628],[-73.887857,40.876764],[-73.887621,40.877129],[-73.887315,40.877453],[-73.884655,40.87975]]}},{"type":"Feature","properties":{"color":"#009952","description":"Lexington Avenue Express","route":"4","routeId":"4","shapeId":"4..S01R"},"geometry":{"type":"LineString","coordinates":[[-73.878751,40.886037],[-73.880879,40.883175],[-73.881332,40.882656],[-73.881692,40.88231],[-73.887266,40.877496],[-73.88754,40.877226],[-73.88773,40.876978],[-73.887857,40.876764],[-73.88882,40.874628],[-73.888999,40.874357],[-73.889214,40.874115],[-73.890064,40.873412],[-73.891551,40.872246],[-73.891764,40.872102],[-73.892543,40.871644],[-73.89477,40.870567],[-73.895138,40.870308],[-73.895412,40.870029],[-73.90166,40.861995],[-73.901915,40.861609],[-73.904933,40.856673],[-73.905292,40.856143],[-73.905731,40.855612],[-73.909863,40.851074],[-73.910243,40.850631],[-73.918951,40.838463],[-73.919114,40.838292],[-73.919312,40.83813],[-73.919948,40.837704],[-73.92013,40.837556],[-73.920309,40.837361],[-73.92684,40.82629],[-73.927074,40.825847],[-73.927148,40.825624],[-73.927208,40.825316],[-73.927191,40.82491],[-73.927106,40.824562],[-73.926226,40.821992],[-73.926182,40.821718],[-73.926171,40.821438],[-73.926218,40.821007],[-73.926291,40.820713],[-73.926398,40.820412],[-73.927911,40.817191],[-73.928949,40.814456],[-73.92908,40.814189],[-73.929244,40.813931],[-73.929849,40.813224],[-73.934366,40.808503],[-73.934662,40.808149],[-73.975427,40.7523],[-73.975634,40.752119],[-73.975869,40.752014],[-73.977884,40.75154],[-73.978108,40.75143],[-73.978287,40.751266],[-73.989845,40.735409],[-73.989933,40.735181],[-73.989969,40.734884],[-73.989849,40.734063],[-73.989839,40.733755],[-73.989863,40.733476],[-73.990488,40.730843],[-73.990569,40.730618],[-73.990682,40.730419],[-73.990941,40.730144],[-73.991376,40.729856],[-73.991669,40.729595],[-73.993622,40.727308],[-73.994659,40.725915],[-73.996631,40.723488],[-73.996726,40.723314],[-73.997066,40.722435],[-73.99722,40.722188],[-73.999049,40.720055],[-74.002905,40.715772],[-74.002994,40.715627],[-74.003048,40.715471],[-74.003195,40.714294],[-74.003263,40.714102],[-74.003369,40.71393],[-74.004131,40.713065],[-74.004697,40.712498],[-74.00493,40.71234],[-74.005233,40.712228],[-74.008372,40.711442],[-74.008594,40.711348],[-74.00877,40.711218],[-74.009509,40.710368],[-74.013759,40.705299],[-74.013932,40.705053],[-74.014428,40.704123],[-74.014612,40.703634],[-74.014659,40.703325],[-74.014645,40.703031],[-74.014615,40.70289],[-74.014509,40.702618],[-74.014341,40.702361],[-74.014111,40.702119],[-74.006198,40.696065],[-74.005764,40.695813],[-74.003986,40.695132],[-74.003274,40.694909],[-73.999213,40.693877],[-73.99508,40.693147],[-73.989986,40.69238],[-73.989328,40.692242],[-73.981444,40.689096],[-73.981065,40.688902],[-73.980884,40.688757],[-73.98074,40.688593],[-73.971046,40.675235],[-73.969694,40.673552],[-73.969546,40.673414],[-73.969259,40.673208],[-73.968947,40.673056],[-73.968631,40.672955],[-73.964375,40.671987],[-73.955823,40.670208],[-73.955258,40.670118],[-73.926593,40.668554],[-73.925986,40.668473],[-73.925796,40.668415],[-73.925553,40.668271],[-73.925038,40.667735],[-73.924861,40.667449],[-73.92441,40.666422],[-73.924177,40.666124],[-73.918958,40.66145],[-73.918614,40.66127],[-73.918245,40.661198],[-73.918036,40.661201],[-73.917633,40.661257],[-73.884079,40.666235]]}},{"type":"Feature","properties":{"color":"#009952","description":"Lexington Avenue Express","route":"4","routeId":"4","shapeId":"4..S05R"},"geometry":{"type":"LineString","coordinates":[[-73.878751,40.886037],[-73.880879,40.883175],[-73.881332,40.882656],[-73.881692,40.88231],[-73.887266,40.877496],[-73.88754,40.877226],[-73.88773,40.876978],[-73.887857,40.876764],[-73.88882,40.874628],[-73.888999,40.874357],[-73.889214,40.874115],[-73.890064,40.873412],[-73.891551,40.872246],[-73.891764,40.872102],[-73.892543,40.871644],[-73.89477,40.870567],[-73.895138,40.870308],[-73.895412,40.870029],[-73.90166,40.861995],[-73.901915,40.861609],[-73.904933,40.856673],[-73.905292,40.856143],[-73.905731,40.855612],[-73.909863,40.851074],[-73.910243,40.850631],[-73.918951,40.838463],[-73.919114,40.838292],[-73.919312,40.83813],[-73.919948,40.837704],[-73.92013,40.837556],[-73.920309,40.837361],[-73.92684,40.82629],[-73.927074,40.825847],[-73.927148,40.825624],[-73.927208,40.825316],[-73.927191,40.82491],[-73.927106,40.824562],[-73.926226,40.821992],[-73.926182,40.821718],[-73.926171,40.821438],[-73.926218,40.821007],[-73.926291,40.820713],[-73.926398,40.820412],[-73.927911,40.817191],[-73.928949,40.814456],[-73.92908,40.814189],[-73.929244,40.813931],[-73.929849,40.813224],[-73.934366,40.808503],[-73.934662,40.808149],[-73.975427,40.7523],[-73.975634,40.752119],[-73.975869,40.752014],[-73.977884,40.75154],[-73.978108,40.75143],[-73.978287,40.751266],[-73.989845,40.735409],[-73.989933,40.735181],[-73.989969,40.734884],[-73.989849,40.734063],[-73.989839,40.733755],[-73.989863,40.733476],[-73.990488,40.730843],[-73.990569,40.730618],[-73.990682,40.730419],[-73.990941,40.730144],[-73.991376,40.729856],[-73.991669,40.729595],[-73.993622,40.727308],[-73.994659,40.725915],[-73.996631,40.723488],[-73.996726,40.723314],[-73.997066,40.722435],[-73.99722,40.722188],[-73.999049,40.720055],[-74.002905,40.715772],[-74.002994,40.715627],[-74.003048,40.715471],[-74.003195,40.714294],[-74.003263,40.714102],[-74.003369,40.71393],[-74.004131,40.713065],[-74.004697,40.712498],[-74.00493,40.71234],[-74.005233,40.712228],[-74.008372,40.711442],[-74.008594,40.711348],[-74.00877,40.711218],[-74.009509,40.710368],[-74.013759,40.705299],[-74.013932,40.705053],[-74.014428,40.704123],[-74.014612,40.703634],[-74.01466,40.703176],[-74.014615,40.70289],[-74.014509,40.702618],[-74.014432,40.702488],[-74.014111,40.702119],[-74.006198,40.696065],[-74.005764,40.695813],[-74.003986,40.695132],[-74.003274,40.694909],[-73.999213,40.693877],[-73.99508,40.693147],[-73.989986,40.69238],[-73.989328,40.692242],[-73.981444,40.689096],[-73.981065,40.688902],[-73.980884,40.688757],[-73.98074,40.688593],[-73.971046,40.675235],[-73.969694,40.673552],[-73.969397,40.673299],[-73.968947,40.673056],[-73.968465,40.672915],[-73.964375,40.671987],[-73.955823,40.670208],[-73.955258,40.670118],[-73.932942,40.668897]]}},{"type":"Feature","properties":{"color":"#009952","description":"Lexington Avenue Express","route":"4","routeId":"4","shapeId":"4..S28R"},"geometry":{"type":"LineString","coordinates":[[-73.890064,40.873412],[-73.891551,40.872246],[-73.891902,40.872012],[-73.892543,40.871644],[-73.89477,40.870567],[-73.895138,40.870308],[-73.895412,40.870029],[-73.90166,40.861995],[-73.901915,40.861609],[-73.904933,40.856673],[-73.905292,40.856143],[-73.905731,40.855612],[-73.909863,40.851074],[-73.910243,40.850631],[-73.918951,40.838463],[-73.919114,40.838292],[-73.919312,40.83813],[-73.919948,40.837704],[-73.92013,40.837556],[-73.920309,40.837361],[-73.92684,40.82629],[-73.927074,40.825847],[-73.927148,40.825624],[-73.927208,40.825316],[-73.927191,40.82491],[-73.927106,40.824562],[-73.926226,40.821992],[-73.926182,40.821718],[-73.926171,40.821438],[-73.926218,40.821007],[-73.926291,40.820713],[-73.926398,40.820412],[-73.927911,40.817191],[-73.928949,40.814456],[-73.92908,40.814189],[-73.929244,40.813931],[-73.929849,40.813224],[-73.934366,40.808503],[-73.934662,40.808149],[-73.975427,40.7523],[-73.975634,40.752119],[-73.975869,40.752014],[-73.977884,40.75154],[-73.978108,40.75143],[-73.978287,40.751266],[-73.989845,40.735409],[-73.989933,40.735181],[-73.989969,40.734884],[-73.989849,40.734063],[-73.989839,40.733755],[-73.989863,40.733476],[-73.990488,40.730843],[-73.990569,40.730618],[-73.990682,40.730419],[-73.990941,40.730144],[-73.991376,40.729856],[-73.991669,40.729595],[-73.993622,40.727308],[-73.994659,40.725915],[-73.996631,40.723488],[-73.996726,40.723314],[-73.997066,40.722435],[-73.99722,40.722188],[-73.999049,40.720055],[-74.002905,40.715772],[-74.002994,40.715627],[-74.003048,40.715471],[-74.003195,40.714294],[-74.003263,40.714102],[-74.003369,40.71393],[-74.004131,40.713065],[-74.004697,40.712498],[-74.00493,40.71234],[-74.005233,40.712228],[-74.008372,40.711442],[-74.008594,40.711348],[-74.00877,40.711218],[-74.009509,40.710368],[-74.013759,40.705299],[-74.013932,40.705053],[-74.014428,40.704123],[-74.014612,40.703634],[-74.01466,40.703176],[-74.014615,40.70289],[-74.014509,40.702618],[-74.014432,40.702488],[-74.014111,40.702119],[-74.006198,40.696065],[-74.005764,40.695813],[-74.003986,40.695132],[-74.003274,40.694909],[-73.999213,40.693877],[-73.99508,40.693147],[-73.989986,40.69238],[-73.989328,40.692242],[-73.981444,40.689096],[-73.981065,40.688902],[-73.980884,40.688757],[-73.98074,40.688593],[-73.971046,40.675235],[-73.969694,40.673552],[-73.969397,40.673299],[-73.968947,40.673056],[-73.968465,40.672915],[-73.964375,40.671987],[-73.955823,40.670208],[-73.955258,40.670118],[-73.932942,40.668897]]}},{"type":"Feature","properties":{"color":"#009952","description":"Lexington Avenue Express","route":"4","routeId":"4","shapeId":"4..S36R"},"geometry":{"type":"LineString","coordinates":[[-73.884655,40.87975],[-73.887315,40.877453],[-73.887621,40.877129],[-73.887857,40.876764],[-73.88882,40.874628],[-73.889032,40.874315],[-73.889253,40.874078],[-73.890064,40.873412],[-73.891551,40.872246],[-73.891764,40.872102],[-73.892543,40.871644],[-73.89477,40.870567],[-73.895138,40.870308],[-73.895412,40.870029],[-73.90166,40.861995],[-73.901915,40.861609],[-73.904933,40.856673],[-73.905292,40.856143],[-73.905731,40.855612],[-73.909863,40.851074],[-73.910243,40.850631],[-73.918951,40.838463],[-73.919114,40.838292],[-73.919312,40.83813],[-73.919948,40.837704],[-73.92013,40.837556],[-73.920309,40.837361],[-73.92684,40.82629],[-73.927074,40.825847],[-73.927148,40.825624],[-73.927208,40.825316],[-73.927191,40.82491],[-73.927106,40.824562],[-73.926226,40.821992],[-73.926182,40.821718],[-73.926171,40.821438],[-73.926218,40.821007],[-73.926291,40.820713],[-73.926398,40.820412],[-73.927911,40.817191],[-73.928949,40.814456],[-73.92908,40.814189],[-73.929244,40.813931],[-73.929849,40.813224],[-73.934366,40.808503],[-73.934662,40.808149],[-73.975427,40.7523],[-73.975634,40.752119],[-73.975869,40.752014],[-73.977884,40.75154],[-73.978108,40.75143],[-73.978287,40.751266],[-73.989845,40.735409],[-73.989933,40.735181],[-73.989969,40.734884],[-73.989849,40.734063],[-73.989839,40.733755],[-73.989863,40.733476],[-73.990488,40.730843],[-73.990569,40.730618],[-73.990682,40.730419],[-73.990941,40.730144],[-73.991376,40.729856],[-73.991669,40.729595],[-73.993622,40.727308],[-73.994659,40.725915],[-73.996631,40.723488],[-73.996726,40.723314],[-73.997066,40.722435],[-73.99722,40.722188],[-73.999049,40.720055],[-74.002905,40.715772],[-74.002994,40.715627],[-74.003048,40.715471],[-74.003195,40.714294],[-74.003263,40.714102],[-74.003369,40.71393],[-74.004131,40.713065],[-74.004697,40.712498],[-74.00493,40.71234],[-74.005233,40.712228],[-74.008372,40.711442],[-74.008594,40.711348],[-74.00877,40.711218],[-74.009509,40.710368],[-74.013759,40.705299],[-74.013932,40.705053],[-74.014428,40.704123],[-74.014612,40.703634],[-74.01466,40.703176],[-74.014615,40.70289],[-74.014509,40.702618],[-74.014432,40.702488],[-74.014111,40.702119],[-74.006198,40.696065],[-74.005764,40.695813],[-74.003986,40.695132],[-74.003274,40.694909],[-73.999213,40.693877],[-73.99508,40.693147],[-73.989986,40.69238],[-73.989328,40.692242],[-73.981444,40.689096],[-73.981065,40.688902],[-73.980884,40.688757],[-73.98074,40.688593],[-73.971046,40.675235],[-73.969694,40.673552],[-73.969397,40.673299],[-73.968947,40.673056],[-73.968465,40.672915],[-73.964375,40.671987],[-73.955823,40.670208],[-73.955258,40.670118],[-73.932942,40.668897]]}},{"type":"Feature","properties":{"color":"#009952","description":"Lexington Avenue Express","route":"4","routeId":"4","shapeId":"4..S37R"},"geometry":{"type":"LineString","coordinates":[[-73.878751,40.886037],[-73.880879,40.883175],[-73.881332,40.882656],[-73.881692,40.88231],[-73.887266,40.877496],[-73.88754,40.877226],[-73.88773,40.876978],[-73.887857,40.876764],[-73.88882,40.874628],[-73.888999,40.874357],[-73.889214,40.874115],[-73.890064,40.873412],[-73.891551,40.872246],[-73.891764,40.872102],[-73.892543,40.871644],[-73.89477,40.870567],[-73.895138,40.870308],[-73.895412,40.870029],[-73.90166,40.861995],[-73.901915,40.861609],[-73.904933,40.856673],[-73.905292,40.856143],[-73.905731,40.855612],[-73.909863,40.851074],[-73.910243,40.850631],[-73.918951,40.838463],[-73.919114,40.838292],[-73.919312,40.83813],[-73.919948,40.837704],[-73.92013,40.837556],[-73.920309,40.837361],[-73.92684,40.82629],[-73.927074,40.825847],[-73.927148,40.825624],[-73.927208,40.825316],[-73.927191,40.82491],[-73.927106,40.824562],[-73.926226,40.821992],[-73.926182,40.821718],[-73.926171,40.821438],[-73.926218,40.821007],[-73.926291,40.820713],[-73.926398,40.820412],[-73.927911,40.817191],[-73.928949,40.814456],[-73.92908,40.814189],[-73.929244,40.813931],[-73.929849,40.813224],[-73.934366,40.808503],[-73.934662,40.808149],[-73.975427,40.7523],[-73.975634,40.752119],[-73.975869,40.752014],[-73.977884,40.75154],[-73.978108,40.75143],[-73.978287,40.751266],[-73.989845,40.735409],[-73.989933,40.735181],[-73.989969,40.734884],[-73.989849,40.734063],[-73.989839,40.733755],[-73.989863,40.733476],[-73.990488,40.730843],[-73.990569,40.730618],[-73.990682,40.730419],[-73.990941,40.730144],[-73.991376,40.729856],[-73.991669,40.729595],[-73.993622,40.727308],[-73.994659,40.725915],[-73.996631,40.723488],[-73.996726,40.723314],[-73.997066,40.722435],[-73.99722,40.722188],[-73.999049,40.720055],[-74.002905,40.715772],[-74.002994,40.715627],[-74.003048,40.715471],[-74.003195,40.714294],[-74.003263,40.714102],[-74.003369,40.71393],[-74.004131,40.713065],[-74.004697,40.712498],[-74.00493,40.71234],[-74.005233,40.712228],[-74.008372,40.711442],[-74.008565,40.711364],[-74.008725,40.711258],[-74.009509,40.710368],[-74.013759,40.705299],[-74.014065,40.704817]]}},{"type":"Feature","properties":{"color":"#009952","description":"Lexington Avenue Express","route":"4","routeId":"4","shapeId":"4..S39R"},"geometry":{"type":"LineString","coordinates":[[-73.897174,40.86776],[-73.90171,40.861924],[-73.904933,40.856673],[-73.905292,40.856143],[-73.905731,40.855612],[-73.909863,40.851074],[-73.910243,40.850631],[-73.918951,40.838463],[-73.919114,40.838292],[-73.919312,40.83813],[-73.919948,40.837704],[-73.92013,40.837556],[-73.920309,40.837361],[-73.920476,40.837105],[-73.92684,40.82629],[-73.927074,40.825847],[-73.927148,40.825624],[-73.927208,40.825316],[-73.927191,40.82491],[-73.927106,40.824562],[-73.926226,40.821992],[-73.926182,40.821718],[-73.926171,40.821438],[-73.926218,40.821007],[-73.926291,40.820713],[-73.926398,40.820412],[-73.927911,40.817191],[-73.928949,40.814456],[-73.92908,40.814189],[-73.929244,40.813931],[-73.929849,40.813224],[-73.934366,40.808503],[-73.934662,40.808149],[-73.975427,40.7523],[-73.975634,40.752119],[-73.975869,40.752014],[-73.977884,40.75154],[-73.978108,40.75143],[-73.978287,40.751266],[-73.989845,40.735409],[-73.989933,40.735181],[-73.989969,40.734884],[-73.989849,40.734063],[-73.989839,40.733755],[-73.989863,40.733476],[-73.990488,40.730843],[-73.990569,40.730618],[-73.990682,40.730419],[-73.990941,40.730144],[-73.991376,40.729856],[-73.991669,40.729595],[-73.993622,40.727308],[-73.994659,40.725915],[-73.996631,40.723488],[-73.996726,40.723314],[-73.997066,40.722435],[-73.99722,40.722188],[-73.999049,40.720055],[-74.002905,40.715772],[-74.002994,40.715627],[-74.003048,40.715471],[-74.003195,40.714294],[-74.003263,40.714102],[-74.003369,40.71393],[-74.004131,40.713065],[-74.004697,40.712498],[-74.00493,40.71234],[-74.005233,40.712228],[-74.008372,40.711442],[-74.008594,40.711348],[-74.00877,40.711218],[-74.009509,40.710368],[-74.013759,40.705299],[-74.013932,40.705053],[-74.014428,40.704123],[-74.014565,40.703793],[-74.014643,40.703477],[-74.01466,40.703176],[-74.014615,40.70289],[-74.014569,40.702752],[-74.014509,40.702618],[-74.014341,40.702361],[-74.014111,40.702119],[-74.006198,40.696065],[-74.005764,40.695813],[-74.003986,40.695132],[-74.003274,40.694909],[-73.999213,40.693877],[-73.99508,40.693147],[-73.989986,40.69238],[-73.989328,40.692242],[-73.981444,40.689096],[-73.981065,40.688902],[-73.980884,40.688757],[-73.98074,40.688593],[-73.971046,40.675235],[-73.969694,40.673552],[-73.969397,40.673299],[-73.968947,40.673056],[-73.968465,40.672915],[-73.964375,40.671987],[-73.955823,40.670208],[-73.955258,40.670118],[-73.932942,40.668897]]}},{"type":"Feature","properties":{"color":"#009952","description":"Lexington Avenue Express","route":"5","routeId":"5","shapeId":"5..N01R"},"geometry":{"type":"LineString","coordinates":[[-73.873488,40.841894],[-73.871389,40.843567],[-73.870857,40.844101],[-73.870597,40.844505],[-73.869952,40.845968],[-73.868975,40.847381],[-73.868618,40.847777],[-73.868114,40.848206],[-73.857103,40.857109],[-73.856684,40.857487],[-73.856268,40.857915],[-73.832712,40.885577],[-73.832289,40.88611],[-73.83155,40.887136],[-73.830834,40.8883]]}},{"type":"Feature","properties":{"color":"#009952","description":"Lexington Avenue Express","route":"5","routeId":"5","shapeId":"5..N33R"},"geometry":{"type":"LineString","coordinates":[[-73.947642,40.632836],[-73.95098,40.664053],[-73.950992,40.664409],[-73.950971,40.664823],[-73.950559,40.669213],[-73.95057,40.669381],[-73.950684,40.669592],[-73.950823,40.669705],[-73.951013,40.669795],[-73.951252,40.669863],[-73.951542,40.669909],[-73.954983,40.670096],[-73.955823,40.670208],[-73.964375,40.671987],[-73.968631,40.672955],[-73.968947,40.673056],[-73.969259,40.673208],[-73.969546,40.673414],[-73.969806,40.673679],[-73.971046,40.675235],[-73.98074,40.688593],[-73.980884,40.688757],[-73.981065,40.688902],[-73.981444,40.689096],[-73.989328,40.692242],[-73.989986,40.69238],[-73.99508,40.693147],[-73.999213,40.693877],[-74.003274,40.694909],[-74.003986,40.695132],[-74.005764,40.695813],[-74.006198,40.696065],[-74.014111,40.702119],[-74.014432,40.702488],[-74.014509,40.702618],[-74.014615,40.70289],[-74.01466,40.703176],[-74.014659,40.703325],[-74.014565,40.703793],[-74.014428,40.704123],[-74.014065,40.704817],[-74.013759,40.705299],[-74.009509,40.710368],[-74.008748,40.711238],[-74.008565,40.711364],[-74.008372,40.711442],[-74.005023,40.712297],[-74.004845,40.712387],[-74.004697,40.712498],[-74.004131,40.713065],[-74.003402,40.713889],[-74.003263,40.714102],[-74.003184,40.714345],[-74.003048,40.715471],[-74.002994,40.715627],[-74.002905,40.715772],[-73.999049,40.720055],[-73.99722,40.722188],[-73.997066,40.722435],[-73.996726,40.723314],[-73.996631,40.723488],[-73.994659,40.725915],[-73.993622,40.727308],[-73.991669,40.729595],[-73.991376,40.729856],[-73.990941,40.730144],[-73.990727,40.730358],[-73.990603,40.730548],[-73.990488,40.730843],[-73.989863,40.733476],[-73.989839,40.733755],[-73.989849,40.734063],[-73.989969,40.734884],[-73.989933,40.735181],[-73.989845,40.735409],[-73.97826,40.751298],[-73.978074,40.751452],[-73.977843,40.751553],[-73.975817,40.752032],[-73.975594,40.752145],[-73.975427,40.7523],[-73.934662,40.808149],[-73.934366,40.808503],[-73.929849,40.813224],[-73.929244,40.813931],[-73.92908,40.814189],[-73.928949,40.814456],[-73.928076,40.81679],[-73.927758,40.817547],[-73.927763,40.817648],[-73.927816,40.817741],[-73.927916,40.817826],[-73.928189,40.817978],[-73.928298,40.81808],[-73.928391,40.818213],[-73.928431,40.818324],[-73.928426,40.818387],[-73.928378,40.818542],[-73.928318,40.818618],[-73.928189,40.81869],[-73.928077,40.81871],[-73.927782,40.818685],[-73.917757,40.816109],[-73.916492,40.815732],[-73.916277,40.815702],[-73.915934,40.815684],[-73.91568,40.815699],[-73.915469,40.81574],[-73.915203,40.81582],[-73.914448,40.816109],[-73.91403,40.816201],[-73.913574,40.816201],[-73.911136,40.815974],[-73.910364,40.815931],[-73.909808,40.815926],[-73.909111,40.815963],[-73.908682,40.816055],[-73.908375,40.816174],[-73.905518,40.817813],[-73.903268,40.818818],[-73.892368,40.824431],[-73.892182,40.824554],[-73.891978,40.824818],[-73.891922,40.825069],[-73.891875,40.829842],[-73.89183,40.830227],[-73.891704,40.830667],[-73.891469,40.831153],[-73.888068,40.83683],[-73.8878,40.837218],[-73.887544,40.837463],[-73.887183,40.837713],[-73.88512,40.838935],[-73.884886,40.839063],[-73.884441,40.839252],[-73.883891,40.839419],[-73.883573,40.839484],[-73.881759,40.839642],[-73.881149,40.839802],[-73.880498,40.840057],[-73.880049,40.840295],[-73.879899,40.840415],[-73.879175,40.841151],[-73.878966,40.841245],[-73.878707,40.841277],[-73.878512,40.841249],[-73.877782,40.840945],[-73.877474,40.840846],[-73.877172,40.840795],[-73.876841,40.840784],[-73.876313,40.840847],[-73.874736,40.841121],[-73.87443,40.84121],[-73.874329,40.841252],[-73.874109,40.841402],[-73.871389,40.843567],[-73.870857,40.844101],[-73.870717,40.844293],[-73.870472,40.844767],[-73.869431,40.847153],[-73.867986,40.849629],[-73.867921,40.849772],[-73.867846,40.85007],[-73.867016,40.87619],[-73.86697,40.876523],[-73.866859,40.876861],[-73.866256,40.87785]]}},{"type":"Feature","properties":{"color":"#009952","description":"Lexington Avenue Express","route":"5","routeId":"5","shapeId":"5..N60R"},"geometry":{"type":"LineString","coordinates":[[-73.884079,40.666235],[-73.917633,40.661257],[-73.918036,40.661201],[-73.918245,40.661198],[-73.918614,40.66127],[-73.918958,40.66145],[-73.924177,40.666124],[-73.92441,40.666422],[-73.924861,40.667449],[-73.925038,40.667735],[-73.925553,40.668271],[-73.925796,40.668415],[-73.925986,40.668473],[-73.926593,40.668554],[-73.955258,40.670118],[-73.955823,40.670208],[-73.964375,40.671987],[-73.968631,40.672955],[-73.968947,40.673056],[-73.969259,40.673208],[-73.969546,40.673414],[-73.969694,40.673552],[-73.971046,40.675235],[-73.98074,40.688593],[-73.980884,40.688757],[-73.981065,40.688902],[-73.981444,40.689096],[-73.989328,40.692242],[-73.989986,40.69238],[-73.99508,40.693147],[-73.999213,40.693877],[-74.003274,40.694909],[-74.003986,40.695132],[-74.005764,40.695813],[-74.006198,40.696065],[-74.014111,40.702119],[-74.014432,40.702488],[-74.014509,40.702618],[-74.014615,40.70289],[-74.01466,40.703176],[-74.014612,40.703634],[-74.014428,40.704123],[-74.013932,40.705053],[-74.013759,40.705299],[-74.009509,40.710368],[-74.008748,40.711238],[-74.008565,40.711364],[-74.008372,40.711442],[-74.005023,40.712297],[-74.004845,40.712387],[-74.004697,40.712498],[-74.004131,40.713065],[-74.003402,40.713889],[-74.003263,40.714102],[-74.003184,40.714345],[-74.003048,40.715471],[-74.002994,40.715627],[-74.002905,40.715772],[-73.999049,40.720055],[-73.99722,40.722188],[-73.997066,40.722435],[-73.996726,40.723314],[-73.996631,40.723488],[-73.994659,40.725915],[-73.993622,40.727308],[-73.991669,40.729595],[-73.991376,40.729856],[-73.990941,40.730144],[-73.990727,40.730358],[-73.990603,40.730548],[-73.990488,40.730843],[-73.989863,40.733476],[-73.989839,40.733755],[-73.989849,40.734063],[-73.989969,40.734884],[-73.989933,40.735181],[-73.989845,40.735409],[-73.97826,40.751298],[-73.978074,40.751452],[-73.977843,40.751553],[-73.975817,40.752032],[-73.975594,40.752145],[-73.975427,40.7523],[-73.934662,40.808149],[-73.934366,40.808503],[-73.929849,40.813224],[-73.929244,40.813931],[-73.92908,40.814189],[-73.928949,40.814456],[-73.928076,40.81679],[-73.927758,40.817547],[-73.927763,40.817648],[-73.927816,40.817741],[-73.927916,40.817826],[-73.928189,40.817978],[-73.928298,40.81808],[-73.928391,40.818213],[-73.928431,40.818324],[-73.928426,40.818387],[-73.928378,40.818542],[-73.928318,40.818618],[-73.928189,40.81869],[-73.928077,40.81871],[-73.927782,40.818685],[-73.917757,40.816109],[-73.916492,40.815732],[-73.916277,40.815702],[-73.915934,40.815684],[-73.91568,40.815699],[-73.915469,40.81574],[-73.914233,40.816171],[-73.913796,40.816213],[-73.910726,40.815949],[-73.909808,40.815926],[-73.909111,40.815963],[-73.908682,40.816055],[-73.908375,40.816174],[-73.905518,40.817813],[-73.903268,40.818818],[-73.892265,40.824494],[-73.892182,40.824554],[-73.892021,40.824739],[-73.891929,40.824983],[-73.891875,40.829842],[-73.89183,40.830227],[-73.891704,40.830667],[-73.891469,40.831153],[-73.888195,40.836619],[-73.887939,40.837034],[-73.887734,40.837288],[-73.887544,40.837463],[-73.887183,40.837713],[-73.88512,40.838935],[-73.884886,40.839063],[-73.884441,40.839252],[-73.883891,40.839419],[-73.883573,40.839484],[-73.881759,40.839642],[-73.881149,40.839802],[-73.880498,40.840057],[-73.880049,40.840295],[-73.879899,40.840415],[-73.879175,40.841151],[-73.878966,40.841245],[-73.878707,40.841277],[-73.878512,40.841249],[-73.877782,40.840945],[-73.877474,40.840846],[-73.877172,40.840795],[-73.876841,40.840784],[-73.876313,40.840847],[-73.874736,40.841121],[-73.87443,40.84121],[-73.874329,40.841252],[-73.874109,40.841402],[-73.871389,40.843567],[-73.871028,40.84391],[-73.870717,40.844293],[-73.870472,40.844767],[-73.869952,40.845968],[-73.868975,40.847381],[-73.868618,40.847777],[-73.868114,40.848206],[-73.857103,40.857109],[-73.856684,40.857487],[-73.856268,40.857915],[-73.832712,40.885577],[-73.832289,40.88611],[-73.83155,40.887136],[-73.830834,40.8883]]}},{"type":"Feature","properties":{"color":"#009952","description":"Lexington Avenue Express","route":"5","routeId":"5","shapeId":"5..N63R"},"geometry":{"type":"LineString","coordinates":[[-73.932942,40.668897],[-73.955258,40.670118],[-73.955823,40.670208],[-73.964375,40.671987],[-73.968465,40.672915],[-73.968947,40.673056],[-73.969397,40.673299],[-73.969694,40.673552],[-73.971046,40.675235],[-73.98074,40.688593],[-73.980884,40.688757],[-73.981065,40.688902],[-73.981444,40.689096],[-73.989328,40.692242],[-73.989986,40.69238],[-73.99508,40.693147],[-73.999213,40.693877],[-74.003274,40.694909],[-74.003986,40.695132],[-74.005764,40.695813],[-74.006198,40.696065],[-74.014111,40.702119],[-74.014432,40.702488],[-74.014509,40.702618],[-74.014615,40.70289],[-74.01466,40.703176],[-74.014659,40.703325],[-74.014612,40.703634],[-74.014503,40.703957],[-74.014065,40.704817],[-74.013759,40.705299],[-74.009509,40.710368],[-74.008748,40.711238],[-74.008565,40.711364],[-74.008372,40.711442],[-74.005023,40.712297],[-74.004845,40.712387],[-74.004697,40.712498],[-74.004131,40.713065],[-74.003402,40.713889],[-74.003263,40.714102],[-74.003184,40.714345],[-74.003048,40.715471],[-74.002994,40.715627],[-74.002905,40.715772],[-73.999049,40.720055],[-73.99722,40.722188],[-73.997066,40.722435],[-73.996726,40.723314],[-73.996631,40.723488],[-73.994659,40.725915],[-73.993622,40.727308],[-73.991669,40.729595],[-73.991376,40.729856],[-73.990941,40.730144],[-73.990727,40.730358],[-73.990603,40.730548],[-73.990488,40.730843],[-73.989863,40.733476],[-73.989839,40.733755],[-73.989849,40.734063],[-73.989969,40.734884],[-73.989933,40.735181],[-73.989845,40.735409],[-73.97826,40.751298],[-73.978074,40.751452],[-73.977843,40.751553],[-73.975817,40.752032],[-73.975594,40.752145],[-73.975427,40.7523],[-73.934662,40.808149],[-73.934366,40.808503],[-73.929849,40.813224],[-73.929244,40.813931],[-73.92908,40.814189],[-73.928949,40.814456],[-73.928076,40.81679],[-73.927758,40.817547],[-73.927763,40.817648],[-73.927816,40.817741],[-73.927916,40.817826],[-73.928189,40.817978],[-73.928298,40.81808],[-73.928391,40.818213],[-73.928431,40.818324],[-73.928426,40.818387],[-73.928378,40.818542],[-73.928318,40.818618],[-73.928189,40.81869],[-73.928077,40.81871],[-73.927782,40.818685],[-73.917757,40.816109],[-73.916492,40.815732],[-73.916277,40.815702],[-73.915934,40.815684],[-73.91568,40.815699],[-73.915469,40.81574],[-73.914233,40.816171],[-73.913796,40.816213],[-73.910726,40.815949],[-73.909808,40.815926],[-73.909111,40.815963],[-73.908682,40.816055],[-73.908375,40.816174],[-73.905518,40.817813],[-73.903268,40.818818],[-73.892265,40.824494],[-73.892182,40.824554],[-73.892021,40.824739],[-73.891929,40.824983],[-73.891875,40.829842],[-73.89183,40.830227],[-73.891704,40.830667],[-73.891469,40.831153],[-73.888195,40.836619],[-73.887939,40.837034],[-73.887734,40.837288],[-73.887544,40.837463],[-73.887183,40.837713],[-73.88512,40.838935],[-73.884886,40.839063],[-73.884441,40.839252],[-73.883891,40.839419],[-73.883573,40.839484],[-73.881759,40.839642],[-73.881149,40.839802],[-73.880498,40.840057],[-73.880049,40.840295],[-73.879899,40.840415],[-73.879175,40.841151],[-73.878966,40.841245],[-73.878707,40.841277],[-73.878512,40.841249],[-73.877782,40.840945],[-73.877474,40.840846],[-73.877172,40.840795],[-73.876841,40.840784],[-73.876313,40.840847],[-73.874736,40.841121],[-73.87443,40.84121],[-73.874329,40.841252],[-73.874109,40.841402],[-73.871389,40.843567],[-73.871028,40.84391],[-73.870717,40.844293],[-73.870472,40.844767],[-73.869952,40.845968],[-73.868975,40.847381],[-73.868618,40.847777],[-73.868114,40.848206],[-73.857103,40.857109],[-73.856684,40.857487],[-73.856268,40.857915],[-73.832712,40.885577],[-73.832289,40.88611],[-73.83155,40.887136],[-73.830834,40.8883]]}},{"type":"Feature","properties":{"color":"#009952","description":"Lexington Avenue Express","route":"5","routeId":"5","shapeId":"5..N65R"},"geometry":{"type":"LineString","coordinates":[[-73.932942,40.668897],[-73.955258,40.670118],[-73.955823,40.670208],[-73.964375,40.671987],[-73.968465,40.672915],[-73.968947,40.673056],[-73.969397,40.673299],[-73.969694,40.673552],[-73.971046,40.675235],[-73.98074,40.688593],[-73.980884,40.688757],[-73.981065,40.688902],[-73.981444,40.689096],[-73.989328,40.692242],[-73.989986,40.69238],[-73.99508,40.693147],[-73.999213,40.693877],[-74.003274,40.694909],[-74.003986,40.695132],[-74.005764,40.695813],[-74.006198,40.696065],[-74.014111,40.702119],[-74.014432,40.702488],[-74.014509,40.702618],[-74.014615,40.70289],[-74.01466,40.703176],[-74.014659,40.703325],[-74.014565,40.703793],[-74.014428,40.704123],[-74.014065,40.704817],[-74.013759,40.705299],[-74.009509,40.710368],[-74.008748,40.711238],[-74.008565,40.711364],[-74.008372,40.711442],[-74.005023,40.712297],[-74.004845,40.712387],[-74.004697,40.712498],[-74.004131,40.713065],[-74.003402,40.713889],[-74.003263,40.714102],[-74.003184,40.714345],[-74.003048,40.715471],[-74.002994,40.715627],[-74.002905,40.715772],[-73.999049,40.720055],[-73.99722,40.722188],[-73.997066,40.722435],[-73.996726,40.723314],[-73.996631,40.723488],[-73.994659,40.725915],[-73.993622,40.727308],[-73.991669,40.729595],[-73.991376,40.729856],[-73.990941,40.730144],[-73.990727,40.730358],[-73.990603,40.730548],[-73.990488,40.730843],[-73.989863,40.733476],[-73.989839,40.733755],[-73.989849,40.734063],[-73.989969,40.734884],[-73.989933,40.735181],[-73.989845,40.735409],[-73.97826,40.751298],[-73.978074,40.751452],[-73.977843,40.751553],[-73.975817,40.752032],[-73.975594,40.752145],[-73.975427,40.7523],[-73.934662,40.808149],[-73.934366,40.808503],[-73.929849,40.813224],[-73.929244,40.813931],[-73.92908,40.814189],[-73.928949,40.814456],[-73.928076,40.81679],[-73.927758,40.817547],[-73.927763,40.817648],[-73.927816,40.817741],[-73.927916,40.817826],[-73.928189,40.817978],[-73.928298,40.81808],[-73.928391,40.818213],[-73.928431,40.818324],[-73.928426,40.818387],[-73.928378,40.818542],[-73.928318,40.818618],[-73.928189,40.81869],[-73.928077,40.81871],[-73.927782,40.818685],[-73.917757,40.816109],[-73.916492,40.815732],[-73.916277,40.815702],[-73.915934,40.815684],[-73.91568,40.815699],[-73.915469,40.81574],[-73.915203,40.81582],[-73.914448,40.816109],[-73.91403,40.816201],[-73.913574,40.816201],[-73.911136,40.815974],[-73.910364,40.815931],[-73.909808,40.815926],[-73.909111,40.815963],[-73.908682,40.816055],[-73.908375,40.816174],[-73.905518,40.817813],[-73.903268,40.818818],[-73.892368,40.824431],[-73.892182,40.824554],[-73.891978,40.824818],[-73.891922,40.825069],[-73.891875,40.829842],[-73.89183,40.830227],[-73.891704,40.830667],[-73.891469,40.831153],[-73.888068,40.83683],[-73.8878,40.837218],[-73.887544,40.837463],[-73.887183,40.837713],[-73.88512,40.838935],[-73.884886,40.839063],[-73.884441,40.839252],[-73.883891,40.839419],[-73.883573,40.839484],[-73.881759,40.839642],[-73.881149,40.839802],[-73.880498,40.840057],[-73.880049,40.840295],[-73.879899,40.840415],[-73.879175,40.841151],[-73.878966,40.841245],[-73.878707,40.841277],[-73.878512,40.841249],[-73.877782,40.840945],[-73.877474,40.840846],[-73.877172,40.840795],[-73.876841,40.840784],[-73.876313,40.840847],[-73.874736,40.841121],[-73.874329,40.841252],[-73.874109,40.841402],[-73.871389,40.843567],[-73.871028,40.84391],[-73.870717,40.844293],[-73.870597,40.844505],[-73.869952,40.845968]]}},{"type":"Feature","properties":{"color":"#009952","description":"Lexington Avenue Express","route":"5","routeId":"5","shapeId":"5..N66R"},"geometry":{"type":"LineString","coordinates":[[-73.947642,40.632836],[-73.95098,40.664053],[-73.950992,40.664409],[-73.950971,40.664823],[-73.950559,40.669213],[-73.95057,40.669381],[-73.950684,40.669592],[-73.950823,40.669705],[-73.951013,40.669795],[-73.951252,40.669863],[-73.951542,40.669909],[-73.954983,40.670096],[-73.955823,40.670208],[-73.964375,40.671987],[-73.968631,40.672955],[-73.968947,40.673056],[-73.969259,40.673208],[-73.969546,40.673414],[-73.969806,40.673679],[-73.971046,40.675235],[-73.98074,40.688593],[-73.980884,40.688757],[-73.981065,40.688902],[-73.981444,40.689096],[-73.989328,40.692242],[-73.989986,40.69238],[-73.99508,40.693147],[-73.999213,40.693877],[-74.003274,40.694909],[-74.003986,40.695132],[-74.005764,40.695813],[-74.006198,40.696065],[-74.014111,40.702119],[-74.014341,40.702361],[-74.014509,40.702618],[-74.014615,40.70289],[-74.014645,40.703031],[-74.014659,40.703325],[-74.014612,40.703634],[-74.014428,40.704123],[-74.013932,40.705053],[-74.013759,40.705299],[-74.009509,40.710368],[-74.008725,40.711258],[-74.008565,40.711364],[-74.008372,40.711442],[-74.005023,40.712297],[-74.004845,40.712387],[-74.004697,40.712498],[-74.004131,40.713065],[-74.003402,40.713889],[-74.003263,40.714102],[-74.003184,40.714345],[-74.003048,40.715471],[-74.002994,40.715627],[-74.002905,40.715772],[-73.999049,40.720055],[-73.99722,40.722188],[-73.997066,40.722435],[-73.996726,40.723314],[-73.996631,40.723488],[-73.994659,40.725915],[-73.993622,40.727308],[-73.991669,40.729595],[-73.991376,40.729856],[-73.990941,40.730144],[-73.990727,40.730358],[-73.990603,40.730548],[-73.990488,40.730843],[-73.989863,40.733476],[-73.989839,40.733755],[-73.989849,40.734063],[-73.989969,40.734884],[-73.989933,40.735181],[-73.989845,40.735409],[-73.97826,40.751298],[-73.978074,40.751452],[-73.977843,40.751553],[-73.975817,40.752032],[-73.975594,40.752145],[-73.975427,40.7523],[-73.934662,40.808149],[-73.934366,40.808503],[-73.929849,40.813224],[-73.929244,40.813931],[-73.92908,40.814189],[-73.928949,40.814456],[-73.928076,40.81679],[-73.927758,40.817547],[-73.927763,40.817648],[-73.927816,40.817741],[-73.927916,40.817826],[-73.928189,40.817978],[-73.928298,40.81808],[-73.928391,40.818213],[-73.928431,40.818324],[-73.928426,40.818387],[-73.928378,40.818542],[-73.928318,40.818618],[-73.928189,40.81869],[-73.928077,40.81871],[-73.927782,40.818685],[-73.917757,40.816109],[-73.916492,40.815732],[-73.916277,40.815702],[-73.915934,40.815684],[-73.91568,40.815699],[-73.915469,40.81574],[-73.914233,40.816171],[-73.913796,40.816213],[-73.910726,40.815949],[-73.909808,40.815926],[-73.909111,40.815963],[-73.908682,40.816055],[-73.908375,40.816174],[-73.905518,40.817813],[-73.903268,40.818818],[-73.892265,40.824494],[-73.892182,40.824554],[-73.892021,40.824739],[-73.891929,40.824983],[-73.891875,40.829842],[-73.89183,40.830227],[-73.891704,40.830667],[-73.891469,40.831153],[-73.888195,40.836619],[-73.887939,40.837034],[-73.887734,40.837288],[-73.887544,40.837463],[-73.887183,40.837713],[-73.88512,40.838935],[-73.884886,40.839063],[-73.884441,40.839252],[-73.883891,40.839419],[-73.883573,40.839484],[-73.881759,40.839642],[-73.881149,40.839802],[-73.880498,40.840057],[-73.880049,40.840295],[-73.879899,40.840415],[-73.879175,40.841151],[-73.878966,40.841245],[-73.878707,40.841277],[-73.878512,40.841249],[-73.877782,40.840945],[-73.877474,40.840846],[-73.877172,40.840795],[-73.876841,40.840784],[-73.876313,40.840847],[-73.874736,40.841121],[-73.87443,40.84121],[-73.874329,40.841252],[-73.874109,40.841402],[-73.871389,40.843567],[-73.871028,40.84391],[-73.870717,40.844293],[-73.870472,40.844767],[-73.869952,40.845968],[-73.868975,40.847381],[-73.868618,40.847777],[-73.868114,40.848206],[-73.857103,40.857109],[-73.856684,40.857487],[-73.856268,40.857915],[-73.832712,40.885577],[-73.832289,40.88611],[-73.83155,40.887136],[-73.830834,40.8883]]}},{"type":"Feature","properties":{"color":"#009952","description":"Lexington Avenue Express","route":"5","routeId":"5","shapeId":"5..N70R"},"geometry":{"type":"LineString","coordinates":[[-74.014065,40.704817],[-74.013759,40.705299],[-74.009509,40.710368],[-74.008725,40.711258],[-74.008565,40.711364],[-74.008372,40.711442],[-74.005023,40.712297],[-74.004845,40.712387],[-74.004697,40.712498],[-74.004131,40.713065],[-74.003402,40.713889],[-74.003263,40.714102],[-74.003184,40.714345],[-74.003048,40.715471],[-74.002994,40.715627],[-74.002905,40.715772],[-73.999049,40.720055],[-73.99722,40.722188],[-73.997066,40.722435],[-73.996726,40.723314],[-73.996631,40.723488],[-73.994659,40.725915],[-73.993622,40.727308],[-73.991669,40.729595],[-73.991376,40.729856],[-73.990941,40.730144],[-73.990727,40.730358],[-73.990603,40.730548],[-73.990488,40.730843],[-73.989863,40.733476],[-73.989839,40.733755],[-73.989849,40.734063],[-73.989969,40.734884],[-73.989933,40.735181],[-73.989845,40.735409],[-73.97826,40.751298],[-73.978074,40.751452],[-73.977843,40.751553],[-73.975817,40.752032],[-73.975594,40.752145],[-73.975427,40.7523],[-73.934662,40.808149],[-73.934366,40.808503],[-73.929849,40.813224],[-73.929244,40.813931],[-73.92908,40.814189],[-73.928949,40.814456],[-73.928076,40.81679],[-73.927758,40.817547],[-73.927763,40.817648],[-73.927816,40.817741],[-73.927916,40.817826],[-73.928189,40.817978],[-73.928298,40.81808],[-73.928391,40.818213],[-73.928431,40.818324],[-73.928426,40.818387],[-73.928378,40.818542],[-73.928318,40.818618],[-73.928189,40.81869],[-73.928077,40.81871],[-73.927782,40.818685],[-73.917757,40.816109],[-73.916492,40.815732],[-73.916277,40.815702],[-73.915934,40.815684],[-73.91568,40.815699],[-73.915469,40.81574],[-73.915203,40.81582],[-73.914448,40.816109],[-73.91403,40.816201],[-73.913574,40.816201],[-73.911136,40.815974],[-73.910364,40.815931],[-73.909808,40.815926],[-73.909111,40.815963],[-73.908682,40.816055],[-73.908375,40.816174],[-73.905518,40.817813],[-73.903268,40.818818],[-73.892368,40.824431],[-73.892182,40.824554],[-73.891978,40.824818],[-73.891922,40.825069],[-73.891875,40.829842],[-73.89183,40.830227],[-73.891704,40.830667],[-73.891469,40.831153],[-73.888068,40.83683],[-73.8878,40.837218],[-73.887544,40.837463],[-73.887183,40.837713],[-73.88512,40.838935],[-73.884886,40.839063],[-73.884441,40.839252],[-73.883891,40.839419],[-73.883573,40.839484],[-73.881759,40.839642],[-73.881149,40.839802],[-73.880498,40.840057],[-73.880049,40.840295],[-73.879899,40.840415],[-73.879175,40.841151],[-73.878966,40.841245],[-73.878707,40.841277],[-73.878512,40.841249],[-73.877782,40.840945],[-73.877474,40.840846],[-73.877172,40.840795],[-73.876841,40.840784],[-73.876313,40.840847],[-73.874736,40.841121],[-73.87443,40.84121],[-73.874329,40.841252],[-73.874109,40.841402],[-73.871389,40.843567],[-73.870857,40.844101],[-73.870717,40.844293],[-73.870472,40.844767],[-73.869431,40.847153],[-73.867986,40.849629],[-73.867921,40.849772],[-73.867846,40.85007],[-73.867016,40.87619],[-73.866928,40.876693],[-73.866787,40.876988],[-73.863846,40.881715],[-73.855124,40.897451],[-73.85494,40.897716],[-73.854376,40.898379]]}},{"type":"Feature","properties":{"color":"#009952","description":"Lexington Avenue Express","route":"5","routeId":"5","shapeId":"5..N73R"},"geometry":{"type":"LineString","coordinates":[[-74.014065,40.704817],[-74.013759,40.705299],[-74.009509,40.710368],[-74.008725,40.711258],[-74.008565,40.711364],[-74.008372,40.711442],[-74.005023,40.712297],[-74.004845,40.712387],[-74.004697,40.712498],[-74.004131,40.713065],[-74.003402,40.713889],[-74.003263,40.714102],[-74.003184,40.714345],[-74.003048,40.715471],[-74.002994,40.715627],[-74.002905,40.715772],[-73.999049,40.720055],[-73.99722,40.722188],[-73.997066,40.722435],[-73.996726,40.723314],[-73.996631,40.723488],[-73.994659,40.725915],[-73.993622,40.727308],[-73.991669,40.729595],[-73.991376,40.729856],[-73.990941,40.730144],[-73.990727,40.730358],[-73.990603,40.730548],[-73.990488,40.730843],[-73.989863,40.733476],[-73.989839,40.733755],[-73.989849,40.734063],[-73.989969,40.734884],[-73.989933,40.735181],[-73.989845,40.735409],[-73.97826,40.751298],[-73.978074,40.751452],[-73.977843,40.751553],[-73.975817,40.752032],[-73.975594,40.752145],[-73.975427,40.7523],[-73.934662,40.808149],[-73.934366,40.808503],[-73.929849,40.813224],[-73.929244,40.813931],[-73.92908,40.814189],[-73.928949,40.814456],[-73.928076,40.81679],[-73.927758,40.817547],[-73.927763,40.817648],[-73.927816,40.817741],[-73.927916,40.817826],[-73.928189,40.817978],[-73.928298,40.81808],[-73.928391,40.818213],[-73.928431,40.818324],[-73.928426,40.818387],[-73.928378,40.818542],[-73.928318,40.818618],[-73.928189,40.81869],[-73.928077,40.81871],[-73.927782,40.818685],[-73.917757,40.816109],[-73.916492,40.815732],[-73.916277,40.815702],[-73.915934,40.815684],[-73.91568,40.815699],[-73.915469,40.81574],[-73.914233,40.816171],[-73.913796,40.816213],[-73.910726,40.815949],[-73.909808,40.815926],[-73.909111,40.815963],[-73.908682,40.816055],[-73.908375,40.816174],[-73.905518,40.817813],[-73.903268,40.818818],[-73.892265,40.824494],[-73.892182,40.824554],[-73.892021,40.824739],[-73.891929,40.824983],[-73.891875,40.829842],[-73.89183,40.830227],[-73.891704,40.830667],[-73.891469,40.831153],[-73.888195,40.836619],[-73.887939,40.837034],[-73.887734,40.837288],[-73.887544,40.837463],[-73.887183,40.837713],[-73.88512,40.838935],[-73.884886,40.839063],[-73.884441,40.839252],[-73.883891,40.839419],[-73.883573,40.839484],[-73.881759,40.839642],[-73.881149,40.839802],[-73.880498,40.840057],[-73.880049,40.840295],[-73.879899,40.840415],[-73.879175,40.841151],[-73.878966,40.841245],[-73.878707,40.841277],[-73.878512,40.841249],[-73.877782,40.840945],[-73.877474,40.840846],[-73.877172,40.840795],[-73.876841,40.840784],[-73.876313,40.840847],[-73.874736,40.841121],[-73.87443,40.84121],[-73.874329,40.841252],[-73.874109,40.841402],[-73.871389,40.843567],[-73.871028,40.84391],[-73.870717,40.844293],[-73.870472,40.844767],[-73.869952,40.845968],[-73.868975,40.847381],[-73.868618,40.847777],[-73.868114,40.848206],[-73.857103,40.857109],[-73.856684,40.857487],[-73.856268,40.857915],[-73.832712,40.885577],[-73.832289,40.88611],[-73.83155,40.887136],[-73.830834,40.8883]]}},{"type":"Feature","properties":{"color":"#009952","description":"Lexington Avenue Express","route":"5","routeId":"5","shapeId":"5..N76R"},"geometry":{"type":"LineString","coordinates":[[-73.947642,40.632836],[-73.95098,40.664053],[-73.950992,40.664409],[-73.950971,40.664823],[-73.950559,40.669213],[-73.95057,40.669381],[-73.950684,40.669592],[-73.950823,40.669705],[-73.951013,40.669795],[-73.951252,40.669863],[-73.951542,40.669909],[-73.954983,40.670096],[-73.955823,40.670208],[-73.964375,40.671987],[-73.968631,40.672955],[-73.968947,40.673056],[-73.969259,40.673208],[-73.969546,40.673414],[-73.969806,40.673679],[-73.971046,40.675235],[-73.98074,40.688593],[-73.980884,40.688757],[-73.981065,40.688902],[-73.981444,40.689096],[-73.989328,40.692242],[-73.989986,40.69238],[-73.99508,40.693147],[-73.999213,40.693877],[-74.003274,40.694909],[-74.003986,40.695132],[-74.005764,40.695813],[-74.006198,40.696065],[-74.014111,40.702119],[-74.014432,40.702488],[-74.014509,40.702618],[-74.014615,40.70289],[-74.01466,40.703176],[-74.014659,40.703325],[-74.014565,40.703793],[-74.014428,40.704123],[-74.014065,40.704817],[-74.013759,40.705299],[-74.009509,40.710368],[-74.008748,40.711238],[-74.008565,40.711364],[-74.008372,40.711442],[-74.005023,40.712297],[-74.004845,40.712387],[-74.004697,40.712498],[-74.004131,40.713065],[-74.003402,40.713889],[-74.003263,40.714102],[-74.003184,40.714345],[-74.003048,40.715471],[-74.002994,40.715627],[-74.002905,40.715772],[-73.999049,40.720055],[-73.99722,40.722188],[-73.997066,40.722435],[-73.996726,40.723314],[-73.996631,40.723488],[-73.994659,40.725915],[-73.993622,40.727308],[-73.991669,40.729595],[-73.991376,40.729856],[-73.990941,40.730144],[-73.990727,40.730358],[-73.990603,40.730548],[-73.990488,40.730843],[-73.989863,40.733476],[-73.989839,40.733755],[-73.989849,40.734063],[-73.989969,40.734884],[-73.989933,40.735181],[-73.989845,40.735409],[-73.97826,40.751298],[-73.978074,40.751452],[-73.977843,40.751553],[-73.975817,40.752032],[-73.975594,40.752145],[-73.975427,40.7523],[-73.934662,40.808149],[-73.934366,40.808503],[-73.929849,40.813224],[-73.929244,40.813931],[-73.92908,40.814189],[-73.928949,40.814456],[-73.928076,40.81679],[-73.927758,40.817547],[-73.927763,40.817648],[-73.927816,40.817741],[-73.927916,40.817826],[-73.928189,40.817978],[-73.928298,40.81808],[-73.928391,40.818213],[-73.928431,40.818324],[-73.928426,40.818387],[-73.928378,40.818542],[-73.928318,40.818618],[-73.928189,40.81869],[-73.928077,40.81871],[-73.927782,40.818685],[-73.917757,40.816109],[-73.916492,40.815732],[-73.916277,40.815702],[-73.915934,40.815684],[-73.91568,40.815699],[-73.915469,40.81574],[-73.915203,40.81582],[-73.914448,40.816109],[-73.91403,40.816201],[-73.913574,40.816201],[-73.911136,40.815974],[-73.910364,40.815931],[-73.909808,40.815926],[-73.909111,40.815963],[-73.908682,40.816055],[-73.908375,40.816174],[-73.905518,40.817813],[-73.903268,40.818818],[-73.892368,40.824431],[-73.892182,40.824554],[-73.891978,40.824818],[-73.891922,40.825069],[-73.891875,40.829842],[-73.89183,40.830227],[-73.891704,40.830667],[-73.891469,40.831153],[-73.888068,40.83683],[-73.8878,40.837218],[-73.887544,40.837463],[-73.887183,40.837713],[-73.88512,40.838935],[-73.884886,40.839063],[-73.884441,40.839252],[-73.883891,40.839419],[-73.883573,40.839484],[-73.881759,40.839642],[-73.881149,40.839802],[-73.880498,40.840057],[-73.880049,40.840295],[-73.879899,40.840415],[-73.879175,40.841151],[-73.878966,40.841245],[-73.878707,40.841277],[-73.878512,40.841249],[-73.877782,40.840945],[-73.877474,40.840846],[-73.877172,40.840795],[-73.876841,40.840784],[-73.876313,40.840847],[-73.874736,40.841121],[-73.87443,40.84121],[-73.874329,40.841252],[-73.874109,40.841402],[-73.871389,40.843567],[-73.870857,40.844101],[-73.870717,40.844293],[-73.870472,40.844767],[-73.869431,40.847153],[-73.867986,40.849629],[-73.867921,40.849772],[-73.867846,40.85007],[-73.867016,40.87619],[-73.866928,40.876693],[-73.866787,40.876988],[-73.863846,40.881715],[-73.855124,40.897451],[-73.85494,40.897716],[-73.854376,40.898379]]}},{"type":"Feature","properties":{"color":"#009952","description":"Lexington Avenue Express","route":"5","routeId":"5","shapeId":"5..N84R"},"geometry":{"type":"LineString","coordinates":[[-73.947642,40.632836],[-73.95098,40.664053],[-73.950992,40.664409],[-73.950971,40.664823],[-73.950559,40.669213],[-73.95057,40.669381],[-73.950684,40.669592],[-73.950823,40.669705],[-73.951013,40.669795],[-73.951252,40.669863],[-73.951542,40.669909],[-73.954983,40.670096],[-73.955823,40.670208],[-73.964375,40.671987],[-73.968631,40.672955],[-73.968947,40.673056],[-73.969259,40.673208],[-73.969546,40.673414],[-73.969806,40.673679],[-73.971046,40.675235],[-73.98074,40.688593],[-73.980884,40.688757],[-73.981065,40.688902],[-73.981444,40.689096],[-73.989328,40.692242],[-73.989986,40.69238],[-73.99508,40.693147],[-73.999213,40.693877],[-74.003274,40.694909],[-74.003986,40.695132],[-74.005764,40.695813],[-74.006198,40.696065],[-74.014111,40.702119],[-74.014432,40.702488],[-74.014509,40.702618],[-74.014615,40.70289],[-74.01466,40.703176],[-74.014659,40.703325],[-74.014565,40.703793],[-74.014428,40.704123],[-74.014065,40.704817],[-74.013759,40.705299],[-74.009509,40.710368],[-74.008748,40.711238],[-74.008565,40.711364],[-74.008372,40.711442],[-74.005023,40.712297],[-74.004845,40.712387],[-74.004697,40.712498],[-74.004131,40.713065],[-74.003402,40.713889],[-74.003263,40.714102],[-74.003184,40.714345],[-74.003048,40.715471],[-74.002994,40.715627],[-74.002905,40.715772],[-73.999049,40.720055],[-73.99722,40.722188],[-73.997066,40.722435],[-73.996726,40.723314],[-73.996631,40.723488],[-73.994659,40.725915],[-73.993622,40.727308],[-73.991669,40.729595],[-73.991376,40.729856],[-73.990941,40.730144],[-73.990727,40.730358],[-73.990603,40.730548],[-73.990488,40.730843],[-73.989863,40.733476],[-73.989839,40.733755],[-73.989849,40.734063],[-73.989969,40.734884],[-73.989933,40.735181],[-73.989845,40.735409],[-73.97826,40.751298],[-73.978074,40.751452],[-73.977843,40.751553],[-73.975817,40.752032],[-73.975594,40.752145],[-73.975427,40.7523],[-73.934662,40.808149],[-73.934366,40.808503],[-73.929849,40.813224],[-73.929244,40.813931],[-73.92908,40.814189],[-73.928949,40.814456],[-73.928076,40.81679],[-73.927758,40.817547],[-73.927763,40.817648],[-73.927816,40.817741],[-73.927916,40.817826],[-73.928189,40.817978],[-73.928298,40.81808],[-73.928391,40.818213],[-73.928431,40.818324],[-73.928426,40.818387],[-73.928378,40.818542],[-73.928318,40.818618],[-73.928189,40.81869],[-73.928077,40.81871],[-73.927782,40.818685],[-73.917757,40.816109],[-73.916492,40.815732],[-73.916277,40.815702],[-73.915934,40.815684],[-73.91568,40.815699],[-73.915469,40.81574],[-73.915203,40.81582],[-73.914448,40.816109],[-73.91403,40.816201],[-73.913574,40.816201],[-73.911136,40.815974],[-73.910364,40.815931],[-73.909808,40.815926],[-73.909111,40.815963],[-73.908682,40.816055],[-73.908375,40.816174],[-73.905518,40.817813],[-73.903268,40.818818],[-73.892368,40.824431],[-73.892182,40.824554],[-73.891978,40.824818],[-73.891922,40.825069],[-73.891875,40.829842],[-73.89183,40.830227],[-73.891704,40.830667],[-73.891469,40.831153],[-73.888068,40.83683],[-73.8878,40.837218],[-73.887544,40.837463],[-73.887183,40.837713],[-73.88512,40.838935],[-73.884886,40.839063],[-73.884441,40.839252],[-73.883891,40.839419],[-73.883573,40.839484],[-73.881759,40.839642],[-73.881149,40.839802],[-73.880498,40.840057],[-73.880049,40.840295],[-73.879899,40.840415],[-73.879175,40.841151],[-73.878966,40.841245],[-73.878707,40.841277],[-73.878512,40.841249],[-73.877782,40.840945],[-73.87733,40.840817],[-73.87701,40.840786],[-73.876624,40.840801],[-73.874543,40.84117],[-73.874329,40.841252],[-73.874215,40.841324],[-73.873488,40.841894]]}},{"type":"Feature","properties":{"color":"#009952","description":"Lexington Avenue Express","route":"5","routeId":"5","shapeId":"5..N85R"},"geometry":{"type":"LineString","coordinates":[[-74.014065,40.704817],[-74.013759,40.705299],[-74.009509,40.710368],[-74.008725,40.711258],[-74.008565,40.711364],[-74.008372,40.711442],[-74.005023,40.712297],[-74.004845,40.712387],[-74.004697,40.712498],[-74.004131,40.713065],[-74.003402,40.713889],[-74.003263,40.714102],[-74.003184,40.714345],[-74.003048,40.715471],[-74.002994,40.715627],[-74.002905,40.715772],[-73.999049,40.720055],[-73.99722,40.722188],[-73.997066,40.722435],[-73.996726,40.723314],[-73.996631,40.723488],[-73.994659,40.725915],[-73.993622,40.727308],[-73.991669,40.729595],[-73.991376,40.729856],[-73.990941,40.730144],[-73.990727,40.730358],[-73.990603,40.730548],[-73.990488,40.730843],[-73.989863,40.733476],[-73.989839,40.733755],[-73.989849,40.734063],[-73.989969,40.734884],[-73.989933,40.735181],[-73.989845,40.735409],[-73.97826,40.751298],[-73.978074,40.751452],[-73.977843,40.751553],[-73.975817,40.752032],[-73.975594,40.752145],[-73.975427,40.7523],[-73.934662,40.808149],[-73.934366,40.808503],[-73.929849,40.813224],[-73.929244,40.813931],[-73.92908,40.814189],[-73.928949,40.814456],[-73.928076,40.81679],[-73.927758,40.817547],[-73.927763,40.817648],[-73.927816,40.817741],[-73.927916,40.817826],[-73.928189,40.817978],[-73.928298,40.81808],[-73.928391,40.818213],[-73.928431,40.818324],[-73.928426,40.818387],[-73.928378,40.818542],[-73.928318,40.818618],[-73.928189,40.81869],[-73.928077,40.81871],[-73.927782,40.818685],[-73.917757,40.816109],[-73.916492,40.815732],[-73.916277,40.815702],[-73.915934,40.815684],[-73.91568,40.815699],[-73.915469,40.81574],[-73.915203,40.81582],[-73.914448,40.816109],[-73.91403,40.816201],[-73.913574,40.816201],[-73.911136,40.815974],[-73.910364,40.815931],[-73.909808,40.815926],[-73.909111,40.815963],[-73.908682,40.816055],[-73.908375,40.816174],[-73.905518,40.817813],[-73.903268,40.818818],[-73.892368,40.824431],[-73.892182,40.824554],[-73.891978,40.824818],[-73.891922,40.825069],[-73.891875,40.829842],[-73.89183,40.830227],[-73.891704,40.830667],[-73.891469,40.831153],[-73.888068,40.83683],[-73.8878,40.837218],[-73.887544,40.837463],[-73.887183,40.837713],[-73.88512,40.838935],[-73.884886,40.839063],[-73.884441,40.839252],[-73.883891,40.839419],[-73.883573,40.839484],[-73.881759,40.839642],[-73.881149,40.839802],[-73.880498,40.840057],[-73.880049,40.840295],[-73.879899,40.840415],[-73.879175,40.841151],[-73.878966,40.841245],[-73.878707,40.841277],[-73.878512,40.841249],[-73.877782,40.840945],[-73.877474,40.840846],[-73.877172,40.840795],[-73.876841,40.840784],[-73.876313,40.840847],[-73.874736,40.841121],[-73.87443,40.84121],[-73.874329,40.841252],[-73.874109,40.841402],[-73.871389,40.843567],[-73.870857,40.844101],[-73.870717,40.844293],[-73.870472,40.844767],[-73.869431,40.847153],[-73.867986,40.849629],[-73.867921,40.849772],[-73.867846,40.85007],[-73.867016,40.87619],[-73.86697,40.876523],[-73.866859,40.876861],[-73.866256,40.87785]]}},{"type":"Feature","properties":{"color":"#009952","description":"Lexington Avenue Express","route":"5","routeId":"5","shapeId":"5..N86R"},"geometry":{"type":"LineString","coordinates":[[-73.932942,40.668897],[-73.955258,40.670118],[-73.955823,40.670208],[-73.964375,40.671987],[-73.968465,40.672915],[-73.968947,40.673056],[-73.969397,40.673299],[-73.969694,40.673552],[-73.971046,40.675235],[-73.98074,40.688593],[-73.980884,40.688757],[-73.981065,40.688902],[-73.981444,40.689096],[-73.989328,40.692242],[-73.989986,40.69238],[-73.99508,40.693147],[-73.999213,40.693877],[-74.003274,40.694909],[-74.003986,40.695132],[-74.005764,40.695813],[-74.006198,40.696065],[-74.014111,40.702119],[-74.014432,40.702488],[-74.014509,40.702618],[-74.014615,40.70289],[-74.01466,40.703176],[-74.014659,40.703325],[-74.014565,40.703793],[-74.014428,40.704123],[-74.014065,40.704817],[-74.013759,40.705299],[-74.009509,40.710368],[-74.008748,40.711238],[-74.008565,40.711364],[-74.008372,40.711442],[-74.005023,40.712297],[-74.004845,40.712387],[-74.004697,40.712498],[-74.004131,40.713065],[-74.003402,40.713889],[-74.003263,40.714102],[-74.003184,40.714345],[-74.003048,40.715471],[-74.002994,40.715627],[-74.002905,40.715772],[-73.999049,40.720055],[-73.99722,40.722188],[-73.997066,40.722435],[-73.996726,40.723314],[-73.996631,40.723488],[-73.994659,40.725915],[-73.993622,40.727308],[-73.991669,40.729595],[-73.991376,40.729856],[-73.990941,40.730144],[-73.990727,40.730358],[-73.990603,40.730548],[-73.990488,40.730843],[-73.989863,40.733476],[-73.989839,40.733755],[-73.989849,40.734063],[-73.989969,40.734884],[-73.989933,40.735181],[-73.989845,40.735409],[-73.97826,40.751298],[-73.978074,40.751452],[-73.977843,40.751553],[-73.975817,40.752032],[-73.975594,40.752145],[-73.975427,40.7523],[-73.934662,40.808149],[-73.934366,40.808503],[-73.929849,40.813224],[-73.929244,40.813931],[-73.92908,40.814189],[-73.928949,40.814456],[-73.928076,40.81679],[-73.927758,40.817547],[-73.927763,40.817648],[-73.927816,40.817741],[-73.927916,40.817826],[-73.928189,40.817978],[-73.928298,40.81808],[-73.928391,40.818213],[-73.928431,40.818324],[-73.928426,40.818387],[-73.928378,40.818542],[-73.928318,40.818618],[-73.928189,40.81869],[-73.928077,40.81871],[-73.927782,40.818685],[-73.917757,40.816109],[-73.916492,40.815732],[-73.916277,40.815702],[-73.915934,40.815684],[-73.91568,40.815699],[-73.915469,40.81574],[-73.915203,40.81582],[-73.914448,40.816109],[-73.91403,40.816201],[-73.913574,40.816201],[-73.911136,40.815974],[-73.910364,40.815931],[-73.909808,40.815926],[-73.909111,40.815963],[-73.908682,40.816055],[-73.908375,40.816174],[-73.905518,40.817813],[-73.903268,40.818818],[-73.892368,40.824431],[-73.892182,40.824554],[-73.891978,40.824818],[-73.891922,40.825069],[-73.891875,40.829842],[-73.89183,40.830227],[-73.891704,40.830667],[-73.891469,40.831153],[-73.888068,40.83683],[-73.8878,40.837218],[-73.887544,40.837463],[-73.887183,40.837713],[-73.88512,40.838935],[-73.884886,40.839063],[-73.884441,40.839252],[-73.883891,40.839419],[-73.883573,40.839484],[-73.881759,40.839642],[-73.881149,40.839802],[-73.880498,40.840057],[-73.880049,40.840295],[-73.879899,40.840415],[-73.879175,40.841151],[-73.878966,40.841245],[-73.878707,40.841277],[-73.878512,40.841249],[-73.877782,40.840945],[-73.877474,40.840846],[-73.877172,40.840795],[-73.876841,40.840784],[-73.876313,40.840847],[-73.874736,40.841121],[-73.87443,40.84121],[-73.874329,40.841252],[-73.874109,40.841402],[-73.871389,40.843567],[-73.870857,40.844101],[-73.870717,40.844293],[-73.870472,40.844767],[-73.869431,40.847153],[-73.867986,40.849629],[-73.867921,40.849772],[-73.867846,40.85007],[-73.867016,40.87619],[-73.866928,40.876693],[-73.866787,40.876988],[-73.863846,40.881715],[-73.855124,40.897451],[-73.85494,40.897716],[-73.854376,40.898379]]}},{"type":"Feature","properties":{"color":"#009952","description":"Lexington Avenue Express","route":"5","routeId":"5","shapeId":"5..S01R"},"geometry":{"type":"LineString","coordinates":[[-73.830834,40.8883],[-73.83155,40.887136],[-73.832289,40.88611],[-73.832712,40.885577],[-73.856268,40.857915],[-73.856684,40.857487],[-73.857103,40.857109],[-73.868114,40.848206],[-73.868618,40.847777],[-73.868975,40.847381],[-73.869952,40.845968],[-73.870597,40.844505],[-73.870857,40.844101],[-73.871389,40.843567],[-73.873488,40.841894]]}},{"type":"Feature","properties":{"color":"#009952","description":"Lexington Avenue Express","route":"5","routeId":"5","shapeId":"5..S02R"},"geometry":{"type":"LineString","coordinates":[[-73.869952,40.845968],[-73.870597,40.844505],[-73.870717,40.844293],[-73.871028,40.84391],[-73.871389,40.843567],[-73.874109,40.841402],[-73.874329,40.841252],[-73.874736,40.841121],[-73.876313,40.840847],[-73.876841,40.840784],[-73.877172,40.840795],[-73.877474,40.840846],[-73.877782,40.840945],[-73.878512,40.841249],[-73.878707,40.841277],[-73.878966,40.841245],[-73.879175,40.841151],[-73.879899,40.840415],[-73.880049,40.840295],[-73.880498,40.840057],[-73.881149,40.839802],[-73.881759,40.839642],[-73.883573,40.839484],[-73.883891,40.839419],[-73.884441,40.839252],[-73.884886,40.839063],[-73.88512,40.838935],[-73.887183,40.837713],[-73.887544,40.837463],[-73.8878,40.837218],[-73.888068,40.83683],[-73.891469,40.831153],[-73.891704,40.830667],[-73.89183,40.830227],[-73.891875,40.829842],[-73.891922,40.825069],[-73.891978,40.824818],[-73.892182,40.824554],[-73.892368,40.824431],[-73.903268,40.818818],[-73.905518,40.817813],[-73.908375,40.816174],[-73.908682,40.816055],[-73.909111,40.815963],[-73.909808,40.815926],[-73.910364,40.815931],[-73.911136,40.815974],[-73.913574,40.816201],[-73.91403,40.816201],[-73.914448,40.816109],[-73.915203,40.81582],[-73.915469,40.81574],[-73.91568,40.815699],[-73.915934,40.815684],[-73.916277,40.815702],[-73.916492,40.815732],[-73.917757,40.816109],[-73.927782,40.818685],[-73.928077,40.81871],[-73.928189,40.81869],[-73.928318,40.818618],[-73.928378,40.818542],[-73.928426,40.818387],[-73.928431,40.818324],[-73.928391,40.818213],[-73.928298,40.81808],[-73.928189,40.817978],[-73.927916,40.817826],[-73.927816,40.817741],[-73.927763,40.817648],[-73.927758,40.817547],[-73.928076,40.81679],[-73.928949,40.814456],[-73.92908,40.814189],[-73.929244,40.813931],[-73.929849,40.813224],[-73.934366,40.808503],[-73.934662,40.808149],[-73.975427,40.7523],[-73.975594,40.752145],[-73.975817,40.752032],[-73.977843,40.751553],[-73.978074,40.751452],[-73.97826,40.751298],[-73.989845,40.735409],[-73.989933,40.735181],[-73.989969,40.734884],[-73.989849,40.734063],[-73.989839,40.733755],[-73.989863,40.733476],[-73.990488,40.730843],[-73.990603,40.730548],[-73.990727,40.730358],[-73.990941,40.730144],[-73.991376,40.729856],[-73.991669,40.729595],[-73.993622,40.727308],[-73.994659,40.725915],[-73.996631,40.723488],[-73.996726,40.723314],[-73.997066,40.722435],[-73.99722,40.722188],[-73.999049,40.720055],[-74.002905,40.715772],[-74.002994,40.715627],[-74.003048,40.715471],[-74.003184,40.714345],[-74.003263,40.714102],[-74.003402,40.713889],[-74.004131,40.713065],[-74.004697,40.712498],[-74.004845,40.712387],[-74.005023,40.712297],[-74.008372,40.711442],[-74.008565,40.711364],[-74.008748,40.711238],[-74.009509,40.710368],[-74.013759,40.705299],[-74.014065,40.704817],[-74.014428,40.704123],[-74.014565,40.703793],[-74.014659,40.703325],[-74.01466,40.703176],[-74.014615,40.70289],[-74.014509,40.702618],[-74.014432,40.702488],[-74.014111,40.702119],[-74.006198,40.696065],[-74.005764,40.695813],[-74.003986,40.695132],[-74.003274,40.694909],[-73.999213,40.693877],[-73.99508,40.693147],[-73.989986,40.69238],[-73.989328,40.692242],[-73.981444,40.689096],[-73.981065,40.688902],[-73.980884,40.688757],[-73.98074,40.688593],[-73.971046,40.675235],[-73.969806,40.673679],[-73.969546,40.673414],[-73.969259,40.673208],[-73.968947,40.673056],[-73.968631,40.672955],[-73.964375,40.671987],[-73.955823,40.670208],[-73.954983,40.670096],[-73.951542,40.669909],[-73.951252,40.669863],[-73.951013,40.669795],[-73.950823,40.669705],[-73.950684,40.669592],[-73.95057,40.669381],[-73.950559,40.669213],[-73.950971,40.664823],[-73.950992,40.664409],[-73.95098,40.664053],[-73.947642,40.632836]]}},{"type":"Feature","properties":{"color":"#009952","description":"Lexington Avenue Express","route":"5","routeId":"5","shapeId":"5..S03R"},"geometry":{"type":"LineString","coordinates":[[-73.830834,40.8883],[-73.83155,40.887136],[-73.832289,40.88611],[-73.832712,40.885577],[-73.856268,40.857915],[-73.856684,40.857487],[-73.857103,40.857109],[-73.868114,40.848206],[-73.868618,40.847777],[-73.868975,40.847381],[-73.869952,40.845968],[-73.870472,40.844767],[-73.870717,40.844293],[-73.871028,40.84391],[-73.871389,40.843567],[-73.874109,40.841402],[-73.874329,40.841252],[-73.87443,40.84121],[-73.874736,40.841121],[-73.876313,40.840847],[-73.876841,40.840784],[-73.877172,40.840795],[-73.877474,40.840846],[-73.877782,40.840945],[-73.878512,40.841249],[-73.878707,40.841277],[-73.878966,40.841245],[-73.879175,40.841151],[-73.879899,40.840415],[-73.880049,40.840295],[-73.880498,40.840057],[-73.881149,40.839802],[-73.881759,40.839642],[-73.883573,40.839484],[-73.883891,40.839419],[-73.884441,40.839252],[-73.884886,40.839063],[-73.88512,40.838935],[-73.887183,40.837713],[-73.887544,40.837463],[-73.887734,40.837288],[-73.887939,40.837034],[-73.888195,40.836619],[-73.891469,40.831153],[-73.891704,40.830667],[-73.89183,40.830227],[-73.891875,40.829842],[-73.891929,40.824983],[-73.892021,40.824739],[-73.892182,40.824554],[-73.892265,40.824494],[-73.903268,40.818818],[-73.905518,40.817813],[-73.908375,40.816174],[-73.908682,40.816055],[-73.909111,40.815963],[-73.909808,40.815926],[-73.910726,40.815949],[-73.913796,40.816213],[-73.914233,40.816171],[-73.915469,40.81574],[-73.91568,40.815699],[-73.915934,40.815684],[-73.916277,40.815702],[-73.916492,40.815732],[-73.917757,40.816109],[-73.927782,40.818685],[-73.928077,40.81871],[-73.928189,40.81869],[-73.928318,40.818618],[-73.928378,40.818542],[-73.928426,40.818387],[-73.928431,40.818324],[-73.928391,40.818213],[-73.928298,40.81808],[-73.928189,40.817978],[-73.927916,40.817826],[-73.927816,40.817741],[-73.927763,40.817648],[-73.927758,40.817547],[-73.928076,40.81679],[-73.928949,40.814456],[-73.92908,40.814189],[-73.929244,40.813931],[-73.929849,40.813224],[-73.934366,40.808503],[-73.934662,40.808149],[-73.975427,40.7523],[-73.975594,40.752145],[-73.975817,40.752032],[-73.977843,40.751553],[-73.978074,40.751452],[-73.97826,40.751298],[-73.989845,40.735409],[-73.989933,40.735181],[-73.989969,40.734884],[-73.989849,40.734063],[-73.989839,40.733755],[-73.989863,40.733476],[-73.990488,40.730843],[-73.990603,40.730548],[-73.990727,40.730358],[-73.990941,40.730144],[-73.991376,40.729856],[-73.991669,40.729595],[-73.993622,40.727308],[-73.994659,40.725915],[-73.996631,40.723488],[-73.996726,40.723314],[-73.997066,40.722435],[-73.99722,40.722188],[-73.999049,40.720055],[-74.002905,40.715772],[-74.002994,40.715627],[-74.003048,40.715471],[-74.003184,40.714345],[-74.003263,40.714102],[-74.003402,40.713889],[-74.004131,40.713065],[-74.004697,40.712498],[-74.004845,40.712387],[-74.005023,40.712297],[-74.008372,40.711442],[-74.008565,40.711364],[-74.008725,40.711258],[-74.009509,40.710368],[-74.013759,40.705299],[-74.013932,40.705053],[-74.014428,40.704123],[-74.014612,40.703634],[-74.014659,40.703325],[-74.014645,40.703031],[-74.014615,40.70289],[-74.014509,40.702618],[-74.014341,40.702361],[-74.014111,40.702119],[-74.006198,40.696065],[-74.005764,40.695813],[-74.003986,40.695132],[-74.003274,40.694909],[-73.999213,40.693877],[-73.99508,40.693147],[-73.989986,40.69238],[-73.989328,40.692242],[-73.981444,40.689096],[-73.981065,40.688902],[-73.980884,40.688757],[-73.98074,40.688593],[-73.971046,40.675235],[-73.969806,40.673679],[-73.969546,40.673414],[-73.969259,40.673208],[-73.968947,40.673056],[-73.968631,40.672955],[-73.964375,40.671987],[-73.955823,40.670208],[-73.954983,40.670096],[-73.951542,40.669909],[-73.951252,40.669863],[-73.951013,40.669795],[-73.950823,40.669705],[-73.950684,40.669592],[-73.95057,40.669381],[-73.950559,40.669213],[-73.950971,40.664823],[-73.950992,40.664409],[-73.95098,40.664053],[-73.947642,40.632836]]}},{"type":"Feature","properties":{"color":"#009952","description":"Lexington Avenue Express","route":"5","routeId":"5","shapeId":"5..S06R"},"geometry":{"type":"LineString","coordinates":[[-73.830834,40.8883],[-73.83155,40.887136],[-73.832289,40.88611],[-73.832712,40.885577],[-73.856268,40.857915],[-73.856684,40.857487],[-73.857103,40.857109],[-73.868114,40.848206],[-73.868618,40.847777],[-73.868975,40.847381],[-73.869952,40.845968],[-73.870472,40.844767],[-73.870717,40.844293],[-73.871028,40.84391],[-73.871389,40.843567],[-73.874109,40.841402],[-73.874329,40.841252],[-73.87443,40.84121],[-73.874736,40.841121],[-73.876313,40.840847],[-73.876841,40.840784],[-73.877172,40.840795],[-73.877474,40.840846],[-73.877782,40.840945],[-73.878512,40.841249],[-73.878707,40.841277],[-73.878966,40.841245],[-73.879175,40.841151],[-73.879899,40.840415],[-73.880049,40.840295],[-73.880498,40.840057],[-73.881149,40.839802],[-73.881759,40.839642],[-73.883573,40.839484],[-73.883891,40.839419],[-73.884441,40.839252],[-73.884886,40.839063],[-73.88512,40.838935],[-73.887183,40.837713],[-73.887544,40.837463],[-73.887734,40.837288],[-73.887939,40.837034],[-73.888195,40.836619],[-73.891469,40.831153],[-73.891704,40.830667],[-73.89183,40.830227],[-73.891875,40.829842],[-73.891929,40.824983],[-73.892021,40.824739],[-73.892182,40.824554],[-73.892265,40.824494],[-73.903268,40.818818],[-73.905518,40.817813],[-73.908375,40.816174],[-73.908682,40.816055],[-73.909111,40.815963],[-73.909808,40.815926],[-73.910726,40.815949],[-73.913796,40.816213],[-73.914233,40.816171],[-73.915469,40.81574],[-73.91568,40.815699],[-73.915934,40.815684],[-73.916277,40.815702],[-73.916492,40.815732],[-73.917757,40.816109],[-73.927782,40.818685],[-73.928077,40.81871],[-73.928189,40.81869],[-73.928318,40.818618],[-73.928378,40.818542],[-73.928426,40.818387],[-73.928431,40.818324],[-73.928391,40.818213],[-73.928298,40.81808],[-73.928189,40.817978],[-73.927916,40.817826],[-73.927816,40.817741],[-73.927763,40.817648],[-73.927758,40.817547],[-73.928076,40.81679],[-73.928949,40.814456],[-73.92908,40.814189],[-73.929244,40.813931],[-73.929849,40.813224],[-73.934366,40.808503],[-73.934662,40.808149],[-73.975427,40.7523],[-73.975594,40.752145],[-73.975817,40.752032],[-73.977843,40.751553],[-73.978074,40.751452],[-73.97826,40.751298],[-73.989845,40.735409],[-73.989933,40.735181],[-73.989969,40.734884],[-73.989849,40.734063],[-73.989839,40.733755],[-73.989863,40.733476],[-73.990488,40.730843],[-73.990603,40.730548],[-73.990727,40.730358],[-73.990941,40.730144],[-73.991376,40.729856],[-73.991669,40.729595],[-73.993622,40.727308],[-73.994659,40.725915],[-73.996631,40.723488],[-73.996726,40.723314],[-73.997066,40.722435],[-73.99722,40.722188],[-73.999049,40.720055],[-74.002905,40.715772],[-74.002994,40.715627],[-74.003048,40.715471],[-74.003184,40.714345],[-74.003263,40.714102],[-74.003402,40.713889],[-74.004131,40.713065],[-74.004697,40.712498],[-74.004845,40.712387],[-74.005023,40.712297],[-74.008372,40.711442],[-74.008565,40.711364],[-74.008748,40.711238],[-74.009509,40.710368],[-74.013759,40.705299],[-74.014065,40.704817],[-74.014503,40.703957],[-74.014612,40.703634],[-74.014659,40.703325],[-74.01466,40.703176],[-74.014615,40.70289],[-74.014509,40.702618],[-74.014432,40.702488],[-74.014111,40.702119],[-74.006198,40.696065],[-74.005764,40.695813],[-74.003986,40.695132],[-74.003274,40.694909],[-73.999213,40.693877],[-73.99508,40.693147],[-73.989986,40.69238],[-73.989328,40.692242],[-73.981444,40.689096],[-73.981065,40.688902],[-73.980884,40.688757],[-73.98074,40.688593],[-73.971046,40.675235],[-73.969694,40.673552],[-73.969397,40.673299],[-73.968947,40.673056],[-73.968465,40.672915],[-73.964375,40.671987],[-73.955823,40.670208],[-73.955258,40.670118],[-73.932942,40.668897]]}},{"type":"Feature","properties":{"color":"#009952","description":"Lexington Avenue Express","route":"5","routeId":"5","shapeId":"5..S08R"},"geometry":{"type":"LineString","coordinates":[[-73.830834,40.8883],[-73.83155,40.887136],[-73.832289,40.88611],[-73.832712,40.885577],[-73.856268,40.857915],[-73.856684,40.857487],[-73.857103,40.857109],[-73.868114,40.848206],[-73.868618,40.847777],[-73.868975,40.847381],[-73.869952,40.845968],[-73.870472,40.844767],[-73.870717,40.844293],[-73.871028,40.84391],[-73.871389,40.843567],[-73.874109,40.841402],[-73.874329,40.841252],[-73.87443,40.84121],[-73.874736,40.841121],[-73.876313,40.840847],[-73.876841,40.840784],[-73.877172,40.840795],[-73.877474,40.840846],[-73.877782,40.840945],[-73.878512,40.841249],[-73.878707,40.841277],[-73.878966,40.841245],[-73.879175,40.841151],[-73.879899,40.840415],[-73.880049,40.840295],[-73.880498,40.840057],[-73.881149,40.839802],[-73.881759,40.839642],[-73.883573,40.839484],[-73.883891,40.839419],[-73.884441,40.839252],[-73.884886,40.839063],[-73.88512,40.838935],[-73.887183,40.837713],[-73.887544,40.837463],[-73.887734,40.837288],[-73.887939,40.837034],[-73.888195,40.836619],[-73.891469,40.831153],[-73.891704,40.830667],[-73.89183,40.830227],[-73.891875,40.829842],[-73.891929,40.824983],[-73.892021,40.824739],[-73.892182,40.824554],[-73.892265,40.824494],[-73.903268,40.818818],[-73.905518,40.817813],[-73.908375,40.816174],[-73.908682,40.816055],[-73.909111,40.815963],[-73.909808,40.815926],[-73.910726,40.815949],[-73.913796,40.816213],[-73.914233,40.816171],[-73.915469,40.81574],[-73.91568,40.815699],[-73.915934,40.815684],[-73.916277,40.815702],[-73.916492,40.815732],[-73.917757,40.816109],[-73.927782,40.818685],[-73.928077,40.81871],[-73.928189,40.81869],[-73.928318,40.818618],[-73.928378,40.818542],[-73.928426,40.818387],[-73.928431,40.818324],[-73.928391,40.818213],[-73.928298,40.81808],[-73.928189,40.817978],[-73.927916,40.817826],[-73.927816,40.817741],[-73.927763,40.817648],[-73.927758,40.817547],[-73.928076,40.81679],[-73.928949,40.814456],[-73.92908,40.814189],[-73.929244,40.813931],[-73.929849,40.813224],[-73.934366,40.808503],[-73.934662,40.808149],[-73.975427,40.7523],[-73.975594,40.752145],[-73.975817,40.752032],[-73.977843,40.751553],[-73.978074,40.751452],[-73.97826,40.751298],[-73.989845,40.735409],[-73.989933,40.735181],[-73.989969,40.734884],[-73.989849,40.734063],[-73.989839,40.733755],[-73.989863,40.733476],[-73.990488,40.730843],[-73.990603,40.730548],[-73.990727,40.730358],[-73.990941,40.730144],[-73.991376,40.729856],[-73.991669,40.729595],[-73.993622,40.727308],[-73.994659,40.725915],[-73.996631,40.723488],[-73.996726,40.723314],[-73.997066,40.722435],[-73.99722,40.722188],[-73.999049,40.720055],[-74.002905,40.715772],[-74.002994,40.715627],[-74.003048,40.715471],[-74.003184,40.714345],[-74.003263,40.714102],[-74.003402,40.713889],[-74.004131,40.713065],[-74.004697,40.712498],[-74.004845,40.712387],[-74.005023,40.712297],[-74.008372,40.711442],[-74.008565,40.711364],[-74.008725,40.711258],[-74.009509,40.710368],[-74.013759,40.705299],[-74.014065,40.704817]]}},{"type":"Feature","properties":{"color":"#009952","description":"Lexington Avenue Express","route":"5","routeId":"5","shapeId":"5..S09R"},"geometry":{"type":"LineString","coordinates":[[-73.854376,40.898379],[-73.85494,40.897716],[-73.855124,40.897451],[-73.863846,40.881715],[-73.866787,40.876988],[-73.866928,40.876693],[-73.867016,40.87619],[-73.867846,40.85007],[-73.867921,40.849772],[-73.867986,40.849629],[-73.869431,40.847153],[-73.870472,40.844767],[-73.870717,40.844293],[-73.870857,40.844101],[-73.871389,40.843567],[-73.874109,40.841402],[-73.874329,40.841252],[-73.87443,40.84121],[-73.874736,40.841121],[-73.876313,40.840847],[-73.876841,40.840784],[-73.877172,40.840795],[-73.877474,40.840846],[-73.877782,40.840945],[-73.878512,40.841249],[-73.878707,40.841277],[-73.878966,40.841245],[-73.879175,40.841151],[-73.879899,40.840415],[-73.880049,40.840295],[-73.880498,40.840057],[-73.881149,40.839802],[-73.881759,40.839642],[-73.883573,40.839484],[-73.883891,40.839419],[-73.884441,40.839252],[-73.884886,40.839063],[-73.88512,40.838935],[-73.887183,40.837713],[-73.887544,40.837463],[-73.8878,40.837218],[-73.888068,40.83683],[-73.891469,40.831153],[-73.891704,40.830667],[-73.89183,40.830227],[-73.891875,40.829842],[-73.891922,40.825069],[-73.891978,40.824818],[-73.892182,40.824554],[-73.892368,40.824431],[-73.903268,40.818818],[-73.905518,40.817813],[-73.908375,40.816174],[-73.908682,40.816055],[-73.909111,40.815963],[-73.909808,40.815926],[-73.910364,40.815931],[-73.911136,40.815974],[-73.913574,40.816201],[-73.91403,40.816201],[-73.914448,40.816109],[-73.915203,40.81582],[-73.915469,40.81574],[-73.91568,40.815699],[-73.915934,40.815684],[-73.916277,40.815702],[-73.916492,40.815732],[-73.917757,40.816109],[-73.927782,40.818685],[-73.928077,40.81871],[-73.928189,40.81869],[-73.928318,40.818618],[-73.928378,40.818542],[-73.928426,40.818387],[-73.928431,40.818324],[-73.928391,40.818213],[-73.928298,40.81808],[-73.928189,40.817978],[-73.927916,40.817826],[-73.927816,40.817741],[-73.927763,40.817648],[-73.927758,40.817547],[-73.928076,40.81679],[-73.928949,40.814456],[-73.92908,40.814189],[-73.929244,40.813931],[-73.929849,40.813224],[-73.934366,40.808503],[-73.934662,40.808149],[-73.975427,40.7523],[-73.975594,40.752145],[-73.975817,40.752032],[-73.977843,40.751553],[-73.978074,40.751452],[-73.97826,40.751298],[-73.989845,40.735409],[-73.989933,40.735181],[-73.989969,40.734884],[-73.989849,40.734063],[-73.989839,40.733755],[-73.989863,40.733476],[-73.990488,40.730843],[-73.990603,40.730548],[-73.990727,40.730358],[-73.990941,40.730144],[-73.991376,40.729856],[-73.991669,40.729595],[-73.993622,40.727308],[-73.994659,40.725915],[-73.996631,40.723488],[-73.996726,40.723314],[-73.997066,40.722435],[-73.99722,40.722188],[-73.999049,40.720055],[-74.002905,40.715772],[-74.002994,40.715627],[-74.003048,40.715471],[-74.003184,40.714345],[-74.003263,40.714102],[-74.003402,40.713889],[-74.004131,40.713065],[-74.004697,40.712498],[-74.004845,40.712387],[-74.005023,40.712297],[-74.008372,40.711442],[-74.008565,40.711364],[-74.008748,40.711238],[-74.009509,40.710368],[-74.013759,40.705299],[-74.014065,40.704817],[-74.014428,40.704123],[-74.014565,40.703793],[-74.014659,40.703325],[-74.01466,40.703176],[-74.014615,40.70289],[-74.014509,40.702618],[-74.014432,40.702488],[-74.014111,40.702119],[-74.006198,40.696065],[-74.005764,40.695813],[-74.003986,40.695132],[-74.003274,40.694909],[-73.999213,40.693877],[-73.99508,40.693147],[-73.989986,40.69238],[-73.989328,40.692242],[-73.981444,40.689096],[-73.981065,40.688902],[-73.980884,40.688757],[-73.98074,40.688593],[-73.971046,40.675235],[-73.969806,40.673679],[-73.969546,40.673414],[-73.969259,40.673208],[-73.968947,40.673056],[-73.968631,40.672955],[-73.964375,40.671987],[-73.955823,40.670208],[-73.954983,40.670096],[-73.951542,40.669909],[-73.951252,40.669863],[-73.951013,40.669795],[-73.950823,40.669705],[-73.950684,40.669592],[-73.95057,40.669381],[-73.950559,40.669213],[-73.950971,40.664823],[-73.950992,40.664409],[-73.95098,40.664053],[-73.947642,40.632836]]}},{"type":"Feature","properties":{"color":"#009952","description":"Lexington Avenue Express","route":"5","routeId":"5","shapeId":"5..S12R"},"geometry":{"type":"LineString","coordinates":[[-73.869952,40.845968],[-73.870597,40.844505],[-73.870717,40.844293],[-73.871028,40.84391],[-73.871389,40.843567],[-73.874109,40.841402],[-73.874329,40.841252],[-73.874736,40.841121],[-73.876313,40.840847],[-73.876841,40.840784],[-73.877172,40.840795],[-73.877474,40.840846],[-73.877782,40.840945],[-73.878512,40.841249],[-73.878707,40.841277],[-73.878966,40.841245],[-73.879175,40.841151],[-73.879899,40.840415],[-73.880049,40.840295],[-73.880498,40.840057],[-73.881149,40.839802],[-73.881759,40.839642],[-73.883573,40.839484],[-73.883891,40.839419],[-73.884441,40.839252],[-73.884886,40.839063],[-73.88512,40.838935],[-73.887183,40.837713],[-73.887544,40.837463],[-73.8878,40.837218],[-73.888068,40.83683],[-73.891469,40.831153],[-73.891704,40.830667],[-73.89183,40.830227],[-73.891875,40.829842],[-73.891922,40.825069],[-73.891978,40.824818],[-73.892182,40.824554],[-73.892368,40.824431],[-73.903268,40.818818],[-73.905518,40.817813],[-73.908375,40.816174],[-73.908682,40.816055],[-73.909111,40.815963],[-73.909808,40.815926],[-73.910364,40.815931],[-73.911136,40.815974],[-73.913574,40.816201],[-73.91403,40.816201],[-73.914448,40.816109],[-73.915203,40.81582],[-73.915469,40.81574],[-73.91568,40.815699],[-73.915934,40.815684],[-73.916277,40.815702],[-73.916492,40.815732],[-73.917757,40.816109],[-73.927782,40.818685],[-73.928077,40.81871],[-73.928189,40.81869],[-73.928318,40.818618],[-73.928378,40.818542],[-73.928426,40.818387],[-73.928431,40.818324],[-73.928391,40.818213],[-73.928298,40.81808],[-73.928189,40.817978],[-73.927916,40.817826],[-73.927816,40.817741],[-73.927763,40.817648],[-73.927758,40.817547],[-73.928076,40.81679],[-73.928949,40.814456],[-73.92908,40.814189],[-73.929244,40.813931],[-73.929849,40.813224],[-73.934366,40.808503],[-73.934662,40.808149],[-73.975427,40.7523],[-73.975594,40.752145],[-73.975817,40.752032],[-73.977843,40.751553],[-73.978074,40.751452],[-73.97826,40.751298],[-73.989845,40.735409],[-73.989933,40.735181],[-73.989969,40.734884],[-73.989849,40.734063],[-73.989839,40.733755],[-73.989863,40.733476],[-73.990488,40.730843],[-73.990603,40.730548],[-73.990727,40.730358],[-73.990941,40.730144],[-73.991376,40.729856],[-73.991669,40.729595],[-73.993622,40.727308],[-73.994659,40.725915],[-73.996631,40.723488],[-73.996726,40.723314],[-73.997066,40.722435],[-73.99722,40.722188],[-73.999049,40.720055],[-74.002905,40.715772],[-74.002994,40.715627],[-74.003048,40.715471],[-74.003184,40.714345],[-74.003263,40.714102],[-74.003402,40.713889],[-74.004131,40.713065],[-74.004697,40.712498],[-74.004845,40.712387],[-74.005023,40.712297],[-74.008372,40.711442],[-74.008565,40.711364],[-74.008725,40.711258],[-74.009509,40.710368],[-74.013759,40.705299],[-74.014065,40.704817]]}},{"type":"Feature","properties":{"color":"#009952","description":"Lexington Avenue Express","route":"5","routeId":"5","shapeId":"5..S15R"},"geometry":{"type":"LineString","coordinates":[[-73.854376,40.898379],[-73.85494,40.897716],[-73.855124,40.897451],[-73.863846,40.881715],[-73.866787,40.876988],[-73.866928,40.876693],[-73.867016,40.87619],[-73.867846,40.85007],[-73.867921,40.849772],[-73.867986,40.849629],[-73.869431,40.847153],[-73.870472,40.844767],[-73.870717,40.844293],[-73.870857,40.844101],[-73.871389,40.843567],[-73.874109,40.841402],[-73.874329,40.841252],[-73.87443,40.84121],[-73.874736,40.841121],[-73.876313,40.840847],[-73.876841,40.840784],[-73.877172,40.840795],[-73.877474,40.840846],[-73.877782,40.840945],[-73.878512,40.841249],[-73.878707,40.841277],[-73.878966,40.841245],[-73.879175,40.841151],[-73.879899,40.840415],[-73.880049,40.840295],[-73.880498,40.840057],[-73.881149,40.839802],[-73.881759,40.839642],[-73.883573,40.839484],[-73.883891,40.839419],[-73.884441,40.839252],[-73.884886,40.839063],[-73.88512,40.838935],[-73.887183,40.837713],[-73.887544,40.837463],[-73.8878,40.837218],[-73.888068,40.83683],[-73.891469,40.831153],[-73.891704,40.830667],[-73.89183,40.830227],[-73.891875,40.829842],[-73.891922,40.825069],[-73.891978,40.824818],[-73.892182,40.824554],[-73.892368,40.824431],[-73.903268,40.818818],[-73.905518,40.817813],[-73.908375,40.816174],[-73.908682,40.816055],[-73.909111,40.815963],[-73.909808,40.815926],[-73.910364,40.815931],[-73.911136,40.815974],[-73.913574,40.816201],[-73.91403,40.816201],[-73.914448,40.816109],[-73.915203,40.81582],[-73.915469,40.81574],[-73.91568,40.815699],[-73.915934,40.815684],[-73.916277,40.815702],[-73.916492,40.815732],[-73.917757,40.816109],[-73.927782,40.818685],[-73.928077,40.81871],[-73.928189,40.81869],[-73.928318,40.818618],[-73.928378,40.818542],[-73.928426,40.818387],[-73.928431,40.818324],[-73.928391,40.818213],[-73.928298,40.81808],[-73.928189,40.817978],[-73.927916,40.817826],[-73.927816,40.817741],[-73.927763,40.817648],[-73.927758,40.817547],[-73.928076,40.81679],[-73.928949,40.814456],[-73.92908,40.814189],[-73.929244,40.813931],[-73.929849,40.813224],[-73.934366,40.808503],[-73.934662,40.808149],[-73.975427,40.7523],[-73.975594,40.752145],[-73.975817,40.752032],[-73.977843,40.751553],[-73.978074,40.751452],[-73.97826,40.751298],[-73.989845,40.735409],[-73.989933,40.735181],[-73.989969,40.734884],[-73.989849,40.734063],[-73.989839,40.733755],[-73.989863,40.733476],[-73.990488,40.730843],[-73.990603,40.730548],[-73.990727,40.730358],[-73.990941,40.730144],[-73.991376,40.729856],[-73.991669,40.729595],[-73.993622,40.727308],[-73.994659,40.725915],[-73.996631,40.723488],[-73.996726,40.723314],[-73.997066,40.722435],[-73.99722,40.722188],[-73.999049,40.720055],[-74.002905,40.715772],[-74.002994,40.715627],[-74.003048,40.715471],[-74.003184,40.714345],[-74.003263,40.714102],[-74.003402,40.713889],[-74.004131,40.713065],[-74.004697,40.712498],[-74.004845,40.712387],[-74.005023,40.712297],[-74.008372,40.711442],[-74.008565,40.711364],[-74.008748,40.711238],[-74.009509,40.710368],[-74.013759,40.705299],[-74.014065,40.704817],[-74.014428,40.704123],[-74.014565,40.703793],[-74.014659,40.703325],[-74.01466,40.703176],[-74.014615,40.70289],[-74.014509,40.702618],[-74.014432,40.702488],[-74.014111,40.702119],[-74.006198,40.696065],[-74.005764,40.695813],[-74.003986,40.695132],[-74.003274,40.694909],[-73.999213,40.693877],[-73.99508,40.693147],[-73.989986,40.69238],[-73.989328,40.692242],[-73.981444,40.689096],[-73.981065,40.688902],[-73.980884,40.688757],[-73.98074,40.688593],[-73.971046,40.675235],[-73.969694,40.673552],[-73.969397,40.673299],[-73.968947,40.673056],[-73.968465,40.672915],[-73.964375,40.671987],[-73.955823,40.670208],[-73.955258,40.670118],[-73.932942,40.668897]]}},{"type":"Feature","properties":{"color":"#009952","description":"Lexington Avenue Express","route":"5","routeId":"5","shapeId":"5..S44R"},"geometry":{"type":"LineString","coordinates":[[-73.873488,40.841894],[-73.874215,40.841324],[-73.874329,40.841252],[-73.874543,40.84117],[-73.876624,40.840801],[-73.87701,40.840786],[-73.87733,40.840817],[-73.877782,40.840945],[-73.878512,40.841249],[-73.878707,40.841277],[-73.878966,40.841245],[-73.879175,40.841151],[-73.879899,40.840415],[-73.880049,40.840295],[-73.880498,40.840057],[-73.881149,40.839802],[-73.881759,40.839642],[-73.883573,40.839484],[-73.883891,40.839419],[-73.884441,40.839252],[-73.884886,40.839063],[-73.88512,40.838935],[-73.887183,40.837713],[-73.887544,40.837463],[-73.8878,40.837218],[-73.888068,40.83683],[-73.891469,40.831153],[-73.891704,40.830667],[-73.89183,40.830227],[-73.891875,40.829842],[-73.891922,40.825069],[-73.891978,40.824818],[-73.892182,40.824554],[-73.892368,40.824431],[-73.903268,40.818818],[-73.905518,40.817813],[-73.908375,40.816174],[-73.908682,40.816055],[-73.909111,40.815963],[-73.909808,40.815926],[-73.910364,40.815931],[-73.911136,40.815974],[-73.913574,40.816201],[-73.91403,40.816201],[-73.914448,40.816109],[-73.915203,40.81582],[-73.915469,40.81574],[-73.91568,40.815699],[-73.915934,40.815684],[-73.916277,40.815702],[-73.916492,40.815732],[-73.917757,40.816109],[-73.927782,40.818685],[-73.928077,40.81871],[-73.928189,40.81869],[-73.928318,40.818618],[-73.928378,40.818542],[-73.928426,40.818387],[-73.928431,40.818324],[-73.928391,40.818213],[-73.928298,40.81808],[-73.928189,40.817978],[-73.927916,40.817826],[-73.927816,40.817741],[-73.927763,40.817648],[-73.927758,40.817547],[-73.928076,40.81679],[-73.928949,40.814456],[-73.92908,40.814189],[-73.929244,40.813931],[-73.929849,40.813224],[-73.934366,40.808503],[-73.934662,40.808149],[-73.975427,40.7523],[-73.975594,40.752145],[-73.975817,40.752032],[-73.977843,40.751553],[-73.978074,40.751452],[-73.97826,40.751298],[-73.989845,40.735409],[-73.989933,40.735181],[-73.989969,40.734884],[-73.989849,40.734063],[-73.989839,40.733755],[-73.989863,40.733476],[-73.990488,40.730843],[-73.990603,40.730548],[-73.990727,40.730358],[-73.990941,40.730144],[-73.991376,40.729856],[-73.991669,40.729595],[-73.993622,40.727308],[-73.994659,40.725915],[-73.996631,40.723488],[-73.996726,40.723314],[-73.997066,40.722435],[-73.99722,40.722188],[-73.999049,40.720055],[-74.002905,40.715772],[-74.002994,40.715627],[-74.003048,40.715471],[-74.003184,40.714345],[-74.003263,40.714102],[-74.003402,40.713889],[-74.004131,40.713065],[-74.004697,40.712498],[-74.004845,40.712387],[-74.005023,40.712297],[-74.008372,40.711442],[-74.008565,40.711364],[-74.008748,40.711238],[-74.009509,40.710368],[-74.013759,40.705299],[-74.014065,40.704817],[-74.014428,40.704123],[-74.014565,40.703793],[-74.014659,40.703325],[-74.01466,40.703176],[-74.014615,40.70289],[-74.014509,40.702618],[-74.014432,40.702488],[-74.014111,40.702119],[-74.006198,40.696065],[-74.005764,40.695813],[-74.003986,40.695132],[-74.003274,40.694909],[-73.999213,40.693877],[-73.99508,40.693147],[-73.989986,40.69238],[-73.989328,40.692242],[-73.981444,40.689096],[-73.981065,40.688902],[-73.980884,40.688757],[-73.98074,40.688593],[-73.971046,40.675235],[-73.969806,40.673679],[-73.969546,40.673414],[-73.969259,40.673208],[-73.968947,40.673056],[-73.968631,40.672955],[-73.964375,40.671987],[-73.955823,40.670208],[-73.954983,40.670096],[-73.951542,40.669909],[-73.951252,40.669863],[-73.951013,40.669795],[-73.950823,40.669705],[-73.950684,40.669592],[-73.95057,40.669381],[-73.950559,40.669213],[-73.950971,40.664823],[-73.950992,40.664409],[-73.95098,40.664053],[-73.947642,40.632836]]}},{"type":"Feature","properties":{"color":"#009952","description":"Lexington Avenue Local","route":"6","routeId":"6","shapeId":"6..N01R"},"geometry":{"type":"LineString","coordinates":[[-74.004131,40.713065],[-74.003402,40.713889],[-74.003263,40.714102],[-74.003184,40.714345],[-74.003048,40.715471],[-74.002994,40.715627],[-74.002905,40.715772],[-73.999049,40.720055],[-73.99722,40.722188],[-73.997066,40.722435],[-73.996726,40.723314],[-73.996631,40.723488],[-73.994659,40.725915],[-73.993622,40.727308],[-73.991669,40.729595],[-73.991376,40.729856],[-73.990941,40.730144],[-73.990682,40.730419],[-73.990569,40.730618],[-73.990488,40.730843],[-73.989863,40.733476],[-73.989839,40.733755],[-73.989849,40.734063],[-73.989969,40.734884],[-73.989933,40.735181],[-73.989845,40.735409],[-73.978287,40.751266],[-73.978108,40.75143],[-73.977884,40.75154],[-73.975869,40.752014],[-73.975634,40.752119],[-73.975427,40.7523],[-73.934662,40.808149],[-73.934366,40.808503],[-73.930931,40.812093],[-73.930441,40.812353],[-73.929972,40.812475],[-73.929507,40.812471],[-73.929045,40.812339],[-73.928587,40.812079],[-73.927084,40.810933],[-73.926578,40.810659],[-73.912932,40.804902],[-73.912754,40.80484],[-73.912528,40.804802],[-73.912316,40.804815],[-73.912165,40.804858],[-73.90891,40.806334],[-73.908711,40.806442],[-73.908493,40.806618],[-73.90833,40.806829],[-73.908244,40.807011],[-73.907266,40.809831],[-73.907133,40.810076],[-73.90691,40.810301],[-73.904447,40.811911],[-73.904032,40.812148],[-73.903802,40.812234],[-73.899388,40.813475],[-73.899013,40.81364],[-73.898882,40.813738],[-73.891955,40.820445],[-73.891728,40.820587],[-73.891443,40.820707],[-73.889769,40.821171],[-73.889486,40.821284],[-73.889119,40.821488],[-73.887776,40.822368],[-73.887547,40.822555],[-73.887346,40.822751],[-73.887126,40.823025],[-73.886995,40.823242],[-73.886787,40.823685],[-73.886651,40.824206],[-73.88616,40.827281],[-73.886085,40.827495],[-73.885975,40.827682],[-73.885831,40.827841],[-73.885653,40.827972],[-73.885323,40.828117],[-73.884915,40.828199],[-73.881623,40.828383],[-73.877612,40.828713],[-73.877051,40.828806],[-73.862382,40.833019],[-73.86208,40.833086],[-73.850055,40.834379],[-73.849763,40.834435],[-73.849555,40.834507],[-73.849291,40.83464],[-73.849042,40.834818],[-73.842229,40.840497],[-73.841721,40.840821],[-73.83743,40.843045],[-73.837214,40.843176],[-73.831662,40.847525],[-73.831445,40.847734],[-73.831191,40.848056],[-73.830566,40.849133],[-73.830337,40.849694],[-73.829942,40.851124],[-73.829841,40.851361],[-73.829753,40.851504],[-73.829528,40.851752],[-73.829316,40.851905],[-73.828121,40.852462]]}},{"type":"Feature","properties":{"color":"#009952","description":"Lexington Avenue Local","route":"6","routeId":"6","shapeId":"6..N03R"},"geometry":{"type":"LineString","coordinates":[[-74.004131,40.713065],[-74.003402,40.713889],[-74.003263,40.714102],[-74.003184,40.714345],[-74.003048,40.715471],[-74.002994,40.715627],[-74.002905,40.715772],[-73.999049,40.720055],[-73.99722,40.722188],[-73.997066,40.722435],[-73.996726,40.723314],[-73.996631,40.723488],[-73.994659,40.725915],[-73.993622,40.727308],[-73.991669,40.729595],[-73.991376,40.729856],[-73.990941,40.730144],[-73.990682,40.730419],[-73.990569,40.730618],[-73.990488,40.730843],[-73.989863,40.733476],[-73.989839,40.733755],[-73.989849,40.734063],[-73.989969,40.734884],[-73.989933,40.735181],[-73.989845,40.735409],[-73.978287,40.751266],[-73.978108,40.75143],[-73.977884,40.75154],[-73.975869,40.752014],[-73.975634,40.752119],[-73.975427,40.7523],[-73.934662,40.808149],[-73.934366,40.808503],[-73.930931,40.812093],[-73.930441,40.812353],[-73.929972,40.812475],[-73.929507,40.812471],[-73.929045,40.812339],[-73.928587,40.812079],[-73.927084,40.810933],[-73.926578,40.810659],[-73.912932,40.804902],[-73.912754,40.80484],[-73.912528,40.804802],[-73.912214,40.804841],[-73.90891,40.806334],[-73.908711,40.806442],[-73.908493,40.806618],[-73.90833,40.806829],[-73.908244,40.807011],[-73.907266,40.809831],[-73.907133,40.810076],[-73.90691,40.810301],[-73.904447,40.811911],[-73.904032,40.812148],[-73.903802,40.812234],[-73.899388,40.813475],[-73.899013,40.81364],[-73.898882,40.813738],[-73.891955,40.820445],[-73.891728,40.820587],[-73.891443,40.820707],[-73.889769,40.821171],[-73.889486,40.821284],[-73.889119,40.821488],[-73.887776,40.822368],[-73.887547,40.822555],[-73.887346,40.822751],[-73.887126,40.823025],[-73.886995,40.823242],[-73.886787,40.823685],[-73.886651,40.824206],[-73.88616,40.827281],[-73.886085,40.827495],[-73.885975,40.827682],[-73.885831,40.827841],[-73.885653,40.827972],[-73.885323,40.828117],[-73.884915,40.828199],[-73.881623,40.828383],[-73.877612,40.828713],[-73.877051,40.828806],[-73.862382,40.833019],[-73.862016,40.833096],[-73.860816,40.833226]]}},{"type":"Feature","properties":{"color":"#009952","description":"Lexington Avenue Local","route":"6","routeId":"6","shapeId":"6..N06R"},"geometry":{"type":"LineString","coordinates":[[-74.004131,40.713065],[-74.003402,40.713889],[-74.003263,40.714102],[-74.003184,40.714345],[-74.003048,40.715471],[-74.002994,40.715627],[-74.002905,40.715772],[-73.999049,40.720055],[-73.99722,40.722188],[-73.997066,40.722435],[-73.996726,40.723314],[-73.996631,40.723488],[-73.994659,40.725915],[-73.993622,40.727308],[-73.991669,40.729595],[-73.991376,40.729856],[-73.990941,40.730144],[-73.990682,40.730419],[-73.990569,40.730618],[-73.990488,40.730843],[-73.989863,40.733476],[-73.989839,40.733755],[-73.989849,40.734063],[-73.989969,40.734884],[-73.989933,40.735181],[-73.989845,40.735409],[-73.978287,40.751266],[-73.978108,40.75143],[-73.977884,40.75154],[-73.975869,40.752014],[-73.975634,40.752119],[-73.975427,40.7523],[-73.93757,40.804172],[-73.934685,40.808118],[-73.934433,40.808429],[-73.930931,40.812093],[-73.930598,40.812284],[-73.930284,40.812408],[-73.929972,40.812475],[-73.929661,40.812486],[-73.929199,40.812397],[-73.928739,40.812181],[-73.927084,40.810933],[-73.926677,40.810704],[-73.91924,40.807566]]}},{"type":"Feature","properties":{"color":"#009952","description":"Lexington Avenue Local","route":"6","routeId":"6","shapeId":"6..S01R"},"geometry":{"type":"LineString","coordinates":[[-73.828121,40.852462],[-73.829316,40.851905],[-73.829528,40.851752],[-73.829753,40.851504],[-73.829841,40.851361],[-73.829942,40.851124],[-73.830337,40.849694],[-73.830566,40.849133],[-73.831191,40.848056],[-73.831445,40.847734],[-73.831662,40.847525],[-73.837214,40.843176],[-73.83743,40.843045],[-73.841721,40.840821],[-73.842229,40.840497],[-73.849042,40.834818],[-73.849291,40.83464],[-73.849555,40.834507],[-73.849763,40.834435],[-73.850055,40.834379],[-73.86208,40.833086],[-73.862382,40.833019],[-73.877051,40.828806],[-73.877612,40.828713],[-73.881623,40.828383],[-73.884915,40.828199],[-73.885323,40.828117],[-73.885653,40.827972],[-73.885831,40.827841],[-73.885975,40.827682],[-73.886085,40.827495],[-73.88616,40.827281],[-73.886651,40.824206],[-73.886787,40.823685],[-73.886995,40.823242],[-73.887126,40.823025],[-73.887346,40.822751],[-73.887547,40.822555],[-73.887776,40.822368],[-73.889119,40.821488],[-73.889486,40.821284],[-73.889769,40.821171],[-73.891443,40.820707],[-73.891728,40.820587],[-73.891955,40.820445],[-73.898882,40.813738],[-73.899013,40.81364],[-73.899388,40.813475],[-73.903802,40.812234],[-73.904032,40.812148],[-73.904447,40.811911],[-73.90691,40.810301],[-73.907133,40.810076],[-73.907266,40.809831],[-73.908244,40.807011],[-73.90833,40.806829],[-73.908493,40.806618],[-73.908711,40.806442],[-73.90891,40.806334],[-73.912165,40.804858],[-73.912316,40.804815],[-73.912528,40.804802],[-73.912754,40.80484],[-73.912932,40.804902],[-73.926578,40.810659],[-73.927084,40.810933],[-73.928587,40.812079],[-73.929045,40.812339],[-73.929507,40.812471],[-73.929972,40.812475],[-73.930441,40.812353],[-73.930931,40.812093],[-73.934366,40.808503],[-73.934662,40.808149],[-73.975427,40.7523],[-73.975634,40.752119],[-73.975869,40.752014],[-73.977884,40.75154],[-73.978108,40.75143],[-73.978287,40.751266],[-73.989845,40.735409],[-73.989933,40.735181],[-73.989969,40.734884],[-73.989849,40.734063],[-73.989839,40.733755],[-73.989863,40.733476],[-73.990488,40.730843],[-73.990569,40.730618],[-73.990682,40.730419],[-73.990941,40.730144],[-73.991376,40.729856],[-73.991669,40.729595],[-73.993622,40.727308],[-73.994659,40.725915],[-73.996631,40.723488],[-73.996726,40.723314],[-73.997066,40.722435],[-73.99722,40.722188],[-73.999049,40.720055],[-74.002905,40.715772],[-74.002994,40.715627],[-74.003048,40.715471],[-74.003184,40.714345],[-74.003263,40.714102],[-74.003402,40.713889],[-74.004131,40.713065]]}},{"type":"Feature","properties":{"color":"#009952","description":"Lexington Avenue Local","route":"6","routeId":"6","shapeId":"6..S03R"},"geometry":{"type":"LineString","coordinates":[[-73.860816,40.833226],[-73.862016,40.833096],[-73.862382,40.833019],[-73.877051,40.828806],[-73.877612,40.828713],[-73.881623,40.828383],[-73.884915,40.828199],[-73.885323,40.828117],[-73.885653,40.827972],[-73.885831,40.827841],[-73.885975,40.827682],[-73.886085,40.827495],[-73.88616,40.827281],[-73.886651,40.824206],[-73.886787,40.823685],[-73.886995,40.823242],[-73.887126,40.823025],[-73.887346,40.822751],[-73.887547,40.822555],[-73.887776,40.822368],[-73.889119,40.821488],[-73.889486,40.821284],[-73.889769,40.821171],[-73.891443,40.820707],[-73.891728,40.820587],[-73.891955,40.820445],[-73.898882,40.813738],[-73.899013,40.81364],[-73.899388,40.813475],[-73.903802,40.812234],[-73.904032,40.812148],[-73.904447,40.811911],[-73.90691,40.810301],[-73.907133,40.810076],[-73.907266,40.809831],[-73.908244,40.807011],[-73.90833,40.806829],[-73.908493,40.806618],[-73.908711,40.806442],[-73.90891,40.806334],[-73.912214,40.804841],[-73.912528,40.804802],[-73.912754,40.80484],[-73.912932,40.804902],[-73.926578,40.810659],[-73.927084,40.810933],[-73.928587,40.812079],[-73.929045,40.812339],[-73.929507,40.812471],[-73.929972,40.812475],[-73.930441,40.812353],[-73.930931,40.812093],[-73.934366,40.808503],[-73.934662,40.808149],[-73.975427,40.7523],[-73.975634,40.752119],[-73.975869,40.752014],[-73.977884,40.75154],[-73.978108,40.75143],[-73.978287,40.751266],[-73.989845,40.735409],[-73.989933,40.735181],[-73.989969,40.734884],[-73.989849,40.734063],[-73.989839,40.733755],[-73.989863,40.733476],[-73.990488,40.730843],[-73.990569,40.730618],[-73.990682,40.730419],[-73.990941,40.730144],[-73.991376,40.729856],[-73.991669,40.729595],[-73.993622,40.727308],[-73.994659,40.725915],[-73.996631,40.723488],[-73.996726,40.723314],[-73.997066,40.722435],[-73.99722,40.722188],[-73.999049,40.720055],[-74.002905,40.715772],[-74.002994,40.715627],[-74.003048,40.715471],[-74.003184,40.714345],[-74.003263,40.714102],[-74.003402,40.713889],[-74.004131,40.713065]]}},{"type":"Feature","properties":{"color":"#009952","description":"Lexington Avenue Local","route":"6","routeId":"6","shapeId":"6..S06R"},"geometry":{"type":"LineString","coordinates":[[-73.91924,40.807566],[-73.926677,40.810704],[-73.927084,40.810933],[-73.928739,40.812181],[-73.929199,40.812397],[-73.929661,40.812486],[-73.929972,40.812475],[-73.930284,40.812408],[-73.930598,40.812284],[-73.930931,40.812093],[-73.934433,40.808429],[-73.934685,40.808118],[-73.93757,40.804172],[-73.975427,40.7523],[-73.975634,40.752119],[-73.975869,40.752014],[-73.977884,40.75154],[-73.978108,40.75143],[-73.978287,40.751266],[-73.989845,40.735409],[-73.989933,40.735181],[-73.989969,40.734884],[-73.989849,40.734063],[-73.989839,40.733755],[-73.989863,40.733476],[-73.990488,40.730843],[-73.990569,40.730618],[-73.990682,40.730419],[-73.990941,40.730144],[-73.991376,40.729856],[-73.991669,40.729595],[-73.993622,40.727308],[-73.994659,40.725915],[-73.996631,40.723488],[-73.996726,40.723314],[-73.997066,40.722435],[-73.99722,40.722188],[-73.999049,40.720055],[-74.002905,40.715772],[-74.002994,40.715627],[-74.003048,40.715471],[-74.003184,40.714345],[-74.003263,40.714102],[-74.003402,40.713889],[-74.004131,40.713065]]}},{"type":"Feature","properties":{"color":"#009952","description":"Pelham Bay Park Express","route":"6X","routeId":"6X","shapeId":"6..N02R"},"geometry":{"type":"LineString","coordinates":[[-74.004131,40.713065],[-74.003402,40.713889],[-74.003263,40.714102],[-74.003184,40.714345],[-74.003048,40.715471],[-74.002994,40.715627],[-74.002905,40.715772],[-73.999049,40.720055],[-73.99722,40.722188],[-73.997066,40.722435],[-73.996726,40.723314],[-73.996631,40.723488],[-73.994659,40.725915],[-73.993622,40.727308],[-73.991669,40.729595],[-73.991376,40.729856],[-73.990941,40.730144],[-73.990682,40.730419],[-73.990569,40.730618],[-73.990488,40.730843],[-73.989863,40.733476],[-73.989839,40.733755],[-73.989849,40.734063],[-73.989969,40.734884],[-73.989933,40.735181],[-73.989845,40.735409],[-73.978287,40.751266],[-73.978108,40.75143],[-73.977884,40.75154],[-73.975869,40.752014],[-73.975634,40.752119],[-73.975427,40.7523],[-73.934662,40.808149],[-73.934366,40.808503],[-73.930931,40.812093],[-73.930441,40.812353],[-73.929972,40.812475],[-73.929507,40.812471],[-73.929045,40.812339],[-73.928587,40.812079],[-73.927084,40.810933],[-73.926578,40.810659],[-73.912932,40.804902],[-73.912754,40.80484],[-73.912528,40.804802],[-73.912316,40.804815],[-73.912165,40.804858],[-73.90891,40.806334],[-73.908711,40.806442],[-73.908493,40.806618],[-73.90833,40.806829],[-73.908244,40.807011],[-73.907266,40.809831],[-73.907133,40.810076],[-73.90691,40.810301],[-73.904447,40.811911],[-73.904032,40.812148],[-73.903802,40.812234],[-73.899388,40.813475],[-73.899013,40.81364],[-73.898882,40.813738],[-73.891955,40.820445],[-73.891728,40.820587],[-73.891443,40.820707],[-73.889769,40.821171],[-73.889486,40.821284],[-73.889119,40.821488],[-73.887776,40.822368],[-73.887547,40.822555],[-73.887346,40.822751],[-73.887126,40.823025],[-73.886995,40.823242],[-73.886787,40.823685],[-73.886651,40.824206],[-73.88616,40.827281],[-73.886085,40.827495],[-73.885975,40.827682],[-73.885831,40.827841],[-73.885653,40.827972],[-73.885323,40.828117],[-73.884915,40.828199],[-73.881623,40.828383],[-73.877612,40.828713],[-73.877051,40.828806],[-73.862382,40.833019],[-73.86208,40.833086],[-73.850055,40.834379],[-73.849763,40.834435],[-73.849555,40.834507],[-73.849291,40.83464],[-73.849042,40.834818],[-73.842229,40.840497],[-73.841721,40.840821],[-73.83743,40.843045],[-73.837214,40.843176],[-73.831662,40.847525],[-73.831445,40.847734],[-73.831191,40.848056],[-73.830566,40.849133],[-73.830337,40.849694],[-73.829942,40.851124],[-73.829841,40.851361],[-73.829753,40.851504],[-73.829528,40.851752],[-73.829316,40.851905],[-73.828121,40.852462]]}},{"type":"Feature","properties":{"color":"#009952","description":"Pelham Bay Park Express","route":"6X","routeId":"6X","shapeId":"6..S02R"},"geometry":{"type":"LineString","coordinates":[[-73.828121,40.852462],[-73.829316,40.851905],[-73.829528,40.851752],[-73.829753,40.851504],[-73.829841,40.851361],[-73.829942,40.851124],[-73.830337,40.849694],[-73.830566,40.849133],[-73.831191,40.848056],[-73.831445,40.847734],[-73.831662,40.847525],[-73.837214,40.843176],[-73.83743,40.843045],[-73.841721,40.840821],[-73.842229,40.840497],[-73.849042,40.834818],[-73.849291,40.83464],[-73.849555,40.834507],[-73.849763,40.834435],[-73.850055,40.834379],[-73.86208,40.833086],[-73.862382,40.833019],[-73.877051,40.828806],[-73.877612,40.828713],[-73.881623,40.828383],[-73.884915,40.828199],[-73.885323,40.828117],[-73.885653,40.827972],[-73.885831,40.827841],[-73.885975,40.827682],[-73.886085,40.827495],[-73.88616,40.827281],[-73.886651,40.824206],[-73.886787,40.823685],[-73.886995,40.823242],[-73.887126,40.823025],[-73.887346,40.822751],[-73.887547,40.822555],[-73.887776,40.822368],[-73.889119,40.821488],[-73.889486,40.821284],[-73.889769,40.821171],[-73.891443,40.820707],[-73.891728,40.820587],[-73.891955,40.820445],[-73.898882,40.813738],[-73.899013,40.81364],[-73.899388,40.813475],[-73.903802,40.812234],[-73.904032,40.812148],[-73.904447,40.811911],[-73.90691,40.810301],[-73.907133,40.810076],[-73.907266,40.809831],[-73.908244,40.807011],[-73.90833,40.806829],[-73.908493,40.806618],[-73.908711,40.806442],[-73.90891,40.806334],[-73.912165,40.804858],[-73.912316,40.804815],[-73.912528,40.804802],[-73.912754,40.80484],[-73.912932,40.804902],[-73.926578,40.810659],[-73.927084,40.810933],[-73.928587,40.812079],[-73.929045,40.812339],[-73.929507,40.812471],[-73.929972,40.812475],[-73.930441,40.812353],[-73.930931,40.812093],[-73.934366,40.808503],[-73.934662,40.808149],[-73.975427,40.7523],[-73.975634,40.752119],[-73.975869,40.752014],[-73.977884,40.75154],[-73.978108,40.75143],[-73.978287,40.751266],[-73.989845,40.735409],[-73.989933,40.735181],[-73.989969,40.734884],[-73.989849,40.734063],[-73.989839,40.733755],[-73.989863,40.733476],[-73.990488,40.730843],[-73.990569,40.730618],[-73.990682,40.730419],[-73.990941,40.730144],[-73.991376,40.729856],[-73.991669,40.729595],[-73.993622,40.727308],[-73.994659,40.725915],[-73.996631,40.723488],[-73.996726,40.723314],[-73.997066,40.722435],[-73.99722,40.722188],[-73.999049,40.720055],[-74.002905,40.715772],[-74.002994,40.715627],[-74.003048,40.715471],[-74.003184,40.714345],[-74.003263,40.714102],[-74.003402,40.713889],[-74.004131,40.713065]]}},{"type":"Feature","properties":{"color":"#9A38A1","description":"Flushing Local","route":"7","routeId":"7","shapeId":"7..N35R"},"geometry":{"type":"LineString","coordinates":[[-74.00191,40.755882],[-73.999932,40.758581],[-73.999554,40.758968],[-73.99935,40.759123],[-73.999136,40.759254],[-73.998677,40.759438],[-73.998178,40.759521],[-73.997637,40.759502],[-73.997057,40.759382],[-73.996433,40.759159],[-73.984755,40.754242],[-73.984537,40.754181],[-73.984301,40.754163],[-73.98357,40.754276],[-73.983111,40.754227],[-73.982472,40.75402],[-73.981081,40.753455],[-73.980686,40.753333],[-73.978719,40.752511],[-73.978335,40.752391],[-73.956802,40.74334],[-73.956323,40.743184],[-73.955815,40.743061],[-73.950324,40.741988],[-73.950059,40.741971],[-73.949877,40.74199],[-73.947842,40.74247],[-73.947006,40.742728],[-73.945192,40.743453],[-73.944924,40.743603],[-73.944796,40.743716],[-73.944709,40.74384],[-73.944663,40.743973],[-73.944654,40.744116],[-73.944685,40.74427],[-73.944771,40.744434],[-73.945549,40.745566],[-73.945604,40.745692],[-73.945626,40.745825],[-73.945593,40.74604],[-73.944896,40.748151],[-73.944768,40.748418],[-73.944626,40.748624],[-73.942624,40.750926],[-73.942366,40.751118],[-73.942138,40.751193],[-73.94179,40.751197],[-73.941392,40.751095],[-73.939174,40.750134],[-73.938621,40.74983],[-73.938136,40.749526],[-73.937818,40.749297],[-73.937455,40.748991],[-73.933556,40.74522],[-73.933235,40.745001],[-73.932856,40.744845],[-73.932417,40.744753],[-73.918435,40.743132],[-73.917065,40.742977],[-73.9166,40.742974],[-73.916102,40.743061],[-73.910535,40.744747],[-73.90993,40.744879],[-73.907219,40.745335],[-73.906718,40.745376],[-73.905696,40.745386],[-73.904882,40.745428],[-73.8627,40.749865],[-73.861078,40.750059],[-73.860538,40.750183],[-73.841872,40.755741],[-73.841376,40.755918],[-73.836927,40.757695],[-73.836495,40.75781],[-73.834494,40.758152],[-73.833861,40.758296],[-73.83003,40.7596]]}},{"type":"Feature","properties":{"color":"#9A38A1","description":"Flushing Local","route":"7","routeId":"7","shapeId":"7..N36R"},"geometry":{"type":"LineString","coordinates":[[-74.00191,40.755882],[-73.999932,40.758581],[-73.999554,40.758968],[-73.99935,40.759123],[-73.999136,40.759254],[-73.998677,40.759438],[-73.998178,40.759521],[-73.997637,40.759502],[-73.997057,40.759382],[-73.996433,40.759159],[-73.984755,40.754242],[-73.984537,40.754181],[-73.984301,40.754163],[-73.98357,40.754276],[-73.983111,40.754227],[-73.982472,40.75402],[-73.981081,40.753455],[-73.980686,40.753333],[-73.978719,40.752511],[-73.978335,40.752391],[-73.956802,40.74334],[-73.956323,40.743184],[-73.955815,40.743061],[-73.950324,40.741988],[-73.950123,40.741971],[-73.949877,40.74199],[-73.947842,40.74247],[-73.947006,40.742728],[-73.945192,40.743453],[-73.944924,40.743603],[-73.944796,40.743716],[-73.944709,40.74384],[-73.944663,40.743973],[-73.944654,40.744116],[-73.944685,40.74427],[-73.944771,40.744434],[-73.945549,40.745566],[-73.945604,40.745692],[-73.945626,40.745825],[-73.945593,40.74604],[-73.944896,40.748151],[-73.944768,40.748418],[-73.944626,40.748624],[-73.942624,40.750926],[-73.942366,40.751118],[-73.942217,40.751175],[-73.942055,40.751204],[-73.94179,40.751197],[-73.941495,40.75113],[-73.940202,40.750582],[-73.939174,40.750134],[-73.938493,40.749754],[-73.938026,40.74945],[-73.937455,40.748991],[-73.933556,40.74522],[-73.933235,40.745001],[-73.932856,40.744845],[-73.932417,40.744753],[-73.918435,40.743132],[-73.917065,40.742977],[-73.916665,40.74297],[-73.916347,40.743006],[-73.916102,40.743061],[-73.910535,40.744747],[-73.90993,40.744879],[-73.907219,40.745335],[-73.906718,40.745376],[-73.905696,40.745386],[-73.904882,40.745428],[-73.861249,40.75003],[-73.860538,40.750183],[-73.845625,40.754622]]}},{"type":"Feature","properties":{"color":"#9A38A1","description":"Flushing Local","route":"7","routeId":"7","shapeId":"7..S96R"},"geometry":{"type":"LineString","coordinates":[[-73.845625,40.754622],[-73.860538,40.750183],[-73.861249,40.75003],[-73.904882,40.745428],[-73.905696,40.745386],[-73.906718,40.745376],[-73.907219,40.745335],[-73.90993,40.744879],[-73.910535,40.744747],[-73.916102,40.743061],[-73.916347,40.743006],[-73.916665,40.74297],[-73.917065,40.742977],[-73.918435,40.743132],[-73.932417,40.744753],[-73.932856,40.744845],[-73.933235,40.745001],[-73.933556,40.74522],[-73.937455,40.748991],[-73.938026,40.74945],[-73.938493,40.749754],[-73.939174,40.750134],[-73.940202,40.750582],[-73.941495,40.75113],[-73.94179,40.751197],[-73.942055,40.751204],[-73.942217,40.751175],[-73.942366,40.751118],[-73.942624,40.750926],[-73.944626,40.748624],[-73.944768,40.748418],[-73.944896,40.748151],[-73.945593,40.74604],[-73.945626,40.745825],[-73.945604,40.745692],[-73.945549,40.745566],[-73.944771,40.744434],[-73.944685,40.74427],[-73.944654,40.744116],[-73.944663,40.743973],[-73.944709,40.74384],[-73.944796,40.743716],[-73.944924,40.743603],[-73.945192,40.743453],[-73.947006,40.742728],[-73.947842,40.74247],[-73.949877,40.74199],[-73.950123,40.741971],[-73.950324,40.741988],[-73.955815,40.743061],[-73.956323,40.743184],[-73.956802,40.74334],[-73.978335,40.752391],[-73.978719,40.752511],[-73.980686,40.753333],[-73.981081,40.753455],[-73.982472,40.75402],[-73.983111,40.754227],[-73.98357,40.754276],[-73.984301,40.754163],[-73.984537,40.754181],[-73.984755,40.754242],[-73.996433,40.759159],[-73.997057,40.759382],[-73.997637,40.759502],[-73.998178,40.759521],[-73.998677,40.759438],[-73.999136,40.759254],[-73.99935,40.759123],[-73.999554,40.758968],[-73.999932,40.758581],[-74.00191,40.755882]]}},{"type":"Feature","properties":{"color":"#9A38A1","description":"Flushing Local","route":"7","routeId":"7","shapeId":"7..S97R"},"geometry":{"type":"LineString","coordinates":[[-73.83003,40.7596],[-73.833861,40.758296],[-73.834494,40.758152],[-73.836495,40.75781],[-73.836927,40.757695],[-73.841376,40.755918],[-73.841872,40.755741],[-73.860538,40.750183],[-73.861078,40.750059],[-73.8627,40.749865],[-73.904882,40.745428],[-73.905696,40.745386],[-73.906718,40.745376],[-73.907219,40.745335],[-73.90993,40.744879],[-73.910535,40.744747],[-73.916102,40.743061],[-73.9166,40.742974],[-73.917065,40.742977],[-73.918435,40.743132],[-73.932417,40.744753],[-73.932856,40.744845],[-73.933235,40.745001],[-73.933556,40.74522],[-73.937455,40.748991],[-73.937818,40.749297],[-73.938136,40.749526],[-73.938621,40.74983],[-73.939174,40.750134],[-73.941392,40.751095],[-73.94179,40.751197],[-73.942138,40.751193],[-73.942366,40.751118],[-73.942624,40.750926],[-73.944626,40.748624],[-73.944768,40.748418],[-73.944896,40.748151],[-73.945593,40.74604],[-73.945626,40.745825],[-73.945604,40.745692],[-73.945549,40.745566],[-73.944771,40.744434],[-73.944685,40.74427],[-73.944654,40.744116],[-73.944663,40.743973],[-73.944709,40.74384],[-73.944796,40.743716],[-73.944924,40.743603],[-73.945192,40.743453],[-73.947006,40.742728],[-73.947842,40.74247],[-73.949877,40.74199],[-73.950059,40.741971],[-73.950324,40.741988],[-73.955815,40.743061],[-73.956323,40.743184],[-73.956802,40.74334],[-73.978335,40.752391],[-73.978719,40.752511],[-73.980686,40.753333],[-73.981081,40.753455],[-73.982472,40.75402],[-73.983111,40.754227],[-73.98357,40.754276],[-73.984301,40.754163],[-73.984537,40.754181],[-73.984755,40.754242],[-73.996433,40.759159],[-73.997057,40.759382],[-73.997637,40.759502],[-73.998178,40.759521],[-73.998677,40.759438],[-73.999136,40.759254],[-73.99935,40.759123],[-73.999554,40.758968],[-73.999932,40.758581],[-74.00191,40.755882]]}},{"type":"Feature","properties":{"color":"#9A38A1","description":"Flushing Local","route":"7","routeId":"7","shapeId":"7..S99R"},"geometry":{"type":"LineString","coordinates":[[-73.855334,40.75173],[-73.860609,40.750163],[-73.861078,40.750059],[-73.861521,40.749992],[-73.904882,40.745428],[-73.905696,40.745386],[-73.906765,40.745374],[-73.907327,40.745321],[-73.90993,40.744879],[-73.910535,40.744747],[-73.916102,40.743061],[-73.916472,40.742987],[-73.916796,40.742967],[-73.917065,40.742977],[-73.918435,40.743132],[-73.932417,40.744753],[-73.932936,40.744871],[-73.933235,40.745001],[-73.933556,40.74522],[-73.937455,40.748991],[-73.938026,40.74945],[-73.938493,40.749754],[-73.939174,40.750134],[-73.940202,40.750582],[-73.941495,40.75113],[-73.94179,40.751197],[-73.942055,40.751204],[-73.942217,40.751175],[-73.942366,40.751118],[-73.942624,40.750926],[-73.944626,40.748624],[-73.944768,40.748418],[-73.944896,40.748151],[-73.945593,40.74604],[-73.945626,40.745825],[-73.945604,40.745692],[-73.945549,40.745566],[-73.944771,40.744434],[-73.944685,40.74427],[-73.944654,40.744116],[-73.944663,40.743973],[-73.944709,40.74384],[-73.944796,40.743716],[-73.944924,40.743603],[-73.945192,40.743453],[-73.947006,40.742728],[-73.947842,40.74247],[-73.949877,40.74199],[-73.950123,40.741971],[-73.950324,40.741988],[-73.955815,40.743061],[-73.956323,40.743184],[-73.956802,40.74334],[-73.978335,40.752391],[-73.978719,40.752511],[-73.980686,40.753333],[-73.981081,40.753455],[-73.982472,40.75402],[-73.983111,40.754227],[-73.98357,40.754276],[-73.984301,40.754163],[-73.984537,40.754181],[-73.984755,40.754242],[-73.996433,40.759159],[-73.997057,40.759382],[-73.997637,40.759502],[-73.998178,40.759521],[-73.998677,40.759438],[-73.999136,40.759254],[-73.99935,40.759123],[-73.999554,40.758968],[-73.999932,40.758581],[-74.00191,40.755882]]}},{"type":"Feature","properties":{"color":"#9A38A1","description":"Flushing Express","route":"7X","routeId":"7X","shapeId":"7..N27R"},"geometry":{"type":"LineString","coordinates":[[-74.00191,40.755882],[-73.999932,40.758581],[-73.999554,40.758968],[-73.99935,40.759123],[-73.999136,40.759254],[-73.998677,40.759438],[-73.998178,40.759521],[-73.997637,40.759502],[-73.997057,40.759382],[-73.996433,40.759159],[-73.984755,40.754242],[-73.984537,40.754181],[-73.984301,40.754163],[-73.98357,40.754276],[-73.983111,40.754227],[-73.982472,40.75402],[-73.981081,40.753455],[-73.980686,40.753333],[-73.978719,40.752511],[-73.978335,40.752391],[-73.956802,40.74334],[-73.956323,40.743184],[-73.955815,40.743061],[-73.950324,40.741988],[-73.950059,40.741971],[-73.949877,40.74199],[-73.947842,40.74247],[-73.947006,40.742728],[-73.945192,40.743453],[-73.944924,40.743603],[-73.944796,40.743716],[-73.944709,40.74384],[-73.944663,40.743973],[-73.944654,40.744116],[-73.944685,40.74427],[-73.944771,40.744434],[-73.945549,40.745566],[-73.945604,40.745692],[-73.945626,40.745825],[-73.945593,40.74604],[-73.944896,40.748151],[-73.944768,40.748418],[-73.944626,40.748624],[-73.942624,40.750926],[-73.942366,40.751118],[-73.942138,40.751193],[-73.94179,40.751197],[-73.941392,40.751095],[-73.939174,40.750134],[-73.938621,40.74983],[-73.938136,40.749526],[-73.937818,40.749297],[-73.937455,40.748991],[-73.933556,40.74522],[-73.933235,40.745001],[-73.932856,40.744845],[-73.932417,40.744753],[-73.918435,40.743132],[-73.917065,40.742977],[-73.9166,40.742974],[-73.916102,40.743061],[-73.910535,40.744747],[-73.90993,40.744879],[-73.907219,40.745335],[-73.906718,40.745376],[-73.905696,40.745386],[-73.904882,40.745428],[-73.8627,40.749865],[-73.861078,40.750059],[-73.860538,40.750183],[-73.841872,40.755741],[-73.841376,40.755918],[-73.836927,40.757695],[-73.836495,40.75781],[-73.834494,40.758152],[-73.833861,40.758296],[-73.83003,40.7596]]}},{"type":"Feature","properties":{"color":"#9A38A1","description":"Flushing Express","route":"7X","routeId":"7X","shapeId":"7..S95R"},"geometry":{"type":"LineString","coordinates":[[-73.83003,40.7596],[-73.833861,40.758296],[-73.834494,40.758152],[-73.836495,40.75781],[-73.836927,40.757695],[-73.841376,40.755918],[-73.841872,40.755741],[-73.860538,40.750183],[-73.861078,40.750059],[-73.8627,40.749865],[-73.904882,40.745428],[-73.905696,40.745386],[-73.906718,40.745376],[-73.907219,40.745335],[-73.90993,40.744879],[-73.910535,40.744747],[-73.916102,40.743061],[-73.9166,40.742974],[-73.917065,40.742977],[-73.918435,40.743132],[-73.932417,40.744753],[-73.932856,40.744845],[-73.933235,40.745001],[-73.933556,40.74522],[-73.937455,40.748991],[-73.937818,40.749297],[-73.938136,40.749526],[-73.938621,40.74983],[-73.939174,40.750134],[-73.941392,40.751095],[-73.94179,40.751197],[-73.942138,40.751193],[-73.942366,40.751118],[-73.942624,40.750926],[-73.944626,40.748624],[-73.944768,40.748418],[-73.944896,40.748151],[-73.945593,40.74604],[-73.945626,40.745825],[-73.945604,40.745692],[-73.945549,40.745566],[-73.944771,40.744434],[-73.944685,40.74427],[-73.944654,40.744116],[-73.944663,40.743973],[-73.944709,40.74384],[-73.944796,40.743716],[-73.944924,40.743603],[-73.945192,40.743453],[-73.947006,40.742728],[-73.947842,40.74247],[-73.949877,40.74199],[-73.950059,40.741971],[-73.950324,40.741988],[-73.955815,40.743061],[-73.956323,40.743184],[-73.956802,40.74334],[-73.978335,40.752391],[-73.978719,40.752511],[-73.980686,40.753333],[-73.981081,40.753455],[-73.982472,40.75402],[-73.983111,40.754227],[-73.98357,40.754276],[-73.984301,40.754163],[-73.984537,40.754181],[-73.984755,40.754242],[-73.996433,40.759159],[-73.997057,40.759382],[-73.997637,40.759502],[-73.998178,40.759521],[-73.998677,40.759438],[-73.999136,40.759254],[-73.99935,40.759123],[-73.999554,40.758968],[-73.999932,40.758581],[-74.00191,40.755882]]}},{"type":"Feature","properties":{"color":"#057FD4","description":"Staten Island Railway","route":"SIR","routeId":"SI","shapeId":"SI..N02R"},"geometry":{"type":"LineString","coordinates":[[-74.251961,40.512764],[-74.251124,40.513334],[-74.250493,40.513696],[-74.249838,40.514027],[-74.248927,40.514418],[-74.247975,40.514753],[-74.246451,40.515198],[-74.245353,40.515486],[-74.24413,40.515746],[-74.243523,40.515928],[-74.242962,40.516152],[-74.240735,40.517198],[-74.240145,40.517416],[-74.239639,40.51756],[-74.225262,40.520403],[-74.224099,40.520685],[-74.218714,40.522201],[-74.217073,40.522573],[-74.215375,40.522843],[-74.209972,40.523491],[-74.203552,40.524408],[-74.20303,40.524499],[-74.20228,40.52467],[-74.201568,40.524877],[-74.201116,40.525037],[-74.200264,40.525405],[-74.199643,40.525746],[-74.199108,40.526105],[-74.198488,40.526618],[-74.198141,40.526961],[-74.191268,40.534239],[-74.190682,40.534814],[-74.190073,40.535361],[-74.189009,40.536213],[-74.188114,40.536839],[-74.18714,40.537423],[-74.185804,40.538117],[-74.184641,40.538643],[-74.183508,40.539094],[-74.18254,40.539431],[-74.181486,40.539738],[-74.179413,40.540217],[-74.171539,40.541762],[-74.170442,40.542043],[-74.169693,40.542276],[-74.168929,40.542547],[-74.167754,40.543023],[-74.166546,40.543583],[-74.162046,40.545924],[-74.155095,40.549444],[-74.152956,40.550502],[-74.150248,40.55176],[-74.149568,40.552019],[-74.148665,40.552261],[-74.147899,40.552391],[-74.145547,40.552663],[-74.144912,40.552762],[-74.143858,40.552995],[-74.142986,40.553266],[-74.142246,40.553542],[-74.141506,40.553855],[-74.139235,40.554945],[-74.138043,40.555623],[-74.136907,40.5564],[-74.136186,40.556939],[-74.135107,40.557806],[-74.125684,40.565652],[-74.124882,40.566412],[-74.12118,40.570294],[-74.120289,40.571137],[-74.119571,40.571747],[-74.118848,40.5723],[-74.112459,40.576896],[-74.109704,40.578965],[-74.09082,40.592688],[-74.090029,40.593341],[-74.089303,40.594035],[-74.088642,40.594771],[-74.088045,40.595547],[-74.087682,40.596087],[-74.087368,40.596612],[-74.087003,40.59732],[-74.086709,40.598003],[-74.085801,40.600437],[-74.085456,40.601161],[-74.085129,40.601721],[-74.084654,40.602398],[-74.080023,40.60823],[-74.079388,40.609091],[-74.079045,40.609623],[-74.075264,40.616007],[-74.075051,40.616334],[-74.074566,40.616929],[-74.074006,40.617445],[-74.073371,40.61788],[-74.072408,40.618404],[-74.072002,40.618712],[-74.071776,40.618942],[-74.071541,40.619243],[-74.071337,40.619576],[-74.071232,40.619828],[-74.071172,40.620036],[-74.071136,40.620457],[-74.071212,40.620885],[-74.071402,40.621319],[-74.071805,40.622046],[-74.072166,40.622559],[-74.072965,40.623502],[-74.073516,40.624241],[-74.074613,40.625771],[-74.074813,40.626142],[-74.07496,40.626575],[-74.075039,40.626966],[-74.075282,40.62899],[-74.075326,40.629569],[-74.075335,40.630093],[-74.075312,40.630529],[-74.075249,40.630915],[-74.075171,40.631201],[-74.075027,40.631578],[-74.074606,40.63238],[-74.074448,40.632746],[-74.074348,40.63312],[-74.074305,40.633631],[-74.07434,40.634023],[-74.074549,40.635162],[-74.074787,40.636712],[-74.07495,40.637401],[-74.075307,40.638534],[-74.075355,40.638856],[-74.075347,40.639188],[-74.075301,40.639459],[-74.074647,40.64214],[-74.074572,40.642363],[-74.074366,40.6428],[-74.074166,40.643121],[-74.073925,40.643437],[-74.073643,40.643748]]}},{"type":"Feature","properties":{"color":"#057FD4","description":"Staten Island Railway","route":"SIR","routeId":"SI","shapeId":"SI..N16R"},"geometry":{"type":"LineString","coordinates":[[-74.191794,40.533674],[-74.191077,40.534433],[-74.190073,40.535361],[-74.189226,40.536049],[-74.188341,40.536687],[-74.187637,40.537135],[-74.186622,40.537706],[-74.185521,40.538251],[-74.184336,40.53877],[-74.183508,40.539094],[-74.18254,40.539431],[-74.181809,40.539651],[-74.181007,40.539859],[-74.178217,40.54046],[-74.171539,40.541762],[-74.170442,40.542043],[-74.169313,40.542407],[-74.168149,40.542855],[-74.166546,40.543583],[-74.162046,40.545924],[-74.155095,40.549444],[-74.152956,40.550502],[-74.150082,40.55183],[-74.149392,40.552074],[-74.148477,40.552299],[-74.147899,40.552391],[-74.145068,40.552735],[-74.144301,40.552886],[-74.143429,40.553118],[-74.142394,40.553484],[-74.141358,40.553922],[-74.139559,40.554779],[-74.138471,40.555365],[-74.137638,40.555885],[-74.136907,40.5564],[-74.135608,40.557398],[-74.125816,40.565536],[-74.124882,40.566412],[-74.121003,40.57047],[-74.120289,40.571137],[-74.11939,40.57189],[-74.118848,40.5723],[-74.112459,40.576896],[-74.110335,40.578505],[-74.091101,40.592478],[-74.090549,40.592901],[-74.08978,40.593568],[-74.089075,40.594276],[-74.088436,40.595025],[-74.087861,40.595815],[-74.087368,40.596612],[-74.087051,40.597221],[-74.086786,40.59781],[-74.085801,40.600437],[-74.085456,40.601161],[-74.08504,40.601859],[-74.084551,40.602529],[-74.080023,40.60823],[-74.079388,40.609091],[-74.079045,40.609623],[-74.075264,40.616007],[-74.075051,40.616334],[-74.074566,40.616929],[-74.074006,40.617445],[-74.073371,40.61788],[-74.072408,40.618404],[-74.072002,40.618712],[-74.071776,40.618942],[-74.071541,40.619243],[-74.071337,40.619576],[-74.071232,40.619828],[-74.071172,40.620036],[-74.071136,40.620457],[-74.071212,40.620885],[-74.071402,40.621319],[-74.071805,40.622046],[-74.072166,40.622559],[-74.072965,40.623502],[-74.073516,40.624241],[-74.074613,40.625771],[-74.074813,40.626142],[-74.07496,40.626575],[-74.075039,40.626966],[-74.075282,40.62899],[-74.075326,40.629569],[-74.075335,40.630093],[-74.075312,40.630529],[-74.075249,40.630915],[-74.075171,40.631201],[-74.075027,40.631578],[-74.074606,40.63238],[-74.074448,40.632746],[-74.074348,40.63312],[-74.074305,40.633631],[-74.07434,40.634023],[-74.074549,40.635162],[-74.074787,40.636712],[-74.07495,40.637401],[-74.075307,40.638534],[-74.075355,40.638856],[-74.075347,40.639188],[-74.075301,40.639459],[-74.074647,40.64214],[-74.074572,40.642363],[-74.074366,40.6428],[-74.074166,40.643121],[-74.073925,40.643437],[-74.073643,40.643748]]}},{"type":"Feature","properties":{"color":"#057FD4","description":"Staten Island Railway","route":"SIR","routeId":"SI","shapeId":"SI..S02R"},"geometry":{"type":"LineString","coordinates":[[-74.073643,40.643748],[-74.073925,40.643437],[-74.074166,40.643121],[-74.074366,40.6428],[-74.074572,40.642363],[-74.074647,40.64214],[-74.075301,40.639459],[-74.075347,40.639188],[-74.075355,40.638856],[-74.075307,40.638534],[-74.07495,40.637401],[-74.074787,40.636712],[-74.074549,40.635162],[-74.07434,40.634023],[-74.074305,40.633631],[-74.074348,40.63312],[-74.074448,40.632746],[-74.074606,40.63238],[-74.075027,40.631578],[-74.075171,40.631201],[-74.075249,40.630915],[-74.075312,40.630529],[-74.075335,40.630093],[-74.075326,40.629569],[-74.075282,40.62899],[-74.075039,40.626966],[-74.07496,40.626575],[-74.074813,40.626142],[-74.074613,40.625771],[-74.073516,40.624241],[-74.072965,40.623502],[-74.072166,40.622559],[-74.071805,40.622046],[-74.071402,40.621319],[-74.071212,40.620885],[-74.071136,40.620457],[-74.071172,40.620036],[-74.071232,40.619828],[-74.071337,40.619576],[-74.071541,40.619243],[-74.071776,40.618942],[-74.072002,40.618712],[-74.072408,40.618404],[-74.073371,40.61788],[-74.074006,40.617445],[-74.074566,40.616929],[-74.075051,40.616334],[-74.075264,40.616007],[-74.079045,40.609623],[-74.079388,40.609091],[-74.080023,40.60823],[-74.084654,40.602398],[-74.085129,40.601721],[-74.085456,40.601161],[-74.085801,40.600437],[-74.086709,40.598003],[-74.087151,40.59702],[-74.087368,40.596612],[-74.087861,40.595815],[-74.088237,40.595284],[-74.088642,40.594771],[-74.089075,40.594276],[-74.08978,40.593568],[-74.090549,40.592901],[-74.091101,40.592478],[-74.109704,40.578965],[-74.112459,40.576896],[-74.118848,40.5723],[-74.119571,40.571747],[-74.120289,40.571137],[-74.12118,40.570294],[-74.124882,40.566412],[-74.125816,40.565536],[-74.135348,40.557608],[-74.13629,40.556858],[-74.137638,40.555885],[-74.138619,40.55528],[-74.139724,40.554697],[-74.141654,40.55379],[-74.142394,40.553484],[-74.143133,40.553215],[-74.144004,40.552957],[-74.144912,40.552762],[-74.145547,40.552663],[-74.147899,40.552391],[-74.14885,40.55222],[-74.149392,40.552074],[-74.149913,40.551897],[-74.151399,40.551231]]}},{"type":"Feature","properties":{"color":"#057FD4","description":"Staten Island Railway","route":"SIR","routeId":"SI","shapeId":"SI..S03R"},"geometry":{"type":"LineString","coordinates":[[-74.073643,40.643748],[-74.073925,40.643437],[-74.074166,40.643121],[-74.074366,40.6428],[-74.074572,40.642363],[-74.074647,40.64214],[-74.075301,40.639459],[-74.075347,40.639188],[-74.075355,40.638856],[-74.075307,40.638534],[-74.07495,40.637401],[-74.074787,40.636712],[-74.074549,40.635162],[-74.07434,40.634023],[-74.074305,40.633631],[-74.074348,40.63312],[-74.074448,40.632746],[-74.074606,40.63238],[-74.075027,40.631578],[-74.075171,40.631201],[-74.075249,40.630915],[-74.075312,40.630529],[-74.075335,40.630093],[-74.075326,40.629569],[-74.075282,40.62899],[-74.075039,40.626966],[-74.07496,40.626575],[-74.074813,40.626142],[-74.074613,40.625771],[-74.073516,40.624241],[-74.072965,40.623502],[-74.072166,40.622559],[-74.071805,40.622046],[-74.071402,40.621319],[-74.071212,40.620885],[-74.071136,40.620457],[-74.071172,40.620036],[-74.071232,40.619828],[-74.071337,40.619576],[-74.071541,40.619243],[-74.071776,40.618942],[-74.072002,40.618712],[-74.072408,40.618404],[-74.073371,40.61788],[-74.074006,40.617445],[-74.074566,40.616929],[-74.075051,40.616334],[-74.075264,40.616007],[-74.079045,40.609623],[-74.079388,40.609091],[-74.080023,40.60823],[-74.084654,40.602398],[-74.085129,40.601721],[-74.085456,40.601161],[-74.085801,40.600437],[-74.086709,40.598003],[-74.087003,40.59732],[-74.087368,40.596612],[-74.087682,40.596087],[-74.088045,40.595547],[-74.088642,40.594771],[-74.089303,40.594035],[-74.090029,40.593341],[-74.09082,40.592688],[-74.109704,40.578965],[-74.112459,40.576896],[-74.118848,40.5723],[-74.119571,40.571747],[-74.120289,40.571137],[-74.12118,40.570294],[-74.124882,40.566412],[-74.125684,40.565652],[-74.135107,40.557806],[-74.136186,40.556939],[-74.136907,40.5564],[-74.138043,40.555623],[-74.139235,40.554945],[-74.141506,40.553855],[-74.142246,40.553542],[-74.142986,40.553266],[-74.143858,40.552995],[-74.144912,40.552762],[-74.145547,40.552663],[-74.147899,40.552391],[-74.148665,40.552261],[-74.149568,40.552019],[-74.150248,40.55176],[-74.152956,40.550502],[-74.155095,40.549444],[-74.162046,40.545924],[-74.166546,40.543583],[-74.167754,40.543023],[-74.168929,40.542547],[-74.169693,40.542276],[-74.170442,40.542043],[-74.171539,40.541762],[-74.179413,40.540217],[-74.181486,40.539738],[-74.18254,40.539431],[-74.183508,40.539094],[-74.184641,40.538643],[-74.185804,40.538117],[-74.18714,40.537423],[-74.188114,40.536839],[-74.189009,40.536213],[-74.190073,40.535361],[-74.190682,40.534814],[-74.191268,40.534239],[-74.198141,40.526961],[-74.198488,40.526618],[-74.199108,40.526105],[-74.199643,40.525746],[-74.200264,40.525405],[-74.201116,40.525037],[-74.201568,40.524877],[-74.20228,40.52467],[-74.20303,40.524499],[-74.203552,40.524408],[-74.209972,40.523491],[-74.215375,40.522843],[-74.217073,40.522573],[-74.218714,40.522201],[-74.224099,40.520685],[-74.225262,40.520403],[-74.239639,40.51756],[-74.240145,40.517416],[-74.240735,40.517198],[-74.242962,40.516152],[-74.243523,40.515928],[-74.24413,40.515746],[-74.245353,40.515486],[-74.246451,40.515198],[-74.247975,40.514753],[-74.248927,40.514418],[-74.249838,40.514027],[-74.250493,40.513696],[-74.251124,40.513334],[-74.251961,40.512764]]}}]}
