Equipment Code,Elevator or Escalator,Asset Class,Station MRN,Station Name,Station Description,Station Complex MRN,Station Complex Description,Subway Line,Borough,X Coordinate,Y Coordinate,Original Installation Date,Latest Installation Date,Service Status Code,Service Status,Service Life,NYCT Owned,Maintained By,Installer,Revenue Machine,ADA Compliant,Street Access,Exposed to Weather,Escalator Rise,Elevator Rise,Elevator Capacity,Elevator Loading Class,Elevator Number of Landings,Escalator Number of Steps,Escalator Step Width,Elevator Direction Serviced,Elevator Order,Elevator Mezzanine 1 Access,Elevator Mezzanine 2 Access,Elevator Platform Access,Notes,Redundant Elevator,Redundant Elevator Street Access,Redundant Elevator Mezzanine Access,Redundant Elevator Access Between Mezzanines,Redundant Elevator Platform Access,Alternative Route,Georeference
ES600X,Escalator,Escalator,275,LEXINGTONAV/53ST-QBL-E/M,Lexington Av/53 St - Station,612,"Lexington Av-53 St (E,M)/51 St (6)",IND-D-QUEENSBLVD,Manhattan,40.75814,-73.970924,,01/02/1900,IFIS,Installed-Functioning-In Service,22,NO,Private Contractor,AM,YES,,NO,NO,,,,,,,,,,,,,6/E/F mezzanine to 52 St & Lexington Av (NE corner).,,,,,,,POINT (-73.970924 40.75814)
EL200X,Elevator,Elevator Hydraulic,012,34ST-HERALDSQ-BWY-M/N/R/Q,34 St-Herald Sq - Station,607,"34 St-Herald Sq (B,D,F,M,N,Q,R)",BMT-A-BROADWAY/BRIGHTON,Manhattan,40.748768,-73.98873,01/01/1900,08/01/1990,IFIS,Installed-Functioning-In Service,17,NO,Private Contractor,DOVER,YES,NO,NO,NO,,,,,,,,Both,2,+,-,-,6th Ave & 32 St (NW corner) to mezzanine for PATH service and access to subway service via stairs or non-ADA ramp,+,213,213,,,Use another elevator on this level.,POINT (-73.98873 40.748768)
ES102,Escalator,Escalator,306,125ST-BWY7-1,125 St - Station,306,,IRT-BB-BROADWAY/7AV,Manhattan,40.81564,-73.95858,06/17/1905,01/04/2002,IFIS,Installed-Functioning-In Service,22,YES,NYCT,FUJITEC,YES,,YES,YES,50',,,,,169,600,,,,,,125 St & Broadway (SW corner) to mezzanine,,,,,,,POINT (-73.95858 40.81564)
ES348,Escalator,Escalator,238,SMITH-9STS-6AV-F/G,Smith-9 Sts - Station,238,,IND-B-6AV/CULVER,Brooklyn,40.67462,-73.99715,02/03/1999,01/01/2026,IFIS,Installed-Functioning-In Service,22,YES,NYCT,KONE,YES,,YES,NO,28',,,,,166,32in,,,,,,9th St & Smith St (NE corner) to intermediate mezzanine,,,,,,,POINT (-73.99715 40.67462)
ES425,Escalator,Escalator,221,21ST-QUEENSBRIDGE-63S-F,21 St-Queensbridge - Station,221,,IND-T-63ST,Queens,40.753986,-73.94265,10/01/1989,05/01/2026,IFIS,Installed-Functioning-In Service,22,YES,NYCT,KONE,YES,,NO,NO,11',,,,,53,40in,,,,,,mezzanine to Jamaica 179 St-bound platform,,,,,,,POINT (-73.94265 40.753986)
ES244,Escalator,Escalator,275,LEXINGTONAV/53ST-QBL-E/M,Lexington Av/53 St - Station,612,"Lexington Av-53 St (E,M)/51 St (6)",IND-D-QUEENSBLVD,Manhattan,40.758118,-73.97042,09/14/1963,08/14/2025,IFIS,Installed-Functioning-In Service,22,YES,NYCT,KONE,YES,,NO,NO,56' 21-4in,,,,,217,40,,,,,,E/F platform to mezzanine for 6 train and 53 St & Lexington Av exit.,,,,,,,POINT (-73.97042 40.758118)
ES259,Escalator,Escalator,475,96ST-2AV-Q,96 St - Station,475,,IND-S-2AV,Manhattan,40.78409,-73.947464,01/01/2017,01/01/2017,IFIS,Installed-Functioning-In Service,22,YES,NYCT,KONE,YES,,YES,YES,8220mm (26'  11 5/8in),,,,,108,1000 mm (39 3/8in),,,,,,96 St & 2nd Ave (SW corner) to mezzanine,,,,,,,POINT (-73.947464 40.78409)
ES249,Escalator,Escalator,007,LEXINGTONAV/59ST-AST-N/R/Q,Lexington Av/59 St - Station,613,"Lexington Av (N,Q,R)/59 St (4,5,6)",BMT-G-ASTORIA,Manhattan,40.76226,-73.96628,10/30/1973,04/27/2003,IFIS,Installed-Functioning-In Service,22,YES,NYCT,FUJITEC,YES,,NO,NO,33',,,,,117,40,,,,,,mezzanine (3rd Ave & 60 St) to N/R/W platform for service in both directions,,,,,,,POINT (-73.96628 40.76226)
ES377X,Escalator,Escalator,172,FULTONST-8AV-A/C,Fulton St - Station,628,"Fulton St (A,C,J,Z,2,3,4,5)",IND-A-8AV/FULTONST,Manhattan,40.70928,-74.008354,,07/20/2012,IFIS,Installed-Functioning-In Service,22,NO,Private Contractor,OTIS,YES,,NO,NO,,,,,,,,,,,,,Broad St-bound J/Z platform to Nassau St (between Maiden Lane & John St),,,,,,,POINT (-74.008354 40.70928)
EL352,Elevator,Elevator Traction,184,BROADWAYJUNCTION-8AV-A/C,Broadway Junction - Station,621,"Broadway Junction (A,C,J,L,Z)",IND-A-8AV/FULTONST,Brooklyn,40.67842,-73.90047,06/01/1950,08/21/2003,IFIS,Installed-Functioning-In Service,22,YES,NYCT,WATSON,NO,NO,NO,NO,,,10000,Freight,,,,,,,,,Freight Elevator At Eny Depot,,,,,,,POINT (-73.90047 40.67842)
EL359X,Elevator,Elevator Hydraulic,,,,,,,Brooklyn,40.65187,-74.002075,,01/02/1900,IFIS,Installed-Functioning-In Service,17,NO,Private Contractor,AM,NO,YES,NO,NO,,,,,,,,,,,,,3 Landings,,,,,,,POINT (-74.002075 40.65187)
ES120,Escalator,Escalator,360,PELHAMBAYPARK-PEL-6,Pelham Bay Park - Station,360,,IRT-P-PELHAM,Bronx,40.852863,-73.827156,09/01/1989,09/17/2022,IFIS,Installed-Functioning-In Service,22,YES,NYCT,KONE,YES,,YES,YES,3902 mm (12'-9 5/8in),,,,,58,1000 mm (40in NOMINAL),,,,,,Amendola Plaza entrance to mezzanine,,,,,,,POINT (-73.827156 40.852863)
EL610,Elevator,Elevator Hydraulic,116,6AV-CNR-L,6 Av - Station,601,"14 St (F,M,1,2,3)/6 Av (L)",BMT-Q-14ST/CANARSIE,Manhattan,40.737335,-73.99679,12/13/2024,12/13/2024,IFIS,Installed-Functioning-In Service,17,YES,Third-Party Contractor,,YES,YES,NO,NO,,,2700,,,,,Both,2,-,+,+,Lower mezzanine to L platform.,-,,,,,"If you are on the L platform: Use EL609 (follow signage for uptown F/M) and EL611 to exit the station. For 1/2/3 and downtown F/M, cross 6 Av and re-enter the station using EL612. If you are on the lower mezzanine: Exit the station. Cross 6 Av and use EL611 to re-enter the station for L service.",POINT (-73.99679 40.737335)
ES111,Escalator,Escalator,366,PARKCHESTER-PEL-6,Parkchester - Station,366,,IRT-P-PELHAM,Bronx,40.83322,-73.86119,01/01/1967,04/24/2026,IFIS,Installed-Functioning-In Service,22,YES,NYCT,SMARTRISE,YES,,YES,YES,30',,,,,115,40,,,,,,Westchester Ave entrance to Manhattan-bound platform,,,,,,,POINT (-73.86119 40.83322)
ES369,Escalator,Escalator,330,SOUTHFERRY-7AV-1,South Ferry - Station,635,South Ferry (1)/Whitehall St (R),IRT-V-7AV,Manhattan,40.70174,-74.01291,03/16/2009,06/27/2017,IFIS,Installed-Functioning-In Service,22,YES,NYCT,SCHINDLER,YES,,YES,YES,20',,,,,80,LH: 106'-5in ; RH: 106'-3in,,,,,,Peter Minuit Plaza to mezzanine for 1 and R/W service,,,,,,,POINT (-74.01291 40.70174)
ES318,Escalator,Escalator,174,JAYST-METROTECH-8AV-A/C/F,Jay St-Metro Tech - Station,636,"Jay St-MetroTech (A,C,F,R)",IND-A-8AV/FULTONST,Brooklyn,40.692535,-73.98753,05/01/1958,08/19/2020,IFIS,Installed-Functioning-In Service,22,YES,NYCT,OK,YES,,YES,YES,21',,,,,80,40,,,,,,Jay St & Willoughby St (NW corner) to mezzanine for A/C/F/R service,,,,,,,POINT (-73.98753 40.692535)
EL606X,Elevator,Elevator Hydraulic,469,GRANDCENTRAL-42ST-LEX-S,Grand Central-42 St - Station,610,"Grand Central-42 St (S,4,5,6,7)",IRT-MM-LEXINGTONAV,Manhattan,40.75271,-73.97839,12/09/2020,12/09/2020,IFIS,Installed-Functioning-In Service,17,NO,Private Contractor,,YES,YES,,,,,,,,,,Both,1,+,+,+,"1 Vanderbilt lobby on the Vanderbilt side directly across from Grand Central. 5 landings: street/lobby level, SUMMIT/subway/grand central terminal level, subway shuttle/GCT food concourse level, private (offices), GCM LIRR.",+,"608X, 296, 204","607X, 608X, 296, 204",607X,"607X, 608X","If this elevator is out of service, use nearby elevators.",POINT (-73.97839 40.75271)
EL251,Elevator,Elevator Traction,,,,,,,Manhattan,40.76218,-73.98062,06/01/1958,06/01/1958,IFIS,Installed-Functioning-In Service,22,YES,NYCT,WEST,NO,NO,NO,NO,,,2500,Passenger Yard,,,,,,,,,Passenger Yard Elevator At 53Rd Street/Sub. Station,,,,,,,POINT (-73.98062 40.76218)
ES280,Escalator,Escalator,476,86ST-2AV-Q,86 St - Station,476,,IND-S-2AV,Manhattan,40.777653,-73.951416,01/01/2017,01/01/2017,IFIS,Installed-Functioning-In Service,22,YES,NYCT,KONE,YES,,YES,YES,13719 mm (45' 0 1/8in),,,,,164,"40in (NOMINAL), 996 mm",,,,,,upper mezzanine (86 St & 2nd Ave) to lower mezzanine,,,,,,,POINT (-73.951416 40.777653)
ES261X,Escalator,Escalator,317,TIMESSQ-42ST-7AV-1/2/3,Times Sq-42 St - Station,611,"Times Sq-42 St (N,Q,R,S,1,2,3,7)/42 St (A,C,E)",IRT-V-7AV,Manhattan,40.756054,-73.9875,,08/01/1990,IFIS,Installed-Functioning-In Service,22,NO,Private Contractor,AM,YES,,NO,NO,,,,,,,,,,,,,42 St & 7th Ave (SW corner) to mezzanine for 1/2/3 service and access to rest of complex,,,,,,,POINT (-73.9875 40.756054)
EL354,Elevator,Elevator Traction,,,,,,,Brooklyn,40.58904,-73.9749,01/01/1928,01/10/2005,IFIS,Installed-Functioning-In Service,22,YES,NYCT,HOLLISTER-WHITNEY,NO,NO,YES,NO,,,10000,Freight,,,,,,,,,Street To 1St & 2Nd Floor,,,,,,,POINT (-73.9749 40.58904)
ES242,Escalator,Escalator,276,5AV/53ST-QBL-E/M,5 Av/53 St - Station,276,,IND-D-QUEENSBLVD,Manhattan,40.75964,-73.97393,09/08/1959,05/01/1998,RNOS,Removed-Non Functioning-Out of Service,22,YES,NYCT,OK,YES,,NO,NO,41',,,,,144,40,,,,,,mezzanine (Madison Ave & 53 St) to downtown platform,,,,,,,POINT (-73.97393 40.75964)
ES378X,Escalator,Escalator,333,WALLST-CLK-2/3,Wall St - Station,333,,IRT-K-CLARKST,Manhattan,40.70666,-74.00876,,06/21/2012,IFIS,Installed-Functioning-In Service,22,NO,Private Contractor,SCHINDLER,YES,,NO,NO,,,,,,,,,,,,,mezzanine-level passageway to 60 Wall St atrium (between William St & Pearl St),,,,,,,POINT (-74.00876 40.70666)
ES276,Escalator,Escalator,476,86ST-2AV-Q,86 St - Station,476,,IND-S-2AV,Manhattan,40.776176,-73.95268,01/01/2017,01/01/2017,IFIS,Installed-Functioning-In Service,22,YES,NYCT,KONE,YES,,YES,YES,"23,519 mm (77' 1 15/16in)",,,,,269,,,,,,,83 St & 2nd Ave (NE corner) to lower mezzanine,,,,,,,POINT (-73.95268 40.776176)
ES260,Escalator,Escalator,475,96ST-2AV-Q,96 St - Station,475,,IND-S-2AV,Manhattan,40.78408,-73.94745,01/01/2017,01/01/2017,IFIS,Installed-Functioning-In Service,22,YES,NYCT,KONE,YES,,YES,YES,8220mm (26'  11 5/8in),,,,,108,1000 mm (39 3/8in),,,,,,mezzanine to 96 St & 2nd Ave (SW corner),,,,,,,POINT (-73.94745 40.78408)
ES239,Escalator,Escalator,276,5AV/53ST-QBL-E/M,5 Av/53 St - Station,276,,IND-D-QUEENSBLVD,Manhattan,40.76059,-73.97628,06/20/1960,12/09/2025,IFIS,Installed-Functioning-In Service,22,YES,NYCT,KONE,YES,,NO,NO,48',,,,,166,40,,,,,,downtown platform to mezzanine for 5th Ave & 53 St exit,,,,,,,POINT (-73.97628 40.76059)
EL155,Elevator,Elevator Traction,,,,,,,Manhattan,40.866722,-73.916016,06/01/1932,06/01/1932,IFIS,Installed-Functioning-In Service,22,YES,NYCT,OTIS,NO,NO,NO,NO,,,6000,Freight,,,,,,,,,Freight Elevator At 207Th Street Yard,,,,,,,POINT (-73.916016 40.866722)
ES411,Escalator,Escalator,222,ROOSEVELTISLAND-63S-F,Roosevelt Island - Station,222,,IND-T-63ST,Manhattan,40.75905,-73.95321,10/01/1989,11/19/2007,IFIS,Installed-Functioning-In Service,22,YES,NYCT,KONE,YES,,YES,NO,38',,,,,136,40,,,,,,W Rd entrance to intermediate mezzanine,,,,,,,POINT (-73.95321 40.75905)
ES263X,Escalator,Escalator,162,50ST-8AV-C/E,50 St - Station,162,,IND-A-8AV/FULTONST,Manhattan,40.762215,-73.986404,,12/29/2011,IFIS,Installed-Functioning-In Service,22,NO,Private Contractor,AM,YES,,NO,NO,,,,,,,,,,,,,downtown C platform to 50 St & 8th Ave (SW corner),,,,,,,POINT (-73.986404 40.762215)
EL185,Elevator,Elevator Hydraulic,295,231ST-BWY7-1,231 St - Station,295,,IRT-BB-BROADWAY/7AV,Bronx,40.878784,-73.90464,12/28/2006,12/28/2006,IFIS,Installed-Functioning-In Service,17,YES,NYCT,CANTON,YES,YES,YES,YES,,,2000,Passenger,,,,Northbound,1,-,-,+,231 St & Broadway (SE corner) to Van Cortlandt Park-bound platform,-,,,,,If you are on the street:  Take a Riverdale-bound Bx9 bus (Broadway and 231 St) to 238 St or 242 St. If you are on the platform:  Contact a station agent to re-enter through the faregate and take an uptown 1 to 242  St. Then remain on the train or wait at the platform for a downtown 1.,POINT (-73.90464 40.878784)
ES413,Escalator,Escalator,222,ROOSEVELTISLAND-63S-F,Roosevelt Island - Station,222,,IND-T-63ST,Manhattan,40.759094,-73.95317,07/12/1996,10/08/2023,IFIS,Installed-Functioning-In Service,22,YES,NYCT,OK,YES,,YES,NO,38',,,,,136,40,,,,,,intermediate mezzanine to W Rd exit,,,,,,,POINT (-73.95317 40.759094)
EL162,Elevator,Elevator Hydraulic,,,,,,,Bronx,40.842686,-73.87342,09/01/1982,10/01/1999,IFIS,Installed-Functioning-In Service,17,YES,NYCT,CEMCO,NO,NO,NO,NO,,,10000,Freight,,,,,,,,,Freight Elevator At Motor Room El162,,,,,,,POINT (-73.87342 40.842686)
ES373,Escalator,Escalator,330,SOUTHFERRY-7AV-1,South Ferry - Station,635,South Ferry (1)/Whitehall St (R),IRT-V-7AV,Manhattan,40.702023,-74.01338,03/16/2009,06/27/2017,IFIS,Installed-Functioning-In Service,22,YES,NYCT,KONE,YES,,YES,YES,10236 mm (33' 7in),,,,,128,"40in (NOMINAL), 996 mm",,,,,,1 mezzanine to Peter Minuit Plaza,,,,,,,POINT (-74.01338 40.702023)
EL743,Elevator,Elevator Hydraulic,105,CHAMBERSST-JAM-J/Z,Chambers St - Station,622,"Brooklyn Bridge-City Hall (4,5,6)/Chambers St (J,Z)",BMT-J-JAMAICA,Manhattan,40.71324,-74.0034,09/01/2020,09/01/2020,IFIS,Installed-Functioning-In Service,17,YES,NYCT,AM,YES,YES,NO,NO,,,,,,,,Southbound,4,+,-,+,mezzanine to Broad St-bound J/Z platform,-,,,,,"If you are on the mezzanine: Proceed down the passageway and use elevator to take a downtown 4 or 5 to Fulton St station. If you are on the platform: Take a Broad St-bound J or Z train to Fulton St station, then either: Use elevators to transfer to a Jamaica-bound J or Z to Chambers St. Or, use elevators to transfer to an uptown 4 or 5 to Brooklyn Bridge-City Hall.",POINT (-74.0034 40.71324)
ES340,Escalator,Escalator,414,BOWLINGGREEN-LEX-4/5,Bowling Green - Station,414,,IRT-M-LEXINGTONAV,Manhattan,40.704838,-74.01387,04/01/1977,03/19/2005,IFIS,Installed-Functioning-In Service,22,YES,NYCT,FUJITEC,YES,,NO,NO,23',,,,,92,40,,,,,,lower mezzanine to uptown 4/5 platform,,,,,,,POINT (-74.01387 40.704838)
EL786,Elevator,Elevator Traction,123,GRANDST-CNR-L,Grand St - Station,123,,BMT-Q-14ST/CANARSIE,Brooklyn,40.711926,-73.94067,08/25/2023,08/25/2023,IFIS,Installed-Functioning-In Service,22,YES,Third-Party Contractor,,YES,YES,YES,YES,,,,,2,,,Southbound,1,+,-,+,Street (NW corner of Bushwick Ave and Grand St) to Canarsie-Rockaway Pkwy-bound platform,-,,,,,"If you’re on the street:  Cross Bushwick Ave and use EL785 to take a Manhattan-bound L train to Bedford Av. Then, transfer across the platform for a Canarsie-bound L train.   Or,   Take a Canarsie-bound B60 (Montrose Av & Bushwick Av) to Wilson Av & Gates Av. Then, either:  Transfer to a Ridgewood-bound B52 bus to Palmetto St & Wyckoff Av,   Or, travel three blocks north to Myrtle-Wyckoff station.  If you’re on the platform:   Take a Canarsie-bound L to Myrtle-Wyckoff station. Then, transfer across the platform to a Manhattan-bound L train to Grand St.",POINT (-73.94067 40.711926)
ES336,Escalator,Escalator,414,BOWLINGGREEN-LEX-4/5,Bowling Green - Station,414,,IRT-M-LEXINGTONAV,Manhattan,40.704613,-74.013824,04/01/1977,04/12/2003,IFIS,Installed-Functioning-In Service,22,YES,NYCT,FUJITEC,YES,,NO,NO,24',,,,,90,40,,,,,,lower mezzanine to uptown 4/5 mezzanine for Bowling Green Park exit,,,,,,,POINT (-74.013824 40.704613)
ES290,Escalator,Escalator,477,72ST-2AV-Q,72 St - Station,477,,IND-S-2AV,Manhattan,40.76722,-73.95921,01/01/2017,01/01/2017,IFIS,Installed-Functioning-In Service,22,YES,NYCT,SCHINDLER,YES,,NO,NO,20828 mm (68'4in),,,,,0,,,,,,,69 St & 2nd Ave (NE corner) to upper mezzanine,,,,,,,POINT (-73.95921 40.76722)
EL510,Elevator,Elevator Hydraulic,215,TREMONTAV-CON-B/D,Tremont Av - Station,215,,IND-C-CONCOURSE,Bronx,40.849747,-73.90545,02/27/2024,02/27/2024,IFIS,Installed-Functioning-In Service,17,YES,NYCT,MAE,YES,YES,NO,NO,,,,Passenger,2,,,Southbound,2,+,-,+,Mezzanine to Manhattan-bound platform.,-,,,,,"If you are on the mezzanine: use EL511 and take a Bedford Prk Blvd-bound B or Norwood-205 St-bound D to Kingsbridge Rd. Then, use elevators in the station to transfer to a Manhattan-bound B or D.",POINT (-73.90545 40.849747)
EL775,Elevator,Elevator Hydraulic,415,BOROUGHHALL-EPK-4/5,Borough Hall - Station,620,"Court St (R)/Borough Hall (2,3,4,5)",IRT-M-LEXINGTONAV,Brooklyn,40.692406,-73.99015,12/05/2025,12/05/2025,IFIS,Installed-Functioning-In Service,,YES,Third-Party Contractor,MODERN ELEVATOR,YES,YES,NO,NO,,15'-8in,3000,Passenger,2,,,Southbound,2,+,-,+,Mezzanine to Flatbush Av-Brooklyn College-bound 5 and Utica Av-bound 4 platform.,-,,,,,If you are on the mezzanine: Take a Manhattan-bound 4 or 5 to Bowling Green and use elevators to transfer to a Brooklyn-bound 4 or 5. If you are on the platform:  Take a Crown Heights-Utica Av-bound 4 or a Flatbush Av-Brooklyn College-bound 5 to Atlantic Av. Transfer cross-platform to a Manhattan-bound 4 or 5 to Borough Hall.,POINT (-73.99015 40.692406)
EL1106,Elevator,Elevator Hydraulic,168,SPRINGST-8AV-C/E,Spring St - Station,168,,IND-A-8AV/FULTONST,Manhattan,40.768143,-73.96387,12/03/2025,12/03/2025,IFIS,Installed-Functioning-In Service,17,YES,NYCT,MONGRAIN VERTICAL TRANSPORT,YES,YES,YES,YES,,20’  6 13/16”,3000,Passenger,2,,,Southbound,1,+,-,+,Street to downtown C/E platform.,-,,,,,"If you are on the street:  Travel north along 6 Av to the W 4 – Washington Sq A/B/C/D/E/F/M station. Or, travel west to Hudson St and then north to Charlton St. Take a Lincoln Center-bound M20 bus to 14 St for the 14 St A/C/E/L station. If you are on the platform: Take a World Trade Center-bound E to World Trade Center. Exit the station and travel to the northeast corner of Church St and Vesey St. Take a 44 St 6 Av-bound M55 bus to Spring St.",POINT (-73.96387 40.768143)
EL150,Elevator,Elevator Traction,,,,,,,Manhattan,40.866722,-73.916016,09/28/2002,09/28/2002,IFIS,Installed-Functioning-In Service,22,YES,NYCT,MCE,NO,NO,NO,NO,,,6000,Passenger Yard,,,,,,,,,Passenger Elevator At 207Th Street Yard,,,,,,,POINT (-73.916016 40.866722)
ES291,Escalator,Escalator,477,72ST-2AV-Q,72 St - Station,477,,IND-S-2AV,Manhattan,40.767166,-73.95946,01/01/2017,01/01/2017,IFIS,Installed-Functioning-In Service,22,YES,NYCT,SCHINDLER,YES,,YES,YES,3783 mm (12' 4 23/25in),,,,,0,,,,,,,upper mezzanine to 70 St & 2nd Ave (SE corner),,,,,,,POINT (-73.95946 40.767166)
EL489X,Elevator,Elevator Hydraulic,196,AQUEDUCT-RACETRACK-RKY-A,Aqueduct-Racetrack - Station,196,,IND-F-ROCKAWAY,Queens,40.672096,-73.83592,10/28/2011,10/28/2011,IFIS,Installed-Functioning-In Service,17,NO,Private Contractor,,YES,YES,NO,NO,,,,Passenger,,,,Northbound,1,-,-,+,Sidewalk entrance (east of the pedestrian skybridge) to Manhattan-bound platform,-,,,,,"If you are on the street: Take an Old Howard Beach-bound or Hamilton Beach-bound Q11 (Eckfor Av and Raleigh St) to 101 St and 159 Av.  Proceed east on 159th Av two blocks to Howard Beach A Station. Or, use ramp from casino to access platform. If you are on the platform: Take a Manhattan-bound A train to Euclid Av.  Use elevators to exit station. Take a Jamiaca-bound Q8 (Pitkin Av and Euclid Av) to 101 Av and Woodhaven Blvd.  Transfer to an Old Howard Beach-bound or Hamilon Beach-bound Q11 (Woodhaven Blvd and 101 Ave) to Eckford Av and Raleigh St.  Or, use ramp to casino to exit station.",POINT (-73.83592 40.672096)
EL463,Elevator,Elevator Traction,195,OZONEPARK-LEFFERTSBLVD-LIB-A,Ozone Park-Lefferts Blvd - Station,195,,IND-K-LIBERTYAV,Queens,40.68595,-73.8258,01/17/2018,01/17/2018,IFIS,Installed-Functioning-In Service,22,YES,NYCT,HOLLISTER-WHITNEY,YES,YES,NO,YES,,,,,,,,Both,1,+,-,+,mezzanine to platform for service in both directions,-,,,,,If you are on the mezzanine:  Use the nearby elevator to exit the station. Then take a Kew Gardens-bound Q10 bus (Lefferts Blvd and Liberty Av) to 101 Av and transfer to a Spring Creek-bound Q8 bus (101 Av and Lefferts Blvd) to Euclid Av A/C station.  If you are on the platform:  Take a Manhattan-bound A to Euclid Av and use elevators to exit the station. Then take a Jamaica-bound Q8 bus (Pitkin Av and Euclid Av) to Lefferts Blvd and transfer to a JFK Airport-bound Q10 bus (Lefferts Blvd and 101 Av) to Liberty Av.,POINT (-73.8258 40.68595)
ES119,Escalator,Escalator,146,181ST-8AV-A,181 St - Station,146,,IND-A-8AV/FULTONST,Manhattan,40.851116,-73.938095,03/28/1997,03/31/2023,IFIS,Installed-Functioning-In Service,22,YES,NYCT,KONE,YES,,NO,NO,15824 mm (51'-11in),,,,,112,800 mm (32in NOMINAL),,,,,,lower mezzanine to upper mezzanine for 181 St & Fort Washington Ave exit,,,,,,,POINT (-73.938095 40.851116)
EL745,Elevator,Elevator Hydraulic,038,86ST-4AV-R,86 St - Station,38,,BMT-F-4AV,Brooklyn,40.622574,-74.02835,07/29/2020,07/29/2020,IFIS,Installed-Functioning-In Service,17,YES,NYCT,HUDSON ELEVATOR,YES,YES,YES,YES,,13’-3”,2500,Passenger,2,,,Both,1,-,+,-,4th Ave and 86 St (SE corner) to mezzanine for service in both directions,-,,,,,"If you are on the street: Take a Downtown Brooklyn-bound B37 (3 Av and 86 St) to 60 St and proceed towards 4 Av for 59 St N/R station. Then use elevators to enter station for Manhattan-bound R service. If you are on the mezzanine: See a station agent to re-enter through the faregate and use elevator to take a Manhattan-bound R to 59 St. Then, use elevators to exit the station and take a Bay Ridge-bound B37 (3 Av and 61 St) to 86 St.",POINT (-74.02835 40.622574)
ES253X,Escalator,Escalator,275,LEXINGTONAV/53ST-QBL-E/M,Lexington Av/53 St - Station,612,"Lexington Av-53 St (E,M)/51 St (6)",IND-D-QUEENSBLVD,Manhattan,40.757572,-73.97133,01/02/1900,06/06/2011,IFIS,Installed-Functioning-In Service,22,NO,Private Contractor,AM,YES,,NO,NO,,,,,,,,,,,,,Downtown 6 underpass to mezzanine for E/F service and 52 St & Lexington Av exit.,,,,,,,POINT (-73.97133 40.757572)
EL108,Elevator,Elevator Traction,301,181ST-BWY7-1,181 St - Station,301,,IRT-BB-BROADWAY/7AV,Manhattan,40.849457,-73.93359,06/01/1963,11/30/2021,IFIS,Installed-Functioning-In Service,22,YES,NYCT,MCE,YES,NO,NO,NO,,103'-5in,10000,Passenger,3,,,Both,2,+,+,-,mezzanine to bridge for service in both directions,+,,"107, 109, 110","107, 109, 110",,Use an adjacent elevator.,POINT (-73.93359 40.849457)
EL498,Elevator,Elevator Hydraulic,209,FARROCKAWAY-MOTTAV-RKY-A,Far Rockaway-Mott Av - Station,209,,IND-F-ROCKAWAY,Queens,40.604614,-73.75425,03/21/2012,03/21/2012,IFIS,Installed-Functioning-In Service,17,YES,NYCT,CEMCO,YES,YES,YES,NO,,,2000,Passenger,,,,Both,2,-,-,+,Beach 22nd & Mott Ave to platform for Manhattan-bound service,+,497,,,497,Use an adjacent elevator.,POINT (-73.75425 40.604614)
EL395,Elevator,Elevator Hydraulic,098,FLUSHINGAV-JAM-J/M,Flushing Av - Station,98,,BMT-J-JAMAICA,Brooklyn,40.70074,-73.941666,03/04/2003,10/27/2023,IFIS,Installed-Functioning-In Service,17,YES,Third-Party Contractor,,YES,YES,NO,YES,,,,Passenger,,,,Southbound,2,+,-,+,mezzanine to Manhattan bound-platform,-,,,,,"If you are on the mezzanine:   Use the nearby elevator to exit the station and take a Williamsburg-bound B46 bus (Broadway and Flushing Av) to Marcy Av J/M/Z station (Broadway and Marcy Av).  If you are on the platform:  Take a Manhattan-bound J or M to Marcy Av. Use the elevator to exit to street, then either:  Cross Broadway to re-enter the station and use the elevator to take a Queens-bound J or M to Flushing Av.  Or, take a Kings Plaza-bound B46 bus (Broadway and Marcy Av) to Flushing Av.",POINT (-73.941666 40.70074)
ES446,Escalator,Escalator,278,JAMAICACENTER-PARSONS/ARCHER-QBL-E/J/Z,Jamaica Center-Parsons/Archer - Station,278,,IND-D-QUEENS/ARCHERAV,Queens,40.70236,-73.800316,12/01/1988,05/20/2009,IFIS,Installed-Functioning-In Service,22,YES,NYCT,KONE,YES,,NO,NO,29',,,,,107,40in,,,,,,mezzanine (Parsons Blvd & Archer Ave) to J/Z platform for Brooklyn-bound service,,,,,,,POINT (-73.800316 40.70236)
EL778,Elevator,Elevator Hydraulic,121,LORIMERST-CNR-L,Lorimer St - Station,629,Metropolitan Av (G)/Lorimer St (L),BMT-Q-14ST/CANARSIE,Brooklyn,40.71406,-73.95027,04/01/2024,04/01/2024,IFIS,Installed-Functioning-In Service,17,YES,Third-Party Contractor,,YES,YES,NO,NO,,,,,2,,,Southbound,2,+,-,+,Mezzanine to Canarsie-bound platform.,-,,,,,"If you are on the mezzanine: Use nearby elevator EL777 to take a Manhattan-bound L to Bedford Av and transfer across the platform for a Canarsie-bound L.  Or, exit the station and take a Rego Park-bound Q59 bus (Metropolitan Av and Rodney St) to Grand St and Bushwick Av. Elevator access (EL786) to Canarsie-bound service at Grand St L is located on the NE corner.  If you are on the platform: Take a Canarsie-bound L to Grand St and use the elevator to exit the station.  Then either:  Cross Bushwick Av to use the elevator (EL785) for Manhattan-bound service back to Lorimer St.  Or, take a Williamsburg-bound Q59 bus (north side of Grand St west of Bushwick Av) to Metropolitan Av and Macri Sq.",POINT (-73.95027 40.71406)
EL279X,Elevator,Elevator Hydraulic,404,28ST-LEX-6,28 St - Station,404,,IRT-MM-LEXINGTONAV,Manhattan,40.7433,-73.98439,09/20/2016,09/20/2016,IFIS,Installed-Functioning-In Service,17,NO,Private Contractor,AM,YES,YES,NO,NO,,,,,,,,Southbound,1,-,-,+,28 St & Park Ave (SW corner) to downtown platform,-,,,,,"If you are on the street: Take a M101, M102 or M103 (Lexington Av between 28th and 27th St) to 23 St.  Proceed to 23 St and Park Av for 23 St 6 Station. If you are on the platform: Take a southbound 6 to 23rd St.  Use elevator to exit station and then an uptown M1, M2 or M3 (Park Av South between 23 St and 24 St) to 28th St.",POINT (-73.98439 40.7433)
EL416X,Elevator,Elevator Hydraulic,456,61ST-WOODSIDE-FLS-7,61 St-Woodside - Station,456,,IRT-C-FLUSHING,Queens,40.745724,-73.902565,04/30/1999,04/30/1999,IFIS,Installed-Functioning-In Service,17,NO,LIRR,AM,YES,YES,NO,NO,,,,,,,,Southbound,2,+,-,+,mezzanine to Manhattan-bound 7 platform,-,,,,,Alt route not available for this elevator. Please use TripPlanner for latest information.,POINT (-73.902565 40.745724)
EL483,Elevator,Elevator Traction,083,WOODHAVENBLVD-JAM-J/Z,Woodhaven Blvd - Station,83,,BMT-J-JAMAICA,Queens,40.69388,-73.85158,01/24/2025,01/24/2025,IFIS,Installed-Functioning-In Service,17,YES,Third-Party Contractor,GALAXY,YES,YES,YES,YES,,29.35 ft,2500,Passenger,2,,,Northbound,1,+,-,+,Street (NW corner of Jamaica Ave and Woodhaven Blvd Service Rd) to Manhattan-bound platform.,-,,,,,"If you are on the street: Cross Jamaica Av and take a Jamaica Center-bound J or Z to Sutphin Blvd-Archer Av. Then, transfer to a Manhattan-bound J or Z. If you are on the platform: Take a Manhattan-bound J or Z to Flushing Av (or to Marcy Av if AM rush hour). Then, transfer to a Jamaica Center-Parsons/Archer-bound J or Z to Woodhaven Blvd.",POINT (-73.85158 40.69388)
EL325,Elevator,Elevator Hydraulic,410,CANALST-LEX-6,Canal St - Station,623,"Canal St (J,N,Q,R,Z,6)",IRT-MM-LEXINGTONAV,Manhattan,40.71827,-74.001,07/06/2001,03/28/2026,IFIS,Installed-Functioning-In Service,17,YES,Third-Party Contractor,MID-AMERICAN,YES,YES,YES,YES,,14'-7 1/4in,2100,Passenger,2,,,Southbound,2,-,-,+,Canal St & Lafayette St (NE corner) to downtown 6 platform,-,,,,,If you are on the street: Take a downtown M55 bus (Broadway and Walker St) to Warren St. Then proceed east to Brooklyn Bridge-City Hall 4/5/6 station. If you are at the platform:  Contact a station agent to re-enter through the faregate and take a downtown 6 to Brooklyn Bridge-City Hall. Then use elevators to transfer to an uptown 6 to Canal St.,POINT (-74.001 40.71827)
EL392,Elevator,Elevator Hydraulic,101,MARCYAV-JAM-J/M/Z,Marcy Av - Station,101,,BMT-J-JAMAICA,Brooklyn,40.708298,-73.95804,10/22/2004,09/04/2024,IFIS,Installed-Functioning-In Service,17,YES,Third-Party Contractor,CEMCO/MCE,YES,YES,YES,YES,,,2000,Passenger,,,,Northbound,2,-,-,+,Marcy Ave & Broadway (SW corner) to Jamaica Center bound-platform,-,,,,,"If you are on the street: Take a Kings Plaza-bound B46 bus to Flushing Av for Jamaica-bound service. If you are on the platform: Contact a station agent to re-enter through the faregate and take a Queens-bound J or M to Flushing Av, then use the elevator to exit the station and take a Williamsburg-bound B46 bus to Marcy Av.",POINT (-73.95804 40.708298)
ES409,Escalator,Escalator,223,LEXINGTONAV/63ST-63S-F/Q,Lexington Av/63 St - Station,223,,IND-T-63ST,Manhattan,40.765244,-73.967476,10/01/1989,10/01/1989,RNOS,Removed-Non Functioning-Out of Service,22,YES,NYCT,OTIS,YES,,NO,NO,40',,,,,137,40,,,,,,lower mezzanine (Lexington Ave & 63 St) to uptown Q and Queens-bound M platform,,,,,,,POINT (-73.967476 40.765244)
EL424,Elevator,Elevator Hydraulic,258,BRIARWOOD-QBL-E/F,Briarwood - Station,258,,IND-D-QUEENSBLVD,Queens,40.70918,-73.82057,04/30/2017,04/30/2017,IFIS,Installed-Functioning-In Service,17,YES,NYCT,EECO (ELEVATOR EQUIP. CO.),YES,NO,YES,YES,,,,Passenger,,,,Both,1,+,-,-,Queens Blvd & Main St (NE corner) to mezzanine passageway for service in both directions,-,,,,,Alt route not available for this elevator. Please use TripPlanner for latest information.,POINT (-73.82057 40.70918)
ES405,Escalator,Escalator,223,LEXINGTONAV/63ST-63S-F/Q,Lexington Av/63 St - Station,223,,IND-T-63ST,Manhattan,40.76518,-73.967285,10/01/1989,03/26/2026,IFIS,Installed-Functioning-In Service,22,YES,NYCT,KONE,YES,,NO,NO,25'11 3/4,,,,,91,40',,,,,,intermediate mezzanine (Lexington Ave & 63 St) to lower mezzanine,,,,,,,POINT (-73.967285 40.76518)
EL169X,Elevator,Elevator Hydraulic,305,137ST-CITYCOLLEGE-BWY7-1,137 St-City College - Station,305,,IRT-BB-BROADWAY/7AV,Manhattan,40.819,-73.957184,01/01/1900,01/02/1900,IFOS,Installed-Functioning-Out of Service,17,NO,Private Contractor,AM,NO,YES,NO,NO,,,,,,,,,,,,,3 Landings,,,,,,,POINT (-73.957184 40.819)
EL138,Elevator,Elevator Hydraulic,424,PELHAMPKWY-LWP-2/5,Pelham Pkwy - Station,424,,IRT-W-WHITEPLAINSRD,Bronx,40.856567,-73.86751,11/17/2007,11/17/2007,IFIS,Installed-Functioning-In Service,17,YES,NYCT,CANTON,YES,YES,NO,YES,,,2000,Passenger,,,,Northbound,1,+,-,+,mezzanine to Wakefield 241 St-bound platform,-,,,,,"If you are on the mezzanine:  Use the elevator at the other end of the mezzanine to take an uptown 2 or 5 to Gun Hill  Rd. Then use elevators to transfer to a downtown 2 or 5.  Or, exit through the faregate and use the elevator to proceed to Pelham Pkwy and  White Plains Rd. Then take a Wakefield-bound Bx39 bus to E Gun Hill Rd and White  Plains Rd and enter Gun Hill Rd 2/5 Station.  If you are on the platform:  Take a downtown 2 or 5 to E 180 St. Then either: Use elevators to transfer to an uptown 2 or 5 to Pelham Pkwy 2/5 Station.  Or,  Take a Westchester Sq-bound Bx21 bus (Morris Park Av and Adams St) to Morris Park Av and White Plains Rd. Then transfer to a Wakefield-bound Bx39 bus to Pelham Pkwy 2/5 Station.",POINT (-73.86751 40.856567)
EL211,Elevator,Elevator Hydraulic,012,34ST-HERALDSQ-BWY-M/N/R/Q,34 St-Herald Sq - Station,607,"34 St-Herald Sq (B,D,F,M,N,Q,R)",BMT-A-BROADWAY/BRIGHTON,Manhattan,40.75007,-73.98795,11/22/1993,10/22/2021,IFIS,Installed-Functioning-In Service,17,YES,NYCT,CANTON,YES,YES,NO,NO,,10' 1in,2500,Passenger,2,,,Southbound,4,+,-,+,mezzanine to downtown N/Q/R/W platform,-,,,,,"If you are on the mezzanine: Take an uptown N, Q, R or W to Times Sq-42 St and use elevators to transfer to a downtown N, Q, R or W. Or, exit station and take a northbound M5, M7, or M55 bus to 42 St and 6 Av. Times Sq-42 St is one block west. If you are on platform: Take a downtown N, Q, R or W to 14 St-Union Sq then either: Use elevators to transfer to an uptown N, Q, R or W to 34 St-Herald Sq. Or, exit station and take a westbound M14A or M14D bus to 14 St and 6 Av. Transfer to a northbound M7 or M55 bus to 34 St-Herald Sq.",POINT (-73.98795 40.75007)
ES363X,Escalator,Escalator,172,FULTONST-8AV-A/C,Fulton St - Station,628,"Fulton St (A,C,J,Z,2,3,4,5)",IND-A-8AV/FULTONST,Manhattan,40.710472,-74.00896,,11/10/2014,IFIS,Installed-Functioning-In Service,22,NO,Private Contractor,THYSSEN-KRUPP,YES,,NO,NO,,,,,,,,,,,,,concourse to uptown 4/5 platform and access to Transit Center exit,,,,,,,POINT (-74.00896 40.710472)
ES266X,Escalator,Escalator,281,COURTSQ-XTN-G/7,Court Sq - Station,606,"Court Sq (E,G,M,7)",IND-E-CROSSTOWN,Queens,40.7472,-73.94423,01/02/1900,06/03/2011,IFIS,Installed-Functioning-In Service,22,NO,Private Contractor,KONE,YES,,NO,NO,,,,,,0,,,,,,,E/F/G mezzanine to 45 St & Jackson Ave,,,,,,,POINT (-73.94423 40.7472)
EL500,Elevator,Elevator Hydraulic,211,BEDFORDPKBLVD-CON-B/D,Bedford Pk Blvd - Station,211,,IND-C-CONCOURSE,Bronx,40.872463,-73.88771,10/12/2020,10/12/2020,IFIS,Installed-Functioning-In Service,17,YES,NYCT,MAE,YES,YES,YES,YES,,16' 0-1/4in,2100,Passenger,2,,,Both,1,+,-,-,Bedford Park Blvd and Grand Concourse (NW corner) to mezzanine for Manhattan-bound service,-,,,,,"If you are on the street: Take a Mott Haven-bound Bx1 LTD or Bx2 bus (Grand Concourse and Bedford Pk Blvd) to  E Kingsbridge Rd for Manhattan-bound B/D service at Kingsbridge Rd station.  If you are on the mezzanine:  See a station agent to re-enter through the faregate and use elevator to take a  Manhattan-bound B or D train to Kingsbridge Rd. Then, use elevators to exit the station  and take a Riverdale-bound Bx1 LTD or Kingsbridge Hts-bound Bx2 bus (Grand  Concourse and E Kingsbridge Rd) to Bedford Pk Blvd.",POINT (-73.88771 40.872463)
ES353,Escalator,Escalator,328,CORTLANDTST-7AV-1,Cortlandt St - Station,328,,IRT-V-7AV,Manhattan,40.71224,-74.01187,09/08/2018,09/08/2018,IFIS,Installed-Functioning-In Service,22,YES,NYCT,KONE,YES,,NO,NO,,,,,,84,996MM (40in NOMINAL),,,,,,north mezzanine to platform for uptown 1 service,,,,,,,POINT (-74.01187 40.71224)
ES333,Escalator,Escalator,112,MYRTLE-WYCKOFFAVS-MYT-M,Myrtle-Wyckoff Avs - Station,630,"Myrtle-Wyckoff Avs (L,M)",BMT-M-MYRTLEAV,Brooklyn,40.6997,-73.91183,06/14/1928,02/14/2003,IFIS,Installed-Functioning-In Service,22,YES,NYCT,FUJITEC,YES,,NO,NO,26',,,,,95,24,,,,,,M upper mezzanine to lower mezzanine for L service,,,,,,,POINT (-73.91183 40.6997)
EL327X,Elevator,Elevator Hydraulic,025,JAYST-METROTECH-BWY-R,Jay St-MetroTech - Station,636,"Jay St-MetroTech (A,C,F,R)",BMT-B-BROADWAY,Brooklyn,40.692055,-73.985176,06/13/2016,06/13/2016,IFIS,Installed-Functioning-In Service,17,NO,Private Contractor,,YES,NO,NO,NO,,,,,,,,Both,2,+,-,-,Bridge St & Willoughby St (SE corner) to mezzanine for R service in both directions,-,,,,,Alt route not available for this elevator. Please use TripPlanner for latest information.,POINT (-73.985176 40.692055)
ES312,Escalator,Escalator,023,WHITEHALLST-SOUTHFERRY-BWY-R,Whitehall St-South Ferry - Station,635,South Ferry (1)/Whitehall St (R),BMT-B-BROADWAY,Manhattan,40.703857,-74.01319,07/01/1984,07/16/2013,IFIS,Installed-Functioning-In Service,22,YES,NYCT,KONE,YES,,NO,NO,26' 11 7/8in,,,,,104,40in,,,,,,lower mezzanine to upper mezzanine for Stone St & Whitehall St exit,,,,,,,POINT (-74.01319 40.703857)
EL205,Elevator,Elevator Hydraulic,402,GRANDCENTRAL-42ST-LEX-4/5/6,Grand Central-42 St - Station,610,"Grand Central-42 St (S,4,5,6,7)",IRT-L-LEXINGTONAV,Manhattan,40.751892,-73.976585,08/01/1990,09/15/2022,IFIS,Installed-Functioning-In Service,17,YES,NYCT,CEMCO,YES,YES,NO,NO,,,2000,Passenger,,,,Southbound,1,+,-,+,mezzanine to downtown 4/5/6 platform,-,,,,,"If you are on the mezzanine: Take an uptown 6 to 51 St and use elevators to transfer to a downtown 6 to Grand Central-42 St. If you are on the platform: Take a downtown 6 to 28 St. Use elevator to exit station and take an uptown M1, M2, or M3 (Madison Av & E 28 St) to Madison Av and E. 43rd St. Or, take a downtown 6 to 23 St. Use elevator to exit station and cross Park Avenue.  Use elevator to re-enter station and take an uptown 6 to Grand Central-42 St.",POINT (-73.976585 40.751892)
EL710,Elevator,Elevator Hydraulic,414,BOWLINGGREEN-LEX-4/5,Bowling Green - Station,414,,IRT-M-LEXINGTONAV,Manhattan,40.704678,-74.01392,07/09/2007,07/09/2007,IFIS,Installed-Functioning-In Service,17,YES,NYCT,CEMCO,YES,YES,YES,YES,,,2100,Passenger,,,,Both,1,+,-,+,plaza south of Bowling Green Park to uptown platform and lower mezzanine for Brooklyn-bound service,+,,,,,If you are on the street: Take an uptown M55 bus (State St and Bridge St) to Liberty St. Then enter Fulton St 4/5 at Broadway and Dey St via the elevator on the southwest corner. If you are at the uptown platform: See a station agent to re-enter through the faregate and take an uptown 4 or 5 to Fulton St. Use elevators to exit the station and take a downtown M55 bus (Broadway and Cortlandt St) to Bowling Green 4/5. If you are on the lower mezzanine: Re-enter through the faregate and use the elevator to take a Brooklyn-bound 4 or 5 to Atlantic Av-Barclays Center. Then transfer across the platform to take a Manhattan-bound 4 or 5 to Fulton St. Proceed to Broadway and Cortlandt St and take a downtown M55 bus to Bowling Green.,POINT (-74.01392 40.704678)
EL433,Elevator,Elevator Hydraulic,254,JAMAICA-179ST-QBL-F,Jamaica-179 St - Station,254,,IND-D-QUEENSBLVD,Queens,40.71262,-73.78369,06/28/2005,06/28/2005,RNOS,Removed-Non Functioning-Out of Service,17,YES,NYCT,CANTON,YES,YES,NO,NO,,,2000,Passenger,,,,Northbound,1,+,-,+,mezzanine to terminal platform,-,,,,,"All elevators at this station are out of service for replacement. To exit, see conductor in the accessible boarding area for assistance. Confirm with conductor that the F train will remain in service and return to Manhattan. Take a Manhattan-bound F to Kew Gardens-Union Tpke and transfer to a Jamaica Center-bound E to Sutphin Blvd/Archer Av/JFK Airport. Exit the station and proceed north to the SW corner of Archer Av/Sutphin Blvd. Take a Floral Park-bound Q43 bus to Hillside Av/180 St.",POINT (-73.78369 40.71262)
EL791X,Elevator,Elevator Hydraulic,461,QUEENSBOROPLAZA-FLS-7/N/Q,Queensboro Plaza - Station,461,,IRT-C-FLUSHING,Queens,40.750584,-73.9402,04/10/2025,04/10/2025,IFIS,Installed-Functioning-In Service,17,NO,Private Contractor,,YES,YES,,,,,,,,,,Both,1,+,-,-,Queens Plaza North between Crescent St and 27 St to mezzanine for service in both directions.,+,EL478,EL478,,,If you are on the street:  Use other elevator located at the SW corner of Queens Plaza South and Crescent St. If you are on the overpass level: Follow signs to use the other elevator which will take you to the SW corner of Queens Plaza South and Crescent St.,POINT (-73.9402 40.750584)
EL427,Elevator,Elevator Hydraulic,451,JUNCTIONBLVD-FLS-7,Junction Blvd - Station,451,,IRT-C-FLUSHING,Queens,40.74914,-73.869354,02/13/2007,02/13/2007,IFIS,Installed-Functioning-In Service,17,YES,NYCT,CANTON,YES,YES,NO,YES,,,2500,Passenger,,,,Northbound,2,-,-,+,overpass to Flushing Main St-bound platform,-,,,,,"If you are on the overpass:  Take a Manhattan-bound 7 to 74 St-Broadway and use elevators to transfer to a Flushing-bound 7.  If you are on the platform:  Take a Flushing-bound 7 to Flushing-Main St,  then either:  Transfer to a Manhattan-bound 7 to Junction Blvd.  Or,  use the elevator to exit the station and take a Long Island City-bound Q63 or Q66 bus (Main St and Roosevelt Av) to Northern Blvd and Junction Blvd. Transfer to a Rego Park-bound Q72 bus to Roosevelt Av and Junction Blvd.",POINT (-73.869354 40.74914)
ES296,Escalator,Escalator,477,72ST-2AV-Q,72 St - Station,477,,IND-S-2AV,Manhattan,40.76907,-73.95851,01/01/2017,01/01/2017,IFIS,Installed-Functioning-In Service,22,YES,NYCT,SCHINDLER,YES,,YES,YES,21577 mm (70' 9 1/2in),,,,,0,,,,,,,72 St & 2nd Ave (NW corner) to lower mezzanine,,,,,,,POINT (-73.95851 40.76907)
EL443,Elevator,Elevator Traction,223,LEXINGTONAV/63ST-63S-F/Q,Lexington Av/63 St - Station,223,,IND-T-63ST,Manhattan,40.76463,-73.96611,12/30/2016,12/30/2016,IFIS,Installed-Functioning-In Service,22,YES,NYCT,HOLLISTER-WHITNEY,YES,YES,NO,NO,,,4500,Passenger,,,,Both,5,+,-,+,63 St & 3 Av mezzanine to platforms for service in both directions.,+,,440,,440,Use an adjacent elevator.,POINT (-73.96611 40.76463)
EL117,Elevator,Elevator Traction,146,181ST-8AV-A,181 St - Station,146,,IND-A-8AV/FULTONST,Manhattan,40.852825,-73.93734,06/01/1932,08/02/2020,IFIS,Installed-Functioning-In Service,22,YES,NYCT,MCE,YES,YES,NO,NO,,106' 10in,9000,Passenger,2,,,Both,1,+,+,-,Upper mezzanine (184 St & Ft Washington Av) to lower mezzanine for service in both directions.,+,,"118, 119","118, 119",,Use an adjacent elevator.,POINT (-73.93734 40.852825)
ES343,Escalator,Escalator,414,BOWLINGGREEN-LEX-4/5,Bowling Green - Station,414,,IRT-M-LEXINGTONAV,Manhattan,40.704437,-74.014305,04/01/1977,05/16/2003,IFIS,Installed-Functioning-In Service,22,YES,NYCT,FUJITEC,YES,,NO,NO,24',,,,,89,40,,,,,,lower mezzanine to downtown 4/5 platform,,,,,,,POINT (-74.014305 40.704437)
EL780,Elevator,Elevator Hydraulic,285,METROPOLITANAV-XTN-G,Metropolitan Av - Station,629,Metropolitan Av (G)/Lorimer St (L),IND-E-CROSSTOWN,Brooklyn,40.71406,-73.95027,04/01/2024,04/01/2024,IFIS,Installed-Functioning-In Service,17,YES,Third-Party Contractor,,YES,YES,NO,NO,,,,,2,,,Northbound,2,+,-,+,Mezzanine to Queens-bound platform.,-,,,,,"If you are on the mezzanine:  Use elevator EL779 to exit the station. Then, either:  Travel east on Metropolitan Av to Graham Av and take a Greenpoint-bound B43 bus to Manhattan Av and Greenpoint Av. Use the elevator (EL763) to access Greenpoint Av (G) station. Or, travel one block west to Lorimer St and take a Manhattan-bound L to Bedford Av. Then, transfer to a Long Island City-bound B62 bus (Bedford Av and North 5 St) to Manhattan Av and Greenpoint Av. Use the elevator (EL763) to access Greenpoint Av (G) station.  If you are on the platform:  Take a Court Sq-bound G to Greenpoint Av.  Then, either:  Transfer to a Church Av-bound G back to Metropolitan Av and use elevators to exit the station.  Or, use elevators to exit the station and take a Lefferts Gardens-bound B43 bus (Manhattan Av and Calyer St) to Graham Av and Metropolitan Av. Travel west on Metropolitan Av to Union Av.",POINT (-73.95027 40.71406)
EL333,Elevator,Elevator Hydraulic,167,W4ST-WASHSQ-8AV-A/B/C/D/E/F/M,W 4 St-Wash Sq - Station,167,,IND-A-8AV/FULTONST,Manhattan,40.731133,-74.00125,04/07/2005,11/25/2025,IFIS,Installed-Functioning-In Service,17,YES,Third-Party Contractor,MID-AMERICAN,YES,YES,YES,YES,,14'-1in,2500,Passenger,2,,,Both,1,+,-,-,W 3rd St & 6th Ave (NE corner) to mezzanine for A/C/E service and access to B/D/F/M service,-,,,,,"If you are on the street: Proceed north along 6 Av or take an uptown M55 bus (across 3rd St) to 12 St for the 14 St F/M/L station. For downtown F/M, enter at the NW corner of 14 St & 6 Av. For uptown F/M, enter at the NE corner of 14 St & 6 Av. For A/C/E, take a downtown F/M to W 4 St and transfer to A/C/E.  If you are on the mezzanine: See a station agent to re-enter through the faregate and take a downtown C/E to Spring St. Exit the station and proceed north along 6 Av to W 4 St.",POINT (-74.00125 40.731133)
ES636,Escalator,Escalator,471,34ST-HUDSONYARDS-FLS-7,34 St-Hudson Yards - Station,471,,IRT-CC-FLUSHING,Manhattan,40.756115,-74.001114,08/31/2018,08/31/2018,IFIS,Installed-Functioning-In Service,22,YES,NYCT,SCHINDLER,YES,,NO,NO,83.3,,,,,288,1000,,,,,,lower mezzanine to upper mezzanine for Hudson Blvd E & 35 St exit,,,,,,,POINT (-74.001114 40.756115)
EL497,Elevator,Elevator Hydraulic,209,FARROCKAWAY-MOTTAV-RKY-A,Far Rockaway-Mott Av - Station,209,,IND-F-ROCKAWAY,Queens,40.604633,-73.754265,03/21/2012,03/21/2012,IFIS,Installed-Functioning-In Service,17,YES,NYCT,CEMCO,YES,YES,YES,NO,,,2000,Passenger,,,,Both,1,-,-,+,Beach 22nd & Mott Ave to platform for Manhattan-bound service,+,498,,,498,Use an adjacent elevator.,POINT (-73.754265 40.604633)
ES123,Escalator,Escalator,424,PELHAMPKWY-LWP-2/5,Pelham Pkwy - Station,424,,IRT-W-WHITEPLAINSRD,Bronx,40.856728,-73.86772,12/06/1996,03/02/2023,IFIS,Installed-Functioning-In Service,22,YES,NYCT,KONE,YES,,NO,YES,3518 mm (11'-6 1/2in),,,,,74,1000mm (40in NOMINAL),,,,,,mezzanine to Manhattan-bound platform,,,,,,,POINT (-73.86772 40.856728)
ES114,Escalator,Escalator,219,161ST-YANKEESTADIUM-CON-B/D,161 St-Yankee Stadium - Station,604,"161 St-Yankee Stadium (B,D,4)",IND-C-CONCOURSE,Bronx,40.827644,-73.92566,10/01/1961,03/22/2025,IFIS,Installed-Functioning-In Service,22,YES,NYCT,KONE,YES,,NO,NO,30' - 9in,,,,,119,40in,,,,,,4 upper mezzanine to lower mezzanine for B/D service,,,,,,,POINT (-73.92566 40.827644)
EL180,Elevator,Elevator Hydraulic,438,135ST-LWP-2/3,135 St - Station,438,,IRT-F-LENOX/WHITEPLAINS,Manhattan,40.814175,-73.940636,05/15/2008,05/15/2008,IFIS,Installed-Functioning-In Service,17,YES,NYCT,CEMCO,YES,YES,YES,YES,,,2000,Passenger,,,,Northbound,1,-,-,+,135 St & Lenox Ave (NE corner) to uptown and the Bronx-bound platform,-,,,,,"If you are on the street: Take a downtown 2 or 3 to 96 St and use elevators to transfer to an uptown 2 or 3. Or, take a Harlem-bound M7 or M102 bus (Lenox Av and 135 St) to 147 St/Adam C Powell Blvd. Proceed 2 blocks north to 149 St for the Harlem-148 St station. If you are on the platform: Contact a station agent to re-enter through the faregate and take an uptown 3 to Harlem-148 St. Transfer to a downtown 3 to 135 St.",POINT (-73.940636 40.814175)
ES210,Escalator,Escalator,402,GRANDCENTRAL-42ST-LEX-4/5/6,Grand Central-42 St - Station,610,"Grand Central-42 St (S,4,5,6,7)",IRT-L-LEXINGTONAV,Manhattan,40.751904,-73.977104,06/15/1965,10/14/2025,IFIS,Installed-Functioning-In Service,22,YES,NYCT,KONE,YES,,NO,NO,19' - 7 7/8in,,,,,81,40,,,,,,western mezzanine above 7 platform to main mezzanine for access to street and 4/5/6/S service,,,,,,,POINT (-73.977104 40.751904)
EL509,Elevator,Elevator Traction,215,TREMONTAV-CON-B/D,Tremont Av - Station,215,,IND-C-CONCOURSE,Bronx,40.849747,-73.90545,02/27/2024,02/27/2024,IFIS,Installed-Functioning-In Service,22,YES,NYCT,MAE,YES,YES,YES,YES,,,,Passenger,2,,,Both,1,+,-,-,SW corner of Echo Pl and Grand Concourse providing access to the mezzanine.,-,,,,,"If you are on the street: take a Riverdale-bound Bx1 or Kingsbridge Heights-bound Bx2 (Grand Concourse and E Tremont Ave) to Grand Concourse and E Kingsbridge Rd. Proceed to Kingsbridge Rd station.  If you are on the mezzanine: use EL511 to take a Bedford Prk Blvd-bound B or Norwood-205 St-bound D to Kingsbridge Rd. Then, use elevators to exit the station and take a Mott Haven-bound Bx1 or Bx2 (Grand Concourse and E Kingsbridge Rd) to E Tremont Ave.",POINT (-73.90545 40.849747)
ES267X,Escalator,Escalator,317,TIMESSQ-42ST-7AV-1/2/3,Times Sq-42 St - Station,611,"Times Sq-42 St (N,Q,R,S,1,2,3,7)/42 St (A,C,E)",IRT-V-7AV,Manhattan,40.755688,-73.98681,,10/01/2010,IFIS,Installed-Functioning-In Service,22,NO,Private Contractor,AM,YES,,NO,NO,,,,,,0,,,,,,,42 St & 7th Ave (SE corner) to mezzanine for N/Q/R/W service and access to rest of complex,,,,,,,POINT (-73.98681 40.755688)
EL264,Elevator,Elevator Traction,477,72ST-2AV-Q,72 St - Station,477,,IND-S-2AV,Manhattan,40.76848,-73.958336,01/01/2017,01/01/2017,IFIS,Installed-Functioning-In Service,22,YES,NYCT,HOLLISTER-WHITNEY,YES,YES,YES,YES,,,4500,Passenger,,,,Both,2,+,-,-,2nd Ave & 72 St (SE corner) to mezzanine for service in both directions,+,"262, 265, 266, 267","262, 265, 266, 267",,,Use another elevator on this level.,POINT (-73.958336 40.76848)
EL12X,Elevator,Elevator Hydraulic,328,CORTLANDTST-7AV-1,Cortlandt St - Station,328,,IRT-V-7AV,Manhattan,40.711834,-74.01219,09/11/2018,09/11/2018,IFIS,Installed-Functioning-In Service,17,NO,Private Contractor,,YES,YES,NO,NO,,,,Passenger,,,,Both,2,+,+,-,West Concourse balcony to PATH level with access to 1 train service in both directions,+,,"11X,13X",11X,13X,Use another elevator on this level.,POINT (-74.01219 40.711834)
ES357,Escalator,Escalator,174,JAYST-METROTECH-8AV-A/C/F,Jay St-Metro Tech - Station,636,"Jay St-MetroTech (A,C,F,R)",IND-A-8AV/FULTONST,Brooklyn,40.69221,-73.98671,12/11/2010,12/11/2010,IFIS,Installed-Functioning-In Service,22,YES,NYCT,KONE,YES,,NO,NO,24' 4 7/16in,,,,,94,1000mm,,,,,,R platform to mezzanine for A/C/F service and Jay St & Willoughby St exit,,,,,,,POINT (-73.98671 40.69221)
EL137,Elevator,Elevator Hydraulic,424,PELHAMPKWY-LWP-2/5,Pelham Pkwy - Station,424,,IRT-W-WHITEPLAINSRD,Bronx,40.85657,-73.867775,11/17/2007,11/17/2007,IFIS,Installed-Functioning-In Service,17,YES,NYCT,CANTON,YES,YES,NO,YES,,,2000,Passenger,,,,Southbound,2,+,-,+,mezzanine to Manhattan-bound platform,-,,,,,"If you are on the mezzanine:  Use the elevator at the other end of the mezzanine to take a downtown 2 or 5 to E 180  St. Then use elevators to transfer to an uptown 2 or 5.  Or, exit through the faregate and use the elevator to proceed to Pelham Pkwy and  White Plains Rd. Then take a Wakefield-bound Bx39 bus to Gun Hill Rd 2/5 Station.  If you are on the platform:  Take an uptown 2 or 5 to Gun Hill Rd.  Then either:  Use elevators to transfer to a downtown 2 or 5 to Pelham Pkwy 2/5 Station.  Or, Use the elevator and exit through the faregate. Then take a Clasons Pt-bound Bx39 bus  (E Gun Hill Rd and White Plains Rd) to Pelham Pkwy and White Plains Rd.",POINT (-73.867775 40.85657)
EL701,Elevator,Elevator Hydraulic,058,CONEYISLAND-STILLWELLAV-SEA-D/F/N/Q,Coney Island-Stillwell Av - Station,58,,BMT-E-SEABEACH,Brooklyn,40.577423,-73.98123,10/12/2005,10/12/2005,RNOS,Removed-Non Functioning-Out of Service,17,YES,NYCT,CANTON,YES,YES,NO,YES,,,2500,Passenger,,,,Both,1,+,-,+,N platform to overpass for access to D platform,-,,,,,If you are on the N platform: Exit the station via the ramp and take a Spring Creek Towers-bound B82 bus (Stillwell Terminal Bus Loop) to Bay Pkwy and 86 St for the D at Bay Pkwy. If you are on the overpass: Take a Manhattan-bound D to Bay Pkwy and use the elevator to exit the station. Then take a Coney Island-bound B82 bus (Bay Pkwy and 86 St) to Mermaid Av and Stillwell Av.,POINT (-73.98123 40.577423)
EL119,Elevator,Elevator Traction,146,181ST-8AV-A,181 St - Station,146,,IND-A-8AV/FULTONST,Manhattan,40.852806,-73.93724,10/01/1985,08/02/2020,IFIS,Installed-Functioning-In Service,22,YES,NYCT,OTIS,YES,YES,NO,NO,,106' 10in,9000,Passenger,2,,,Both,3,+,+,-,Upper mezzanine (184 St & Ft Washington Av) to lower mezzanine for service in both directions.,+,,"117, 118","117, 118",,Use an adjacent elevator.,POINT (-73.93724 40.852806)
EL479,Elevator,Elevator Hydraulic,461,QUEENSBOROPLAZA-FLS-7/N/Q,Queensboro Plaza - Station,461,,IRT-C-FLUSHING,Queens,40.750584,-73.9402,12/12/2024,12/12/2024,IFIS,Installed-Functioning-In Service,17,YES,Third-Party Contractor,,YES,YES,NO,YES,,,2500 lbs,,,,,Both,2,+,+,+,Mezzanine to lower platform and upper platform.,-,,,,,"If you are on the mezzanine: Exit the station and proceed south along 23 St to the Court Sq station for 7 service. For Manhattan and Brooklyn-bound N/W service, take a Manhattan-bound 7 to Times Sq-42 St and transfer to N/W. For service to Astoria Blvd, take a Flushing-Main St-bound 7 to Queensboro Plaza. Then, transfer to an Astoria-Ditmars Blvd-bound N/W to Astoria Blvd. If you are on the Manhattan-bound platform: Take a Manhattan-bound 7 to the Court Sq station. Exit the station and proceed north along 23 St to Queens Plaza. If you are on the Queens-bound platform: Take a Flushing-Main St-bound 7 to 61 St-Woodside. Then, take a Manhattan-bound 7 to Court Sq. Exit the station and proceed north along 23 St to Queens Plaza.",POINT (-73.9402 40.750584)
EL339,Elevator,Elevator Hydraulic,139,FRANKLINAV-FRK-S,Franklin Av - Station,627,"Franklin Av (C,S)",BMT-O-FRANKLINAVSHUTTLE,Brooklyn,40.68104,-73.95581,10/18/1999,05/14/2021,IFIS,Installed-Functioning-In Service,17,YES,NYCT,CEMCO,YES,YES,YES,YES,,,2000,Passenger,,,,Both,1,+,-,+,"Fulton St & Franklin Ave (SW corner) to Euclid-bound C platform, S platform, and footbridge for access to Manhattan-bound C service",-,,,,,"If you are on the street:  Exit through the faregate, then either:  For Manhattan-bound C service, take a Downtown Brooklyn-bound B25 bus (Fulton St and Franklin Av) to Fulton St and Jay St for Jay St-MetroTech station.  For Euclid Av-bound C service, take a Broadway Junction-bound B25 bus (Fulton St and Franklin Av) to Fulton St and Utica Av for Utica Av A/C.  For S service, take a Lefferts Gardens-bound B48 bus (Franklin Av and Fulton St) to Prospect Park B/Q/S.  If you are on the C platform:  Take a Euclid Av-bound C to Utica Av and use elevators to exit the station. Then either:  Take a Downtown Brooklyn-bound B25 bus (Fulton St and Malcolm X Blvd) to Fulton St and Franklin Av.  Or, for Park Place S or Prospect Park B/Q/S stations, transfer to a Lefferts Gardens-bound B48 bus (Franklin Av and Fulton St) and take it to Lincoln Rd and Flatbush Av.  If you are on the footbridge:  Cross the footbridge and use the elevator to take a Manhattan-bound C to Jay St-MetroTech. Then use elevators to exit the station and take Broadway Junction-bound B25 bus (Fulton St and Smith St) to Fulton St and Franklin Av.  For Park Place S or Prospect Park B/Q/S stations, transfer to a Lefferts Garden-bound B48 bus (Franklin Av and Fulton St).  If you are on the S platform:  Take a Prospect Park-bound S to Prospect Park, then either:  For Franklin Av C/S, use the elevator to exit the station and take a Greenpoint-bound B48 bus (Lincoln Rd and Flatbush Av) to Fulton St.  For C, take a Manhattan-bound B or Q to DeKalb Av and transfer across the platform to a Manhattan-bound R to Jay St-MetroTech.",POINT (-73.95581 40.68104)
ES200,Escalator,Escalator,475,96ST-2AV-Q,96 St - Station,475,,IND-S-2AV,Manhattan,40.782997,-73.9479,01/01/2017,01/01/2017,IFIS,Installed-Functioning-In Service,22,YES,NYCT,KONE,YES,,NO,NO,5137mm (16'  10 1/4in),,,,,77,1000 mm (39 3/8in),,,,,,platform to mezzanine for 94 St & 2nd Ave exit,,,,,,,POINT (-73.9479 40.782997)
EL307,Elevator,Elevator Hydraulic,040,ATLANTICAV-BARCLAYSCTR-BWY-B/Q,Atlantic Av-Barclays Ctr - Station,617,"Atlantic Av (B,Q,2,3,4,5)/Pacific St (D,N,R)",BMT-A-BROADWAY/BRIGHTON,Brooklyn,40.68441,-73.97692,02/26/2004,02/26/2004,RNOS,Removed-Non Functioning-Out of Service,17,YES,NYCT,CEMCO,YES,YES,NO,NO,,,2000,Passenger,,,,Both,6,+,-,+,mezzanine to B/Q platform for service in both directions,-,,,,,"To exit the platform: Take a Manhattan-bound B or Q to DeKalb Av. Transfer to a 95 St-bound R to Atlantic Av-Barclays Ctr where stair-free transfers are available to D, N, Flatbush Av-bound 2, New Lots Av-bound 3, and 4/5. For Manhattan-bound 2/3, take a Manhattan-bound 4/5 to Borough Hall and transfer for 2/3.  If you are in the mezzanine: For B/Q, take a Manhattan-bound R to DeKalb Av and transfer to B/Q.",POINT (-73.97692 40.68441)
EL343,Elevator,Elevator Hydraulic,188,EUCLIDAV-8AV-A/C,Euclid Av - Station,188,,IND-A-8AV/FULTONST,Brooklyn,40.675396,-73.87177,01/25/2006,06/30/2025,IFIS,Installed-Functioning-In Service,17,YES,Third-Party Contractor,OTIS,YES,YES,NO,NO,,10in - 2 3/8in,2100,Passenger,2,,,Southbound,2,+,-,+,mezzanine to platform for Queens-bound A service and C terminal,-,,,,,"If you are on the mezzanine:  Use the elevator at the other end of the mezzanine to take a Manhattan-bound A or C to Utica Av. Then use elevators to transfer to a Queens-bound A.  If you are on the platform:  Take an Ozone Pk-Lefferts Blvd-bound A to Ozone Pk-Lefferts Blvd, then either: Remain on the train or wait at the platform for the next Manhattan-bound A to Euclid Av. Or, use elevators to exit the station and take a Kew Gardens-bound Q10 bus (Lefferts Blvd and Liberty Av) to 101 Av. Then transfer to a Spring Creek-bound Q8 bus to Euclid Av.",POINT (-73.87177 40.675396)
ES247,Escalator,Escalator,475,96ST-2AV-Q,96 St - Station,475,,IND-S-2AV,Manhattan,40.78431,-73.94715,01/01/2017,01/01/2017,IFIS,Installed-Functioning-In Service,22,YES,NYCT,KONE,YES,,YES,YES,9687mm (31'  9 3/8in),,,,,122,1000 mm (39 3/8in),,,,,,mezzanine to 94 St & 2nd Ave (SW corner),,,,,,,POINT (-73.94715 40.78431)
EL404,Elevator,Elevator Traction,222,ROOSEVELTISLAND-63S-F,Roosevelt Island - Station,222,,IND-T-63ST,Manhattan,40.759037,-73.953384,11/01/1989,03/07/2023,IFIS,Installed-Functioning-In Service,22,YES,NYCT,MAE,YES,YES,YES,NO,,,4500,Passenger,2,,,Northbound,1,-,-,+,West Rd to Jamaica-bound platform,-,,,,,"If you are on the street:  Use the elevator at other of mezzanine to take a Manhattan-bound train to Lexington Av/63 St. Use elevator to transfer to a Queens-bound train. Or, exit faregate and take an Astoria-bound Q102 (452 Main St) to 41 Av and 21 St for the 21 St-Queensbridge Station.  If you are on the platform:  Take a Queens-bound train to 21 St-Queensbridge and use elevators to transfer to a Manhattan-bound train to Roosevelt Island Station.",POINT (-73.953384 40.759037)
EL428,Elevator,Elevator Hydraulic,273,QUEENSPLAZA-QBL-E/M/R,Queens Plaza - Station,273,,IND-D-QUEENSBLVD,Queens,40.748894,-73.937874,02/13/2006,08/08/2025,IFIS,Installed-Functioning-In Service,17,YES,Third-Party Contractor,MID-AMERICAN,YES,YES,YES,YES,,16'-4in 3/4in,2400,Passenger,2,,,Both,1,-,+,-,Queens Plaza & Jackson Ave to mezzanine for service in both directions,-,,,,,If you are on the street:  Take a Flushing-bound Q63 bus to Northern Blvd/54 St for the Northern Blvd M/R station. Transfer at Queens Plaza for Manhattan-bound E/F and at Jackson Hts-Roosevelt Av for Jamaica-bound E/F. If you are on the mezzanine:  See station agent to re-enter faregate and take a Manhattan-bound E or F to Court Sq - 23 St. Exit the station and proceed east along 44 Dr and then north along Jackson Av to Queens Blvd.,POINT (-73.937874 40.748894)
EL341,Elevator,Elevator Hydraulic,188,EUCLIDAV-8AV-A/C,Euclid Av - Station,188,,IND-A-8AV/FULTONST,Brooklyn,40.675568,-73.87187,01/25/2006,06/30/2025,IFIS,Installed-Functioning-In Service,17,YES,Third-Party Contractor,OTIS,YES,YES,YES,YES,,14' - 11in,2100,Passenger,2,,,Both,1,+,-,-,Euclid Ave & Pitkin Ave (NE corner) to mezzanine for service in both directions,-,,,,,"If you are on the street:  To Howard Beach-JFK Airport and The Rockaways, take a Jamaica-bound Q8 bus to Woodhaven Blvd. Then transfer to an Old Howard Beach or Hamilton Beach-bound Q11 bus to 159 Av and 101 St. Proceed along 159 Av to Howard Beach-JFK Airport Station for A service.  For other destinations, take a Jamaica-bound Q8 bus to Lefferts Blvd. Then transfer to a JFK-bound Q10 bus to Liberty Av and enter Ozone Pk-Lefferts Blvd Station for A service.  If you are on the mezzanine:  See a station agent to re-enter through the faregate and take an Ozone Pk-Lefferts Blvd-bound A to Ozone Pk-Lefferts Blvd. Use elevators to exit the station and take a Kew Gardens-bound Q10 bus (Lefferts Blvd and Liberty Av) to 101 Av. Then transfer to a Spring Creek-bound Q8 bus to Euclid Av.",POINT (-73.87187 40.675568)
ES282,Escalator,Escalator,476,86ST-2AV-Q,86 St - Station,476,,IND-S-2AV,Manhattan,40.77761,-73.95084,01/01/2017,01/01/2017,IFIS,Installed-Functioning-In Service,22,YES,NYCT,KONE,YES,,YES,YES,8768 mm (28 ' 9 3/16in),,,,,113,,,,,,,86 St & 2nd Ave (NE corner) to upper mezzanine,,,,,,,POINT (-73.95084 40.77761)
EL442,Elevator,Elevator Traction,223,LEXINGTONAV/63ST-63S-F/Q,Lexington Av/63 St - Station,223,,IND-T-63ST,Manhattan,40.76463,-73.96611,12/30/2016,12/30/2016,IFIS,Installed-Functioning-In Service,22,YES,NYCT,HOLLISTER-WHITNEY,YES,YES,NO,NO,,,4500,Passenger,,,,Both,4,+,-,+,63 St & 3 Av mezzanine to platforms for service in both directions.,+,,440,,440,Use an adjacent elevator.,POINT (-73.96611 40.76463)
EL189,Elevator,Elevator Hydraulic,212,KINGSBRIDGERD-CON-B/D,Kingsbridge Rd - Station,212,,IND-C-CONCOURSE,Bronx,40.86623,-73.89395,12/18/2014,12/18/2014,IFIS,Installed-Functioning-In Service,17,YES,NYCT,CANTON,YES,YES,YES,YES,,,2100,Passenger,,,,Both,1,+,-,-,Kingsbridge Rd & Grand Concourse (SE corner) to mezzanine for service in both directions,-,,,,,"If you are on the street: Take a Riverdale-bound Bx1 LTD or Kingsbridge Hts-bound Bx2 bus (Grand Concourse  and E Kingsbridge Rd) to Bedford Pk Blvd. Then, use elevators to enter station for  Manhattan-bound B/D service. If you are on the mezzanine:  See a station agent to re-enter through the faregate and use elevator to take a Bronx-bound B or D to Bedford Pk Blvd. Then, use elevators to exit the station and take a Mott  Haven-bound Bx1 LTD or Bx2 bus (Grand Concourse and Bedford Pk Blvd) to E  Kingsbridge Rd.",POINT (-73.89395 40.86623)
EL273,Elevator,Elevator Hydraulic,397,86ST-LEX-4/5/6,86 St - Station,397,,IRT-L-LEXINGTONAV,Manhattan,40.779514,-73.95532,06/18/2019,06/18/2019,IFIS,Installed-Functioning-In Service,17,YES,NYCT,AM,YES,YES,YES,YES,,,,,,,,Northbound,1,-,-,+,86 St & Lexington Ave (NE corner) to uptown 6 platform,-,,,,,"If you are on the street: Take an uptown M101, M102 or M103 (Third Av between 86 St and 87 St) to 125th St 4/5/6 Station. If you are at the platform: Contact a station agent to re-enter faregate and take a northbound 6 to 125th Street.  Use elevators to exit station and taek a southbound M101 or M103 (Lexington Av and 124th St.)",POINT (-73.95532 40.779514)
ES221,Escalator,Escalator,227,34ST-HERALDSQ-6AV-B/D/F,34 St-Herald Sq - Station,607,"34 St-Herald Sq (B,D,F,M,N,Q,R)",IND-B-6AV/CULVER,Manhattan,40.748985,-73.98863,11/25/1940,11/25/2006,IFIS,Installed-Functioning-In Service,22,YES,NYCT,FUJITEC,YES,,YES,NO,13',,,,,59,24,,,,,,"32 St & 6th Ave (NW corner) to intermediate mezzanine for access to PATH, B/D/F/M, N/Q/R/W service",,,,,,,POINT (-73.98863 40.748985)
EL240,Elevator,Elevator Hydraulic,313,72ST-BWY7-1/2/3,72 St - Station,313,,IRT-B-BROADWAY/7AV,Manhattan,40.779053,-73.9819,11/06/2003,11/06/2003,RNOS,Removed-Non Functioning-Out of Service,17,YES,NYCT,CEMCO,YES,YES,YES,NO,,,3000,Passenger,,,,Southbound,2,-,-,+,Broadway (between 72 St & 73 St) to downtown platform,-,,,,,If you are on the street: Proceed south along Broadway to 66 St – Lincoln Center for uptown 1 service. Transfer at 72 St for 2/3. If you are on the platform: Take an uptown 1/2/3 to 96 St and take a downtown 1 to 66 St – Lincoln Center. Exit the station and proceed north along Broadway to 72 St.,POINT (-73.9819 40.779053)
EL209,Elevator,Elevator Hydraulic,227,34ST-HERALDSQ-6AV-B/D/F,34 St-Herald Sq - Station,607,"34 St-Herald Sq (B,D,F,M,N,Q,R)",IND-B-6AV/CULVER,Manhattan,40.750473,-73.98742,11/22/1993,04/15/2022,IFIS,Installed-Functioning-In Service,17,YES,NYCT,MONGRAIN VERTICAL TRANSPORT,YES,YES,NO,NO,,27’ 3”,2000,Passenger,2,,,Southbound,2,+,-,+,mezzanine to downtown B/D/F/M platform,-,,,,,"If you are on the mezzanine: Take an uptown B, D, F or M to 47-50 Sts-Rockefeller Ctr and use elevators to transfer to a downtown B, D, F or M. Or, take a northbound M5 or M7 bus to 50 St. Transfer to a downtown B, D, F or M at 47-50 Sts-Rockefeller Ctr. If you are on the platform:  Take a downtown B, D, F or M to W 4 St-Washington Sq then either: Use elevators to transfer to an uptown B, D, F or M to 34 St-Herald Sq. Or, exit station and take a northbound M55 bus (6 Av and W 3 St) to 34 St-Herald Sq.",POINT (-73.98742 40.750473)
EL438,Elevator,Elevator Hydraulic,261,FORESTHILLS-71AV-QBL-E/F/M/R,Forest Hills-71 Av - Station,261,,IND-D-QUEENSBLVD,Queens,40.721558,-73.84436,05/09/2014,05/09/2014,IFIS,Installed-Functioning-In Service,17,YES,NYCT,MINNESOTA ELEVATOR (MEI),YES,YES,NO,NO,,,2500,Passenger,,,,Northbound,1,+,-,+,mezzanine to platform for Jamaica-bound E/F service and M/R terminal,-,,,,,"If you are on the mezzanine: Use elevator at other end of mezzanine to take Manhattan-bound EFMR to Jackson Hts/Roosevelt Av. Use elevators to transfer to Jamaica-bound EF.  If you are on the Queens-bound platform: Take a Jamaica-bound E or F to Kew Gardens/Union Tpke, then either: Use elevators to transfer to a Manhattan-bound E/F to Forest Hills/71 Av. Or, use elevators to exit the station and take an East Midtown-bound Q60 bus (Queens Blvd and Union Tpke) to Queens Blvd and 108 St.",POINT (-73.84436 40.721558)
EL722,Elevator,Elevator Hydraulic,106,FULTONST-NAS-J/Z,Fulton St - Station,628,"Fulton St (A,C,J,Z,2,3,4,5)",BMT-R-JAMAICA/NASSAUSTLOOP,Manhattan,40.71016,-74.00742,12/27/2013,12/27/2013,IFIS,Installed-Functioning-In Service,17,YES,NYCT,CANTON,YES,YES,YES,YES,,,2000,Passenger,,,,Both,1,+,-,-,Nassau St & Fulton St (NE corner) to mezzanine for Broad St-bound J/Z service and access to A/C platform and rest of complex,+,723,719,,,If you are on the street: Enter station via elevators in Fulton Center (Fulton St and Broadway). If you are on the Broad St-bound J/Z mezzanine: Contact a station agent to re-enter through the faregates and proceed toward A/C. Follow signs to transfer to a 2 or 3 and exit to street from 2/3 mezzanine.,POINT (-74.00742 40.71016)
EL393,Elevator,Elevator Hydraulic,098,FLUSHINGAV-JAM-J/M,Flushing Av - Station,98,,BMT-J-JAMAICA,Brooklyn,40.700634,-73.94203,03/04/2003,10/27/2023,IFIS,Installed-Functioning-In Service,17,YES,Third-Party Contractor,,YES,YES,YES,YES,,,2500,Passenger,,,,Both,1,+,-,-,Flushing Ave & Broadway (SE corner) to mezzanine for service in both directions,-,,,,,If you are on the street:  Take a Williamsburg-bound B46 bus (Broadway and Flushing Av) to Marcy Av J/M/Z station (Broadway and Marcy Av).  If you are on the mezzanine:  See a station agent to re-enter through the faregate and take a Manhattan-bound M to Marcy Av. Then use the elevator to exit to street and take a Kings Plaza-bound B46 bus (Broadway and Marcy Av) to Flushing Av.,POINT (-73.94203 40.700634)
ES610X,Escalator,Escalator,402,GRANDCENTRAL-42ST-LEX-4/5/6,Grand Central-42 St - Station,610,"Grand Central-42 St (S,4,5,6,7)",IRT-L-LEXINGTONAV,Manhattan,,,,07/01/2012,IFIS,Installed-Functioning-In Service,22,NO,Private Contractor,AM,YES,,NO,NO,,,,,,,,,,,,,Intermediate mezzanine to Bowery Building (SE corner of 42 St & Park Ave),,,,,,,
EL285,Elevator,Elevator Hydraulic,399,68ST-HUNTERCOLLEGE-LEX-6,68 St-Hunter College - Station,399,,IRT-L-LEXINGTONAV,Manhattan,40.768143,-73.96387,12/18/2024,12/18/2024,IFIS,Installed-Functioning-In Service,17,YES,Third-Party Contractor,,YES,YES,NO,NO,,,,,,,,Northbound,2,+,-,+,Mezzanine to uptown and Bronx-bound platform.,-,,,,,"If you are on the mezzanine: Take a Brooklyn Bridge-City Hall-bound 6 to 51 St. Then, transfer to a Bronx-bound 6. If you are on the platform: Take a Bronx-bound 6 to 86 St. Then, exit the station and take a City Hall-bound M103 or East Village-bound M101/M102 bus to Lexington Av and E 68 St.",POINT (-73.96387 40.768143)
ES433X,Escalator,Escalator,279,SUTPHINBLVD-ARCHERAV-JFKAIRPORT-QBL-E/J/Z,Sutphin Blvd-Archer Av-JFK Airport - Station,279,,IND-D-QUEENS/ARCHERAV,Queens,40.700127,-73.80781,,08/05/2011,IFIS,Installed-Functioning-In Service,22,NO,Private Contractor,KONE,YES,,NO,NO,,,,,,,,,,,,,mezzanine to Sutphin Blvd & Archer Ave (SW corner) for connection to LIRR and AirTrain,,,,,,,POINT (-73.80781 40.700127)
ES272,Escalator,Escalator,475,96ST-2AV-Q,96 St - Station,475,,IND-S-2AV,Manhattan,40.782978,-73.94777,01/01/2017,01/01/2017,IFIS,Installed-Functioning-In Service,22,YES,NYCT,KONE,YES,,YES,YES,"8,519mm (27'  11 3/8in)",,,,,111,1000 mm (39 3/8in),,,,,,mezzanine to 94 St & 2nd Ave (NE corner),,,,,,,POINT (-73.94777 40.782978)
EL196,Elevator,Elevator Hydraulic,371,HUNTSPOINTAV-PEL-6,Hunts Point Av - Station,371,,IRT-P-PELHAM,Bronx,40.82079,-73.89087,11/18/2014,11/18/2014,IFIS,Installed-Functioning-In Service,17,YES,NYCT,CANTON,YES,YES,NO,NO,,,2100,Passenger,,,,Northbound,1,+,-,+,Mezzanine to Pelham Bay Parkway-bound platform,-,,,,,"If you are on the mezzanine:  Use the other elevator to take a Manhattan-bound 6 to 125 St. Use elevators to transfer  to a Bronx-bound 6.  Or, use elevators to exit the station and take a Pelham Bay-bound Bx5 bus (Hunts Pt Av  and Southern Blvd) to Bruckner Blvd and Wilkinson Av for Pelham Bay Park 6.  If you are on the platform:  Take a Bronx-bound 6 to Pelham Bay Park, then either: Remain on the train or wait at  the platform for a Manhattan-bound 6 to Hunts Pt Av. Or, use elevators to exit the station and take a West Farms Rd/Southern Blvd-bound Bx5  bus (Bruckner Blvd and Wilkinson Av) to 163 St and Hoe Av.",POINT (-73.89087 40.82079)
ES268X,Escalator,Escalator,317,TIMESSQ-42ST-7AV-1/2/3,Times Sq-42 St - Station,611,"Times Sq-42 St (N,Q,R,S,1,2,3,7)/42 St (A,C,E)",IRT-V-7AV,Manhattan,40.755707,-73.98679,,06/28/2011,IFIS,Installed-Functioning-In Service,22,NO,Private Contractor,AM,YES,,NO,NO,,,,,,0,,,,,,,N/Q/R/W mezzanine to 42 St & 7th Ave (SE corner),,,,,,,POINT (-73.98679 40.755707)
ES379X,Escalator,Escalator,333,WALLST-CLK-2/3,Wall St - Station,333,,IRT-K-CLARKST,Manhattan,40.706657,-74.00872,,10/01/2011,IFIS,Installed-Functioning-In Service,22,NO,Private Contractor,AM,YES,,NO,NO,,,,,,0,,,,,,,60 Wall St atrium (between William St & Pearl St) to mezzanine for 2/3 service,,,,,,,POINT (-74.00872 40.706657)
EL14X,Elevator,Elevator Hydraulic,328,CORTLANDTST-7AV-1,Cortlandt St - Station,328,,IRT-V-7AV,Manhattan,40.710667,-74.01103,09/11/2018,01/02/1900,IFIS,Installed-Functioning-In Service,17,NO,Private Contractor,,YES,YES,NO,NO,,,,Passenger,,,,Northbound,1,-,-,+,Greenwich St to Oculus Balcony with access to uptown 1 and downtown R/W service,+,23X,,,23X,Use another elevator on this level.,POINT (-74.01103 40.710667)
ES360X,Escalator,Escalator,412,FULTONST-LEX-4/5,Fulton St - Station,628,"Fulton St (A,C,J,Z,2,3,4,5)",IRT-M-LEXINGTONAV,Manhattan,40.710598,-74.00898,,11/10/2014,IFIS,Installed-Functioning-In Service,22,NO,Private Contractor,THYSSEN-KRUPP,YES,,NO,NO,,,,,,0,,,,,,,Transit Center entrance (SE corner of Fulton St & Broadway) to uptown 4/5 platform and access to rest of complex,,,,,,,POINT (-74.00898 40.710598)
ES606X,Escalator,Escalator,163,42ST/PORTAUTHORITY-BUSTERMINAL-8AV-A/C/E,42St/Port Authority-Bus Terminal - Station,611,"Times Sq-42 St (N,Q,R,S,1,2,3,7)/42 St (A,C,E)",IND-A-8AV/FULTONST,Manhattan,40.757133,-73.98957,,06/21/2012,IFIS,Installed-Functioning-In Service,22,NO,Private Contractor,AM,YES,,NO,NO,,,,,,,,,,,,,A/C/E mezzanine to intermediate mezzanine for 42 St & 8th Ave exit,,,,,,,POINT (-73.98957 40.757133)
ES364,Escalator,Escalator,412,FULTONST-LEX-4/5,Fulton St - Station,628,"Fulton St (A,C,J,Z,2,3,4,5)",IRT-M-LEXINGTONAV,Manhattan,40.710587,-74.00948,11/10/2014,11/10/2014,IFIS,Installed-Functioning-In Service,22,YES,NYCT,AM,YES,,NO,NO,20' 2 1/5in,,,,,80,48in (1000 mm),,,,,,lower concourse to downtown 4/5 platform and access to street,,,,,,,POINT (-74.00948 40.710587)
EL372,Elevator,Elevator Hydraulic,026,DEKALBAV-4AV-B/Q/R,DeKalb Av - Station,26,,BMT-F-4AV,Brooklyn,40.689808,-73.98154,05/02/2005,04/03/2026,IFIS,Installed-Functioning-In Service,17,YES,Third-Party Contractor,MID-AMERICAN,YES,YES,NO,NO,,12'-5 1/2in,2100,Passenger,2,,,Southbound,2,+,-,+,"mezzanine to Brighton Beach, Coney Island, and Bay Ridge-bound platform",-,,,,,To exit from Bay Ridge/Coney Island-bound platform: Take a Bay Ridge-95 St-bound R to Atlantic Av-Barclays Ctr and transfer to a Manhattan-bound R to DeKalb Av.  If you are on the mezzanine: Take a Manhattan-bound R to Jay St-MetroTech and transfer to a Bay Ridge-bound R.,POINT (-73.98154 40.689808)
EL437,Elevator,Elevator Hydraulic,261,FORESTHILLS-71AV-QBL-E/F/M/R,Forest Hills-71 Av - Station,261,,IND-D-QUEENSBLVD,Queens,40.721497,-73.84476,05/09/2014,05/09/2014,IFIS,Installed-Functioning-In Service,17,YES,NYCT,MINNESOTA ELEVATOR (MEI),YES,YES,YES,YES,,,2100,Passenger,,,,Both,1,+,-,-,South side of Queens Blvd (between 70 Rd & 71 Ave) to mezzanine for service in both directions,-,,,,,If you are on the street: Take a South Jamaica-bound Q60 bus (Queens Blvd and 71 Av) to Queens Blvd and Union Tpke. Then use the elevator on Kew Gardens Rd to enter the Kew Gardens/Union Tpke E/F station.  If you are on the mezzanine: See a station agent to re-enter through the faregate and use the elevator to take a Jamaica-bound E or F to Kew Gardens/Union Tpke. Then use elevators to exit the station and take an East Midtown-bound Q60 bus (Queens Blvd and Union Tpke) to Queens Blvd and 108 St.,POINT (-73.84476 40.721497)
EL383,Elevator,Elevator Hydraulic,042,PROSPECTPARK-BWY-B/Q/S,Prospect Park - Station,42,,BMT-A-BROADWAY/BRIGHTON,Brooklyn,40.661263,-73.96228,05/27/2003,05/27/2003,RNOS,Removed-Non Functioning-Out of Service,17,YES,NYCT,CEMCO,YES,YES,NO,YES,,,2000,Passenger,,,,Southbound,2,-,-,+,Lincoln Rd & Ocean Ave (NE corner) to Brighton Beach and Coney Island-bound B/Q platform,-,,,,,If you are on the street: Take a Bay Ridge-bound B16 bus to Caton Av/St. Pauls Pl. Proceed south along E 18 St for the Church Av B/Q station. If you are on the platform: Take a Coney Island-bound Q or Brighton Beach-bound B to Church Av. Exit the station and proceed north along E 18 St to Caton Av/St. Pauls Pl. Take a Lefferts Gardens-bound B16 bus to Ocean Av/Lincoln Rd.,POINT (-73.96228 40.661263)
EL340,Elevator,Elevator Hydraulic,178,FRANKLINAV-8AV-C,Franklin Av - Station,627,"Franklin Av (C,S)",IND-A-8AV/FULTONST,Brooklyn,40.68133,-73.9558,10/18/1999,05/14/2021,IFIS,Installed-Functioning-In Service,17,YES,NYCT,ACTION ELEVATOR,YES,YES,YES,YES,,,2000,Passenger,,,,Northbound,1,+,-,+,footbridge to Manhattan-bound C platform,-,,,,,"If you are on the footbridge:  Cross the footbridge and use the elevator to take a Euclid Av-bound C to Utica Av. Then either:  Transfer to a Manhattan-bound A or C.  Or, exit the station and take a Downtown Brooklyn-bound B25 bus (Utica Av and Malcolm X Blvd) to Fulton St and Jay St for the A, C, F or R at Jay St-MetroTech.  If you are on the platform:  Take a Manhattan-bound C to Jay St-MetroTech station and use elevators to exit the station. Then take a Broadway Junction-bound B25 bus (Fulton St and Smith St) to Fulton St and Franklin Av.  For Park Place S or Prospect Park B/Q/S stations, transfer to a Lefferts Gardens-bound B48 bus (Franklin Av and Fulton St).",POINT (-73.9558 40.68133)
EL125,Elevator,Elevator Hydraulic,392,125ST-LEX-4/5/6,125 St - Station,392,,IRT-L-LEXINGTONAV,Manhattan,40.804405,-73.937225,09/10/1992,10/26/2016,IFIS,Installed-Functioning-In Service,17,YES,NYCT,MONGRAIN VERTICAL TRANSPORT,YES,YES,YES,YES,,,2000,Passenger,,,,Both,1,+,-,-,125 St & Lexington Av (NE corner) to mezzanine for service in both directions,-,,,,,"If you are on the street: Take a downtown M101 or M103 (Lexington Av and E 124 St). Then either:  For Pelham Bay Park-bound 6 service, take bus to 86 St and use elevator to enter station. Transfer across the platform at 125th St for Woodlawn-bound 4 or Dyre Av-bound 5 service.  For downtown 6 service, take bus to 51st St and use elevators to enter station. For downtown 4, 5 or 6, take bus to 42 St-Grand Central and use elevators to enter station. If you are on the mezzanine:  See a station agent to re-enter faregate, then either: Take a Dyre Av-bound 5 to 3 Av-149 St. Use elevator to exit station and take a Manhattan-bound M125 (Bergen Av and Westchester Av) to 125 St and Lexington Av. Or, take a downtown 6 to 51st St. Use elevators to exit station and take an uptown M101 or M103 (50 St and 3 Av) to 125 St.",POINT (-73.937225 40.804405)
EL324,Elevator,Elevator Hydraulic,410,CANALST-LEX-6,Canal St - Station,623,"Canal St (J,N,Q,R,Z,6)",IRT-MM-LEXINGTONAV,Manhattan,40.71793,-74.000534,07/06/2001,09/11/2025,IFIS,Installed-Functioning-In Service,17,YES,Third-Party Contractor,MID-AMERICAN,YES,YES,YES,YES,,15'-2in,2100,Passenger,,,,Northbound,1,-,-,+,Canal St & Lafayette St (NW corner) to uptown 6 platform,-,,,,,If you are on the street: Take an uptown M1 bus (Centre St and Broome St) to E Houston St for Bleecker St 6 Station. If you are at the platform:  See a station agent to re-enter through the faregate and take a downtown 6 to Brooklyn Bridge-City Hall. Then use elevators to transfer to an uptown 6 to Canal St.,POINT (-74.000534 40.71793)
ES418,Escalator,Escalator,222,ROOSEVELTISLAND-63S-F,Roosevelt Island - Station,222,,IND-T-63ST,Manhattan,40.758904,-73.95269,10/01/1989,10/24/2007,IFIS,Installed-Functioning-In Service,22,YES,NYCT,KONE,YES,,NO,NO,14',,,,,56,40,,,,,,Manhattan-bound platform to lower mezzanine,,,,,,,POINT (-73.95269 40.758904)
ES236,Escalator,Escalator,227,34ST-HERALDSQ-6AV-B/D/F,34 St-Herald Sq - Station,607,"34 St-Herald Sq (B,D,F,M,N,Q,R)",IND-B-6AV/CULVER,Manhattan,40.750317,-73.98751,12/15/1940,01/13/2008,IFIS,Installed-Functioning-In Service,22,YES,NYCT,FUJITEC,YES,,NO,NO,28',,,,,109,24,,,,,,downtown B/D/F/M platform to mezzanine for access to street and N/Q/R/W service,,,,,,,POINT (-73.98751 40.750317)
ES359X,Escalator,Escalator,338,ATLANTICAV-BARCLAYSCTR-EPK-2/3/4/5,Atlantic Av-Barclays Ctr - Station,617,"Atlantic Av (B,Q,2,3,4,5)/Pacific St (D,N,R)",IRT-E-EASTERNPKWY,Brooklyn,40.683598,-73.9766,,10/05/2012,IFIS,Installed-Functioning-In Service,22,NO,Private Contractor,SCHINDLER,YES,,NO,NO,,,,,,,,,,,,,B/Q mezzanine to Barclays Center plaza (SE corner of Atlantic Ave & Flatbush Ave),,,,,,,POINT (-73.9766 40.683598)
EL407,Elevator,Elevator Hydraulic,221,21ST-QUEENSBRIDGE-63S-F,21 St-Queensbridge - Station,221,,IND-T-63ST,Queens,40.75391,-73.94253,11/01/1989,01/31/2017,IFIS,Installed-Functioning-In Service,17,YES,NYCT,EECO (ELEVATOR EQUIP. CO.),YES,YES,NO,NO,,,3000,Passenger,,,,Northbound,1,+,-,+,mezzanine to Jamaica-bound platform,-,,,,,"If you are on the mezzanine:  Take a Manhattan-bound train to Roosevelt Island and transfer to a Forest Hills-bound M (Jamaica-bound F Nights, Weekends).  If you are on the platform:  Weekdays from 6 AM to 9:30 pm: Take a Forest Hills-bound M to Northern Blvd and transfer to a Manhattan-bound M to 21 St - Queensbridge.  Nights and Weekends: Take a Jamaica-bound F to Jackson Hts-Roosevelt Av and transfer to a Manhattan-bound F to 21 St - Queensbridge.",POINT (-73.94253 40.75391)
EL201,Elevator,Elevator Hydraulic,401,51ST-LEX-6,51 St - Station,612,"Lexington Av-53 St (E,M)/51 St (6)",IRT-L-LEXINGTONAV,Manhattan,40.75769,-73.97133,07/01/1989,10/30/2017,IFIS,Installed-Functioning-In Service,17,YES,NYCT,MONGRAIN VERTICAL TRANSPORT,YES,YES,NO,NO,,,3500,Passenger,,,,Southbound,1,+,+,-,Mezzanine to underpass for access to downtown 6.,-,,,,,"If you are on the mezzanine: Take an uptown 6 to 125th Street.  Then use elevators to transfer to downtown 6. Or, exit faregate and use elevator to exit station and take a downtown M102 or M103 (Lexington Av & E 53 St) to Lexington Av and E 42nd St for 42 St-Grand Central Station.  If you are on the underpass: Take a downtown 6 to Grand Central-42 St then either: Use elevators to transfer to an uptown 6. Or, exit station and take an M101 LTD, M102, or M103 bus (3 Av between 42 St and 43 St) to 50 St. Proceed west to Lexington Av.",POINT (-73.97133 40.75769)
EL495X,Elevator,Elevator Hydraulic,198,HOWARDBEACH-JFKAIRPORT-RKY-A,Howard Beach-JFK Airport - Station,198,,IND-F-ROCKAWAY,Queens,40.660477,-73.8303,11/01/2011,11/01/2011,IFIS,Installed-Functioning-In Service,17,NO,Private Contractor,AM,YES,YES,NO,NO,,,,,,,,Northbound,2,+,-,+,mezzanine to Manhattan-bound platform,+,,494X,,494X,Use an adjacent elevator.,POINT (-73.8303 40.660477)
EL501,Elevator,Elevator Hydraulic,211,BEDFORDPKBLVD-CON-B/D,Bedford Pk Blvd - Station,211,,IND-C-CONCOURSE,Bronx,,,10/12/2020,10/12/2020,IFIS,Installed-Functioning-In Service,17,YES,NYCT,MAE,YES,YES,NO,NO,,19' 7-3/4in,2600,Passenger,2,,,Northbound,1,+,-,+,mezzanine to Norwood 205 St-bound platform,-,,,,,"If you are on the northbound platform:  Proceed to the ADA boarding area and inform Conductor on a Norwood-205 St bound D  of the need to remain on train at as it changes direction after Norwood-205 St. Ask the  conductor to confirm that the D train will remain in service*. If yes, board the train and  remain on it until it returns to the opposite platform of Bedford Pk Blvd. Then, use  elevator to exit the station. *If the train will not remain in service, please wait for the  next D train and follow the above instructions. Alternatively, you can also contact a  station agent for instructions on how to exit the station.",
ES271,Escalator,Escalator,475,96ST-2AV-Q,96 St - Station,475,,IND-S-2AV,Manhattan,40.782986,-73.94779,01/01/2017,01/01/2017,IFIS,Installed-Functioning-In Service,22,YES,NYCT,KONE,YES,,YES,YES,"8,519mm (27'  11 3/8in)",,,,,111,1000 mm (39 3/8in),,,,,,94 St & 2nd Ave (NE corner) to mezzanine,,,,,,,POINT (-73.94779 40.782986)
EL304,Elevator,Elevator Hydraulic,338,ATLANTICAV-BARCLAYSCTR-EPK-2/3/4/5,Atlantic Av-Barclays Ctr - Station,617,"Atlantic Av (B,Q,2,3,4,5)/Pacific St (D,N,R)",IRT-E-EASTERNPKWY,Brooklyn,40.684406,-73.97794,04/15/2004,11/26/2025,IFIS,Installed-Functioning-In Service,17,YES,Third-Party Contractor,MID-AMERICAN,YES,YES,NO,NO,,17' - 11in,2100,Passenger,,,,Southbound,4,-,+,+,Brooklyn-bound 2/3 platform to mezzanine for access to rest of complex,+,,306,,301,"If you are on the platform:  Proceed down the passageway to exit through the faregate and use elevator to exit the station. Then, proceed north on 4 Av and turn right on Atlantic Av and use elevator to re-enter the station near Barclays Center. Or, take a Brooklyn-bound 2 or 3 to Eastern Parkway and use elevators to transfer to an Manhattan-bound 2 or 3 to Atlantic Av.  If you are on the mezzanine:  For Brooklyn-bound 2/3 service, use the elevator in this passageway that serves the Manhattan-bound 2 or 3. Then either:  Exit station into the LIRR concourse and take the elevator to street and proceed to the SE corner of Pacific St and 4th Ave to re-enter station. See a station agent to enter through faregate and proceed up ramp at the other end of the mezzanine to the Brooklyn-bound 2/3 platform.  Or, take a Manhattan-bound 2 or 3 to Fulton St and transfer across the platform for Brooklyn-bound 2/3 service.",POINT (-73.97794 40.684406)
ES207,Escalator,Escalator,465,GRANDCENTRAL-42ST-FLS-7,Grand Central-42 St - Station,610,"Grand Central-42 St (S,4,5,6,7)",IRT-C-FLUSHING,Manhattan,40.75184,-73.97714,06/18/1965,02/17/2025,IFIS,Installed-Functioning-In Service,22,YES,NYCT,KONE,YES,,NO,NO,31'-10 1/4in,,,,,116,40in,,,,,,Western mezzanine to 7 platform for service in both directions,,,,,,,POINT (-73.97714 40.75184)
EL485,Elevator,Elevator Hydraulic,269,NORTHERNBLVD-QBL-M/R,Northern Blvd - Station,269,,IND-D-QUEENSBLVD,Queens,40.752884,-73.906006,03/28/2025,03/28/2025,IFIS,Installed-Functioning-In Service,17,YES,Third-Party Contractor,,YES,YES,YES,YES,,,,,Platform,,,Northbound,1,+,-,+,Street (SE corner of 54 St and Broadway) to Forest Hills-bound platform,-,,,,,If you are on the street:   Take a Manhattan-bound R to Queens Plaza and transfer to a Forest Hills-bound R.  If you are on the platform:   Take a Forest Hills-bound M or R train to Jackson Hts - Roosevelt Av or Forest Hills - 71 Av and transfer to a Manhattan-bound M or R to Northern Blvd.,POINT (-73.906006 40.752884)
EL11X,Elevator,Elevator Hydraulic,328,CORTLANDTST-7AV-1,Cortlandt St - Station,328,,IRT-V-7AV,Manhattan,40.711834,-74.01219,09/11/2018,09/11/2018,IFIS,Installed-Functioning-In Service,17,NO,Private Contractor,,YES,YES,NO,NO,,,,Passenger,,,,Both,1,+,+,-,West Concourse balcony to West Concourse with access to 1 service in both directions,+,,12X,12X,,Use another elevator on this level.,POINT (-74.01219 40.711834)
EL376,Elevator,Elevator Hydraulic,068,BAYPKWY-WST-D,Bay Pkwy - Station,68,,BMT-D-WESTEND,Brooklyn,40.602142,-73.99392,07/23/2012,07/23/2012,IFIS,Installed-Functioning-In Service,17,YES,NYCT,CEMCO,YES,YES,YES,YES,,,2500,Passenger,,,,Both,1,+,-,-,Bay Pkwy & 86 St (NW corner) to mezzanine for service in both directions,-,,,,,"If you are on the street: Take a Spring Creek-bound B82 bus or B82 SBS to E 16 St for the Kings Hwy B/Q Station. Or, take a Stillwell Av-bound B82 bus to Mermaid Av and Stillwell Av for the Coney Island-Stillwell Av D/F/N/Q Station. If you are on the mezzanine: See a station agent to re-enter through the faregate and use the elevator to reach the Coney Island-bound platform. Then take the D to Coney Island-Stillwell Av. Use the ramp to exit through the faregate and proceed to Mermaid Av and Stillwell Av. Board a Spring Creek-bound B82 bus to 86 St and Bay Pkwy.",POINT (-73.99392 40.602142)
EL320,Elevator,Elevator Hydraulic,356,CHURCHAV-NOS-2/5,Church Av - Station,356,,IRT-D-NOSTRANDAV,Brooklyn,40.650753,-73.94938,07/17/1998,05/27/2022,IFIS,Installed-Functioning-In Service,17,YES,NYCT,MID-AMERICAN,YES,YES,YES,YES,,,2100,Passenger,2,,,Northbound,1,-,-,+,Nostrand Ave & Church Ave (SE corner) to Manhattan-bound platform,-,,,,,"If you are on the street: Cross Nostrand Av to take a Brooklyn-bound 2 or 5 to Flatbush Av. Use elevators to transfer to a Manhattan-bound 2 or 5. Or, take a Sheepshead Bay-bound B44 bus or B44 SBS (Church Av and Nostrand Av) to Nostrand Av and Flatbush Av. Use the elevator to enter Flatbush Av/Brooklyn College 25. If you are on the platform: Take a Manhattan-bound 2 to Eastern Parkway. Then, use elevators to transfer to a Flatbush Av-bound 2 to Church Av.",POINT (-73.94938 40.650753)
EL389,Elevator,Elevator Hydraulic,035,59ST-4AV-N/R,59 St - Station,35,,BMT-F-4AV,Brooklyn,40.64136,-74.01788,10/31/2020,10/31/2020,IFIS,Installed-Functioning-In Service,17,YES,NYCT,,YES,YES,NO,NO,,,,Passenger,2,,,Southbound,2,+,-,+,mezzanine to platform for Coney Island-bound N and Bay Ridge-bound R service,-,,,,,"If you are on the mezzanine: Exit through the faregate and use elevator to exit the station, then either: For Coney Island-bound N, take a Kings Plaza-bound B9 bus (60 St and 4 Av) to 8 Av for 8 Av N station. Or for 86 St R station, take a Bay Ridge-bound B37 bus (3 Av and 61 St) to 86 St. If you are on the platform: Take a Bay Ridge-bound R to 86 St and transfer across the platform to a Manhattan-bound R to 59 St. Or, take a Coney Island-bound N to 8 Av and use elevators to transfer to a Manhattan-bound N to 59 St.",POINT (-74.01788 40.64136)
EL317,Elevator,Elevator Hydraulic,335,BOROUGHHALL-CLK-2/3,Borough Hall - Station,620,"Court St (R)/Borough Hall (2,3,4,5)",IRT-K-CLARKST,Brooklyn,40.693607,-73.99029,01/06/1995,03/12/2021,IFIS,Installed-Functioning-In Service,17,YES,NYCT,CEMCO,YES,YES,YES,YES,,17' 5in,2500,Passenger,2,,,Both,1,+,-,-,Court St & Montague St (on plaza) to mezzanine for access to 2/3 service in both directions and Manhattan-bound 4/5 service,+,EL773,,,,If you are on the street:  Travel to the northeast corner of Court St and Joralemon St. Use elevator EL773 to enter the Borough Hall station for 2/3/4/5 service. If you are on the mezzanine:  Use the Manhattan-bound 2/3 platform to access the Manhattan-bound 4/5 platform. Use elevators to exit the station.,POINT (-73.99029 40.693607)
EL236,Elevator,Elevator Hydraulic,225,47-50STS-ROCKEFELLERCTR-6AV-B/D/F/M,47-50 Sts-Rockefeller Ctr - Station,225,,IND-B-6AV/CULVER,Manhattan,40.7589,-73.98123,03/31/2009,03/31/2009,IFIS,Installed-Functioning-In Service,17,YES,NYCT,CANTON,YES,YES,NO,NO,,,2000,Passenger,,,,Southbound,2,+,-,+,Mezzanine to downtown platform.,-,,,,,"If you are on the mezzanine: Use the elevator across the mezzanine to take an uptown B or D to 59 St-Columbus Circle. Then use elevators to transfer to a downtown B or D to 47-50 Sts-Rockefeller Ctr. If you are on the platform:  Take a downtown B, D, F or M to 34 St-Herald Sq, then either: Use elevators to transfer to an uptown B, D, F or M to 47-50 Sts-Rockefeller Ctr. Or, use elevators to exit the station and take an uptown M5 or M7 bus to 49 St and 6 Av.",POINT (-73.98123 40.7589)
ES316,Escalator,Escalator,238,SMITH-9STS-6AV-F/G,Smith-9 Sts - Station,238,,IND-B-6AV/CULVER,Brooklyn,40.67443,-73.99714,10/07/1933,06/15/2000,RNOS,Removed-Non Functioning-Out of Service,22,YES,NYCT,OK,YES,,NO,NO,32',,,,,110,24,,,,,,intermediate mezzanine to upper mezzanine,,,,,,,POINT (-73.99714 40.67443)
EL792,Elevator,Elevator Traction,044,CHURCHAV-BWY-B/Q,Church Av - Station,44,,BMT-A-BROADWAY/BRIGHTON,Brooklyn,40.6496,-73.96328,11/10/2025,11/10/2025,IFIS,Installed-Functioning-In Service,,YES,Third-Party Contractor,OTIS,YES,YES,YES,YES,,16' - 1 3/8in,2500,,2,,,Southbound,1,-,-,+,Street (18 St between Church Av & Caton Av) to Brighton Beach and Coney Island-bound platform.,-,,,,,If you are on the street:  Take a Manhattan-bound B or Q to Prospect Park. Transfer to a Brighton Beach-bound B or Coney Island-bound Q. If you are on the platform:  Take a Coney Island-bound Q to Avenue H. Use underpass to transfer to a Manhattan-bound Q to Church Av.,POINT (-73.96328 40.6496)
EL604,Elevator,Elevator Hydraulic,009,57ST-7AV-BWY-N/R/Q,57 St-7 Av - Station,9,,BMT-A-BROADWAY/BRIGHTON,Manhattan,40.764664,-73.98066,05/21/2021,05/21/2021,IFIS,Installed-Functioning-In Service,17,YES,NYCT,AM,YES,YES,NO,NO,,14' 9-7/8in,2600,Passenger,2,,,Both,1,+,-,-,55 St & 7th Ave (NE corner) to mezzanine for service in both directions,-,,,,,"If you are on the street: For northbound N, R, W service, take a downtown M20 (W 55 St), M7 or M104 (W 54 St) 2 stops (W 50), and proceed one block south to 49 St station. For northbound Q or southbound N,Q,R,W service, take a downtown M20 (W 55 St), M7 (W 54 St) 3 stops or M104 (W 54 St) 4 stops to W 41 St. Proceed one block north to Times Square-42 St.  If you are on the mezzanine: See a station agent to re-enter through the faregate. Take a southbound NQRW to Times Sq-42 St. Then exit the station and proceed one block east to 6 Avenue to take a northbound M5 or M7 (W 42 St and 6 Av) 6 stops to W 57 St.",POINT (-73.98066 40.764664)
EL391,Elevator,Elevator Hydraulic,101,MARCYAV-JAM-J/M/Z,Marcy Av - Station,101,,BMT-J-JAMAICA,Brooklyn,40.70858,-73.95787,10/22/2004,09/04/2024,IFIS,Installed-Functioning-In Service,17,YES,Third-Party Contractor,CEMCO/MCE,YES,YES,YES,YES,,,2000,Passenger,,,,Southbound,1,-,-,+,Marcy Ave & Broadway (NW corner) to Manhattan-bound platform,-,,,,,"Take a Kings Plaza-bound B46 bus (Broadway & Marcy Av) to Flushing Av for Manhattan-bound J/M service. If you are on the platform: See a station agent to re-enter through the faregate and take a Manhattan-bound J or Z to Chambers St. Then, use elevators to transfer to a Brooklyn-bound J or Z to Flushing Av and take a Williamsburg-bound B46 bus to Marcy Av.",POINT (-73.95787 40.70858)
ES627,Escalator,Escalator,471,34ST-HUDSONYARDS-FLS-7,34 St-Hudson Yards - Station,471,,IRT-CC-FLUSHING,Manhattan,40.754982,-74.00103,09/13/2015,09/13/2015,IFIS,Installed-Functioning-In Service,22,YES,NYCT,KONE,YES,,YES,YES,30',,,,,110,24,,,,,,Hudson Blvd E (between 33 St & 34 St) to upper mezzanine,,,,,,,POINT (-74.00103 40.754982)
ES222,Escalator,Escalator,227,34ST-HERALDSQ-6AV-B/D/F,34 St-Herald Sq - Station,607,"34 St-Herald Sq (B,D,F,M,N,Q,R)",IND-B-6AV/CULVER,Manhattan,40.74899,-73.988655,12/15/1940,11/25/2006,IFIS,Installed-Functioning-In Service,22,YES,NYCT,FUJITEC,YES,,YES,NO,13',,,,,59,40,,,,,,intermediate mezzanine to 32 St & 6th Ave (NW corner),,,,,,,POINT (-73.988655 40.74899)
ES350,Escalator,Escalator,173,HIGHST-8AV-A/C,High St - Station,173,,IND-A-8AV/FULTONST,Brooklyn,40.69956,-73.99108,06/03/1997,06/03/1997,RNOS,Removed-Non Functioning-Out of Service,22,YES,NYCT,OK,YES,,NO,NO,40',,,,,143,32,,,,,,lower mezzanine to upper mezzanine for Cadman Plaza West & Middagh St exit,,,,,,,POINT (-73.99108 40.69956)
EL523,Elevator,Elevator Traction,379,MOSHOLUPKWY-JER-4,Mosholu Pkwy - Station,379,,IRT-J-JEROMEAV,Bronx,40.87975,-73.88466,08/26/2025,08/26/2025,IFIS,Installed-Functioning-In Service,17,YES,Third-Party Contractor,,YES,YES,NO,YES,,30'-1/16in,2500,,,,,Both,2,+,-,+,Street (SE corner of Jerome Av and E Mosholu Pkwy North) to Transfer Mezzanine & Woodlawn-bound Platform,-,,,,,If you are on the street:   Proceed to the SW corner of W Mosholu Pkwy South & Jerome Av. Then either:   Take a Mott Haven-bound Bx1 or Bx2 to Bedford Park Blvd. Take a Manhattan-bound B or D train to 161 St – Yankee Stadium and transfer to 4 service.  Or take a Mott Haven-bound Bx1 or Bx2 to Fordham Rd. Head west along E 188 St and then west along Fordham Rd to the Fordham Rd 4 station for service in both directions.    If you are on the transfer mezzanine level:   Take a Manhattan-bound 4 to Fordham Rd. Exit the station and proceed east along Fordham Rd to the NE corner of Fordham Rd and Grand Concourse. Take a Riverdale-bound Bx1 or Kingsbridge Heights-bound Bx2 to E Mosholu Pkwy South / Jerome Av.   If you are on the Woodlawn-bound platform:  Take a Woodlawn-bound 4 train to Woodlawn. Transfer to a Manhattan-bound 4 train (trains become Manhattan-bound after Woodlawn),POINT (-73.88466 40.87975)
EL326,Elevator,Elevator Hydraulic,171,WORLDTRADECENTER-8AV-E,World Trade Center - Station,624,"Chambers St (A,C)/WTC (E)/Park Place (2,3)/Cortlandt St (R, W)",IND-A-8AV/FULTONST,Manhattan,40.713108,-74.00913,08/27/2018,08/27/2018,IFIS,Installed-Functioning-In Service,17,YES,NYCT,CANTON,YES,YES,YES,YES,,13'2in,2100,,2,,,Both,1,-,-,+,Park Pl & Church St (SE corner to E Line access to downtown R/W,+,23X,,,23X,Use another elevator on this level.,POINT (-74.00913 40.713108)
ES372,Escalator,Escalator,330,SOUTHFERRY-7AV-1,South Ferry - Station,635,South Ferry (1)/Whitehall St (R),IRT-V-7AV,Manhattan,40.701656,-74.0131,03/16/2009,06/27/2017,IFIS,Installed-Functioning-In Service,22,YES,NYCT,KONE,YES,,NO,NO,8030 mm (26' 4 1/8in),,,,,109,"40in (NOMINAL), 996 mm",,,,,,1 platform to mezzanine for Peter Minuit Plaza exit and R/W service,,,,,,,POINT (-74.0131 40.701656)
ES637X,Escalator,Escalator,402,GRANDCENTRAL-42ST-LEX-4/5/6,Grand Central-42 St - Station,610,"Grand Central-42 St (S,4,5,6,7)",IRT-MM-LEXINGTONAV,Manhattan,40.849506,-73.93359,12/09/2020,12/09/2020,IFIS,Installed-Functioning-In Service,22,NO,Private Contractor,,YES,,,,,,,,,,,,,,,,Platform level for Shuttle service to 42 St and Vanderbilt Ave (NE Corner).,,,,,,,POINT (-73.93359 40.849506)
EL519,Elevator,Elevator Hydraulic,305,137ST-CITYCOLLEGE-BWY7-1,137 St-City College - Station,305,,IRT-BB-BROADWAY/7AV,Manhattan,40.821575,-73.95381,,05/01/2026,IFIS,Installed-Functioning-In Service,,YES,Third-Party Contractor,SMARTRISE,YES,YES,YES,YES,,16' - 10in,2500,Passenger,2,,,Northbound,1,-,-,+,Street (NE corner of Broadway and W 137 St) to uptown 1 platform.,-,,,,,If you are on the platform: Take an uptown 1 to Dyckman St. Transfer to a Manhattanville-bound M100 bus (Dyckman St / Nagle Av) to Amsterdam Av / 138 St. Proceed west along 138 St to Broadway for the 137 St – City College 1 station.   If you are on the street: Proceed east along 138 St to Amsterdam Av and take an Inwood-bound M100 bus (Amsterdam Av / 138 St) to Dyckman St / Nagle Av for the Dyckman St 1 station.,POINT (-73.95381 40.821575)
ES367,Escalator,Escalator,172,FULTONST-8AV-A/C,Fulton St - Station,628,"Fulton St (A,C,J,Z,2,3,4,5)",IND-A-8AV/FULTONST,Manhattan,40.709774,-74.006836,11/12/2013,11/12/2013,IFIS,Installed-Functioning-In Service,22,YES,NYCT,KONE,YES,,NO,NO,17' 2in,,,,,72,1000 mm,,,,,,2/3 mezzanine (William St & Fulton St) to transfer mezzanine for A/C & Broad St-bound J/Z service and access to rest of complex,,,,,,,POINT (-74.006836 40.709774)
EL494X,Elevator,Elevator Hydraulic,198,HOWARDBEACH-JFKAIRPORT-RKY-A,Howard Beach-JFK Airport - Station,198,,IND-F-ROCKAWAY,Queens,40.660477,-73.8303,11/01/2011,11/01/2011,IFIS,Installed-Functioning-In Service,17,NO,Private Contractor,AM,YES,YES,NO,NO,,,,,,,,Northbound,1,+,-,+,mezzanine to Manhattan-bound platform,+,,495X,,495X,Use an adjacent elevator.,POINT (-73.8303 40.660477)
EL126,Elevator,Elevator Hydraulic,392,125ST-LEX-4/5/6,125 St - Station,392,,IRT-L-LEXINGTONAV,Manhattan,40.80449,-73.93734,11/01/1989,10/26/2016,IFIS,Installed-Functioning-In Service,17,YES,NYCT,CEMCO,YES,YES,NO,NO,,,2000,Passenger,,,,Both,1,+,-,+,Mezzanine to platforms for service in both directions,-,,,,,"If you are on the mezzanine:  Use elevator to exit station and take a downtown M101 or M103 (Lexington Av and E 124 St). Then either:  For Pelham Bay Park-bound 6 service, take bus to 86 St and use elevator to enter station.  Transfer across the platform at 125th St for Woodlawn-bound 4 or Dyre Av-bound 5 service.   For downtown 6 service, take bus to 51st St and use elevators to enter station.  For downtown 4, 5 or 6, take bus to 42 St-Grand Central and use elevators to enter station.  If you are on the Bronx-bound platform:  Take a Woodlawn-bound 4 to 161 St-Yankee Stadium. Then, use elevators to transfer to a downtown 4 to 125 St. Or, take a Dyre Av-bound 5 to 3 Av-149 St. Then, use elevator to exit station and take a Manhattan-bound M125 (Bergen Av and Westchester Av) to 125 St and Lexington Av.  If you are on the downtown platform:  Take a downtown 6 to 51 St. Then either:  Use elevators to transfer to a Pelham Bay Park-bound 6 to 125 St.  Or, use elevators to exit station and take an uptown M101 or M103 (50 St and 3 Av) to 125 St.",POINT (-73.93734 40.80449)
EL103,Elevator,Elevator Traction,300,191ST-BWY7-1,191 St - Station,300,,IRT-BB-BROADWAY/7AV,Manhattan,40.855427,-73.92941,09/14/1926,11/24/2020,IFIS,Installed-Functioning-In Service,22,YES,NYCT,OTIS,YES,NO,NO,NO,,172’9”,10000,Passenger,3,,,Both,1,+,-,-,191 St & St Nicholas Ave (SW corner) to mezzanine for service in both directions and access to passageway to Broadway & 191 St,+,"104, 105, 106","104, 105, 106",,,Use an adjacent elevator.,POINT (-73.92941 40.855427)
EL220,Elevator,Elevator Hydraulic,015,14ST-UNIONSQ-BWY-N/R/Q,14 St-Union Sq - Station,602,"14 St-Union Sq (L,N,Q,R,4,5,6)",BMT-A-BROADWAY/BRIGHTON,Manhattan,40.735264,-73.990746,05/26/2000,09/26/2025,IFIS,Installed-Functioning-In Service,17,YES,Third-Party Contractor,MID-AMERICAN,YES,YES,NO,NO,,10' - 2in,2500,Passenger,2,,,Southbound,2,+,-,+,mezzanine to downtown N/Q/R/W platform,-,,,,,"This elevator is out of service for replacement. Read on for alternatives:  If you are on the mezzanine: Take an uptown N, Q, R or W to 34 St-Herald Sq and use elevators to transfer to a downtown N, Q, R or W. Or, exit station and take a westbound M14A or M14D bus to 14 St and 6 Av and transfer to a northbound M7 or M55 bus to 34 St-Herald Sq. If you are on the platform: Take a downtown R or W to City Hall, see agent to cross the platform and transfer to an uptown R or W to 14 St-Union Sq.",POINT (-73.990746 40.735264)
EL109,Elevator,Elevator Traction,301,181ST-BWY7-1,181 St - Station,301,,IRT-BB-BROADWAY/7AV,Manhattan,40.849506,-73.93359,05/01/1959,11/30/2021,IFIS,Installed-Functioning-In Service,22,YES,NYCT,MCE,YES,NO,NO,NO,,103' 5in,9000,Passenger,3,,,Both,3,+,+,-,mezzanine to bridge for service in both directions,+,,"107, 108, 110","107, 108, 110",,Use an adjacent elevator.,POINT (-73.93359 40.849506)
ES304,Escalator,Escalator,353,PRESIDENTST-MEDGAREVERSCOLLEGE-NOS-2/5,President St-Medgar Evers College - Station,353,,IRT-D-NOSTRANDAV,Brooklyn,40.667908,-73.95068,01/10/1939,03/21/2002,IFIS,Installed-Functioning-In Service,22,YES,NYCT,FUJITEC,YES,,NO,NO,23',,,,,84,40,,,,,,platform to mezzanine for President St & Nostrand Ave exit,,,,,,,POINT (-73.95068 40.667908)
EL123,Elevator,Elevator Hydraulic,147,175ST-8AV-A,175 St - Station,147,,IND-A-8AV/FULTONST,Manhattan,40.847958,-73.93938,11/01/1989,02/15/2025,IFIS,Installed-Functioning-In Service,17,YES,Third-Party Contractor,MID-AMERICAN,YES,YES,YES,YES,,22',2100,Passenger,2,,,Both,1,+,-,-,177 St & Fort Washington Ave (NE corner) to mezzanine for service in both directions.,-,,,,,"Proceed to 176 St and Broadway. Then take a downtown Bx7, M5 or M100 (176 St and Broadway) to 168 St station, where A service is available. Take an A train to 168 St, then use elevators to exit station and take an uptown M5 (167 St and Broadway), uptown M100, or Riverdale-bound Bx7 (167 St and St Nicholas Av) to 175 St and Broadway. Proceed one block west to Ft Washington Av.",POINT (-73.93938 40.847958)
EL120,Elevator,Elevator Traction,145,190ST-8AV-A,190 St - Station,145,,IND-A-8AV/FULTONST,Manhattan,40.859013,-73.93404,10/01/1985,11/30/2021,IFIS,Installed-Functioning-In Service,22,YES,NYCT,IMPERIAL,YES,NO,NO,NO,,,10000,Passenger,,,,Both,3,+,+,-,upper mezzanine (Fort Washington Av) to lower mezzanine for service in both directions and access to passageway to Bennett Ave & 190 St,+,,116,116,,Use an adjacent elevator.,POINT (-73.93404 40.859013)
EL215,Elevator,Elevator Hydraulic,318,34ST-PENNSTATION-7AV-1/2/3,34 St-Penn Station - Station,318,,IRT-V-7AV,Manhattan,40.75047,-73.991,12/07/1999,04/07/2022,IFIS,Installed-Functioning-In Service,17,YES,NYCT,CEMCO,YES,YES,NO,NO,,,2000,Passenger,,,,Both,3,+,-,+,concourse level of Penn Station to platform for 2/3 service in both directions.,-,,,,,"If you are on the mezzanine:  Take an uptown 1 to Times Sq-42 St and transfer across the platform to an uptown 2 or 3 or use elevators to transfer to downtown 2 or 3. If you are on the platform: Take an uptown 2 or 3 to Times Sq-42 St, then either: Use elevators to transfer to a downtown 1 to 34 St-Penn Station. Or, use elevators to exit the station and take an M7 or M20 bus (7 Av between 42 St and 41 St) to 34 St.",POINT (-73.991 40.75047)
EL616,Elevator,Elevator Hydraulic,322,14ST-7AV-1/2/3,14 St - Station,601,"14 St (F,M,1,2,3)/6 Av (L)",IRT-V-7AV,Manhattan,40.737827,-74.0002,11/02/2024,11/02/2024,IFIS,Installed-Functioning-In Service,17,YES,Third-Party Contractor,,YES,YES,NO,NO,,,,,,,,Northbound,2,+,-,+,Mezzanine to uptown 1/2/3 platform.,-,,,,,If you are on the mezzanine: Take a downtown 1/2/3 to Chambers St and transfer to an uptown 1/2/3.  If you are on the platform: Take an uptown 1/2/3 to 34 St - Penn Station and transfer to a downtown 1/2/3 to 14 St.,POINT (-74.0002 40.737827)
ES443,Escalator,Escalator,278,JAMAICACENTER-PARSONS/ARCHER-QBL-E/J/Z,Jamaica Center-Parsons/Archer - Station,278,,IND-D-QUEENS/ARCHERAV,Queens,40.7021,-73.80144,12/01/1988,07/14/2008,IFIS,Installed-Functioning-In Service,22,YES,NYCT,KONE,YES,,NO,NO,11',,,,,53,40in,,,,,,E platform to mezzanine for 153 St & Archer Ave exit,,,,,,,POINT (-73.80144 40.7021)
ES639X,Escalator,Escalator,402,GRANDCENTRAL-42ST-LEX-4/5/6,Grand Central-42 St - Station,610,"Grand Central-42 St (S,4,5,6,7)",IRT-MM-LEXINGTONAV,Manhattan,40.849506,-73.93359,12/09/2020,12/09/2020,IFIS,Installed-Functioning-In Service,22,NO,Private Contractor,,YES,,,,,,,,,,,,,,,,42 St and Vanderbilt Ave (NE corner) to platform level for Shuttle service.,,,,,,,POINT (-73.93359 40.849506)
ES444,Escalator,Escalator,278,JAMAICACENTER-PARSONS/ARCHER-QBL-E/J/Z,Jamaica Center-Parsons/Archer - Station,278,,IND-D-QUEENS/ARCHERAV,Queens,40.702084,-73.80143,12/01/1988,07/14/2008,IFIS,Installed-Functioning-In Service,22,YES,NYCT,KONE,YES,,NO,NO,11',,,,,53,40in,,,,,,mezzanine (153 St & Archer Ave) to E platform for Queens-bound service,,,,,,,POINT (-73.80143 40.702084)
EL740,Elevator,Elevator Hydraulic,073,NEWUTRECHTAV-SEA-N,New Utrecht Av - Station,615,New Utrecht Av (N)/62 St (D),BMT-E-SEABEACH,Brooklyn,40.62577,-73.99705,07/19/2019,07/19/2019,IFIS,Installed-Functioning-In Service,17,YES,NYCT,,YES,YES,NO,YES,,,,Passenger,,,,Northbound,1,+,-,+,mezzanine to Manhattan-bound D platform,-,,,,,"If you are on the mezzanine: Use elevator at the end of opposite ramp to take a Coney Island-bound D to Coney Island-Stillwell Av.  Then, stay on train or transfer across the platform for a Manhattan-bound D. If you are on the platform: Use the elevator at other end of passageway  to take Coney Island-bound D to Coney Island-Stillwell Av.  Use elevators to access N platform and then either: Use ramp to exit station and take a Windsor Terrace-bound B68 (Stillwell Terminal) to Avenue M.  Then, transfer to a Shore Rd-bound B9 (Avenue M and Coney Island Av) to 60th Street and New Utrecht Av. Or, transfer to Manhattan-bound N.",POINT (-73.99705 40.62577)
EL423,Elevator,Elevator Hydraulic,454,74ST-BROADWAY-FLS-7,74 St-Broadway - Station,616,"74-Broadway (7)/Jackson Hts-Roosevelt Av (E,F,M,R)",IRT-C-FLUSHING,Queens,40.746956,-73.89153,01/06/2006,09/26/2025,IFIS,Installed-Functioning-In Service,17,YES,Third-Party Contractor,MID-AMERICAN,YES,YES,NO,YES,,14' - 9in,2100,Passenger,,,,Southbound,1,+,-,+,mezzanine to Manhattan-bound 7 platform,-,,,,,"If you are on the Manhattan-bound platform:  Take a Manhattan-bound 7 to 61 St-Woodside then either:  Transfer to a Flushing-Main St-bound 7 to 74 St-Broadway.  Or, exit station and take LaGuardia Airport-bound Q70 SBS bus or Rockaway Park-bound Q53 SBS bus (Roosevelt Av at 62 St) to Jackson Hts-Roosevelt Av/74 St-Broadway.  If you are on the Manhattan-bound 7 Mezzanine:  Exit the station and take a Woodside-bound Q70 SBS or Q53 SBS bus to 61 St/Roosevelt Av for the 61 St-Woodside 7 station.",POINT (-73.89153 40.746956)
EL465,Elevator,Elevator Hydraulic,002,ASTORIABLVD-AST-N/Q,Astoria Blvd - Station,2,,BMT-G-ASTORIA,Queens,40.770226,-73.91765,07/24/2020,07/24/2020,IFIS,Installed-Functioning-In Service,17,YES,NYCT,MID-AMERICAN,YES,YES,YES,YES,,15'6in,2600,Passenger,2,,,Both,1,-,+,-,Hoyt Ave South and 31 St (SE corner) to mezzanine for service in both directions,+,EL464,EL464,,,If you are on the street: Proceed to the other elevator at NW corner of Hoyt Ave North and 31 St. If you are on the mezzanine: Contact a station agent to re-enter through the faregate and cross the mezzanine. Exit through the faregate and proceed down the passageway for other elevator on this level.,POINT (-73.91765 40.770226)
EL289X,Elevator,Elevator Traction,163,42ST/PORTAUTHORITY-BUSTERMINAL-8AV-A/C/E,42St/Port Authority-Bus Terminal - Station,611,"Times Sq-42 St (N,Q,R,S,1,2,3,7)/42 St (A,C,E)",IND-A-8AV/FULTONST,Manhattan,40.75736,-73.98971,01/01/1900,09/01/2011,IFIS,Installed-Functioning-In Service,22,NO,Private Contractor,AM,YES,YES,NO,NO,,,,Passenger,,,,Both,2,+,-,-,Port Authority Bus Terminal (8th Ave between 41st St & 42nd St) to mezzanine for A/C/E service in both directions via ramps,+,288X,288X,,,If you are on the street: Use other elevator in mezzanine to Port Authority Bus Terminal. If you are on the mezzanine: Use other elevator in mezzanine to Port Authority Bus Terminal.,POINT (-73.98971 40.75736)
EL499,Elevator,Elevator Hydraulic,203,ROCKAWAYPARK-BEACH116ST-RKY-A/S,Rockaway Park-Beach 116 St - Station,203,,IND-F-ROCKAWAY,Queens,40.580902,-73.835594,04/28/2009,04/28/2009,IFIS,Installed-Functioning-In Service,17,YES,NYCT,MONGRAIN VERTICAL TRANSPORT,NO,YES,NO,NO,,,2500,Passenger,,,,,,,,,Passenger Yard Elevator At Rockaway Park Beach 116 Street,,,,,,,POINT (-73.835594 40.580902)
EL129,Elevator,Elevator Hydraulic,434,3AV-149ST-LWP-2/5,3 Av-149 St - Station,434,,IRT-F-LENOX/WHITEPLAINS,Bronx,40.81598,-73.917984,03/18/1997,04/30/2025,IFIS,Installed-Functioning-In Service,17,YES,Third-Party Contractor,OTIS,YES,YES,YES,YES,,15'-7in,2100,Passenger,,,,Northbound,1,-,-,+,3rd Ave & 149 St (SW corner) to Bronx-bound platform,-,,,,,"If you are on the street: Take a Westchester Square-bound Bx4 (Bergen Av and 149 St) to Simpson St 25. If you are on the platform: Take a 241 St-bound 2, or Dyre Av-bound 5 to Simpson St. Then use the elevator to exit the station and take a Hub-bound Bx4 bus (Westchester Av and Simpson St) to 149 St and Bergen Av.",POINT (-73.917984 40.81598)
ES301,Escalator,Escalator,331,PARKPLACE-CLK-2/3,Park Place - Station,624,"Chambers St (A,C)/WTC (E)/Park Place (2,3)/Cortlandt St (R, W)",IRT-K-CLARKST,Manhattan,40.712917,-74.0085,06/01/1966,11/14/2025,IFIS,Installed-Functioning-In Service,22,YES,NYCT,KONE,YES,,NO,NO,30',,,,,110,40',,,,,,2/3 platform to mezzanine for Park Pl & Broadway exit,,,,,,,POINT (-74.0085 40.712917)
EL173,Elevator,Elevator Hydraulic,,,,,,,Bronx,40.841805,-73.87421,08/18/2010,08/18/2010,IFIS,Installed-Functioning-In Service,17,YES,NYCT,AUTOQUIP,NO,NO,NO,NO,,,,Freight,,,,,,,,,3 Landings,,,,,,,POINT (-73.87421 40.841805)
EL787,Elevator,Elevator Traction,,,,,,,Staten Island,40.57415,-74.116554,09/19/2023,09/19/2023,IFIS,Installed-Functioning-In Service,22,YES,Third-Party Contractor,,YES,YES,YES,YES,,,,,2,,,Southbound,1,+,-,+,Near SE corner of New Dorp Ln and New Dorp Plaza for access to Tottenville-bound platform.,-,,,,,If you are on the street: Follow New Dorp Ln to use EL 788 to take a St. George-bound SIR train to Dongan Hills station. Use ramps to transfer to a Tottenville-bound SIR train.  If you are on the platform:  Take a Tottenville-bound SIR train to Great Kills station and use ramps to transfer to a St. George-bound SIR train to New Dorp station.,POINT (-74.116554 40.57415)
ES322,Escalator,Escalator,173,HIGHST-8AV-A/C,High St - Station,173,,IND-A-8AV/FULTONST,Brooklyn,40.699528,-73.991104,06/24/1933,05/15/2025,IFIS,Installed-Functioning-In Service,22,YES,NYCT,KONE,YES,,NO,NO,39' 11/5in,,,,,140,24,,,,,,upper mezzanine (Cadman Plaza West & Middagh St) to lower mezzanine,,,,,,,POINT (-73.991104 40.699528)
ES230,Escalator,Escalator,227,34ST-HERALDSQ-6AV-B/D/F,34 St-Herald Sq - Station,607,"34 St-Herald Sq (B,D,F,M,N,Q,R)",IND-B-6AV/CULVER,Manhattan,40.749756,-73.98772,12/15/1940,11/23/2006,IFIS,Installed-Functioning-In Service,22,YES,NYCT,FUJITEC,YES,,NO,NO,30',,,,,110,24,,,,,,uptown B/D/F/M platform to mezzanine for N/Q/R/W service,,,,,,,POINT (-73.98772 40.749756)
ES104,Escalator,Escalator,421,GUNHILLRD-LWP-2/5,Gun Hill Rd - Station,421,,IRT-W-WHITEPLAINSRD,Bronx,40.877785,-73.86631,07/20/1939,10/28/2005,IFIS,Installed-Functioning-In Service,22,YES,NYCT,FUJITEC,YES,,YES,NO,20',,,,,78,40,,,,,,mezzanine to Gun Hill Rd & White Plains Rd exit,,,,,,,POINT (-73.86631 40.877785)
EL163,Elevator,Elevator Hydraulic,380,BEDFORDPKBLVD-LEHMANCOLLEGE-JER-4,Bedford Pk Blvd-Lehman College - Station,380,,IRT-JM-JEROMEYD,Bronx,40.878635,-73.88715,01/26/1991,01/26/1991,IFIS,Installed-Functioning-In Service,17,YES,NYCT,CEMCO,NO,NO,NO,NO,,,2000,Freight,,,,,,,,,Freight Elevator At Jerome Yard,,,,,,,POINT (-73.88715 40.878635)
EL210,Elevator,Elevator Hydraulic,227,34ST-HERALDSQ-6AV-B/D/F,34 St-Herald Sq - Station,607,"34 St-Herald Sq (B,D,F,M,N,Q,R)",IND-B-6AV/CULVER,Manhattan,40.7504,-73.98725,11/22/1993,10/22/2021,IFIS,Installed-Functioning-In Service,17,YES,NYCT,CANTON,YES,YES,NO,NO,,27’ 3”,2000,Passenger,2,,,Northbound,1,+,-,+,mezzanine to uptown B/D/F/M platform,-,,,,,"If you are on the mezzanine: Take a downtown B, D, F or M to W 4 St-Washington Sq and use elevators to transfer to an uptown B, D, F or M to 34 St-Herald Sq. Or, take a northbound M5 or M7 bus to 50 St. Transfer to an uptown B, D, F or M. If you are on the platform: Take an uptown B, D, F or M to 47-50 Sts Rockefeller Ctr then either: Use elevators to transfer to a downtown B, D, F or M to 34 St-Herald Sq. Or, exit station and take an eastbound M50 bus (50 St and 6 Av) to 50 St and 5 Av. Transfer to a southbound M2 LTD, M3, or M5 LTD bus and exit at 33 St and 5 Av. Proceed one block west to 34 St-Herald Sq.",POINT (-73.98725 40.7504)
EL419X,Elevator,Elevator Hydraulic,456,61ST-WOODSIDE-FLS-7,61 St-Woodside - Station,456,,IRT-C-FLUSHING,Queens,40.74583,-73.90267,04/16/1999,04/16/1999,IFIS,Installed-Functioning-In Service,17,NO,LIRR,AM,YES,NO,NO,NO,,,,,,,,Both,4,+,-,+,mezzanine to Long Island-bound LIRR platform,-,,,,,Alt route not available for this elevator. Please use TripPlanner for latest information.,POINT (-73.90267 40.74583)
ES305,Escalator,Escalator,024,COURTST-BWY-R,Court St - Station,620,"Court St (R)/Borough Hall (2,3,4,5)",BMT-B-BROADWAY,Brooklyn,40.69391,-73.99119,11/11/1930,07/17/2003,IFIS,Installed-Functioning-In Service,22,YES,NYCT,FUJITEC,YES,,NO,NO,22',,,,,78,40,,,,,,R lower mezzanine to mezzanine for Court St & Montague St exit and 2/3/4/5 service,,,,,,,POINT (-73.99119 40.69391)
EL106,Elevator,Elevator Traction,300,191ST-BWY7-1,191 St - Station,300,,IRT-BB-BROADWAY/7AV,Manhattan,40.855488,-73.92941,01/01/1962,11/24/2020,IFIS,Installed-Functioning-In Service,22,YES,NYCT,MCE,YES,NO,NO,NO,,162' - 4in,10000,Passenger,2,,,Both,4,+,-,-,191 St & St Nicholas Ave (SW corner) to mezzanine for service in both directions and access to passageway to Broadway & 191 St,+,"103, 104, 105","103, 104, 105",,,Use an adjacent elevator.,POINT (-73.92941 40.855488)
EL230,Elevator,Elevator Hydraulic,011,TIMESSQ-42ST-BWY-N/R/Q,Times Sq-42 St - Station,611,"Times Sq-42 St (N,Q,R,S,1,2,3,7)/42 St (A,C,E)",BMT-A-BROADWAY/BRIGHTON,Manhattan,40.755657,-73.98635,05/02/2003,06/19/2025,IFIS,Installed-Functioning-In Service,17,YES,Third-Party Contractor,MID-AMERICAN,YES,YES,NO,NO,,16' - 5in,2100,Passenger,,,,Northbound,3,+,-,+,mezzanine to uptown N/Q/R/W platform,-,,,,,"If you are on the mezzanine:  Exit the station and take a downtown M7 or M20 bus to 34 St/7 Av. Proceed one block east to 34 St-Herald Sq for N/Q/R/W service.  If you are on the platform:  Take an uptown N, R or W to 49 St. Exit station and take a M7, M20, or M104 bus (7 Av between 49 St and 50 St) to 41 St. To transfer to 1/2/3/7/S service, see agent to re-enter the Times Sq - 42 St station.",POINT (-73.98635 40.755657)
ES432X,Escalator,Escalator,279,SUTPHINBLVD-ARCHERAV-JFKAIRPORT-QBL-E/J/Z,Sutphin Blvd-Archer Av-JFK Airport - Station,279,,IND-D-QUEENS/ARCHERAV,Queens,40.70014,-73.80775,,08/05/2011,IFIS,Installed-Functioning-In Service,22,NO,Private Contractor,AM,YES,,NO,NO,,,,,,,,,,,,,LIRR and AirTrain Terminal (SW corner of Sutphin Blvd & Archer Ave) to mezzanine for E/J/Z service,,,,,,,POINT (-73.80775 40.70014)
EL744X,Elevator,Elevator Hydraulic,336,HOYTST-EPK-2/3,Hoyt St - Station,336,,IRT-E-EASTERNPKWY,Brooklyn,40.690807,-73.98577,09/05/2023,09/05/2023,IFIS,Installed-Functioning-In Service,17,NO,Private Contractor,,YES,NO,NO,NO,,,,,,,,Southbound,1,+,-,+,Next to Macy's entrance for New Lots Av/Flatbush Av-bound service.,-,,,,,"If you are on the street:   Take a Kings Plaza-bound B41 bus to Flatbush Av and Atlantic Av for access to Atlantic Av-Barclays Center 2/3/4/5/B/D/N/Q/R station. Use elevator located at Flatbush Ave and Hansen Pl for easiest access to 2/3 service. If you are on the platform: Use nearby HelpPoint for assistance to re-enter the station and take a 2 or 3 train to Atlantic Ave-Barclays Center station. Exit the station and take a Downtown Brooklyn-bound B41 bus (Flatbush Ave and Pacific St) to Hoyt St and Livingston St. Or, transfer to a Manhattan-bound B/Q or R train to nearby Dekalb Ave or Jay St-MetroTech stations.",POINT (-73.98577 40.690807)
ES217,Escalator,Escalator,317,TIMESSQ-42ST-7AV-1/2/3,Times Sq-42 St - Station,611,"Times Sq-42 St (N,Q,R,S,1,2,3,7)/42 St (A,C,E)",IRT-V-7AV,Manhattan,40.755516,-73.98772,03/14/1927,08/05/2006,IFIS,Installed-Functioning-In Service,22,YES,NYCT,KONE,YES,,NO,NO,37',,,,,134,40,,,,,,upper mezzanine (41 St & 7 Ave) to 7 platform for service in both directions,,,,,,,POINT (-73.98772 40.755516)
EL774,Elevator,Elevator Hydraulic,415,BOROUGHHALL-EPK-4/5,Borough Hall - Station,620,"Court St (R)/Borough Hall (2,3,4,5)",IRT-M-LEXINGTONAV,Brooklyn,40.692406,-73.99015,12/05/2025,12/05/2025,IFIS,Installed-Functioning-In Service,,YES,Third-Party Contractor,,YES,YES,NO,NO,,15' - 8in,300,Passenger,2,,,Northbound,2,+,-,+,Mezzanine to Manhattan-bound 4/5 platform.,-,,,,,If you are on the mezzanine:  Take a Crown Heights-Utica Av-bound 4 or a Flatbush Av-Brooklyn College-bound 5 to Atlantic Av-Barclays Center. Transfer across the platform for Manhattan-bound 4/5.  If you are on the Manhattan-bound 4/5 platform:  Follow signage towards the Manhattan-bound 2/3 platform. Use elevators to exit the station.,POINT (-73.99015 40.692406)
EL337,Elevator,Elevator Hydraulic,327,CHAMBERSST-7AV-1/2/3,Chambers St - Station,327,,IRT-V-7AV,Manhattan,40.715458,-74.0092,04/16/2009,04/16/2009,IFIS,Installed-Functioning-In Service,17,YES,NYCT,CANTON,YES,YES,NO,NO,,,2000,Passenger,,,,Northbound,1,+,-,+,mezzanine to uptown platform,-,,,,,"If you are on the mezzanine:  Use elevator to take a downtown 2 or 3 to Fulton St. Transfer across the platform to an uptown 2 or 3.  Or, use elevator to take a downtown 1 to WTC Cortlandt and use elevators to transfer to an uptown 1.  If you are on the platform: Take an uptown 2 or 3 to 34 St-Penn Station. Then either:  If taking an uptown 2 or 3, transfer across the platform for downtown 2 or 3 service.  Or, use elevators to transfer to a downtown 1.",POINT (-74.0092 40.715458)
ES351,Escalator,Escalator,023,WHITEHALLST-SOUTHFERRY-BWY-R,Whitehall St-South Ferry - Station,635,South Ferry (1)/Whitehall St (R),BMT-B-BROADWAY,Manhattan,40.702248,-74.01279,04/14/2000,10/04/2025,IFIS,Installed-Functioning-In Service,22,YES,NYCT,KONE TRANS 180- PLC,YES,,NO,NO,21',,,,,85,40,,,,,,R/W lower mezzanine to upper mezzanine for Water St & Whitehall St exit and uptown 1 service,,,,,,,POINT (-74.01279 40.702248)
ES281,Escalator,Escalator,476,86ST-2AV-Q,86 St - Station,476,,IND-S-2AV,Manhattan,40.77767,-73.951416,01/01/2017,01/01/2017,IFIS,Installed-Functioning-In Service,22,YES,NYCT,KONE,YES,,NO,NO,13719 mm (45' 0 1/8in),,,,,164,"40in (NOMINAL), 996 mm",,,,,,upper mezzanine (86 St & 2nd Ave) to lower mezzanine,,,,,,,POINT (-73.951416 40.77767)
EL131,Elevator,Elevator Hydraulic,219,161ST-YANKEESTADIUM-CON-B/D,161 St-Yankee Stadium - Station,604,"161 St-Yankee Stadium (B,D,4)",IND-C-CONCOURSE,Bronx,40.827995,-73.92564,04/04/2002,04/02/2026,IFIS,Installed-Functioning-In Service,17,YES,Third-Party Contractor,OTIS,YES,YES,YES,YES,,15'-11in,2100,Passenger,2,,,Both,1,+,-,-,161 St & River Ave (NE corner) to mezzanine to reach 4/B/D service in both directions,-,,,,,"All elevators in this station are out of service for replacement. Read on for alternatives: For Manhattan-bound service: Reduced-Fare MetroCard/OMNY holders may ride Metro-north between the nearby Yankees-E 153 St station and Grand Central at no additional charge. You must present your Reduced-Fare MetroCard or Reduced-Fare OMNY card to the conductor to use this service. To access the Yankees-E 153 St station, travel south on River Av to 157 St and proceed west to the station. Take a Grand Central-bound train and transfer at 125 St or Grand Central for onward subway service. For B/D: Proceed east along 161 St to Grand Concourse. Take a Riverdale-bound Bx1 or Kingsbridge Heights-bound Bx2 bus to Tremont Av for B/D service in both directions. For Woodlawn-bound 4 stations: Proceed east along 161 St to Grand Concourse and take a Riverdale-bound Bx1 or a Kingsbridge Heights-bound Bx2. Exit at 170 St for the 170 St 4 station, at Fordham Rd for the Fordham Rd 4 station (Note: all elevators at this station are also out of service for replacement), or at Jerome Av for the Mosholu Pkwy 4 station. Accessible Manhattan-bound 4 service is also available at 170 St and Mosholu Pkwy.",POINT (-73.92564 40.827995)
EL203X,Elevator,Elevator Hydraulic,275,LEXINGTONAV/53ST-QBL-E/M,Lexington Av/53 St - Station,612,"Lexington Av-53 St (E,M)/51 St (6)",IND-D-QUEENSBLVD,Manhattan,40.757805,-73.9712,10/04/1999,10/04/1999,IFIS,Installed-Functioning-In Service,17,NO,Private Contractor,AM,YES,YES,NO,NO,,,,,,,,Both,1,+,-,-,52 St & Lexington Ave (NE corner) to mezzanine for E/F/6 service in both directions.,-,,,,,"If you are on the street:  Proceed to Grand Central-42 St for 6. Or, take a downtown M101 LTD, M102, or M103 to Grand Central-42 St and take an uptown 6 to 51 St. If you are on the mezzanine: Take a downtown 6 to Grand Central - 42 St. Exit the station and take a M101, M102, or M103 bus (3 Av between 42 St and 43 St) to 50 St. Proceed one block west to Lexington Av.",POINT (-73.9712 40.757805)
EL140,Elevator,Elevator Hydraulic,148,168ST-8AV-A/C,168 St - Station,605,"168 St (A,C,1)",IND-A-8AV/FULTONST,Manhattan,40.84072,-73.93943,02/23/2007,02/23/2007,IFIS,Installed-Functioning-In Service,17,YES,NYCT,CEMCO,YES,YES,NO,NO,,,2000,Passenger,,,,Northbound,1,+,-,+,mezzanine to platform for uptown A service and C terminal,-,,,,,"If you are on the mezzanine: Take an uptown A to 175 St and transfer across the platform for downtown A. If you are on the platform: Take a downtown A or C to 125 St, then either: Use elevators to transfer to an uptown A or C to 168 St. Or, use elevators to exit the station and take a Ft. George-bound M3 bus (St. Nicholas Av and 124 St) to 167 St.",POINT (-73.93943 40.84072)
EL449X,Elevator,Elevator Hydraulic,279,SUTPHINBLVD-ARCHERAV-JFKAIRPORT-QBL-E/J/Z,Sutphin Blvd-Archer Av-JFK Airport - Station,279,,IND-D-QUEENS/ARCHERAV,Queens,40.70022,-73.80774,01/01/2012,01/01/2012,IFIS,Installed-Functioning-In Service,17,NO,Private Contractor,CANTON,YES,YES,NO,NO,,,,,,,,Both,2,+,-,-,Sutphin Blvd & Archer Ave (SW intersection) to mezzanine for service in both directions,+,448X,448X,,,Use an adjacent elevator.,POINT (-73.80774 40.70022)
ES403,Escalator,Escalator,223,LEXINGTONAV/63ST-63S-F/Q,Lexington Av/63 St - Station,223,,IND-T-63ST,Manhattan,40.76504,-73.966965,10/01/1989,04/03/2026,IFIS,Installed-Functioning-In Service,22,YES,NYCT,KONE,YES,,NO,NO,28',,,,,99,40,,,,,,upper mezzanine (Lexington Ave & 63 St) to intermediate mezzanine,,,,,,,POINT (-73.966965 40.76504)
EL276X,Elevator,Elevator Hydraulic,161,59ST-COLUMBUSCIRCLE-8AV-A/B/C/D,59 St-Columbus Circle - Station,614,"59 St-Columbus Circle (A,B,C,D,1)",IND-A-8AV/FULTONST,Manhattan,40.767673,-73.98241,01/01/1900,12/01/2013,IFIS,Installed-Functioning-In Service,17,NO,Private Contractor,AM,YES,YES,NO,NO,,,,,,,,Both,1,+,-,-,8th Ave & 58 St (NW corner) to mezzanine for downtown 1 service and A/B/C/D service in both directions,+,280,278,,,"If you are on the street: Enter on the north side of Columbus Circle and take the elevator to the uptown A, C, B, D platform. Then proceed to the other end of the platform to the elevator for downtown 1. If you are on the mezzanine: See a station agent to re-enter station through the faregate and take elevator to uptown A, C, B, D platform. Then proceed to other end of platform for elevator leading to exit at northwest corner of Columbus Circle and Central Park West.",POINT (-73.98241 40.767673)
EL763,Elevator,Elevator Hydraulic,283,GREENPOINTAV-XTN-G,Greenpoint Av - Station,283,,IND-E-CROSSTOWN,Brooklyn,40.730583,-73.95423,11/25/2020,11/25/2020,IFIS,Installed-Functioning-In Service,17,YES,NYCT,MID-AMERICAN,YES,YES,YES,YES,,16' 11in,2700 lbs,Passenger,2,,,Both,1,-,+,-,East side of Manhattan Ave (between Greenpoint Ave and Kent St) to mezzanine for service in both directions,-,,,,,"If you are on the street:   Take a Long Island City-bound B62 bus (Manhattan Av and Greenpoint Av) to Jackson Av and Thomson Av and proceed to Court Sq station.   Or,  Take a Downtown Brooklyn-bound B62 bus (Manhattan Av and Greenpoint Av) to Jay St and Willoughby St for Jay St - MetroTech A/C/F/R station. Then, use elevators to take a Coney Island-bound F to Church Av F/G station.  If you are on the mezzanine:   See a station agent to re-enter through the faregate and use elevator to take a Queens-bound G to Court Sq. Then, stay on train or transfer across the platform for a Brooklyn -bound G to Greenpoint Av. <a href=https://new.mta.info/document/143426 target=_blank rel=noopener noreferrer>See alternatives during modernization work.</a>",POINT (-73.95423 40.730583)
EL321,Elevator,Elevator Hydraulic,356,CHURCHAV-NOS-2/5,Church Av - Station,356,,IRT-D-NOSTRANDAV,Brooklyn,40.650726,-73.94975,07/17/1998,07/17/1998,RNOS,Removed-Non Functioning-Out of Service,17,YES,NYCT,CEMCO,YES,YES,YES,YES,,,2100,Passenger,,,,Southbound,2,-,-,+,Nostrand Ave & Church Ave (SW corner) to Flatbush Av Brooklyn College-bound platform,-,,,,,"If you are on the street: Cross Nostrand Av and use elevator to take a Manhattan-bound 2 to Eastern Parkway. Then, use elevators to transfer to a Flatbush Av-bound 2. Or, take a Sheepshead Bay-bound B44 bus or B44 SBS (Church Av and Nostrand Av) to Flatbush Av. If you are on the platform: Take a Brooklyn-bound 2 or 5 to Flatbush Av, then either: Remain on the train or proceed to the opposite platform to transfer to a Manhattan-bound 2 or 5 to Church Av. Or, use the elevator to exit the station and take a Williamsburg-bound B44 bus or B44 SBS (Nostrand Av and Flatbush Av) to Church Av (at Rogers Av on B44 SBS; at New York Av on B44). Then proceed to Nostrand Av and Church Av.",POINT (-73.94975 40.650726)
ES214,Escalator,Escalator,400,59ST-LEX-4/5/6,59 St - Station,613,"Lexington Av (N,Q,R)/59 St (4,5,6)",IRT-L-LEXINGTONAV,Manhattan,40.762367,-73.96795,11/15/1962,11/08/2025,IFIS,Installed-Functioning-In Service,22,YES,NYCT,KONE,YES,,NO,NO,39',,,,,138,40,,,,,,N/R/W transfer mezzanine to downtown 6 platform,,,,,,,POINT (-73.96795 40.762367)
EL113,Elevator,Elevator Traction,302,168ST-BWY7-1,168 St - Station,605,"168 St (A,C,1)",IRT-BB-BROADWAY/7AV,Manhattan,40.840794,-73.94013,01/01/1958,12/20/2019,IFIS,Installed-Functioning-In Service,22,YES,NYCT,MCE,YES,NO,NO,NO,,78' 6 1/4in,10000,Passenger,3,,,Both,3,+,+,-,transfer mezzanine to overpass for 1 train service in both directions,+,,"111, 112, 114","111, 112, 114",,Use an adjacent elevator.,POINT (-73.94013 40.840794)
EL414,Elevator,Elevator Hydraulic,447,FLUSHING-MAINST-FLS-7,Flushing-Main St - Station,447,,IRT-C-FLUSHING,Queens,40.759914,-73.829,01/19/2000,01/19/2000,RNOS,Removed-Non Functioning-Out of Service,17,YES,NYCT,CEMCO,YES,YES,YES,YES,,,2000,Passenger,,,,Both,1,-,-,+,East of Main St & Roosevelt Ave to Manhattan-bound platform.,-,,,,,If you are on the street:  For Manhattan-bound service via LIRR: Reduced-Fare OMNY/MetroCard holders may ride LIRR between Flushing-Main St (LIRR) and Grand Central / Penn Station at no additional cost. Transfer at Woodside for Queens 7 stations. You must present your Reduced-Fare OMNY or MetroCard to the LIRR conductor onboard to use this service.  For Manhattan-bound service via bus/subway: Take a Q63 or Q66 bus to Junction Blvd and Roosevelt Av and transfer to a southbound Q72 bus to the Junction Blvd 7 station.  If you are at the platform:  Take a Manhattan-bound 7 to Junction Blvd. Exit the station and a take LaGuardia Airport-bound Q72 bus (Roosevelt Av and Junction Blvd) to Northern Blvd and Junction Blvd. Then transfer to a Flushing-bound Q63 or Q66 bus to its terminal near Flushing-Main St.,POINT (-73.829 40.759914)
EL716,Elevator,Elevator Hydraulic,412,FULTONST-LEX-4/5,Fulton St - Station,628,"Fulton St (A,C,J,Z,2,3,4,5)",IRT-M-LEXINGTONAV,Manhattan,40.71073,-74.00906,11/10/2014,11/10/2014,IFIS,Installed-Functioning-In Service,17,YES,NYCT,CANTON,YES,YES,NO,NO,,,3000,Passenger,,,,Both,1,+,+,+,Transit Center concourse to uptown 4/5 platform and access to Brooklyn-bound J/Z platform and rest of complex,+,,717X,720,717X,"If you are on the uptown 4/5 platform: To transfer, exit through the faregates and take the elevator to street. For downtown 4/5, proceed to the elevator entrance on the southwest corner of Broadway and Dey St. For A/C/J/Z, use the elevator entrance at the northeast corner of Fulton St and Nassau St. For the 2/3, use the elevator entrance at the southwest corner of Fulton St and William St. If are on the upper concourse: Use the other elevator on this level to reach A/C. Proceed toward the downtown J/Z to use the elevator to street. For downtown 4 or 5, proceed to the elevator entrance on the southwest corner of Broadway and Dey St. For uptown 4 or 5, proceed to the elevator entrance in the Fulton Center at Broadway and Fulton St. If you are on the lower concourse: For uptown 4 5, exit through the faregates, take the elevator toward uptown 4/5, and re-enter through the faregates. For A/C or uptown J/Z, exit through the faregates and take the elevator to street level. Proceed to the corner of Nassau St and Fulton St and take the elevator to the downtown J/Z and follow signs. For 2/3, exit through the faregates and take the elevator up to street level. Proceed to the elevator entrance at the southwest corner of William St and Fulton St and follow signs.",POINT (-74.00906 40.71073)
ES365X,Escalator,Escalator,412,FULTONST-LEX-4/5,Fulton St - Station,628,"Fulton St (A,C,J,Z,2,3,4,5)",IRT-M-LEXINGTONAV,Manhattan,40.71033,-74.00935,,11/10/2014,IFIS,Installed-Functioning-In Service,22,NO,Private Contractor,SCHINDLER,YES,,NO,NO,,,,,,,,,,,,,Transit Center entrance (John St east of Broadway) to lower concourse for A/C/J/Z/2/3 & downtown 4/5 service and connection to WTC complex,,,,,,,POINT (-74.00935 40.71033)
EL143,Elevator,Elevator Hydraulic,153,125ST-8AV-A/B/C/D,125 St - Station,153,,IND-A-8AV/FULTONST,Manhattan,40.81105,-73.95245,12/02/2005,07/01/2025,IFIS,Installed-Functioning-In Service,17,YES,Third-Party Contractor,MID-AMERICAN,YES,YES,NO,NO,,11' - 1in,3000,Passenger,2,,,Southbound,2,+,-,+,Mezzanine to downtown platform,-,,,,,"If you are on the mezzanine: For A/C, take an uptown A or C to 168 St and use elevators to transfer to a downtown A or C. For B/D, take an uptown B or D to 161 St-Yankee Stadium and use elevators to transfer to a downtown B or D. If you are on the platform: Take a downtown A, C, B or D to 59 St-Columbus Circle and use elevators to transfer to an uptown A, C, B or D to 125 St. Or, take a downtown A, C, B or D to 59 St-Columbus Circle. Use elevators to exit the station and take a Harlem-bound M10 bus (Central Park West and Columbus Circle) to Fredrick Douglass Blvd and 125 St. Proceed one block west to St. Nicholas Av.",POINT (-73.95245 40.81105)
EL382,Elevator,Elevator Hydraulic,042,PROSPECTPARK-BWY-B/Q/S,Prospect Park - Station,42,,BMT-A-BROADWAY/BRIGHTON,Brooklyn,40.661278,-73.96213,05/27/2003,05/27/2003,RNOS,Removed-Non Functioning-Out of Service,17,YES,NYCT,CEMCO,YES,YES,NO,YES,,,2000,Passenger,,,,Northbound,1,-,-,+,Lincoln Rd & Ocean Ave (NE corner) to platform for Manhattan-bound B/Q service and Franklin Shuttle,-,,,,,"If you are on the street: Take a Bay Ridge-bound B16 bus to Caton Av/St. Pauls Pl. Proceed south along E 18 St for the Church Av B/Q station. For S, take a Manhattan-bound B or Q and transfer at Prospect Park. If you are on the platform: Take a Manhattan-bound B or Q to Atlantic Av-Barclays Center and then transfer to a Brighton Beach-bound B or Coney Island-bound Q to Church Av. Exit the station and proceed north along E 18 St to Caton Av/St. Pauls Pl. Take a Lefferts Gardens-bound B16 bus to Ocean Av/Lincoln Rd.",POINT (-73.96213 40.661278)
EL378,Elevator,Elevator Hydraulic,068,BAYPKWY-WST-D,Bay Pkwy - Station,68,,BMT-D-WESTEND,Brooklyn,40.6019,-73.99383,07/23/2012,07/23/2012,IFIS,Installed-Functioning-In Service,17,YES,NYCT,CEMCO,YES,YES,NO,YES,,,2500,Passenger,,,,Southbound,2,+,-,+,mezzanine to Coney Island-bound platform,-,,,,,"If you are on the mezzanine: Take Manhattan-bound D to 62 St-New Utrecht.  Use elevators to transfer to Coney Island-bound D. Or, exit fare gate and use elevator to take a Coney Island-bound B82 (Bay Parkway & 86 St) to Mermaid Av & Stillwell Av. If you are on the platform: Take a Coney Island-bound D to Coney Island-Stillwell Av, then either: Transfer across the platform to a Manhattan-bound D to Bay Pkwy. Or, use the ramp to exit through the faregate and proceed to Mermaid Av and Stillwell Av. Then board a Spring Creek-bound B82 bus to 86 St and Bay Pkwy.",POINT (-73.99383 40.6019)
EL738,Elevator,Elevator Hydraulic,073,NEWUTRECHTAV-SEA-N,New Utrecht Av - Station,615,New Utrecht Av (N)/62 St (D),BMT-E-SEABEACH,Brooklyn,40.625626,-73.99668,07/19/2019,07/19/2019,IFIS,Installed-Functioning-In Service,17,YES,NYCT,,YES,YES,YES,YES,,,,Passenger,,,,Northbound,1,-,-,+,62 St & New Utrecht Av (SE corner) to Manhattan-bound N platform,-,,,,,"If you are on the street: Use elevator at opposite end of mezzanine. Then either: Take a Coney Island-bound N to Coney Island-Stillwell Av. Then, stay on train or transfer across the platform for a Manhattan-bound N. Or, use elevators to take a Manhattan-bound D to Atlantic Av-Barclays Ctr station. Then, transfer on same platform for a Manhattan-bound N. If you are on the platform: Take a Manhattan-bound N to 8 Av and use elevators to transfer to a Coney Island-bound N to New Utrecht Av Station.",POINT (-73.99668 40.625626)
EL312,Elevator,Elevator Traction,334,CLARKST-CLK-2/3,Clark St - Station,334,,IRT-K-CLARKST,Brooklyn,40.697815,-73.99323,10/25/1931,05/04/2022,IFIS,Installed-Functioning-In Service,22,YES,NYCT,MID-AMERICAN,YES,NO,YES,NO,,,10000,Passenger,2,,,Both,3,+,-,-,street-level arcade at Clark St & Henry St to lower mezzanine for service in both directions,+,310,310,,,Use an adjacent elevator.,POINT (-73.99323 40.697815)
ES329,Escalator,Escalator,234,EASTBROADWAY-6AV-F,East Broadway - Station,234,,IND-B-6AV/CULVER,Manhattan,40.714214,-73.990074,04/01/1984,02/20/2014,IFIS,Installed-Functioning-In Service,22,YES,NYCT,KONE,YES,,NO,NO,29' 8 3/4in,,,,,112,40in,,,,,,F platform to mezzanine for East Broadway & Rutgers St exit,,,,,,,POINT (-73.990074 40.714214)
EL187,Elevator,Elevator Hydraulic,382,FORDHAMRD-JER-4,Fordham Rd - Station,382,,IRT-J-JEROMEAV,Bronx,40.862865,-73.900826,12/15/2005,10/30/2025,IFIS,Installed-Functioning-In Service,17,YES,Third-Party Contractor,JRT,YES,YES,NO,YES,,14'-11 3/4in,2100,Passenger,2,,,Northbound,1,+,-,+,mezzanine to Woodlawn-bound platform,-,,,,,"All elevators at this station are out of service for replacement. If you are on the platform, take a Woodlawn-bound 4 to Woodlawn. Take a Manhattan-bound (train becomes Manhattan-bound after Woodlawn) train to 170 St. Then, proceed to E 170 St and Morris Av and transfer to a Kingsbridge V A Hospital-bound Bx32 to Jerome Av/E Fordham Rd.",POINT (-73.900826 40.862865)
EL467,Elevator,Elevator Hydraulic,002,ASTORIABLVD-AST-N/Q,Astoria Blvd - Station,2,,BMT-G-ASTORIA,Queens,40.77026,-73.91785,07/24/2020,07/24/2020,IFIS,Installed-Functioning-In Service,17,YES,NYCT,MID-AMERICAN,YES,YES,NO,YES,,12' 3/4in,2600 lbs,Passenger,2,,,Both,4,-,+,+,mezzanine to Manhattan-bound platform,-,,,,,If you are on the mezzanine: Use the other elevator to take a northbound N or W to Astoria-Ditmars Blvd. Then remain on the train or wait at the platform for a Manhattan-bound N or W. If you are on the platform: Take a Manhattan-bound N or W to Times Sq-42 St. Then use elevators to take a Queens-bound N or W to Astoria Blvd.,POINT (-73.91785 40.77026)
ES289,Escalator,Escalator,477,72ST-2AV-Q,72 St - Station,477,,IND-S-2AV,Manhattan,40.767212,-73.95919,01/01/2017,01/01/2017,IFIS,Installed-Functioning-In Service,22,YES,NYCT,SCHINDLER,YES,,NO,NO,20828 mm (68'4in),,,,,0,,,,,,,lower mezzanine to upper mezzanine for 69 St & 2nd Ave exit,,,,,,,POINT (-73.95919 40.767212)
EL308,Elevator,Elevator Traction,024,COURTST-BWY-R,Court St - Station,620,"Court St (R)/Borough Hall (2,3,4,5)",BMT-B-BROADWAY,Brooklyn,40.694386,-73.99273,01/01/1919,06/14/2023,IFIS,Installed-Functioning-In Service,22,YES,NYCT,MCE,YES,NO,NO,NO,,,10000,Passenger,,,,Both,1,+,+,-,mezzanine (Clinton St & Montague St) to intermediate mezzanine for R service in both directions,+,,309,309,,Use an adjacent elevator.,POINT (-73.99273 40.694386)
EL338,Elevator,Elevator Hydraulic,327,CHAMBERSST-7AV-1/2/3,Chambers St - Station,327,,IRT-V-7AV,Manhattan,40.715515,-74.00933,04/16/2009,04/16/2009,IFIS,Installed-Functioning-In Service,17,YES,NYCT,CANTON,YES,YES,NO,NO,,,2000,Passenger,,,,Southbound,2,+,-,+,mezzanine to downtown platform,-,,,,,"If you are on the mezzanine:  Use elevator to take an uptown 1, 2 or 3 to 34 St-Penn Station. Then either:  If taking an uptown 2 or 3, transfer across the platform for downtown 2 or 3 service.  Or, use elevators to transfer to a downtown 1.  If you are on the platform:  Take a downtown 2 or 3 to Fulton St. Then transfer across the platform to an uptown 2 or 3 to Chambers St.  Or, take a downtown 1 to WTC Cortlandt and use elevators to transfer to an uptown 1 to Chambers St.",POINT (-74.00933 40.715515)
EL104,Elevator,Elevator Traction,300,191ST-BWY7-1,191 St - Station,300,,IRT-BB-BROADWAY/7AV,Manhattan,40.855446,-73.92941,09/14/1926,11/24/2020,IFIS,Installed-Functioning-In Service,22,YES,NYCT,OTIS,YES,NO,NO,NO,,172’9”,10000,Passenger,3,,,Both,2,+,-,-,191 St & St Nicholas Ave (SW corner) to mezzanine for service in both directions and access to passageway to Broadway & 191 St,+,"103, 105, 106","103, 105, 106",,,Use an adjacent elevator.,POINT (-73.92941 40.855446)
ES233,Escalator,Escalator,227,34ST-HERALDSQ-6AV-B/D/F,34 St-Herald Sq - Station,607,"34 St-Herald Sq (B,D,F,M,N,Q,R)",IND-B-6AV/CULVER,Manhattan,40.750008,-73.98755,12/15/1940,01/13/2008,IFIS,Installed-Functioning-In Service,22,YES,NYCT,FUJITEC,YES,,NO,NO,29',,,,,110,600,,,,,,N/Q/R/W mezzanine to uptown B/D/F/M platform,,,,,,,POINT (-73.98755 40.750008)
EL603,Elevator,Elevator Hydraulic,471,34ST-HUDSONYARDS-FLS-7,34 St-Hudson Yards - Station,471,,IRT-CC-FLUSHING,Manhattan,40.7549,-74.00131,09/13/2015,09/13/2015,IFIS,Installed-Functioning-In Service,17,YES,NYCT,CANTON,YES,YES,YES,YES,,,5000,Passenger,,,,Both,1,+,-,-,34th St (between 10th Ave & 11th Ave) to upper mezzanine for Flushing Main St-bound service,-,,,,,If you are on the Street:  Take East Side-bound M34 SBS (34 St and 11 Av) to 8 Av and transfer to an M20 bus or M34A SBS to 41 St. Then proceed to 42 St and 7 Av for Times Sq-42 St 7. If you are on the Upper Mezzanine:  Take a Flushing-bound 7 to Times Sq-42 St. Use the elevator to exit the station and take an M7 or M20 bus (7 Av and 41 St) to 34 St and 7 Av. Then transfer to Hudson Yards-bound M34 SBS on 34 St to Hudson Blvd East.,POINT (-74.00131 40.7549)
ES237,Escalator,Escalator,277,7AV-QBL-B/D/E,7 Av - Station,277,,IND-D-QUEENSBLVD,Manhattan,40.763176,-73.98238,10/13/1978,05/27/1999,IFIS,Installed-Functioning-In Service,22,YES,NYCT,OK,YES,,NO,NO,24',,,,,90,40,,,,,,downtown platform to mezzanine for 53 St & 7th Ave exit,,,,,,,POINT (-73.98238 40.763176)
EL269,Elevator,Elevator Hydraulic,477,72ST-2AV-Q,72 St - Station,477,,IND-S-2AV,Manhattan,40.7688,-73.95843,01/01/2017,01/01/2017,IFIS,Installed-Functioning-In Service,17,YES,NYCT,,NO,YES,NO,NO,,,,,,,,,,,,,Lower Mezzanine-first Upper Mezzanine-second Upper Mezzanine,,,,,,,POINT (-73.95843 40.7688)
EL785,Elevator,Elevator Traction,123,GRANDST-CNR-L,Grand St - Station,123,,BMT-Q-14ST/CANARSIE,Brooklyn,40.711926,-73.94067,08/25/2023,08/25/2023,IFIS,Installed-Functioning-In Service,22,YES,Third-Party Contractor,,YES,YES,YES,YES,,,,,2,,,Northbound,1,+,-,+,Street (NE corner of Bushwick Avenue and Grand Street) to 8 Ave-bound platform,-,,,,,"If you’re on the street:   Cross the Bushwick Ave and use EL786 to take a Canarsie-bound L train to Myrtle-Wyckoff station. Then, transfer across the platform for a Manhattan-bound L train.   Or,  Take a Williamsburg-bound Q59 bus (Grand St & Bushwick Av) to N 5 St. Then, proceed two blocks north and 2 blocks west to Bedford Av L station for service in both directions.  If you’re on the platform:  Take a Manhattan-bound L train to Bedford Av station. Then, transfer across the platform to a Canarsie-bound L train to Grand St.",POINT (-73.94067 40.711926)
EL350,Elevator,Elevator Hydraulic,,,,,,,Brooklyn,40.67842,-73.90047,12/28/1995,12/28/1995,IFIS,Installed-Functioning-In Service,17,YES,NYCT,ESCO,NO,NO,NO,NO,,,2500,Passenger Yard,,,,,,,,,Passenger Yard Elevator At East New York Yard,,,,,,,POINT (-73.90047 40.67842)
EL355,Elevator,Elevator Traction,079,86ST-SEA-N,86 St - Station,79,,BMT-CI-CONEYISLANDYD,Brooklyn,40.58929,-73.97462,01/01/1928,12/09/1991,IFIS,Installed-Functioning-In Service,22,YES,NYCT,ATLANTIC,NO,NO,NO,NO,,,10000,Freight,,,,,,,,,Freight Elevator At Coney Island Yard,,,,,,,POINT (-73.97462 40.58929)
EL469,Elevator,Elevator Hydraulic,281,COURTSQ-XTN-G/7,Court Sq - Station,606,"Court Sq (E,G,M,7)",IND-E-CROSSTOWN,Queens,40.74641,-73.945595,07/14/2023,07/14/2023,IFIS,Installed-Functioning-In Service,17,YES,Third-Party Contractor,MODERN ELEVATOR INSTALLATIONS,YES,YES,NO,NO,,,,,2,,,Both,2,+,-,-,Mezzanine to Brooklyn-bound platform/Court Sq-bound platform to mezzanine.,-,,,,,"If you are on the mezzanine:  Follow signs to exit the station. Then, take a downtown Brooklyn-bound B62 bus (Jackson Av and 45 Av) to Manhattan Av and Greenpoint Av and proceed to Greenpoint Av station.  If you are on the platform:  Take a Brooklyn-bound G train to Greenpoint Ave and use elevators to exit the station. Then, take a Long Island City-bound B62 bus (Manhattan Av and Greenpoint Av) to Jackson <a href=https://new.mta.info/document/143426 target=_blank rel=noopener noreferrer>See alternatives during modernization work.</a>",POINT (-73.945595 40.74641)
EL141,Elevator,Elevator Hydraulic,148,168ST-8AV-A/C,168 St - Station,605,"168 St (A,C,1)",IND-A-8AV/FULTONST,Manhattan,40.84103,-73.93952,02/23/2007,02/23/2007,IFIS,Installed-Functioning-In Service,17,YES,NYCT,CEMCO,YES,YES,NO,NO,,,2000,Passenger,,,,Southbound,2,+,-,+,mezzanine to downtown A/C platform,-,,,,,"If you are on the mezzanine: Take a downtown A or C to 125 St and use elevators to transfer to an uptown A. Or, use the elevator to exit the station and take an uptown Bx7 or M100 bus (St. Nicholas Av and 167 St) to 175 St. Proceed to Ft. Washington Av and 177 St for A service. If you are on the platform: Take an uptown A to 175 St, then either: Transfer across the platform for a downtown A to 168 St. Or, use the elevators to exit the station and proceed to Broadway and 176 St. Take a downtown Bx7 or M100 bus to 168 St or downtown M5 LTD bus to 167 St.",POINT (-73.93952 40.84103)
EL222,Elevator,Elevator Hydraulic,166,14ST-8AV-A/C/E,14 St - Station,618,"14 St (A,C,E)/8 Av (L)",IND-A-8AV/FULTONST,Manhattan,40.740314,-74.00221,09/30/2002,05/06/2025,IFIS,Installed-Functioning-In Service,17,YES,Third-Party Contractor,JRT,YES,YES,NO,NO,,9'-6in,2500,Passenger,,,,Southbound,2,+,-,+,mezzanine to downtown A/C/E platform,-,,,,,"Elevators at this station are out of service for replacement. Read on for alternatives: If you are on the mezzanine: Exit through the faregates and use the elevator to exit the station. Then take a Lincoln Center-bound M20 bus to 34 St-Penn Station for downtown A, C or E service.  If you are on the downtown A/C/E platform: Take a downtown A, C or E to W 4 St and transfer to a 44 St-bound M55 bus (6 Av/Waverly Pl) to 16 St, then transfer to an Abingdon Sq-bound M14A bus or Chelsea Piers-bound M14D bus (14 St and Irving Pl) to 8 Av.",POINT (-74.00221 40.740314)
ES121,Escalator,Escalator,360,PELHAMBAYPARK-PEL-6,Pelham Bay Park - Station,360,,IRT-P-PELHAM,Bronx,40.8528,-73.8271,09/01/1989,09/17/2022,IFIS,Installed-Functioning-In Service,22,YES,NYCT,KONE,YES,,YES,YES,4362mm (14' 3-3/4in),,,,,62,1000mm (40in NOMINAL),,,,,,mezzanine to platform for Manhattan-bound service,,,,,,,POINT (-73.8271 40.8528)
ES452,Escalator,Escalator,267,JACKSONHTS-ROOSEVELTAV-QBL-E/F/M/R,Jackson Hts-Roosevelt Av - Station,616,"74-Broadway (7)/Jackson Hts-Roosevelt Av (E,F,M,R)",IND-D-QUEENSBLVD,Queens,40.74685,-73.891396,11/11/1991,05/15/2015,RNOS,Removed-Non Functioning-Out of Service,30,YES,NYCT,KONE,YES,,NO,NO,32' 4 3/4in,,,,,,,,,,,,,,,,,,,POINT (-73.891396 40.74685)
EL134,Elevator,Elevator Hydraulic,219,161ST-YANKEESTADIUM-CON-B/D,161 St-Yankee Stadium - Station,604,"161 St-Yankee Stadium (B,D,4)",IND-C-CONCOURSE,Bronx,40.827972,-73.9256,04/04/2002,04/02/2026,IFIS,Installed-Functioning-In Service,17,YES,Third-Party Contractor,OTIS GCS,YES,YES,NO,NO,,10'-3in,2100,Passenger,2,,,Southbound,3,+,-,+,mezzanine to Manhattan-bound B/D platform,-,,,,,"All elevators in this station are out of service for replacement.  Read on for travel alternatives: For easiest Manhattan-bound service, use nearby Metro-North station. Present Reduced-Fare MetroCard or OMNY card to conductors at Metro-North station Yankees-East 153 St for free out of system transfer. Travel south on River Av to 157 St, walk west on 157 St to the Metro North station. Travel to 125 St or Grand Central and continue your journey.  For Bedford Park Blvd-bound B/D, take a Hunts Pt-bound Bx6 Local bus (161 St and River Av) to Concourse Village E (Morris Av). Transfer to a Kingsbridge-bound Bx32 bus and take it to Jerome Av and Kingsbridge Rd for B or D. For Woodlawn-bound 4, elevators are also out of service at Fordham Rd 4 station. Instead, take a Riverdale-bound Bx1 or Bx1 LTD, or a Kingsbridge-bound Bx2 from Grand Concourse/E 170 St to your destination. You can also transfer to the Bx32, which runs on Jerome Av, at 175 St and Walton Av (just west of Grand Concourse).",POINT (-73.9256 40.827972)
EL336,Elevator,Elevator Hydraulic,327,CHAMBERSST-7AV-1/2/3,Chambers St - Station,327,,IRT-V-7AV,Manhattan,40.71579,-74.00932,04/16/2009,04/16/2009,IFIS,Installed-Functioning-In Service,17,YES,NYCT,CANTON,YES,YES,YES,YES,,,2000,Passenger,,,,Both,1,+,-,-,West Broadway & Chambers St (NW corner) to mezzanine for service in both directions,-,,,,,If you are on the street: Take a downtown M20  (Chambers St/Hudson St) to State St/Bridge St and use elevators at South Ferry 1 Station to take a uptown 1 . If you are on the mezzanine: Use elevator to take a downtown 1 to WTC Cortlandt and use elevators to exit station. Transfer to an uptown M55 (Church and Vesey St.),POINT (-74.00932 40.71579)
ES380X,Escalator,Escalator,021,CORTLANDTST-BWY-R,Cortlandt St - Station,624,"Chambers St (A,C)/WTC (E)/Park Place (2,3)/Cortlandt St (R, W)",BMT-B-BROADWAY,Manhattan,40.71012,-74.01114,,03/01/2000,IFIS,Installed-Functioning-In Service,22,NO,Private Contractor,AM,YES,,NO,NO,,,,,,,,,,,,,underpass to mezzanine (Cortlandt St & Church St) for access to street and uptown R/W service,,,,,,,POINT (-74.01114 40.71012)
EL388,Elevator,Elevator Hydraulic,035,59ST-4AV-N/R,59 St - Station,35,,BMT-F-4AV,Brooklyn,40.64136,-74.01788,10/31/2020,10/31/2020,IFIS,Installed-Functioning-In Service,17,YES,NYCT,MID-AMERICAN,YES,YES,NO,NO,,12' - 1in,2700 lbs,Passenger,2,,,Northbound,1,+,-,+,mezzanine to Manhattan-bound platform,-,,,,,"If you are on the mezzanine: Use elevator to take a Bay Ridge-bound R to 86 St and transfer across the platform to a Manhattan-bound R. Or, use elevator to take a Coney Island-bound N to 8 Av and use elevators to transfer to a Manhattan-bound N. If you are on the platform: Take a Manhattan-bound N or R to Atlantic Av-Barclays Ctr. Then, use elevators to transfer to a Coney Island-bound N or Bay Ridge-bound R to 59 St.",POINT (-74.01788 40.64136)
EL712,Elevator,Elevator Hydraulic,328,CORTLANDTST-7AV-1,Cortlandt St - Station,328,,IRT-V-7AV,Manhattan,40.712425,-74.0118,09/08/2018,09/08/2018,IFIS,Installed-Functioning-In Service,17,YES,NYCT,MONGRAIN VERTICAL TRANSPORT,YES,YES,NO,NO,,19'9.0in,2500,Passenger,2,,,Northbound,1,+,-,+,mezzanine at Oculus main level to uptown 1 platform,+,,23X,,23X,Use another elevator on this level.,POINT (-74.0118 40.712425)
ES420,Escalator,Escalator,222,ROOSEVELTISLAND-63S-F,Roosevelt Island - Station,222,,IND-T-63ST,Manhattan,40.75876,-73.952354,10/01/1989,07/18/2008,IFIS,Installed-Functioning-In Service,22,YES,NYCT,KONE,YES,,NO,NO,14',,,,,56,40,,,,,,Manhattan-bound platform to lower mezzanine,,,,,,,POINT (-73.952354 40.75876)
ES435,Escalator,Escalator,279,SUTPHINBLVD-ARCHERAV-JFKAIRPORT-QBL-E/J/Z,Sutphin Blvd-Archer Av-JFK Airport - Station,279,,IND-D-QUEENS/ARCHERAV,Queens,40.700527,-73.80787,12/01/1988,01/19/2025,IFIS,Installed-Functioning-In Service,22,YES,NYCT,,YES,,NO,NO,11' - 5 3/8in,,,,,53,40in,,,,,,mezzanine (Sutphin Blvd & Archer Ave) to E platform for service in both directions and access to J/Z,,,,,,,POINT (-73.80787 40.700527)
EL727X,Elevator,Elevator Hydraulic,021,CORTLANDTST-BWY-R,Cortlandt St - Station,624,"Chambers St (A,C)/WTC (E)/Park Place (2,3)/Cortlandt St (R, W)",BMT-B-BROADWAY,Manhattan,40.711143,-74.01062,11/10/2014,11/10/2014,IFIS,Installed-Functioning-In Service,17,NO,Private Contractor,CANTON,YES,YES,NO,NO,,,,,,,,Northbound,1,+,-,+,Fulton center level to uptown R/W platform and access to rest of complex,-,,,,,If you are on the platform: Take uptown R or W to City Hall and see a station agent to transfer across the platform to downtown R or W to Cortlandt St. If you are on the mezzanine: Use elevator  to take a Brooklyn-bound R to Jay St-MetroTech and transfer across the platform to a Manhattan-bound R.,POINT (-74.01062 40.711143)
EL440,Elevator,Elevator Traction,223,LEXINGTONAV/63ST-63S-F/Q,Lexington Av/63 St - Station,223,,IND-T-63ST,Manhattan,40.76463,-73.96611,12/30/2016,12/30/2016,IFIS,Installed-Functioning-In Service,22,YES,NYCT,HOLLISTER-WHITNEY,YES,YES,NO,NO,,,4500,Passenger,,,,Both,2,+,-,+,63 St & 3 Av mezzanine to platforms for service in both directions.,+,,441,,441,Use an adjacent elevator.,POINT (-73.96611 40.76463)
EL332,Elevator,Elevator Hydraulic,408,BLEECKERST-LEX-6,Bleecker St - Station,619,"Broadway-Lafayette St (B,D,F,M)/Bleecker St (6)",IRT-MM-LEXINGTONAV,Manhattan,40.725296,-73.9962,09/25/2012,09/25/2012,RNOS,Removed-Non Functioning-Out of Service,22,YES,NYCT,CEMCO,YES,YES,NO,NO,,,2500,Passenger,,,,Both,4,+,-,+,,+,,331,,329,"If you are on the uptown 6 mezzanine: Take the other elevator on this level to the uptown B/D/F/M platform and proceed towards the middle of the platform the elevator to the mezzanine. Then exit the station or use the elevator at the other end of the mezzanine for the downtownB/D/F/M. If you are on the downtown B/D/F/M platform: Use the other elevator near the middle of the platform then either: Use the elevator at the opposite end of the mezzanine to reach the uptown B/D/F/M platform. Proceed to the other end of the platform to take the elevator to the uptown 6. Or, take the downtown 6 to Brooklyn Bridge-City Hall and use elevators to transfer to the uptown 6.",POINT (-73.9962 40.725296)
EL250,Elevator,Elevator Traction,476,86ST-2AV-Q,86 St - Station,476,,IND-S-2AV,Manhattan,40.777706,-73.95156,01/01/2017,01/01/2017,IFIS,Installed-Functioning-In Service,22,YES,NYCT,HOLLISTER-WHITNEY,YES,YES,YES,YES,,,4500,Passenger,,,,Both,1,+,-,-,86 St & 2nd Ave (SW corner)  to mezzanine for service in both directions,-,,,,,If you are on the street: Take a downtown M15LCL (2nd Av and 86 St) to 72 St Q Station. If you are on the mezzanine: See a station agent to re-enter faregate and take an uptown Q to 96 St.  Then use elevators to exit station and take a downtown M15 or M15SBS  (2nd Av and 96 St) to 86 St.,POINT (-73.95156 40.777706)
ES326,Escalator,Escalator,167,W4ST-WASHSQ-8AV-A/B/C/D/E/F/M,W 4 St-Wash Sq - Station,167,,IND-A-8AV/FULTONST,Manhattan,40.732605,-74.000404,08/01/1970,05/11/2025,IFIS,Installed-Functioning-In Service,22,YES,NYCT,ALLEN BRADLEY,YES,,NO,NO,24' 11 1/2in,,,,,94,40in,,,,,,downtown B/D/F/M platform to downtown A/C/E platform and access to street,,,,,,,POINT (-74.000404 40.732605)
ES634,Escalator,Escalator,471,34ST-HUDSONYARDS-FLS-7,34 St-Hudson Yards - Station,471,,IRT-CC-FLUSHING,Manhattan,40.75607,-74.001144,08/31/2018,08/31/2018,IFIS,Installed-Functioning-In Service,22,YES,NYCT,SCHINDLER,YES,,NO,NO,28',,,,,109,24,,,,,,upper mezzanine (Hudson Blvd E & 35 St) to lower mezzanine,,,,,,,POINT (-74.001144 40.75607)
ES422,Escalator,Escalator,221,21ST-QUEENSBRIDGE-63S-F,21 St-Queensbridge - Station,221,,IND-T-63ST,Queens,40.754192,-73.94242,10/01/1989,10/01/1989,RNOS,Removed-Non Functioning-Out of Service,22,YES,NYCT,OTIS,YES,,YES,YES,23',,,,,84,24in,,,,,,mezzanine to 21 St & 41 Ave (NE corner),,,,,,,POINT (-73.94242 40.754192)
ES286,Escalator,Escalator,477,72ST-2AV-Q,72 St - Station,477,,IND-S-2AV,Manhattan,40.768116,-73.95884,01/01/2017,01/01/2017,IFIS,Installed-Functioning-In Service,22,YES,NYCT,SCHINDLER,YES,,NO,NO,4953 mm (16' 1/4in),,,,,0,,,,,,,lower mezzanine to platform for service in both directions,,,,,,,POINT (-73.95884 40.768116)
ES371,Escalator,Escalator,330,SOUTHFERRY-7AV-1,South Ferry - Station,635,South Ferry (1)/Whitehall St (R),IRT-V-7AV,Manhattan,40.701675,-74.013084,03/16/2009,06/27/2017,IFIS,Installed-Functioning-In Service,22,YES,NYCT,KONE,YES,,NO,NO,8030 mm (26' 4 1/8in),,,,,109,"40in (NOMINAL), 996 mm",,,,,,1/R/W mezzanine to platform for uptown 1 service,,,,,,,POINT (-74.013084 40.701675)
EL184,Elevator,Elevator Hydraulic,295,231ST-BWY7-1,231 St - Station,295,,IRT-BB-BROADWAY/7AV,Bronx,40.87896,-73.905045,12/28/2006,12/28/2006,IFIS,Installed-Functioning-In Service,17,YES,NYCT,CANTON,YES,YES,YES,YES,,,2000,Passenger,,,,Southbound,2,-,-,+,231 St & Broadway (SW corner) to Manhattan-bound platform,-,,,,,"If you are on the street:  Take an uptown 1 to 242 St and transfer via the platform to a downtown 1.  Or, take a Washington Heights-bound Bx7 or Inwood-bound Bx20 bus (W 231 St and  Corlear Av) to Broadway and 220 St. Then cross Broadway and take an West Harlembound M100 bus to Dyckman St and Nagle Av for downtown 1 service at Dyckman St  station. If you are on the platform: See a station agent to re-enter through the faregate. Then either:  Take a downtown 1 to 96 St and use elevators to transfer to an uptown 1 to 231 St.  Or,  Take a Manhattan-bound 1 to Dyckman St and use the elevator to exit the station. Then  take an Inwood-bound M100 bus (Dyckman St and Nagle Av) to W 219 St and Broadway  and transfer to a Riverdale-bound Bx7or Bx20 bus to W 231 St and Broadway.",POINT (-73.905045 40.87896)
EL447,Elevator,Elevator Hydraulic,462,COURTSQ-FLS-7,Court Sq - Station,606,"Court Sq (E,G,M,7)",IRT-C-FLUSHING,Queens,40.747025,-73.94527,06/03/2011,06/03/2011,IFIS,Installed-Functioning-In Service,17,YES,NYCT,CANTON,YES,YES,NO,YES,,,2500,Passenger,,,,Southbound,2,+,-,+,mezzanine to Manhattan-bound 7 platform,-,,,,,If you are on the mezzanine:  Take a Flushing-bound 7 to Queensboro Plaza and transfer to a Manhattan-bound 7.  If you are on the platform:  Take a Manhattan-bound 7 to Grand Central-42 St and then transfer across the platform to a Flushing-bound 7 to Court Sq.,POINT (-73.94527 40.747025)
EL346,Elevator,Elevator Hydraulic,181,UTICAAV-8AV-A/C,Utica Av - Station,181,,IND-A-8AV/FULTONST,Brooklyn,40.679317,-73.93034,05/24/2014,05/24/2014,IFIS,Installed-Functioning-In Service,17,YES,NYCT,HOLLISTER-WHITNEY,YES,YES,NO,NO,,,2000,Passenger,,,,Southbound,2,+,-,+,mezzanine to platform for Euclid-bound C and Queens-bound A service,-,,,,,"If you are on the mezzanine: Use the elevator across the mezzanine to take a Manhattan-bound A or C to Jay St. Then use elevators to transfer to a Euclid Av-bound A or C. If you are on the platform: Take a Queens-bound A or Euclid Av-bound C to Euclid Av, then either: Use elevators to transfer to a Manhattan-bound C to Utica Av. Or, use elevators to exit the station and take a Crown Heights-bound B14 bus (Sutter Av and Euclid Av) to Eastern Pkwy and Utica Av. Then transfer to a Bridge Plaza-bound B46 bus or DeKalb Av-bound B46 SBS to Utica Av and Fulton St.",POINT (-73.93034 40.679317)
ES205,Escalator,Escalator,402,GRANDCENTRAL-42ST-LEX-4/5/6,Grand Central-42 St - Station,610,"Grand Central-42 St (S,4,5,6,7)",IRT-L-LEXINGTONAV,Manhattan,40.75148,-73.976456,08/01/1954,05/18/2024,IFIS,Installed-Functioning-In Service,22,YES,NYCT,OK,YES,,NO,NO,40',,,,,137,40,,,,,,central mezzanine above 7 platform to main mezzanine for access to street and 4/5/6/S service,,,,,,,POINT (-73.976456 40.75148)
ES346,Escalator,Escalator,055,BRIGHTONBEACH-BWY-B/Q,Brighton Beach - Station,55,,BMT-A-BROADWAY/BRIGHTON,Brooklyn,40.57797,-73.96028,04/01/1981,09/05/2002,IFIS,Installed-Functioning-In Service,22,YES,NYCT,FUJITEC,YES,,YES,YES,14',,,,,59,24,,,,,,Brighton 7 St & Brighton Beach Ave (NE corner) to mezzanine,,,,,,,POINT (-73.96028 40.57797)
EL105,Elevator,Elevator Traction,300,191ST-BWY7-1,191 St - Station,300,,IRT-BB-BROADWAY/7AV,Manhattan,40.85547,-73.92941,01/01/1962,11/24/2020,IFIS,Installed-Functioning-In Service,22,YES,NYCT,MCE,YES,NO,NO,NO,,162' - 4in,10000,Passenger,2,,,Both,3,+,-,-,191 St & St Nicholas Ave (SW corner) to mezzanine for service in both directions and access to passageway to Broadway & 191 St,+,"103, 104, 106","103, 104, 106",,,Use an adjacent elevator.,POINT (-73.92941 40.85547)
EL725X,Elevator,Elevator Traction,172,FULTONST-8AV-A/C,Fulton St - Station,628,"Fulton St (A,C,J,Z,2,3,4,5)",IND-A-8AV/FULTONST,Manhattan,40.710197,-74.00769,,11/10/2014,INOS,Installed-Non Functioning-Out of Service,22,NO,Private Contractor,HOLLISTER-WHITNEY,NO,YES,NO,NO,,,,Passenger,,,,,,,,,Corbin Building,,,,,,,POINT (-74.00769 40.710197)
EL490X,Elevator,Elevator Traction,198,HOWARDBEACH-JFKAIRPORT-RKY-A,Howard Beach-JFK Airport - Station,198,,IND-F-ROCKAWAY,Queens,40.66048,-73.83053,08/01/2000,08/01/2000,IFIS,Installed-Functioning-In Service,22,NO,Private Contractor,AM,YES,YES,NO,NO,,,,Passenger,,,,Both,1,+,-,-,Colman Square to mezzanine for service in both directions,+,491X,491X,,,Use an adjacent elevator.,POINT (-73.83053 40.66048)
EL167X,Elevator,Elevator Hydraulic,305,137ST-CITYCOLLEGE-BWY7-1,137 St-City College - Station,305,,IRT-BB-BROADWAY/7AV,Manhattan,40.819,-73.957184,01/01/1900,01/02/1900,IFOS,Installed-Functioning-Out of Service,17,NO,Private Contractor,AM,NO,YES,NO,NO,,,,,,,,,,,,,3 Landings,,,,,,,POINT (-73.957184 40.819)
EL237,Elevator,Elevator Hydraulic,314,66ST-LINCOLNCENTER-BWY7-1,66 St-Lincoln Center - Station,314,,IRT-B-BROADWAY/7AV,Manhattan,40.773586,-73.98202,11/29/1999,06/28/2025,IFIS,Installed-Functioning-In Service,17,YES,Third-Party Contractor,MID-AMERICAN,YES,YES,YES,YES,,13' - 10.5in,2500,Passenger,,,,Northbound,1,-,-,+,East side of Broadway (between 65 St & 66 St) to uptown platform,-,,,,,"If you are on the street, either:  If you are on the street, either:  Cross Broadway and take a downtown 1 train to the 59 St-Columbus Circle A/B/C/D/1 station and follow signs to transfer to an uptown 1.  Or,  take an uptown M5/M5 LTD, M7, or M104 bus (66 & Broadway) to 72 St. Enter the 72 St 1/2/3 station at Broadway and 72 St. If you are on the mezzanine: use the help point or ask the station agent for assistance re-entering via the AutoGate. Then, take an uptown 1 train to 72 St station and use elevators to exit the station and take a downtown M5/M5 LTD or M104 bus (72 St & Broadway) to 65 St.  Or,  take an uptown M5/M5 LTD, M7, or M104 bus (66 & Broadway) to 72 St. Enter the 72 St 1/2/3 station at Broadway and 72 St. If you are on the mezzanine: use the help point or ask the station agent for assistance re-entering via the AutoGate. Then, take an uptown 1 train to 72 St station and use elevators to exit the station and take a 41 St -bound M104 or 31 St-bound M5 from 72 St and Broadway to 65 St and Broadway.",POINT (-73.98202 40.773586)
EL448X,Elevator,Elevator Hydraulic,279,SUTPHINBLVD-ARCHERAV-JFKAIRPORT-QBL-E/J/Z,Sutphin Blvd-Archer Av-JFK Airport - Station,279,,IND-D-QUEENS/ARCHERAV,Queens,40.70022,-73.80774,08/01/2014,08/01/2014,IFIS,Installed-Functioning-In Service,17,NO,Private Contractor,CANTON,YES,YES,NO,NO,,,,,,,,Both,1,+,-,-,Sutphin Blvd & Archer Ave (SW intersection) to mezzanine for service in both directions,+,449X,449X,,,Use an adjacent elevator.,POINT (-73.80774 40.70022)
ES626,Escalator,Escalator,471,34ST-HUDSONYARDS-FLS-7,34 St-Hudson Yards - Station,471,,IRT-CC-FLUSHING,Manhattan,40.755,-74.001015,09/13/2015,09/13/2015,IFIS,Installed-Functioning-In Service,22,YES,NYCT,KONE,YES,,YES,YES,12',,,,,55,24,,,,,,Hudson Blvd E (between 33 St & 34 St) to upper mezzanine,,,,,,,POINT (-74.001015 40.755)
ES431,Escalator,Escalator,280,JAMAICAVANWYCK-QBL-E,Jamaica Van Wyck - Station,280,,IND-D-QUEENS/ARCHERAV,Queens,40.700996,-73.81639,12/01/1988,05/16/2008,IFIS,Installed-Functioning-In Service,22,YES,NYCT,KONE,YES,,YES,YES,28',,,,,106,32in,,,,,,89 Ave & Van Wyck Expressway (SW corner) to mezzanine,,,,,,,POINT (-73.81639 40.700996)
ES287,Escalator,Escalator,477,72ST-2AV-Q,72 St - Station,477,,IND-S-2AV,Manhattan,40.768486,-73.9586,01/01/2017,01/01/2017,IFIS,Installed-Functioning-In Service,22,YES,NYCT,SCHINDLER,YES,,NO,NO,4953 mm (16' 1/4in),,,,,0,,,,,,,platform to lower mezzanine,,,,,,,POINT (-73.9586 40.768486)
EL164,Elevator,Elevator Hydraulic,363,WESTCHESTERSQ-EASTTREMONTAV-PEL-6,Westchester Sq-East Tremont Av - Station,363,,IRT-PW-WESTCHESTERYD,Bronx,40.8454,-73.8433,12/28/1994,12/28/1994,IFIS,Installed-Functioning-In Service,17,YES,NYCT,CEMCO,NO,NO,NO,NO,,,2000,Passenger Yard,,,,,,,,,Passanger Yard Elevator At Phelham Inspection Barn,,,,,,,POINT (-73.8433 40.8454)
EL17X,Elevator,Elevator Hydraulic,021,CORTLANDTST-BWY-R,Cortlandt St - Station,624,"Chambers St (A,C)/WTC (E)/Park Place (2,3)/Cortlandt St (R, W)",BMT-B-BROADWAY,Manhattan,40.710667,-74.01103,09/11/2018,01/02/1900,IFIS,Installed-Functioning-In Service,17,NO,Private Contractor,,YES,YES,NO,NO,,,,Passenger,,,,Southbound,4,+,+,+,"Oculus main level to Fulton Center level, balcony, and mezzanine for downtown R/W service",+,,16X,16X,16X,Use another elevator on this level.,POINT (-74.01103 40.710667)
EL713,Elevator,Elevator Hydraulic,328,CORTLANDTST-7AV-1,Cortlandt St - Station,328,,IRT-V-7AV,Manhattan,40.712406,-74.01206,09/08/2018,09/08/2018,IFIS,Installed-Functioning-In Service,17,YES,NYCT,MONGRAIN VERTICAL TRANSPORT,YES,YES,NO,NO,,19'8.75in,2500,Passenger,2,,,Southbound,2,+,-,+,mezzanine at Oculus main level to downtown 1 platform,+,,23X,,736,Use another elevator on this level.,POINT (-74.01206 40.712406)
EL199,Elevator,Elevator Hydraulic,444,GUNHILLRD-DYR-5,Gun Hill Rd - Station,444,,IRT-Y-DYREAV,Bronx,40.86992,-73.84585,12/31/2020,12/31/2020,IFIS,Installed-Functioning-In Service,17,YES,NYCT,,YES,YES,YES,YES,,,,Passenger,,,,Northbound,1,-,-,+,Gun Hill Road (between Sexton Pl and Dewitt Pl) to Eastchester Dyre Av-bound platform,-,,,,,"If you are on the platform:  Take an Eastchester Dyre Av-bound 5 to Eastchester Dyre Av. Then, stay on train or  transfer across the platform for Manhattan-bound 5 to Gun Hill Rd.",POINT (-73.84585 40.86992)
ES285,Escalator,Escalator,477,72ST-2AV-Q,72 St - Station,477,,IND-S-2AV,Manhattan,40.76762,-73.959206,01/01/2017,01/01/2017,IFIS,Installed-Functioning-In Service,22,YES,NYCT,SCHINDLER,YES,,NO,NO,4953 mm (16' 1/4in),,,,,0,,,,,,,platform to lower mezzanine,,,,,,,POINT (-73.959206 40.76762)
EL122,Elevator,Elevator Hydraulic,360,PELHAMBAYPARK-PEL-6,Pelham Bay Park - Station,360,,IRT-P-PELHAM,Bronx,40.852917,-73.82705,10/01/1989,04/05/2016,IFIS,Installed-Functioning-In Service,17,YES,NYCT,CANTON,YES,YES,NO,YES,,14'-8in,2200,Passenger,3,,,Both,1,+,-,+,mezzanine to Manhattan-bound platform,-,,,,,If you are on the mezzanine:  Exit through the faregate and use the elevator to take a West Farms Rd/Southern Blvd-bound Bx5 bus (Bruckner Blvd and Wilkinson Av) to 163 St and Hoe Av. Then proceed to Hunts Point Av 6.  If you are on the platform:  Take a Manhattan-bound 6 to Hunts Pt Av. Use elevators to exit the station and take a  Pelham Bay-bound Bx5 bus (Hunts Pt Av and Southern Blvd) to Bruckner Blvd and  Wilkinson Av for Pelham Bay Park 6.,POINT (-73.82705 40.852917)
EL226,Elevator,Elevator Hydraulic,164,34ST-PENNSTATION-8AV-A/C/E,34 St-Penn Station - Station,164,,IND-A-8AV/FULTONST,Manhattan,40.75202,-73.993355,06/10/2002,12/30/2025,IFIS,Installed-Functioning-In Service,17,YES,Third-Party Contractor,OTIS,YES,YES,NO,NO,,14' - 7in,2100,Passenger,2,,,Both,1,+,-,+,uptown C/E platform to lower mezzanine for access to Penn Station concourse and rest of complex,-,,,,,"This elevator is out of service for replacement.  For uptown and Queens-bound service from the mezzanine, take an uptown A to 42 St - Port Authority Bus Terminal and transfer to C or E. Alternatively, proceed to the NE corner of 8 Av and 34 St. Then, take a Lincoln Center-bound M20 or PA Bus Terminal-bound M34A to 8 Av and 40 St. Enter the 42 St - Port Authority Bus Terminal station for access to A/C/E service. To exit, take an uptown C or E to 42 St - Port Authority Bus Terminal. Use ramps to change directions and take a downtown A, C, or E to 34 St - Penn Station.",POINT (-73.993355 40.75202)
EL377,Elevator,Elevator Hydraulic,068,BAYPKWY-WST-D,Bay Pkwy - Station,68,,BMT-D-WESTEND,Brooklyn,40.601955,-73.993774,07/23/2012,07/23/2012,IFIS,Installed-Functioning-In Service,17,YES,NYCT,CEMCO,YES,YES,NO,YES,,,2500,Passenger,,,,Northbound,1,+,-,+,mezzanine to Manhattan-bound platform,-,,,,,"If you are on the mezzanine: Use the elevator at the other end of the mezzanine to take a Coney Island-bound D to Coney Island-Stillwell Av. Remain on the train or transfer across the platform for a Manhattan-bound D. Or, exit through the faregate and use the elevator at the other end of the mezzanine to reach street level and take a Spring Creek-bound B82 bus or B82 SBS to E 16 St for the Kings Hwy B/Q Station; or Stillwell Av-bound B82 bus to Mermaid Av and Stillwell Av for the Coney Island-Stillwell Av D/F/N/Q Station. If you are on the platform: Take Manhattan-bound D to 62 St-New Utrecht.  Use elevators to transfer to Coney Island-bound D to Bay Parkway.",POINT (-73.993774 40.601955)
EL156,Elevator,Elevator Hydraulic,299,DYCKMANST-BWY7-1,Dyckman St - Station,299,,IRT-BB-BROADWAY/7AV,Manhattan,40.86014,-73.92619,01/01/1910,10/02/2000,IFIS,Installed-Functioning-In Service,17,YES,NYCT,CEMCO,NO,NO,YES,YES,,,8000,Freight,,,,,,,,,Freight Elevator At Dyckman Street/ Sub. Station,,,,,,,POINT (-73.92619 40.86014)
ES256,Escalator,Escalator,402,GRANDCENTRAL-42ST-LEX-4/5/6,Grand Central-42 St - Station,610,"Grand Central-42 St (S,4,5,6,7)",IRT-L-LEXINGTONAV,Manhattan,40.752007,-73.97698,07/01/1989,06/05/2020,IFIS,Installed-Functioning-In Service,22,YES,NYCT,OK,YES,,YES,NO,18',,,,,77,40,,,,,,main mezzanine to 42 St (between Park Ave & Lexington Ave),,,,,,,POINT (-73.97698 40.752007)
EL334,Elevator,Elevator Hydraulic,167,W4ST-WASHSQ-8AV-A/B/C/D/E/F/M,W 4 St-Wash Sq - Station,167,,IND-A-8AV/FULTONST,Manhattan,40.732315,-74.000626,04/07/2005,01/15/2025,IFIS,Installed-Functioning-In Service,17,YES,Third-Party Contractor,CEMCO,YES,YES,NO,NO,,,2500,Passenger,,,,Southbound,2,-,+,+,downtown A/C/E platform to transfer mezzanine and downtown B/D/F/M platform,-,,,,,"For B, D, F, M, use ramps to access uptown A, C, E platform. Use the elevator to transfer to an uptown B,D,F, or M to 34 St-Herald Sq. For downtown B, D, F, M, use the elevators at 34 St-Herald Sq to transfer to downtown service. For downtown B, D, F, M, take an uptown B, D, F, M to 34 St-Herald Sq and use elevators to transfer to a downtown B, D, F, M. For downtown A, C, or E, take an uptown A,C, or E to 14 St and use elevators to transfer to a downtown A, C, or E. To exit the station, take a downtown B,D,F, or M to B’way-Lafayette St. Then use elevators and transfer to uptown B,D,F, or M to W 4 St, or exit the B’way-Lafayette St station and take a westbound M21 bus (Houston St and Crosby St) to Houston St and 6 Av. Transfer to an uptown M55 bus to 3 St and 6 Av. For the A or C, take a downtown F to Jay St-MetroTech and transfer across the platform for Brooklyn-bound service.",POINT (-74.000626 40.732315)
ES270,Escalator,Escalator,475,96ST-2AV-Q,96 St - Station,475,,IND-S-2AV,Manhattan,40.782993,-73.94781,01/01/2017,01/01/2017,IFIS,Installed-Functioning-In Service,22,YES,NYCT,KONE,YES,,YES,YES,"8,519mm (27'  11 3/8in)",,,,,111,1000 mm (39 3/8in),,,,,,94 St & 2nd Ave (NE corner) to mezzanine,,,,,,,POINT (-73.94781 40.782993)
EL371,Elevator,Elevator Hydraulic,026,DEKALBAV-4AV-B/Q/R,DeKalb Av - Station,26,,BMT-F-4AV,Brooklyn,40.68988,-73.98131,05/02/2005,04/03/2026,IFIS,Installed-Functioning-In Service,17,YES,Third-Party Contractor,MID-AMERICAN,YES,YES,NO,NO,,12'-7 1/2in,2100,Passenger,2,,,Northbound,1,+,-,+,mezzanine to Manhattan-bound platform,-,,,,,"To exit the Manhattan-bound platform, take a Manhattan-bound R to Jay St – MetroTech. Exit the station and proceed south to the SW corner of Fulton St and Jay St. Take a Ridgewood-bound B38 or B52 to Fulton St/Bond St.  Alternatively, take a Manhattan-bound B to Broadway-Lafayette and transfer to a Brooklyn-bound D to Atlantic Av-Barclays Center. Exit the station and take a downtown Brooklyn/Cadman Plaza-bound B41 bus to Livingston St/Nevins St.  If you are on the mezzanine: Take a Bay Ridge-bound R to Atlantic Av-Barclays Ctr and then transfer to a Manhattan-bound R.",POINT (-73.98131 40.68988)
EL335,Elevator,Elevator Hydraulic,167,W4ST-WASHSQ-8AV-A/B/C/D/E/F/M,W 4 St-Wash Sq - Station,167,,IND-A-8AV/FULTONST,Manhattan,40.732243,-74.00046,04/07/2005,04/07/2005,RNOS,Removed-Non Functioning-Out of Service,17,YES,NYCT,CEMCO,YES,YES,NO,NO,,,2500,Passenger,,,,Northbound,1,-,+,+,uptown A/C/E platform to transfer mezzanine and uptown B/D/F/M platform,-,,,,,"If you are on the uptown A/C/E platform: For B, D, F or M, use ramps to access downtown A, C, E platform. Then take the elevator to the lower level to take a downtown B, D, F or M to Broadway-Lafayette St. For uptown B, D, F or M, use elevators at B’way-Lafayette St to transfer for uptown service.  If you are on the transfer mezzanine: For uptown B, D, F, M, take a downtown B, D, F or M to B’way-Lafayette St and use elevators to transfer to an uptown B, D, F or M. For uptown A, C, take a downtown A or C to Fulton St, cross platform, and transfer to an uptown A or C. For uptown E, take a downtown E to World Trade Center, cross platform, and transfer to an uptown E. If you are on the uptown B/D/F/M platform: To exit to street, take an uptown B, D, F or M to 34 St-Herald Sq. Use elevators to transfer to a downtown B, D, F or M to W 4 St or exit station and take a downtown M1, M2, M3, or M55 bus (33 St and 5 Av) to 8 St and 5 Av. To transfer to A or C, take an uptown B or D to 59 St-Columbus Circle.",POINT (-74.00046 40.732243)
ES112,Escalator,Escalator,210,NORWOOD-205ST-CON-D,Norwood-205 St - Station,210,,IND-C-CONCOURSE,Bronx,40.874916,-73.87921,06/30/1947,09/07/2001,IFIS,Installed-Functioning-In Service,22,YES,NYCT,AM,YES,,NO,NO,27',,,,,97,40,,,,,,platform to mezzanine for Bainbridge Ave & 206 St exit,,,,,,,POINT (-73.87921 40.874916)
EL296,Elevator,Elevator Hydraulic,402,GRANDCENTRAL-42ST-LEX-4/5/6,Grand Central-42 St - Station,610,"Grand Central-42 St (S,4,5,6,7)",IRT-L-LEXINGTONAV,Manhattan,40.751778,-73.976845,06/20/2019,06/20/2019,IFIS,Installed-Functioning-In Service,17,YES,NYCT,,YES,YES,YES,YES,,,,Passenger,,,,Both,2,+,-,-,42 St & Lexington Av to mezzanine for 4/5/6/7 service in both directions,+,204,204,,,If you are on the street: Proceed to E. 42nd Street between Lexington Av and Madison Av and use elevator near Grand Central Terminal to enter the subway station. If you are on the mezzanine: See a station agent to re-enter faregate and proceed across mezzanine toward Grand Centeral Terminal. Exit opposite faregate and use elevator to exit the station.,POINT (-73.976845 40.751778)
ES625,Escalator,Escalator,471,34ST-HUDSONYARDS-FLS-7,34 St-Hudson Yards - Station,471,,IRT-CC-FLUSHING,Manhattan,40.755207,-74.00191,09/13/2015,09/13/2015,IFIS,Installed-Functioning-In Service,22,YES,NYCT,KONE,YES,,NO,NO,"24,892 mm (81' 8in)",,,,,283,1000 mm (40in),,,,,,lower mezzanine to upper mezzanine for Hudson Blvd E exit (between 33 St & 34 St),,,,,,,POINT (-74.00191 40.755207)
ES641X,Escalator,Escalator,402,GRANDCENTRAL-42ST-LEX-4/5/6,Grand Central-42 St - Station,610,"Grand Central-42 St (S,4,5,6,7)",IRT-MM-LEXINGTONAV,Manhattan,40.849506,-73.93359,12/09/2020,12/09/2020,IFIS,Installed-Functioning-In Service,22,NO,Private Contractor,,YES,,,,,,,,,,,,,,,,LIRR “Madison Concourse” to Shuttle platform.,,,,,,,POINT (-73.93359 40.849506)
EL157X,Elevator,Elevator Traction,109,FRESHPONDRD-MYT-M,Fresh Pond Rd - Station,109,,BMT-FP-FRESHPONDYD,Queens,40.706905,-73.8937,10/12/2014,10/12/2014,INOS,Installed-Non Functioning-Out of Service,22,NO,Private Contractor,AM,NO,YES,NO,NO,,,,,,,,,,,,,3 Landings,,,,,,,POINT (-73.8937 40.706905)
ES349,Escalator,Escalator,238,SMITH-9STS-6AV-F/G,Smith-9 Sts - Station,238,,IND-B-6AV/CULVER,Brooklyn,40.674404,-73.99716,01/19/1999,01/16/2026,IFIS,Installed-Functioning-In Service,22,YES,NYCT,KONE,YES,,NO,NO,28',,,,,166,32,,,,,,intermediate mezzanine to upper mezzanine,,,,,,,POINT (-73.99716 40.674404)
ES628,Escalator,Escalator,471,34ST-HUDSONYARDS-FLS-7,34 St-Hudson Yards - Station,471,,IRT-CC-FLUSHING,Manhattan,40.754967,-74.00104,09/13/2015,09/13/2015,IFIS,Installed-Functioning-In Service,22,YES,NYCT,KONE,YES,,YES,YES,30',,,,,110,24,,,,,,upper mezzanine to Hudson Blvd E (between 33 St & 34 St),,,,,,,POINT (-74.00104 40.754967)
EL237X,Elevator,Elevator Hydraulic,226,42ST-BRYANTPK-6AV-B/D/F/M,42 St-Bryant Pk - Station,609,"42 St-Bryant Pk (B,D,F,M)/5 Av (7)",IND-B-6AV/CULVER,Manhattan,40.754223,-73.984566,11/02/2011,11/02/2011,IFIS,Installed-Functioning-In Service,17,NO,Private Contractor,AM,NO,NO,NO,NO,,,,,,,,,,,,,Lower Mezzanine To Northbound Platform,,,,,,,POINT (-73.984566 40.754223)
EL715X,Elevator,Elevator Traction,172,FULTONST-8AV-A/C,Fulton St - Station,628,"Fulton St (A,C,J,Z,2,3,4,5)",IND-A-8AV/FULTONST,Manhattan,40.710205,-74.00766,11/10/2014,11/10/2014,INOS,Installed-Non Functioning-Out of Service,22,NO,Private Contractor,HOLLISTER-WHITNEY,NO,YES,NO,NO,,,,Passenger,,,,,,,,,Transit Center,,,,,,,POINT (-74.00766 40.710205)
ES434,Escalator,Escalator,279,SUTPHINBLVD-ARCHERAV-JFKAIRPORT-QBL-E/J/Z,Sutphin Blvd-Archer Av-JFK Airport - Station,279,,IND-D-QUEENS/ARCHERAV,Queens,40.700504,-73.80785,12/01/1988,01/19/2025,IFIS,Installed-Functioning-In Service,22,YES,NYCT,,YES,,NO,NO,11' - 5 3/8in,,,,,53,40in,,,,,,E platform to mezzanine for Sutphin Blvd & Archer Ave exit,,,,,,,POINT (-73.80785 40.700504)
EL609,Elevator,Elevator Hydraulic,116,6AV-CNR-L,6 Av - Station,601,"14 St (F,M,1,2,3)/6 Av (L)",BMT-Q-14ST/CANARSIE,Manhattan,40.737335,-73.99679,08/19/2024,08/19/2024,IFIS,Installed-Functioning-In Service,17,YES,Third-Party Contractor,,YES,YES,NO,NO,,,,,,,,Both,2,-,+,+,Lower mezzanine to L platform.,-,,,,,"If you are on the lower mezzanine: Exit the station. Cross 6 Av and use EL612 to re-enter the station for L service. If you are on the L platform: Use EL610 (follow signage for 1/2/3 and downtown F/M) and EL612 to exit the station. For     uptown F/M, take a downtown F/M to W 4 St - Washington Sq and transfer to an uptown F/M.",POINT (-73.99679 40.737335)
ES334,Escalator,Escalator,103,BOWERY-JAM-J/Z,Bowery - Station,103,,BMT-J-JAMAICA,Manhattan,40.720295,-73.99377,05/01/1984,02/07/2014,IFIS,Installed-Functioning-In Service,22,YES,NYCT,KONE,YES,,NO,NO,23' 8 9/32in,,,,,94,40in,,,,,,J/Z platform to mezzanine for Delancey St & Bowery exit,,,,,,,POINT (-73.99377 40.720295)
ES361X,Escalator,Escalator,412,FULTONST-LEX-4/5,Fulton St - Station,628,"Fulton St (A,C,J,Z,2,3,4,5)",IRT-M-LEXINGTONAV,Manhattan,40.710453,-74.009094,,11/10/2014,IFIS,Installed-Functioning-In Service,22,NO,Private Contractor,THYSSEN-KRUPP,YES,,NO,NO,,,,,,,,,,,,,uptown 4/5 platform level to Transit Center exit (NE corner of John St & Broadway),,,,,,,POINT (-74.009094 40.710453)
EL719,Elevator,Elevator Hydraulic,106,FULTONST-NAS-J/Z,Fulton St - Station,628,"Fulton St (A,C,J,Z,2,3,4,5)",BMT-R-JAMAICA/NASSAUSTLOOP,Manhattan,40.71023,-74.00775,12/09/2013,12/09/2013,IFIS,Installed-Functioning-In Service,17,YES,NYCT,CANTON,YES,YES,NO,NO,,,2000,Passenger,,,,Both,3,+,-,+,mezzanine (Nassau St) and Broad St-bound J/Z to A/C platform for service in both directions and access to rest of complex,+,,722,,721,"If you are on the Broad St-bound J/Z mezzanine: For 2 /3, exit station and proceed to the station entrance at the southwest corner of William St and Fulton St. For 4/ 5/A/C, exit station and proceed to the station entrance at Fulton St and Broadway. If you are on the A/C platform: To exit station, use a different elevator on this platform and follow signs to exit.",POINT (-74.00775 40.71023)
ES303,Escalator,Escalator,335,BOROUGHHALL-CLK-2/3,Borough Hall - Station,620,"Court St (R)/Borough Hall (2,3,4,5)",IRT-K-CLARKST,Brooklyn,40.693752,-73.99026,07/09/1923,09/05/2003,IFIS,Installed-Functioning-In Service,22,YES,NYCT,FUJITEC,YES,,NO,NO,29',,,,,104,40,,,,,,Brooklyn-bound 2/3 platform to mezzanine for Court St & Montague St exit and R service,,,,,,,POINT (-73.99026 40.693752)
ES429,Escalator,Escalator,280,JAMAICAVANWYCK-QBL-E,Jamaica Van Wyck - Station,280,,IND-D-QUEENS/ARCHERAV,Queens,40.70189,-73.816605,12/16/2008,12/16/2008,IFIS,Installed-Functioning-In Service,22,YES,NYCT,KONE,YES,,NO,NO,13',,,,,57,40in,,,,,,platform to mezzanine for 89 Ave & Van Wyck Expressway exit,,,,,,,POINT (-73.816605 40.70189)
EL318,Elevator,Elevator Hydraulic,335,BOROUGHHALL-CLK-2/3,Borough Hall - Station,620,"Court St (R)/Borough Hall (2,3,4,5)",IRT-K-CLARKST,Brooklyn,40.693855,-73.99032,01/06/1995,03/12/2021,IFIS,Installed-Functioning-In Service,17,YES,NYCT,CEMCO,YES,YES,NO,NO,,,3500,Passenger,2,,,Both,1,+,-,+,mezzanine to platforms for 2/3 service in both directions and access to 4/5 service via Manhattan-bound 2/3 platform,-,,,,,If you are on the mezzanine: See agent to exit the station and proceed to the northeast corner of Court St and Joralemon St. Use elevator EL-773 to re-enter the Borough Hall station.  For Manhattan-bound 2/3 service: use the Manhattan-bound 4/5 platform and follow signage to the Manhattan-bound 2/3.  For Brooklyn-bound 2/3 service: take a Manhattan-bound 2 or 3 to Fulton St and transfer cross-platform to a Brooklyn-bound 2 or 3. If you are on the Manhattan-bound 2/3 platform:  Follow signage towards the Manhattan-bound 4/5 platform and use elevators to exit the station.  If you are on the Brooklyn-bound 2/3 platform:  Take a New Lots Av-bound 3 or Flatbush Av-Brooklyn College-bound 2 to Hoyt St. Exit the station and proceed west along Fulton St to Court St.,POINT (-73.99032 40.693855)
EL219,Elevator,Elevator Hydraulic,015,14ST-UNIONSQ-BWY-N/R/Q,14 St-Union Sq - Station,602,"14 St-Union Sq (L,N,Q,R,4,5,6)",BMT-A-BROADWAY/BRIGHTON,Manhattan,40.735245,-73.9906,05/26/2000,02/28/2025,IFIS,Installed-Functioning-In Service,17,YES,Third-Party Contractor,MID-AMERICAN,YES,YES,NO,NO,,10in- 2in,2000,Passenger,,,,Northbound,1,+,-,+,mezzanine to uptown N/Q/R/W platform,-,,,,,"If you are on the platform:  Take an uptown N,Q, R, or W to 34 St-Herald Sq and use elevators to transfer to a downtown F or M to 14 St. Use elevators to transfer to a downtown F or M to 14 St. Use elevators to exit the station and take an LES-bound M14A or M14D to 4 Av.   If you are on the mezzanine:  Take a downtown R or W (N overnight) to City Hall, see agent to cross the platform and transfer to an uptown R or W (N overnight).Transfer to N or Q at 14 St-Union Sq.",POINT (-73.9906 40.735245)
EL277,Elevator,Elevator Hydraulic,161,59ST-COLUMBUSCIRCLE-8AV-A/B/C/D,59 St-Columbus Circle - Station,614,"59 St-Columbus Circle (A,B,C,D,1)",IND-A-8AV/FULTONST,Manhattan,40.768246,-73.981926,10/14/2009,10/14/2009,RNOS,Removed-Non Functioning-Out of Service,22,YES,NYCT,CANTON,YES,YES,NO,NO,,,2000,Passenger,,,,Southbound,3,+,-,+,,+,,622,,622,"If you are on the mezzanine: For downtown 1, proceed to the elevator at the other side of the mezzanine to reach the platform and use the elevator at the other end of platform. Take an uptown 1 to 72 St and use elevators to transfer to a downtown 1. For downtown A, B, C or D, proceed to the elevator at the side of the mezzanine and take an uptown A, C, B or D to 125 St. Use elevators to transfer to downtown service.  Or, take a southbound M104 bus (Columbus Circle and 8 Av) to 41 St and 8 Av and proceed to Times Sq-42 St for downtown 1 or to 42 St/Port Authority Bus Terminal for A, C. If you are on the downtown A/B/C/D platform: Take a downtown A or C to 42 St/Port Authority Bus Terminal and use ramps to transfer to an uptown A or C to 59 St-Columbus Circle. Or, take a downtown C to 50 St. Exit station and take a northbound M20 or M104 bus (49 St and 8 Av) to 59 St-Columbus Circle. If you are on the downtown 1 platform: Take a downtown 1 to Times Sq-42 St then either: Use elevators to transfer to an uptown 1 to 59 St-Columbus Circle. Or, take a northbound M20 or M104 bus (8 Av and 43 St) to 59 St-Columbus Circle.",POINT (-73.981926 40.768246)
EL491X,Elevator,Elevator Hydraulic,198,HOWARDBEACH-JFKAIRPORT-RKY-A,Howard Beach-JFK Airport - Station,198,,IND-F-ROCKAWAY,Queens,40.660477,-73.83052,11/01/2011,11/01/2011,IFIS,Installed-Functioning-In Service,17,NO,Private Contractor,AM,YES,YES,NO,NO,,,,,,,,Both,2,+,-,-,Colman Square to mezzanine for service in both directions,+,490X,490X,,,Use an adjacent elevator.,POINT (-73.83052 40.660477)
EL116,Elevator,Elevator Traction,145,190ST-8AV-A,190 St - Station,145,,IND-A-8AV/FULTONST,Manhattan,40.85905,-73.934006,06/01/1932,11/30/2021,IFIS,Installed-Functioning-In Service,22,YES,NYCT,IMPERIAL,YES,NO,NO,NO,,,11000,Passenger,,,,Both,2,+,+,-,upper mezzanine (Fort Washington Av) to lower mezzanine for service in both directions and access to passageway to Bennett Ave & 190 St,+,,115,115,,Use an adjacent elevator.,POINT (-73.934006 40.85905)
EL458,Elevator,Elevator Hydraulic,,,,,,,Queens,40.59519,-73.938675,03/15/2006,03/15/2006,IFIS,Installed-Functioning-In Service,17,YES,NYCT,CANTON,NO,NO,NO,NO,,,2000,Freight,,,,,,,,,Freight Elevator At Woodside EMD,,,,,,,POINT (-73.938675 40.59519)
ES419,Escalator,Escalator,222,ROOSEVELTISLAND-63S-F,Roosevelt Island - Station,222,,IND-T-63ST,Manhattan,40.75867,-73.952415,10/01/1989,10/24/2007,IFIS,Installed-Functioning-In Service,22,YES,NYCT,KONE,YES,,NO,NO,14',,,,,56,40,,,,,,Jamaica 179 St-bound platform to lower mezzanine,,,,,,,POINT (-73.952415 40.75867)
EL288X,Elevator,Elevator Hydraulic,163,42ST/PORTAUTHORITY-BUSTERMINAL-8AV-A/C/E,42St/Port Authority-Bus Terminal - Station,611,"Times Sq-42 St (N,Q,R,S,1,2,3,7)/42 St (A,C,E)",IND-A-8AV/FULTONST,Manhattan,40.757362,-73.98978,01/01/1900,09/01/2011,IFIS,Installed-Functioning-In Service,17,NO,Private Contractor,,YES,YES,NO,NO,,,,,,,,Both,1,+,-,-,Port Authority Bus Terminal (8th Ave between 41st St & 42nd St) to mezzanine for A/C/E service in both directions via ramps,+,289X,289X,,,If you are on the street: Use other elevator in mezzanine to Port Authority Bus Terminal. If you are on the  mezzanine: Use other elevator in mezzanine to Port Authority Bus Terminal.,POINT (-73.98978 40.757362)
ES404,Escalator,Escalator,223,LEXINGTONAV/63ST-63S-F/Q,Lexington Av/63 St - Station,223,,IND-T-63ST,Manhattan,40.76501,-73.96699,10/01/1989,10/01/1989,RNOS,Removed-Non Functioning-Out of Service,22,YES,NYCT,OTIS,YES,,NO,NO,28',,,,,99,40,,,,,,intermediate mezzanine to upper mezzanine for Lexington Ave & 63 St exit,,,,,,,POINT (-73.96699 40.76501)
ES331,Escalator,Escalator,184,BROADWAYJUNCTION-8AV-A/C,Broadway Junction - Station,621,"Broadway Junction (A,C,J,L,Z)",IND-A-8AV/FULTONST,Brooklyn,40.678562,-73.90392,07/01/1948,09/08/1995,IFIS,Installed-Functioning-In Service,22,YES,NYCT,OK,YES,,YES,NO,44',,,,,150,32,,,,,,J/Z/L upper mezzanine to Van Sinderen Ave mezzanine for access to street and A/C service,,,,,,,POINT (-73.90392 40.678562)
EL244,Elevator,Elevator Hydraulic,465,GRANDCENTRAL-42ST-FLS-7,Grand Central-42 St - Station,610,"Grand Central-42 St (S,4,5,6,7)",IRT-C-FLUSHING,Manhattan,40.751648,-73.976555,12/06/2001,05/09/2020,IFIS,Installed-Functioning-In Service,17,YES,NYCT,MID-AMERICAN,YES,YES,NO,NO,,51' 4in,2100,Passenger,2,,,Both,3,+,-,+,mezzanine to 7 platform for service in both directions,-,,,,,If you are on the mezzanine: Exit the station and take an M42 bus (42 St and Broadway) to Times Square. If you are on the platform: Take a 34 St-Hudson Yards-bound 7 to Times Sq-42 St. Exit station and take an eastbound M42 bus (42 St and Broadway) to Lexington Av.,POINT (-73.976555 40.751648)
EL739,Elevator,Elevator Hydraulic,073,NEWUTRECHTAV-SEA-N,New Utrecht Av - Station,615,New Utrecht Av (N)/62 St (D),BMT-E-SEABEACH,Brooklyn,40.62555,-73.996994,07/19/2019,07/19/2019,IFIS,Installed-Functioning-In Service,17,YES,NYCT,,YES,YES,YES,YES,,,,Passenger,,,,Both,1,+,-,+,62 St & New Utrecht Av (SE corner) to Coney Island-bound N platform and D mezzanine for service in both directions,-,,,,,"If you are on the street: For Coney Island-bound D or N, exit faregate and take a Kings Plaza-bound B9 (60 St and 14 Av) to Coney Island Av. Then transfer to a Coney Island-bound B68 (Coney Island Av and Avenue M) to Coney Island-Stillwell Av for D/F/N/Q service. Or for Manhattan-bound D, use elevator at other end of mezzanine to take a Manhattan-bound N to Atlantic Av-Barclays Center B/D/N/Q/R/2/3/4/5 Station and transfer on the same platform for Manhattan-bound D. If you are on the platform: Take Coney Island-bound N to Coney Island-Stillwell Av.  Then, stay on train or transfer across the platrform to a Manhattan-bound N to New Utrecht Av Station. If you are on the D mezzanine: Use the elevator at other end of passageway  to take Coney Island-bound D to Coney Island-Stillwell Av.  Use elevators to access N platform and then either: Use ramp to exit station and take a Windsor Terrace-bound B68 (Stillwell Terminal) to Avenue M.  Then, transfer to a Shore Rd-bound B9 (Avenue M and Coney Island Av) to 60th Street and New Utrecht Av. Or, transfer to Manhattan-bound N.",POINT (-73.996994 40.62555)
EL135,Elevator,Elevator Hydraulic,219,161ST-YANKEESTADIUM-CON-B/D,161 St-Yankee Stadium - Station,604,"161 St-Yankee Stadium (B,D,4)",IND-C-CONCOURSE,Bronx,40.827755,-73.92566,04/04/2002,04/02/2026,IFIS,Installed-Functioning-In Service,17,YES,Third-Party Contractor,OTIS GCS,YES,YES,NO,NO,,10'-2in,2000,Passenger,2,,,Northbound,4,+,-,+,Mezzanine to B/D platform for Bedford Pk Blvd and Norwood 205 St-bound service.,-,,,,,"All elevators in this station are out of service for replacement.  Read on for travel alternatives: For easiest Manhattan-bound service, use nearby Metro-North station. Present Reduced-Fare MetroCard or OMNY card to conductors at Metro-North station Yankees-East 153 St for free out of system transfer. Travel south on River Av to 157 St, walk west on 157 St to the Metro North station. Travel to 125 St or Grand Central and continue your journey.  For Bedford Park Blvd-bound B/D, take a Hunts Pt-bound Bx6 Local bus (161 St and River Av) to Concourse Village E (Morris Av). Transfer to a Kingsbridge-bound Bx32 bus and take it to Jerome Av and Kingsbridge Rd for B or D. For Woodlawn-bound 4, elevators are also out of service at Fordham Rd 4 station. Instead, take a Riverdale-bound Bx1 or Bx1 LTD, or a Kingsbridge-bound Bx2 from Grand Concourse/E 170 St to your destination. You can also transfer to the Bx32, which runs on Jerome Av, at 175 St and Walton Av (just west of Grand Concourse).",POINT (-73.92566 40.827755)
ES407,Escalator,Escalator,223,LEXINGTONAV/63ST-63S-F/Q,Lexington Av/63 St - Station,223,,IND-T-63ST,Manhattan,40.765236,-73.96745,10/01/1989,03/26/2026,IFIS,Installed-Functioning-In Service,22,YES,NYCT,KONE,YES,,NO,NO,18'10 5/8,,,,,65,40',,,,,,lower mezzanine (Lexington Ave & 63 St) to downtown platform,,,,,,,POINT (-73.96745 40.765236)
EL207X,Elevator,Elevator Hydraulic,162,50ST-8AV-C/E,50 St - Station,162,,IND-A-8AV/FULTONST,Manhattan,40.761967,-73.986664,07/10/1989,07/10/1989,IFIS,Installed-Functioning-In Service,17,NO,Private Contractor,AM,YES,YES,NO,NO,,,,,,,,Southbound,1,+,-,-,49 St and 8th Ave (NW corner) to downtown C and access to downtown E,-,,,,,If you are on the street: Take an uptown M20 or M104 (8 Av and 49 St) to Central Park West and Columbus Circle. Use elevator to enter 59 St-Columbus Circle station for C service. Transfer available to E across the platform at 42 St/Port Authority. If you are at the platform:  See a station agent to re-enter faregates and take a downtown C to 42 St/Port Authority Bus Terminal. Use elevators to exit station and take an uptown M20 or M104 (8 Av and 43 St ) to 49 St.,POINT (-73.986664 40.761967)
EL614,Elevator,Elevator Hydraulic,229,14ST-6AV-F/M,14 St - Station,601,"14 St (F,M,1,2,3)/6 Av (L)",IND-B-6AV/CULVER,Manhattan,40.738228,-73.99621,08/19/2024,08/19/2024,IFIS,Installed-Functioning-In Service,17,YES,Third-Party Contractor,,YES,YES,NO,NO,,,,,,,,Northbound,2,+,-,+,F/M uptown mezzanine to F/M uptown platform.,-,,,,,"If you are on the F/M uptown mezzanine: Exit the station. Then, proceed to 16 St and take a Harlem 147 St-bound M7 to 34 St to access the 34 St - Herald Sq station. If you are on the F/M uptown platform: Take an uptown F/M to Herald Sq and transfer to a downtown F/M to 14 St.",POINT (-73.99621 40.738228)
EL515,Elevator,Elevator Traction,373,E149ST-PEL-6,E 149 St - Station,373,,IRT-P-PELHAM,Bronx,40.811913,-73.904175,09/15/2023,09/15/2023,IFIS,Installed-Functioning-In Service,22,YES,Third-Party Contractor,,YES,YES,YES,YES,,,,,,,,Northbound,1,+,-,+,SW corner of Southern Blvd and E 149 St for Pelham Bay Park-bound service.,-,,,,,"If you are on the street:   Cross E 149 street and take a NY Botanical Garden-bound Bx19 bus to Hunts Point Avenue for access Hunts Point Av station.   If you are on the on the platform:   Take a Pelham Bay Park-bound 6 train to Hunts Point Av station. Then, use elevators to exit the station and take a Riverbank Park-bound Bx19 bus (Southern Blvd & E 163 St) to E 149 St.",POINT (-73.904175 40.811913)
ES629,Escalator,Escalator,471,34ST-HUDSONYARDS-FLS-7,34 St-Hudson Yards - Station,471,,IRT-CC-FLUSHING,Manhattan,40.75495,-74.00105,09/13/2015,09/13/2015,IFIS,Installed-Functioning-In Service,22,YES,NYCT,KONE,YES,,YES,YES,30',,,,,109,24,,,,,,upper mezzanine to Hudson Blvd E (between 33 St & 34 St),,,,,,,POINT (-74.00105 40.75495)
ES246,Escalator,Escalator,275,LEXINGTONAV/53ST-QBL-E/M,Lexington Av/53 St - Station,612,"Lexington Av-53 St (E,M)/51 St (6)",IND-D-QUEENSBLVD,Manhattan,40.757515,-73.969,09/23/1964,11/09/2023,IFIS,Installed-Functioning-In Service,22,YES,NYCT,OK,YES,,NO,NO,53',,,,,185,40,,,,,,Mezzanine (53 St & 3 Av) to E/F platform for service in both directions.,,,,,,,POINT (-73.969 40.757515)
EL600,Elevator,Elevator Hydraulic,471,34ST-HUDSONYARDS-FLS-7,34 St-Hudson Yards - Station,471,,IRT-CC-FLUSHING,Manhattan,40.755882,-74.0019,09/13/2015,09/13/2015,IFIS,Installed-Functioning-In Service,17,YES,NYCT,AM,YES,YES,NO,NO,,,,,,,,Both,1,+,-,+,mezzanine to Flushing Main St-bound platform,-,,,,,If you are on the Lower Mezzanine:  Use another elevator to exit the station and take East Side-bound M34 SBS (34 St and 11 Av) to 8 Av. Then transfer to an M20 bus or M34 SBS to 41 St and proceed to 42 St and 7 Av for Times Sq-42 St 7. If you are on the Platform: Take a Flushing-bound 7 to Times Sq-42 St. Use the elevator to exit the station and take an M7 or M20 bus (7 Av and 41 St) to 34 St and 7 Av. Then transfer to Hudson Yards-bound M34 SBS on 34 St to Hudson Blvd East.,POINT (-74.0019 40.755882)
EL511,Elevator,Elevator Hydraulic,215,TREMONTAV-CON-B/D,Tremont Av - Station,215,,IND-C-CONCOURSE,Bronx,40.849747,-73.90545,02/27/2024,02/27/2024,IFIS,Installed-Functioning-In Service,17,YES,NYCT,MAE,YES,YES,NO,NO,,,,Passenger,2,,,Northbound,2,+,-,+,Mezzanine to Norwood-205 St-bound platform.,-,,,,,"If you are on the mezzanine: use EL510 and take a Manhattan-bound B or D train to 161 St-Yankee Stadium. Then, use elevators in the station to transfer to a Bedford Prk Blvd-bound B or Norwood-205 St-bound D.  If you are on the platform: take a Bedford Prk Blvd-bound B or Norwood-205 St-bound D to Kingsbridge Rd. Then, use elevators in the station to transfer to a Manhattan-bound B or D train to Tremont Av.",POINT (-73.90545 40.849747)
EL301,Elevator,Elevator Hydraulic,027,ATLANTICAV-BARCLAYSCTR-4AV-D/N/R,Atlantic Av-Barclays Ctr - Station,617,"Atlantic Av (B,Q,2,3,4,5)/Pacific St (D,N,R)",BMT-B-BROADWAY,Brooklyn,40.68382,-73.978485,04/15/2004,04/22/2025,IFIS,Installed-Functioning-In Service,17,YES,Third-Party Contractor,MID-AMERICAN,YES,YES,YES,YES,,12'-6in,2100,Passenger,,,,Both,1,-,+,-,4th Ave and Pacific St (NE corner) to mezzanine for D/N/R service in both directions and access to rest of complex via Brooklyn-bound 2/3 platform,+,700X,,304,,"If you are on the street:  Proceed to the NE corner of Flatbush Av and Atlantic Av and take a Downtown Brooklyn-bound B41 or B45 bus to Livingston St / Smith St. Proceed north along Smith St to the NW corner of Jay St and Willoughby St to enter the Jay St – MetroTech station (Note: Smith St becomes Jay St north of Fulton St). Take a Bay Ridge-95 St R to Atlantic Av-Barclays Center to transfer to D/N and Manhattan-bound R.  If you are in the mezzanine:  Take a Manhattan-bound R to Jay St – MetroTech. Exit the station and proceed south along Jay St to the SE corner of Smith St and Livingston St (Note: Jay St becomes Smith St south of Fulton St). Take a Kings Plaza or Bergen Beach-bound B41 bus to Flatbush Av/Atlantic Av.  For B/Q and Manhattan-bound 2/3, enter the station at the SE corner of Atlantic Av and Flatbush Av.  For Manhattan-bound 4/5, take a Manhattan-bound 2/3 and transfer at Borough Hall.  For service to Crown Heights-Utica Av and Flatbush Av-Brooklyn College, take a Manhattan-bound 2/3 to Borough Hall and transfer to a New Lots Av-bound 3 or a Flatbush Av-Brooklyn College-bound 2.",POINT (-73.978485 40.68382)
EL737X,Elevator,Elevator Hydraulic,040,ATLANTICAV-BARCLAYSCTR-BWY-B/Q,Atlantic Av-Barclays Ctr - Station,617,"Atlantic Av (B,Q,2,3,4,5)/Pacific St (D,N,R)",BMT-A-BROADWAY/BRIGHTON,Brooklyn,40.68504,-73.977516,10/01/1980,06/24/2014,IFIS,Installed-Functioning-In Service,17,NO,LIRR,GILLESPIE,YES,YES,NO,NO,,,5000,Freight,,,,Northbound,2,-,-,+,Hanson Pl to LIRR concourse for access to Manhattan-bound 2/3 platform rest of complex,+,300X,,,300X,If you are on the street: Proceed to the other elevator through the concourse of the LIRR complex.   If you are on the LIRR Concourse:  Proceed to the other elevator through the concourse of the LIRR complex.,POINT (-73.977516 40.68504)
EL224,Elevator,Elevator Hydraulic,115,8AV-CNR-L,8 Av - Station,618,"14 St (A,C,E)/8 Av (L)",BMT-Q-14ST/CANARSIE,Manhattan,40.73967,-74.002335,10/07/2002,09/10/2025,IFIS,Installed-Functioning-In Service,17,YES,Third-Party Contractor,MID-AMERICAN,YES,YES,NO,NO,,27'-1in,2100,Passenger,3,,,Both,1,+,-,+,mezzanine to L platform for service in both directions,-,,,,,If you are on the mezzanine:  Use the elevator at the other side of the station booth to exit the station. Then take a Lower East Side-bound M14A bus or M14D bus to 6 Av for the 14 St - 6 Av L station.   If you are on the L platform:  Take a Brooklyn-bound L to 6 Av. Use elevators to exit the station and take an Abingdon Sq-bound M14A bus or Chelsea Piers-bound M14D bus (NW corner of 14 St and 6 Av) to 8 Av.,POINT (-74.002335 40.73967)
EL18X,Elevator,Elevator Hydraulic,021,CORTLANDTST-BWY-R,Cortlandt St - Station,624,"Chambers St (A,C)/WTC (E)/Park Place (2,3)/Cortlandt St (R, W)",BMT-B-BROADWAY,Manhattan,40.710667,-74.01103,09/12/2018,01/02/1900,IFIS,Installed-Functioning-In Service,17,NO,Private Contractor,,YES,YES,YES,NO,,,,Passenger,,,,Southbound,1,-,-,+,Church St to mezzanine for downtown R/W service,+,23X,,,23X,Use another elevator on this level.,POINT (-74.01103 40.710667)
EL121,Elevator,Elevator Hydraulic,360,PELHAMBAYPARK-PEL-6,Pelham Bay Park - Station,360,,IRT-P-PELHAM,Bronx,40.85299,-73.827156,10/01/1989,04/05/2016,IFIS,Installed-Functioning-In Service,17,YES,NYCT,CANTON,YES,YES,YES,YES,,14'-10in,2800,Passenger,2,,,Both,1,+,-,-,Amendola Plaza entrance (adjacent to Bruckner Expwy) to mezzanine for Manhattan-bound service,-,,,,,If you are on the street:  Take a West Farms Rd/Southern Blvd-bound Bx5 bus (Bruckner Blvd and Wilkinson Av)  to 163 St and Hoe Av. Then proceed to Hunts Point Av 6.  If you are on the mezzanine:  See a station agent to re-enter through the faregate and take a Manhattan-bound 6 to  Hunts Pt Av. Use elevators to exit the station to take a Pelham Bay-bound Bx5 bus  (Hunts Pt Av and Southern Blvd) to Bruckner Blvd and Wilkinson Av for Pelham Bay Park 6 station.,POINT (-73.827156 40.85299)
EL411,Elevator,Elevator Hydraulic,279,SUTPHINBLVD-ARCHERAV-JFKAIRPORT-QBL-E/J/Z,Sutphin Blvd-Archer Av-JFK Airport - Station,279,,IND-D-QUEENS/ARCHERAV,Queens,40.70056,-73.80773,12/01/1988,05/10/2022,IFIS,Installed-Functioning-In Service,17,YES,NYCT,OTIS/ESI,YES,YES,NO,NO,,,2500,Passenger,,,,Both,1,+,-,+,mezzanine to platforms for E/J/Z service in both directions,-,,,,,"If you are on the mezzanine:  Use the nearby elevator to exit the station. Then take a Jamaica-bound Q24 bus (Archer Av and Sutphin Blvd) to Jamaica Center-Parsons/Archer E/J/Z station (Archer Av and 158 St).  If you are on the E platform:  Take a Jamaica-bound E to Jamaica Center-Parsons/Archer, then either:  Use the elevator to exit the station and take a Bushwick-bound Q24, Jamaica-bound Q30 or Q31, Williamsburg-bound Q54, or Broadway Junction-bound Q56 bus (Jamaica Av/Parsons Blvd) to Sutphin Blvd.  Or for J/Z, use the elevator to the lower level and board a Manhattan-bound J or Z.  If you are on the J/Z platform: Take a Jamaica-bound J or Z to Jamaica Center-Parsons/Archer, then either:  Use the elevator to exit the station and take a Bushwick-bound Q24, Jamaica-bound Q30 or Q31, Williamsburg-bound Q54, or Broadway Junction-bound Q56 bus (Jamaica Av/Parsons Blvd) to Sutphin Blvd.  Or for E, use the elevator to the upper level and board a Manhattan-bound E.",POINT (-73.80773 40.70056)
EL267,Elevator,Elevator Traction,477,72ST-2AV-Q,72 St - Station,477,,IND-S-2AV,Manhattan,40.768574,-73.95827,01/01/2017,01/01/2017,IFIS,Installed-Functioning-In Service,22,YES,NYCT,HOLLISTER-WHITNEY,YES,YES,YES,YES,,,4500,Passenger,,,,Both,5,+,-,-,2nd Ave & 72 St (SE corner) to mezzanine for service in both directions,+,"262, 264, 265, 266","262, 264, 265, 266",,,Use another elevator on this level.,POINT (-73.95827 40.768574)
ES635,Escalator,Escalator,471,34ST-HUDSONYARDS-FLS-7,34 St-Hudson Yards - Station,471,,IRT-CC-FLUSHING,Manhattan,40.75609,-74.00111,08/31/2018,08/31/2018,IFIS,Installed-Functioning-In Service,22,YES,NYCT,SCHINDLER,YES,,NO,NO,24',,,,,90,40,,,,,,lower mezzanine to upper mezzanine for Hudson Blvd E & 35 St exit,,,,,,,POINT (-74.00111 40.75609)
EL160,Elevator,Elevator Hydraulic,426,E180ST-LWP-2/5,E 180 St - Station,426,,IRT-W-WHITEPLAINSRD,Bronx,40.84192,-73.87354,06/08/2012,06/08/2012,IFIS,Installed-Functioning-In Service,17,YES,NYCT,CEMCO,YES,YES,YES,YES,,,2000,Passenger,,,,Southbound,2,-,-,+,Morris Park Ave & E 180 St to Manhattan-bound platform,-,,,,,"If you are on the street:  Take an uptown 2 or 5 to Pelham Pkwy and use elevators to transfer to a downtown 2 or 5.  Or, take a Mott Haven-bound Bx21 bus (Morris Park Av and E 180 St) to Southern Blvd and  transfer to a Riverbank Park-bound Bx19 bus (Southern Blvd and E 174 St) to Westchester Av.  Then proceed one block west to Simpson St 2/5 station.  If you are on the platform:  Take a downtown 2 or 5 to Simpson St. Then either:  Use elevators to transfer to an uptown 2 or 5 to E 180 St.  Or,  Use the elevator to exit the station and take a Botanic Garden-bound Bx19 bus (Westchester Av  and Southern Blvd) to Boston Rd. Then transfer to a Westchester Sq-bound Bx21 bus (Boston Rd  and Southern Blvd) to Morris Park Av and Adams St for E 180 St 2/5 station.",POINT (-73.87354 40.84192)
EL231X,Elevator,Elevator Hydraulic,317,TIMESSQ-42ST-7AV-1/2/3,Times Sq-42 St - Station,611,"Times Sq-42 St (N,Q,R,S,1,2,3,7)/42 St (A,C,E)",IRT-V-7AV,Manhattan,40.755726,-73.98694,01/01/1900,07/22/2010,IFIS,Installed-Functioning-In Service,17,NO,Private Contractor,CANTON,YES,YES,NO,NO,,,,,,,,Both,1,+,-,-,7th Ave & 42 St (SE corner) to mezzanine for service in both directions on all lines.,+,619,619,,,If you are on the street:  Use  EL619 at the NW corner of 43 St and Broadway.  If you are on the mezzanine: Follow signs to exit at 43 St and Broadway and use EL619.,POINT (-73.98694 40.755726)
EL729X,Elevator,Elevator Hydraulic,412,FULTONST-LEX-4/5,Fulton St - Station,628,"Fulton St (A,C,J,Z,2,3,4,5)",IRT-M-LEXINGTONAV,Manhattan,40.71067,-74.00944,11/10/2014,11/10/2014,IFIS,Installed-Functioning-In Service,17,NO,Private Contractor,CANTON,YES,YES,NO,NO,,,,,,,,Southbound,6,+,-,+,Transit Center concourse to downntown 4/5 platform and access to rest of complex,+,,728X,,728X,"If you are on the downtown 4/5 platform: To transfer, exit through the faregates and take the elevator to street level or Lower Concourse. Then re-enter through the faregates to complete your trMP. If you are on the lower concourse: Exit through the faregates and take the elevator near the passageway to PATH to downtown 4/5 and re-enter through the faregates.",POINT (-74.00944 40.71067)
ES103,Escalator,Escalator,306,125ST-BWY7-1,125 St - Station,306,,IRT-BB-BROADWAY/7AV,Manhattan,40.815235,-73.958374,09/26/1931,07/01/2022,IFIS,Installed-Functioning-In Service,22,YES,NYCT,KONE,YES,,YES,YES,32',,,,,114,40,,,,,,125 St & Broadway (SE corner) to mezzanine,,,,,,,POINT (-73.958374 40.815235)
EL206,Elevator,Elevator Hydraulic,402,GRANDCENTRAL-42ST-LEX-4/5/6,Grand Central-42 St - Station,610,"Grand Central-42 St (S,4,5,6,7)",IRT-L-LEXINGTONAV,Manhattan,40.751774,-73.97649,08/01/1990,05/27/2022,IFIS,Installed-Functioning-In Service,17,YES,NYCT,MID-AMERICAN,YES,YES,NO,NO,,,2000,Passenger,2,,,Northbound,2,+,-,+,Mezzanine To Uptown 4/5/6 Platform,-,,,,,"If you are on the mezzanine: Use elevator to take a downtown 6 to Bleecker St. Use elevators to transfer to uptown 6. Or, take a downtown 6 to 23rd St.  Exit faregate and use elevator to exit station.  Cross street, use elevator and enter faregate to take an uptown 6.  If you are on the platform: Take an uptown 6 to 51 St then either: Use elevators to transfer to a downtown 6 to Grand Central-42 St. Or, take an M101 LTD, M102, or M103 bus (corner of Lexington Av and 50 St) to Lexington Av/42 St. Grand Central-42 St is one block north.",POINT (-73.97649 40.751774)
ES439,Escalator,Escalator,278,JAMAICACENTER-PARSONS/ARCHER-QBL-E/J/Z,Jamaica Center-Parsons/Archer - Station,278,,IND-D-QUEENS/ARCHERAV,Queens,40.702667,-73.79986,12/01/1988,12/03/2007,IFIS,Installed-Functioning-In Service,22,YES,NYCT,KONE,YES,,YES,YES,25',,,,,95,40in,,,,,,mezzanine to Parsons Blvd & Archer Ave (SW corner),,,,,,,POINT (-73.79986 40.702667)
EL238,Elevator,Elevator Hydraulic,314,66ST-LINCOLNCENTER-BWY7-1,66 St-Lincoln Center - Station,314,,IRT-B-BROADWAY/7AV,Manhattan,40.773746,-73.98242,11/29/1999,06/28/2025,IFIS,Installed-Functioning-In Service,17,YES,Third-Party Contractor,MID-AMERICAN,YES,YES,YES,YES,,13' - 10in,2500,Passenger,,,,Southbound,2,-,-,+,West side of Broadway (between 65 St & 66 St) to downtown platform,-,,,,,"If you are on the street, either: Cross Broadway and take an uptown 1 train to 72 St. Then, use elevators to transfer to a downtown 1 train.  Or, take an uptown M5/M5 LTD, M7, or M104 bus (66 & Broadway) to 72 St. Enter the 72 St 1/2/3 station at Broadway and 72 St for uptown 1 service.  If you are on the mezzanine/platform: Use a Help Point or ask a Station Agent to re-enter the station via the AutoGate. Take a downtown 1 to the 59 St-Columbus Circle A/B/C/D/1 station and use elevators to transfer to an uptown 1 to 66 St.",POINT (-73.98242 40.773746)
ES412,Escalator,Escalator,222,ROOSEVELTISLAND-63S-F,Roosevelt Island - Station,222,,IND-T-63ST,Manhattan,40.75908,-73.953186,10/01/1989,10/14/2008,IFIS,Installed-Functioning-In Service,22,YES,NYCT,KONE,YES,,YES,NO,38',,,,,136,40,,,,,,intermediate mezzanine to W Rd exit,,,,,,,POINT (-73.953186 40.75908)
ES455,Escalator,Escalator,447,FLUSHING-MAINST-FLS-7,Flushing-Main St - Station,447,,IRT-C-FLUSHING,Queens,40.759945,-73.82889,03/16/1999,08/13/2021,IFIS,Installed-Functioning-In Service,22,YES,NYCT,KONE,YES,,YES,YES,41',,,,,152,40in,,,,,,platform to Roosevelt Ave (E of Main St),,,,,,,POINT (-73.82889 40.759945)
ES215,Escalator,Escalator,007,LEXINGTONAV/59ST-AST-N/R/Q,Lexington Av/59 St - Station,613,"Lexington Av (N,Q,R)/59 St (4,5,6)",BMT-G-ASTORIA,Manhattan,40.76289,-73.96781,09/04/1958,11/01/2024,IFIS,Installed-Functioning-In Service,22,YES,NYCT,OK,YES,,NO,NO,19',,,,,,40,,,,,,N/R/W platform to downtown 6 platform and access to street,,,,,,,POINT (-73.96781 40.76289)
EL136,Elevator,Elevator Hydraulic,424,PELHAMPKWY-LWP-2/5,Pelham Pkwy - Station,424,,IRT-W-WHITEPLAINSRD,Bronx,40.85655,-73.867775,11/17/2007,11/17/2007,IFIS,Installed-Functioning-In Service,17,YES,NYCT,CANTON,YES,YES,YES,YES,,,2100,Passenger,,,,Both,1,+,-,-,White Plains Rd & Pelham Pkwy South (SW corner) to mezzanine for service in both directions,-,,,,,"If you are on the street:  Take a Wakefield-bound Bx39 bus (Pelham Pkwy and White Plains Rd) to Gun Hill Rd 2/5  Station.  If you are on the mezzanine:  See a station agent to re-enter through the faregate. Then either:  Use the elevator to take a downtown 2 or 5 to E 180 St. Then use elevators to transfer  to an uptown 2 or 5 to Pelham Pkwy 2/5 Station.  OR,  Use the elevator to take an uptown 2 or 5 to Gun Hill Rd. Then take a Clasons Pt-bound  Bx39 bus (E Gun Hill Rd and White Plains Rd) to Pelham Pkwy and White Plains Rd.",POINT (-73.867775 40.85655)
EL615,Elevator,Elevator Hydraulic,322,14ST-7AV-1/2/3,14 St - Station,601,"14 St (F,M,1,2,3)/6 Av (L)",IRT-V-7AV,Manhattan,40.737827,-74.0002,11/02/2024,11/02/2024,IFIS,Installed-Functioning-In Service,17,YES,Third-Party Contractor,,YES,YES,NO,YES,,,,,,,,Both,1,+,-,-,SW corner of 14 St & 7 Av to 1/2/3 mezzanine.,-,,,,,If you are on the street: Proceed one avenue east to 6 Av and re-enter the station using EL612 (NW corner of 14 St and 6 Av). Use passageway for access to 1/2/3.  If you are in the mezzanine: Use passageway towards L/F/M to exit via EL612. Proceed one avenue west to 7 Av.,POINT (-74.0002 40.737827)
EL723,Elevator,Elevator Hydraulic,172,FULTONST-8AV-A/C,Fulton St - Station,628,"Fulton St (A,C,J,Z,2,3,4,5)",IND-A-8AV/FULTONST,Manhattan,40.710194,-74.00765,11/04/2013,11/04/2013,IFIS,Installed-Functioning-In Service,17,YES,NYCT,AM,YES,YES,NO,NO,,,,,,,,Both,2,+,-,-,William St & Fulton St (SW corner) to mezzanine for 2/3 and A/C service in both directions and access to rest of complex,+,722,721,,,If you are on the street: Take the elevator at the corner of Nassau St and Fulton St to the A/C mezzanine and follow signs to 2/3. If you are on the 2/3 mezzanine: See a station agent to re-enter through the faregates and proceed towards A/C. Then follow signs and take the elevator to downtown J Z. Follow signs to exit.,POINT (-74.00765 40.710194)
EL225,Elevator,Elevator Hydraulic,164,34ST-PENNSTATION-8AV-A/C/E,34 St-Penn Station - Station,164,,IND-A-8AV/FULTONST,Manhattan,40.752014,-73.993324,06/10/2002,12/30/2025,IFIS,Installed-Functioning-In Service,17,YES,Third-Party Contractor,OTIS,YES,YES,YES,YES,,16' - 7in,2100,Passenger,2,,,Both,1,-,-,+,34 St & 8th Ave (SE corner) to uptown C/E platform and access to rest of complex,+,34X,,,226,"This elevator is out of service for replacement.  For uptown and Queens-bound service, proceed to the NE corner of 8 Av and 34 St. Then, take a Lincoln Center-bound M20 or PA Bus Terminal-bound M34A to 8 Av and 40 St. Enter the 42 St - Port Authority Bus Terminal station for access to A/C/E service. To exit, take an uptown C or E to 42 St - Port Authority Bus Terminal. Use ramps to change directions and take a downtown A, C, or E to 34 St - Penn Station.",POINT (-73.993324 40.752014)
ES430,Escalator,Escalator,280,JAMAICAVANWYCK-QBL-E,Jamaica Van Wyck - Station,280,,IND-D-QUEENS/ARCHERAV,Queens,40.70101,-73.8164,12/01/1988,05/16/2008,IFIS,Installed-Functioning-In Service,22,YES,NYCT,KONE,YES,,YES,YES,28',,,,,106,32in,,,,,,mezzanine to 89 Ave & Van Wyck Expressway (SW corner),,,,,,,POINT (-73.8164 40.70101)
EL444,Elevator,Elevator Hydraulic,223,LEXINGTONAV/63ST-63S-F/Q,Lexington Av/63 St - Station,223,,IND-T-63ST,Manhattan,40.76463,-73.96611,12/30/2016,12/30/2016,IFIS,Installed-Functioning-In Service,17,YES,NYCT,MINNESOTA ELEVATOR (MEI),YES,YES,YES,YES,,,2500,Passenger,,,,Both,2,+,-,-,3rd Ave & 63 St (NW corner) to mezzanine for service in both directions,+,401,440,,,If you are on the street:  Proceed to the other entrance at 63 St and Lexington Av.  If you are on the mezzanine:   See a station agent or use Help Point to re-enter fare gate and take elevator to uptown M/Q platform. Proceed to other end of the uptown M/Q platform and take elevators to the street.,POINT (-73.96611 40.76463)
EL174,Elevator,Elevator Hydraulic,363,WESTCHESTERSQ-EASTTREMONTAV-PEL-6,Westchester Sq-East Tremont Av - Station,363,,IRT-PW-WESTCHESTERYD,Bronx,40.842434,-73.84047,10/29/1998,10/29/1998,IFIS,Installed-Functioning-In Service,17,YES,NYCT,CEMCO,NO,NO,NO,NO,,,,Passenger Yard,,,,,,,,,Passenger Yard Elevator At Westchester Yard,,,,,,,POINT (-73.84047 40.842434)
ES310,Escalator,Escalator,040,ATLANTICAV-BARCLAYSCTR-BWY-B/Q,Atlantic Av-Barclays Ctr - Station,617,"Atlantic Av (B,Q,2,3,4,5)/Pacific St (D,N,R)",BMT-A-BROADWAY/BRIGHTON,Brooklyn,40.685085,-73.97726,05/29/1922,06/18/2002,IFIS,Installed-Functioning-In Service,22,YES,NYCT,OK,YES,,NO,NO,30',,,,,109,40,,,,,,B/Q lower mezzanine to upper mezzanine for LIRR and Hanson Pl & Flatbush Ave exit,,,,,,,POINT (-73.97726 40.685085)
EL622,Elevator,Elevator Hydraulic,161,59ST-COLUMBUSCIRCLE-8AV-A/B/C/D,59 St-Columbus Circle - Station,614,"59 St-Columbus Circle (A,B,C,D,1)",IND-A-8AV/FULTONST,Manhattan,40.768032,-73.98205,04/10/2026,04/10/2026,IFIS,Installed-Functioning-In Service,17,YES,NYCT,MID-AMERICAN,YES,YES,NO,NO,,17'-2 5/8in,2100,Passenger,2,,,Southbound,2,+,-,+,Mezzanine to downtown A/B/C/D & 1 platforms,+,,277,,277,"If you are on the mezzanine: For downtown 1, proceed to the elevator at the other side of the mezzanine to reach the platform and use the elevator at the other end of platform. Take an uptown 1 to 72 St and use elevators to transfer to a downtown 1. For downtown A, B, C or D, proceed to the elevator at the side of the mezzanine and take an uptown A, C, B or D to 125 St. Use elevators to transfer to downtown service.  Or, take a southbound M104 bus (Columbus Circle and 8 Av) to 41 St and 8 Av and proceed to Times Sq-42 St for downtown 1 or to 42 St/Port Authority Bus Terminal for A, C. If you are on the downtown A/B/C/D platform: Take a downtown A or C to 42 St/Port Authority Bus Terminal and use ramps to transfer to an uptown A or C to 59 St-Columbus Circle. Or, take a downtown C to 50 St. Exit station and take a northbound M20 or M104 bus (49 St and 8 Av) to 59 St-Columbus Circle. If you are on the downtown 1 platform: Take a downtown 1 to Times Sq-42 St then either: Use elevators to transfer to an uptown 1 to 59 St-Columbus Circle. Or, take a northbound M20 or M104 bus (8 Av and 43 St) to 59 St-Columbus Circle.",POINT (-73.98205 40.768032)
ES106,Escalator,Escalator,427,WESTFARMSSQ-ETREMONTAV-LWP-2/5,West Farms Sq-E Tremont Av - Station,427,,IRT-F-LENOX/WHITEPLAINS,Bronx,40.840733,-73.87972,07/01/1954,12/02/2004,IFIS,Installed-Functioning-In Service,22,YES,NYCT,OK,YES,,YES,YES,20',,,,,78,40,,,,,,East 178 St & Boston Post Rd (SW corner) to mezzanine,,,,,,,POINT (-73.87972 40.840733)
ES309,Escalator,Escalator,026,DEKALBAV-4AV-B/Q/R,DeKalb Av - Station,26,,BMT-F-4AV,Brooklyn,40.691376,-73.98208,04/02/1961,04/27/2024,IFIS,Installed-Functioning-In Service,22,YES,NYCT,OK,YES,,NO,NO,20 feet 8 1/4 inch,,,,,82,40,,,,,,Manhattan-bound platform to mezzanine for Flatbush Ave & Lafayette St exit,,,,,,,POINT (-73.98208 40.691376)
EL486,Elevator,Elevator Traction,269,NORTHERNBLVD-QBL-M/R,Northern Blvd - Station,269,,IND-D-QUEENSBLVD,Queens,40.752884,-73.906006,08/01/2025,08/01/2025,IFIS,Installed-Functioning-In Service,17,YES,Third-Party Contractor,MODERN ELEVATOR,YES,YES,YES,YES,,16'-10in,2500,Passenger,2,,,Southbound,1,-,+,+,Street (NE corner of 56t St and Broadway) to Manhattan and Brooklyn-bound platform,-,,,,,If you are on the street:  Take a Court Sq-bound Q63 bus (Northern Blvd and Broadway) to Jackson Av and Queens Plaza S for Queens Plaza E/F/R.   If you are on the platform:  Take a Manhattan-bound R to Queens Plaza and transfer to a Forest Hills-bound R to Northern Blvd.,POINT (-73.906006 40.752884)
EL245,Elevator,Elevator Hydraulic,275,LEXINGTONAV/53ST-QBL-E/M,Lexington Av/53 St - Station,612,"Lexington Av-53 St (E,M)/51 St (6)",IND-D-QUEENSBLVD,Manhattan,40.75799,-73.97008,03/22/2005,03/27/2026,IFIS,Installed-Functioning-In Service,17,YES,Third-Party Contractor,MID-AMERICAN,YES,YES,NO,NO,,52'-6in,2300,Passenger,2,,,Both,1,+,-,+,mezzanine to E/F platform for service in both directions,-,,,,,"If you are on the mezzanine:  For F, take a West Side-bound M50 bus (E 49 St at Lexington Av) to 6 Av for the 47-50 Sts Rockefeller Ctr B/D/F/M station.  For E, take a West Side-bound M50 bus (E 49 St at Lexington Av) to 8 Av for the 50 St C E station (accessible downtown only). For uptown E, take a downtown C or E and transfer at 42 St/Port Authority.  If you are on the E/F platform:  Take a downtown F to 47-50 Sts-Rockefeller Ctr. Exit station and take an East Side-bound M50 bus (50 St at 6 Av) to Lexington Av. Or, take a downtown E to 50 St. Exit station and take an East Side-bound M50 bus (50 St at 8 Av) to Lexington Av.",POINT (-73.97008 40.75799)
EL223,Elevator,Elevator Hydraulic,166,14ST-8AV-A/C/E,14 St - Station,618,"14 St (A,C,E)/8 Av (L)",IND-A-8AV/FULTONST,Manhattan,40.74025,-74.00207,08/29/2002,12/20/2025,IFIS,Installed-Functioning-In Service,17,YES,Third-Party Contractor,MID-AMERICAN,YES,YES,NO,NO,,9'-2 1/2in,2500,Passenger,2,,,Northbound,1,+,-,+,mezzanine to uptown A/C/E platform,-,,,,,"This elevator is out of service for replacement. Read on for alternatives: If you are on the mezzanine: Take a downtown A, C or E to W 4 St and use ramps to transfer to an uptown A, C or E.  If you are on the uptown A/C/E platform: Take an uptown A to 34 St-Penn Station and transfer across the platform to a downtown A to 14 St.",POINT (-74.00207 40.74025)
EL783,Elevator,Elevator Hydraulic,240,7AV-6AV-F/G,7 Av - Station,240,,IND-B-6AV/CULVER,Brooklyn,40.66627,-73.98031,11/17/2023,11/17/2023,IFIS,Installed-Functioning-In Service,17,YES,Third-Party Contractor,,YES,YES,NO,NO,,,,,2,,,Northbound,2,+,-,+,Mezzanine to Manhattan and Queens-bound platform,-,,,,,"If you are on the mezzanine:  Take a Coney Island-bound F or Church Av-bound G train to Church Av and use elevators to transfer to the Manhattan and Queens-bound platform.  If you are on the platform:  Take a Manhattan-bound F train to Jay St-MetroTech station. Then, use elevators to transfer to a Coney Island-bound F train to 7 Av.  Or,  Take a Queens-bound G train to Greenpoint Av station. Then, use elevators to transfer to a Church Av-bound G to 7 Av.",POINT (-73.98031 40.66627)
ES101,Escalator,Escalator,306,125ST-BWY7-1,125 St - Station,306,,IRT-BB-BROADWAY/7AV,Manhattan,40.815357,-73.95878,06/17/1905,12/21/2001,IFIS,Installed-Functioning-In Service,22,YES,NYCT,FUJITEC,YES,,YES,YES,29',,,,,101,600,,,,,,mezzanine to 125 St & Broadway (SW corner),,,,,,,POINT (-73.95878 40.815357)
EL736,Elevator,Elevator Hydraulic,328,CORTLANDTST-7AV-1,Cortlandt St - Station,328,,IRT-V-7AV,Manhattan,40.71084,-74.01256,09/08/2018,09/08/2023,IFIS,Installed-Functioning-In Service,17,YES,NYCT,MONGRAIN VERTICAL TRANSPORT,YES,YES,YES,YES,,20'7.5in,2500,Passenger,2,,,Southbound,2,-,-,+,Greenwich Street (near southwest corner of Greenwich Street and Vesey Street) to downtown 1 platform and access to uptown 1 service,+,14X,,,713,Use another elevator on this level.,POINT (-74.01256 40.71084)
EL397,Elevator,Elevator Hydraulic,128,MYRTLE-WYCKOFFAVS-CNR-L,Myrtle-Wyckoff Avs - Station,630,"Myrtle-Wyckoff Avs (L,M)",BMT-Q-14ST/CANARSIE,Brooklyn,40.699825,-73.911575,02/26/2008,02/26/2008,IFIS,Installed-Functioning-In Service,17,YES,NYCT,CANTON,YES,YES,NO,NO,,,2000,Passenger,,,,Both,2,-,+,+,mezzanine to L platform for service in both directions,-,,,,,"If you are on the mezzanine:   Use the elevator at the other end of the mezzanine to exit the station. Take a Downtown Brooklyn-bound B52 bus (Myrtle Av and Gates Av) to Wilson Av and transfer to a Canarsie-bound B60 bus. Then for Manhattan-bound L, transfer at Cooper St for Wilson Av L Station. For Canarsie-bound L, take the B60 bus to Rockaway Av & Livonia Av, then travel three blocks east to Livonia Av L station.   If you are on the platform:   Take a Manhattan-bound L train to Grand St. Then, exit the station and take a Canarsie-bound B60 (Montrose Av & Bushwick Av) to Wilson Av & Gates Av.   Or,   Take a Canarsie-bound L train to Livonia Av. Then, exit the station and proceed to Rockaway Av/Livonia Av. Take a Williamsburg Bridge Plaza-bound B60 bus to Wilson Av & Gates Av.   Then, either:  Transfer to a Ridgewood-bound B52 bus to Gates Av and Wyckoff Av,   Or, travel three blocks north to Myrtle-Wyckoff station.",POINT (-73.911575 40.699825)
ES240,Escalator,Escalator,276,5AV/53ST-QBL-E/M,5 Av/53 St - Station,276,,IND-D-QUEENSBLVD,Manhattan,40.760567,-73.976295,06/20/1960,03/28/2025,IFIS,Installed-Functioning-In Service,22,YES,NYCT,KONE,YES,,NO,NO,48',,,,,166,40,,,,,,mezzanine (5th Ave & 53 St) to downtown platform,,,,,,,POINT (-73.976295 40.760567)
ES250X,Escalator,Escalator,161,59ST-COLUMBUSCIRCLE-8AV-A/B/C/D,59 St-Columbus Circle - Station,614,"59 St-Columbus Circle (A,B,C,D,1)",IND-A-8AV/FULTONST,Manhattan,40.767677,-73.98249,01/02/1900,05/01/2011,IFIS,Installed-Functioning-In Service,22,NO,Private Contractor,OK,YES,,NO,NO,,,,,,0,,,,,,,A/B/C/D mezzanine to 8th Ave & 58 St (NW corner),,,,,,,POINT (-73.98249 40.767677)
EL718X,Elevator,Elevator Hydraulic,412,FULTONST-LEX-4/5,Fulton St - Station,628,"Fulton St (A,C,J,Z,2,3,4,5)",IRT-M-LEXINGTONAV,Manhattan,40.710415,-74.0089,11/10/2014,11/10/2014,IFIS,Installed-Functioning-In Service,17,NO,Private Contractor,CANTON,YES,YES,NO,NO,,,,,,,,Northbound,2,-,-,+,Transit Center (near Broadway & John St) to uptown 4/5 platform and access to rest of complex,+,717X,717X,,,If you are on the street: Take the elevator on this level near the Broadway entrance for uptown 4/5.  If you are on the uptwon 4/5 platform: Use the other elevator on this level to street level.,POINT (-74.0089 40.710415)
ES327,Escalator,Escalator,233,DELANCEYST-ESSEXST-6AV-F,Delancey St-Essex St - Station,625,"Delancey St (F)/Essex St (J,M,Z)",IND-B-6AV/CULVER,Manhattan,40.718815,-73.987564,06/01/1958,05/06/1999,IFIS,Installed-Functioning-In Service,22,YES,NYCT,OK,YES,,YES,YES,27',,,,,97,24,,,,,,mezzanine to Delancey St & Essex St (NE corner),,,,,,,POINT (-73.987564 40.718815)
ES251X,Escalator,Escalator,161,59ST-COLUMBUSCIRCLE-8AV-A/B/C/D,59 St-Columbus Circle - Station,614,"59 St-Columbus Circle (A,B,C,D,1)",IND-A-8AV/FULTONST,Manhattan,40.767662,-73.982506,,05/11/2011,IFIS,Installed-Functioning-In Service,22,NO,Private Contractor,AM,YES,,NO,NO,,,,,,0,,,,,,,8th Ave & 58 St (NW corner) to mezzanine for A/B/C/D & downtown 1 service and access to uptown 1,,,,,,,POINT (-73.982506 40.767662)
EL342,Elevator,Elevator Hydraulic,188,EUCLIDAV-8AV-A/C,Euclid Av - Station,188,,IND-A-8AV/FULTONST,Brooklyn,40.675507,-73.8718,01/25/2006,06/30/2025,IFIS,Installed-Functioning-In Service,17,YES,Third-Party Contractor,OTIS,YES,YES,NO,NO,,10' - 1 3/4in,2100,Passenger,2,,,Northbound,1,+,-,+,mezzanine to Manhattan-bound platform,-,,,,,"If you are on the mezzanine:  Use the elevator at the other end of the mezzanine to take an Ozone Pk-Lefferts Blvd-bound A to Ozone Pk-Lefferts Blvd. Remain on the train or wait at the platform for the next Manhattan-bound A.  If you are on the platform: Take a Manhattan-bound A or C to Utica Av, then either:  Use elevators to transfer to a Queens-bound A or Euclid Av-bound C to Euclid Av.  Or, use elevators to exit the station and take Kings Plaza-bound B46 SBS or a B46 bus (Malcolm X Blvd and Fulton St) to Eastern Pkwy. Then transfer to a Spring Creek-bound B14 bus to Euclid Av and Sutter Av.",POINT (-73.8718 40.675507)
EL375,Elevator,Elevator Hydraulic,243,CHURCHAV-6AV-F/G,Church Av - Station,243,,IND-B-6AV/CULVER,Brooklyn,40.643856,-73.97971,07/07/2008,07/07/2008,IFIS,Installed-Functioning-In Service,17,YES,NYCT,CANTON,YES,YES,NO,NO,,,2000,Passenger,,,,Southbound,2,+,-,+,mezzanine to platform for Coney Island-bound F service and G terminal,-,,,,,"If you are on the mezzanine:  Use the nearby elevator to exit the station and take a Brownsville-bound B35 or B35 Ltd bus (Church Av and McDonald Av) to Coney Island Av. Then transfer to a Coney Island-bound B68 bus (Coney Island Av and Church Av) to Stillwell Av terminal.  Or, use the nearby elevator to take a Manhattan-bound F to Jay St-MetroTech. Then use the elevator to take a Coney Island-bound F to Coney Island-Stillwell Av.  If you are on the platform:  Take a Coney Island-bound F to Coney Island-Stillwell Av. Then remain on the train or transfer across the platform for a Manhattan-bound train to Church Av.",POINT (-73.97971 40.643856)
EL202,Elevator,Elevator Hydraulic,401,51ST-LEX-6,51 St - Station,612,"Lexington Av-53 St (E,M)/51 St (6)",IRT-L-LEXINGTONAV,Manhattan,40.75782,-73.97159,07/01/1989,10/30/2017,IFIS,Installed-Functioning-In Service,17,YES,NYCT,MONGRAIN VERTICAL TRANSPORT,YES,YES,NO,NO,,,3500,Passenger,,,,Southbound,1,-,+,+,downtown 6 platform to underpass for access to uptown 6 and E/F service in both directions,-,,,,,"If you are on the downtown 6 platform: Take a downtown 6 to Grand Central-42 St and then either: Use elevators to transfer to an uptown 6 to 51 St. Or, exit station and board an M101 LTD, M102, or M103 bus (3 Av between 42 and 43 St) to 50 St. Proceed west to Lexington Av. If you are on the underpass: Use elevators to exit station and take a downtown M102 or M103 (Lexington Av & E 53 St) to Lexington Av and 42nd St for 42nd St-Grand Central Station.    Or, use elevator at other end of underpass to take uptown 6 to 125th Street. Use elevators to transfer to downtown 6.",POINT (-73.97159 40.75782)
EL292,Elevator,Elevator Hydraulic,119,1AV-CNR-L,1 Av - Station,119,,BMT-Q-14ST/CANARSIE,Manhattan,40.73078,-73.98097,08/05/2020,08/05/2020,IFIS,Installed-Functioning-In Service,17,YES,NYCT,,YES,YES,YES,YES,,,,,,,,Both,1,-,-,+,E 14 St and Avenue A (NW corner) to 8 Av-bound platform,-,,,,,"If you are on the street: Take a West Side-bound M14A SBS or M14D SBS (E 14 St and 1 Av) to 4 Av for Union Sq-14 St station. Then use elevators for 8 Av-bound L service. If you are on the platform: Take an 8 Av-bound L to Union Sq-14 St. Then either: transfer across the platform to a Canarsie-bound L train to 1 Av. Or, use elevators to exit station and take an M14A SBSS or M14D SBS to 1 Av.",POINT (-73.98097 40.73078)
EL612,Elevator,Elevator Hydraulic,116,6AV-CNR-L,6 Av - Station,601,"14 St (F,M,1,2,3)/6 Av (L)",BMT-Q-14ST/CANARSIE,Manhattan,40.737335,-73.99679,12/13/2024,12/13/2024,IFIS,Installed-Functioning-In Service,17,YES,Third-Party Contractor,,YES,YES,YES,YES,,,,,,,,Both,1,+,+,-,Street (NW corner of 14 St and 6 Av) to F/M downtown mezzanine and L mezzanine.,-,,,,,"If you are on the lower mezzanine: Use nearby EL610 to access L platform. Then, use EL609 (follow signage for uptown F/M) and EL611 to exit the station. For downtown F/M, take an uptown F/M to 34 St - Herald Sq and transfer to downtown service. Or, use the passageway towards the 1/2/3 and exit the station via EL615. If you are on the F/M downtown mezzanine: Take a downtown F/M to W 4 St - Washington Sq and transfer to an  uptown F/M to 14 St. If you are on the street: Cross 6 Av and re-enter the station via EL611 for  L, uptown F/M, and 1/2/3. For downtown F/M, take an uptown F/M to 34 St - Herald Sq and transfer to downtown service.",POINT (-73.99679 40.737335)
ES241,Escalator,Escalator,276,5AV/53ST-QBL-E/M,5 Av/53 St - Station,276,,IND-D-QUEENSBLVD,Manhattan,40.759613,-73.97395,02/29/1960,05/01/1998,RNOS,Removed-Non Functioning-Out of Service,22,YES,NYCT,OK,YES,,NO,NO,41',,,,,144,40,,,,,,downtown platform to mezzanine for Madison Ave & 53 St exit,,,,,,,POINT (-73.97395 40.759613)
EL401,Elevator,Elevator Hydraulic,223,LEXINGTONAV/63ST-63S-F/Q,Lexington Av/63 St - Station,223,,IND-T-63ST,Manhattan,40.76497,-73.96662,11/01/1989,08/26/2015,IFIS,Installed-Functioning-In Service,17,YES,NYCT,EECO (ELEVATOR EQUIP. CO.),YES,YES,YES,YES,,,3300,Passenger,,,,Both,1,+,-,-,63 St & Lexington Av (NW corner) to mezzanine for service in both directions,+,444,402,,,If you are on the street:  Proceed to the other entrance at 63 St and 3 Av.  If you are on the mezzanine:   See a station agent to re-enter fare gate and take elevator to the uptown M/Q platform. Proceed to other end of the uptown M/Q platform and take elevators the to street.,POINT (-73.96662 40.76497)
ES243,Escalator,Escalator,275,LEXINGTONAV/53ST-QBL-E/M,Lexington Av/53 St - Station,612,"Lexington Av-53 St (E,M)/51 St (6)",IND-D-QUEENSBLVD,Manhattan,40.758137,-73.97041,09/14/1963,08/14/2025,IFIS,Installed-Functioning-In Service,22,YES,NYCT,KONE,YES,,NO,NO,56' - 2/25in,,,,,217,40,,,,,,E/F platform to mezzanine for 6 service and 53 St & Lexington Ave exit,,,,,,,POINT (-73.97041 40.758137)
EL295X,Elevator,Elevator Hydraulic,226,42ST-BRYANTPK-6AV-B/D/F/M,42 St-Bryant Pk - Station,609,"42 St-Bryant Pk (B,D,F,M)/5 Av (7)",IND-B-6AV/CULVER,Manhattan,40.753193,-73.98557,01/01/1900,12/10/2015,IFIS,Installed-Functioning-In Service,17,NO,Private Contractor,,YES,NO,NO,NO,,,,,,,,Both,3,+,-,-,39 St & 6th Ave (NW corner) to mezzanine of B/D/F/M and passageway to 7 Line,-,,,,,Alt route not available for this elevator. Please use TripPlanner for latest information.,POINT (-73.98557 40.753193)
EL286,Elevator,Elevator Hydraulic,399,68ST-HUNTERCOLLEGE-LEX-6,68 St-Hunter College - Station,399,,IRT-L-LEXINGTONAV,Manhattan,40.768143,-73.96387,12/18/2024,12/18/2024,IFIS,Installed-Functioning-In Service,17,YES,Third-Party Contractor,,YES,YES,YES,YES,,,,,,,,Both,1,+,-,-,Street (NE corner of 68 St & Lexington Av) to mezzanine.,-,,,,,"If you are on the street: Take a City Hall-bound M103 or East Village-bound M102 bus to Lexington Av and E 52 St. Then, proceed to 51 St Station for 6 service. Note: The elevator is located on the northeast corner of 52 St and Lexington Av. If you are on the mezzanine: Take a Bronx-bound 6 to 86 St. Then, exit the station and take a City Hall-bound M103 or East Village-bound M101/M102 bus to Lexington Av and E 68 St.",POINT (-73.96387 40.768143)
EL268X,Elevator,Elevator Hydraulic,010,49ST-BWY-N/R/Q,49 St - Station,10,,BMT-A-BROADWAY/BRIGHTON,Manhattan,40.76051,-73.98342,01/01/1900,08/01/1990,IFIS,Installed-Functioning-In Service,17,NO,Private Contractor,AM,YES,YES,NO,NO,,,,,,,,Northbound,1,-,-,+,49 St & 7th Ave (NE corner) to uptown platform,-,,,,,"If you are on the street: Proceed to 7 Av and take a downtown M7, M20, or M104 bus to Times Sq-42 St. If you are at the platform: Contact a station agent to re-enter through the faregate then either: Take a Queens-bound R to Queens Plaza and use elevators to transfer to a Manhattan-bound E to 50 St. Use elevators to exit the station.  Or, take a Queens-bound R to Queens Plaza and use elevators to exit the station. Take a Penn Station-bound Q32 bus (Queens Blvd at Queens Plaza E) to 5 Av and 49 St. Transfer to a westbound M50 bus to 7 Av. Or, take an uptown N, R or W to 57 St and transfer across the platform to the Q.  Take the Q to 72 St and use elevators to exit the station. Take a downtown M15 bus to E 49 St and 2 Av and transfer to a westbound M50 bus to Broadway.",POINT (-73.98342 40.76051)
EL280,Elevator,Elevator Hydraulic,161,59ST-COLUMBUSCIRCLE-8AV-A/B/C/D,59 St-Columbus Circle - Station,614,"59 St-Columbus Circle (A,B,C,D,1)",IND-A-8AV/FULTONST,Manhattan,40.7687,-73.98159,03/05/2010,03/05/2010,IFIS,Installed-Functioning-In Service,17,YES,NYCT,CANTON,YES,YES,YES,YES,,,2000,Passenger,,,,Both,1,-,-,+,Central Park West & 60 St (NW corner) to uptown 1 platform and access to rest of complex via uptown A/B/C/D platform,+,276X,,,279,"If you are on the street: Enter on the south side of Columbus Circle and take elevator to uptown A, B, C, D platform. Then proceed north to the elevator for uptown 1. If you are on the mezzanine: See a station agent to re-enter station through the faregate and take elevator at other end of the mezzanine to uptown A, B, C, D platform. Then proceed to other end of platform for elevator to exit at southwest corner of 8 Av and Columbus Circle.",POINT (-73.98159 40.7687)
EL13X,Elevator,Elevator Hydraulic,328,CORTLANDTST-7AV-1,Cortlandt St - Station,328,,IRT-V-7AV,Manhattan,40.711834,-74.01219,09/11/2018,09/11/2018,IFIS,Installed-Functioning-In Service,17,NO,Private Contractor,,YES,YES,NO,NO,,,,Passenger,,,,Both,3,+,+,-,Oculus main level  to PATH level with access to 1 train service in both directions,+,,12X,,12X,Use another elevator on this level.,POINT (-74.01219 40.711834)
EL291X,Elevator,Elevator Hydraulic,163,42ST/PORTAUTHORITY-BUSTERMINAL-8AV-A/C/E,42St/Port Authority-Bus Terminal - Station,611,"Times Sq-42 St (N,Q,R,S,1,2,3,7)/42 St (A,C,E)",IND-A-8AV/FULTONST,Manhattan,40.75855,-73.98916,01/01/1900,06/09/2021,IFIS,Installed-Functioning-In Service,17,NO,Private Contractor,AM,YES,YES,NO,NO,,,,,,,,Both,1,-,+,-,8th Ave & 44 St entrance (SW corner) to intermediate landing for A/C/E service in both directions,+,288X,,290X,,If you are on the street: Proceed down 8 Av to Port Authority Bus Terminal for access to subway. If you are on the intermediate landing: Take elevator down to main mezzanine and re-enter through the faregate. Follow signs to exit via Port Authority Bus Terminal.,POINT (-73.98916 40.75855)
ES209,Escalator,Escalator,465,GRANDCENTRAL-42ST-FLS-7,Grand Central-42 St - Station,610,"Grand Central-42 St (S,4,5,6,7)",IRT-C-FLUSHING,Manhattan,40.75188,-73.9771,04/05/1966,10/14/2025,IFIS,Installed-Functioning-In Service,22,YES,NYCT,KONE,YES,,NO,NO,31' - 10 1/4in,,,,,119,40,,,,,,7 platform to western mezzanine for access to street and 4/5/6/S service,,,,,,,POINT (-73.9771 40.75188)
EL322,Elevator,Elevator Hydraulic,345,CROWNHTS-UTICAAV-EPK-3/4,Crown Hts-Utica Av - Station,345,,IRT-E-EASTERNPKWY,Brooklyn,40.668953,-73.931854,12/21/2004,12/21/2004,RNOS,Removed-Non Functioning-Out of Service,17,YES,NYCT,CANTON,YES,YES,YES,YES,,,2000,Passenger,,,,Both,1,-,+,-,Utica Ave & Eastern Pkwy to mezzanine for service in both directions,-,,,,,"Both elevators at this station are out of service for replacement. For 3/4 service, take a Downtown Brooklyn-bound B45 bus (NE corner of St Johns Pl/Utica Av) to Sterling Pl/Washington Av. Proceed south to Eastern Parkway for Manhattan-bound 2/3 service. For 4, transfer at Borough Hall.",POINT (-73.931854 40.668953)
EL478,Elevator,Elevator Hydraulic,461,QUEENSBOROPLAZA-FLS-7/N/Q,Queensboro Plaza - Station,461,,IRT-C-FLUSHING,Queens,40.750584,-73.9402,12/12/2024,12/12/2024,IFIS,Installed-Functioning-In Service,17,YES,Third-Party Contractor,,YES,YES,YES,YES,,,2500 lbs,,,,,Both,1,+,-,-,Street to mezzanine,+,EL791X,EL791X,,,If you are on the overpass level: Follow signs to other elevator which will take you to Queens Plaza North between Crescent St and 27 St. If you are at street level: Use other elevator on Queens Plaza North between Crescent St and 27 St.,POINT (-73.9402 40.750584)
EL239,Elevator,Elevator Hydraulic,313,72ST-BWY7-1/2/3,72 St - Station,313,,IRT-B-BROADWAY/7AV,Manhattan,40.77909,-73.98177,11/06/2003,11/06/2003,RNOS,Removed-Non Functioning-Out of Service,17,YES,NYCT,CEMCO,YES,YES,YES,NO,,,2000,Passenger,,,,Northbound,1,-,-,+,Broadway (between 72 St & 73 St) to uptown platform,-,,,,,If you are on the street: Proceed south along Broadway to 66 St – Lincoln Center for downtown 1 service. Transfer at Times Sq – 42 St for 2/3.  If you are on the platform: Take a downtown 1 to 66 St – Lincoln Center. Exit the station and proceed north along Broadway to 72 St.,POINT (-73.98177 40.77909)
EL422,Elevator,Elevator Hydraulic,267,JACKSONHTS-ROOSEVELTAV-QBL-E/F/M/R,Jackson Hts-Roosevelt Av - Station,616,"74-Broadway (7)/Jackson Hts-Roosevelt Av (E,F,M,R)",IND-D-QUEENSBLVD,Queens,40.746643,-73.891335,01/06/2006,01/06/2006,RNOS,Removed-Non Functioning-Out of Service,17,YES,NYCT,CANTON,YES,YES,NO,NO,,,2200,Passenger,,,,Northbound,2,+,-,+,mezzanine to Forest Hills and Jamaica-bound E/F/M/R platform,-,,,,,The elevators serving the E/F/M/R platforms are out of service for replacement.  For E/F/M/R service from the mezzanine: Take a Manhattan-bound 7 to Queensboro Plaza and proceed east along Queens Plaza S to the Queens Plaza E/F/R station. To exit: Take an E/F/M/R to Forest Hills-71 Av and exit the station. Take a Manhattan-bound Q60 bus (108 St/Queens Blvd) to 59 St/Queens Blvd and then transfer to a Woodside-bound Q53 SBS to 75 St/Broadway. Jackson Heights-Roosevelt Av is one block north.,POINT (-73.891335 40.746643)
EL747X,Elevator,Elevator Hydraulic,175,HOYT-SCHERMERHORN-8AV-A/C/G,Hoyt-Schermerhorn - Station,175,,IND-A-8AV/FULTONST,Brooklyn,40.688484,-73.985,07/16/2018,07/16/2018,IFIS,Installed-Functioning-In Service,17,NO,Private Contractor,AM,YES,NO,YES,YES,,,,,,,,Both,1,+,-,-,Hoyt St & Schermerhorn St (NE corner) to mezzanine for service in both directions,-,,,,,Alt route not available for this elevator. Please use TripPlanner for latest information.,POINT (-73.985 40.688484)
ES370,Escalator,Escalator,330,SOUTHFERRY-7AV-1,South Ferry - Station,635,South Ferry (1)/Whitehall St (R),IRT-V-7AV,Manhattan,40.701744,-74.01293,03/16/2009,06/27/2017,IFIS,Installed-Functioning-In Service,22,YES,NYCT,SCHINDLER,YES,,YES,YES,20',,,,,80,48in,,,,,,1/R/W mezzanine to Peter Minuit Plaza in front of South Ferry Terminal,,,,,,,POINT (-74.01293 40.701744)
EL330,Elevator,Elevator Hydraulic,230,BWAY-LAFAYETTEST-6AV-B/D/F/M,B'way-Lafayette St - Station,619,"Broadway-Lafayette St (B,D,F,M)/Bleecker St (6)",IND-B-6AV/CULVER,Manhattan,40.725063,-73.99561,09/25/2012,09/25/2012,IFIS,Installed-Functioning-In Service,17,YES,NYCT,CEMCO,YES,YES,NO,NO,,,2500,Passenger,,,,Southbound,2,+,-,+,downtown 6 mezzanine to downtown B/D/F/M platform,+,,329,,331,"If you are on the downtown 6 mezzanine: Use the elevator on the other side of the mezzanine to reach the uptown B/D/F/M platform. Proceed to the opposite end of the platform to reach the elevator to the uptown 6 platform. Use the elevator at the opposite end of the mezzanine to reach the downtown B/D/F/M platform. Or, take a downtown 6 to Brooklyn Bridge-City Hall. Then use the elevators to transfer to an uptown 6 B’way-Lafayette St, and use the elevator to transfer to the B/D/F/M. If you are on the downtown B/D/F/M platform: Use the elevator at the other end of this platform to reach the uptown 6 platform. Use the elevator at the other end of the mezzanine to reach the uptown B/D/F/M platform. Proceed to the other end of the uptown B/D/F/M platform for the elevator to transfer to a downtown 6 or to exit the station.",POINT (-73.99561 40.725063)
EL190,Elevator,Elevator Hydraulic,212,KINGSBRIDGERD-CON-B/D,Kingsbridge Rd - Station,212,,IND-C-CONCOURSE,Bronx,40.86655,-73.89382,12/18/2014,12/18/2014,IFIS,Installed-Functioning-In Service,17,YES,NYCT,CEMCO,YES,YES,NO,NO,,,2000,Passenger,,,,Northbound,1,+,-,+,mezzanine to platform for Bedford Pk Blvd and Norwood 205 St-bound service,-,,,,,"If you are on the mezzanine: Exit through the faregate and use elevator to exit the station. Then, take a Riverdalebound Bx1 LTD or Kingsbridge Hts-bound Bx2 bus (Grand Concourse and E Kingsbridge  Rd) to Bedford Pk Blvd.  If you are on the platform: Take a Bronx-bound B or D to Bedford Pk Blvd. Then either:  Use elevators to transfer to a Manhattan-bound B or D to Kingsbridge Rd.  Or, Use elevators to exit the station and take a Mott Haven-bound Bx1 LTD or Bx2 bus  (Grand Concourse and Bedford Pk Blvd) to E Kingsbridge Rd.",POINT (-73.89382 40.86655)
ES358X,Escalator,Escalator,338,ATLANTICAV-BARCLAYSCTR-EPK-2/3/4/5,Atlantic Av-Barclays Ctr - Station,617,"Atlantic Av (B,Q,2,3,4,5)/Pacific St (D,N,R)",IRT-E-EASTERNPKWY,Brooklyn,40.68361,-73.976585,,10/05/2012,IFIS,Installed-Functioning-In Service,22,NO,Private Contractor,SCHINDLER,YES,,NO,NO,,,,,,,,,,,,,"Barclays Center plaza (SE corner of Atlantic Ave & Flatbush Ave) to mezzanine for B/Q service and access to Manhattan-bound 2/3, 4/5, and rest of complex",,,,,,,POINT (-73.976585 40.68361)
EL228,Elevator,Elevator Hydraulic,164,34ST-PENNSTATION-8AV-A/C/E,34 St-Penn Station - Station,164,,IND-A-8AV/FULTONST,Manhattan,40.752262,-73.99367,06/10/2002,05/20/2025,IFIS,Installed-Functioning-In Service,17,YES,Third-Party Contractor,OTIS,YES,YES,NO,NO,,,2200,Passenger,2,,,Southbound,2,+,-,+,Penn Station concourse to downtown C/E platform,-,,,,,"If you are on the platform: Take a downtown A to 14 St and transfer to an uptown local C or E to 34 St-Penn Station. If you are on the mezzanine:  Take an uptown C or E to 42 St/Port Authority Bus Terminal and transfer across the platform for an uptown A or use ramps to transfer to a downtown A. Or, use elevators to exit the station and take an uptown M20 bus to 34 St.",POINT (-73.99367 40.752262)
EL748,Elevator,Elevator Traction,175,HOYT-SCHERMERHORN-8AV-A/C/G,Hoyt-Schermerhorn - Station,175,,IND-A-8AV/FULTONST,Brooklyn,40.688484,-73.985,12/24/2019,12/24/2019,IFIS,Installed-Functioning-In Service,22,YES,NYCT,,NO,NO,NO,NO,,,,,,,,,,,,,MEZZANINE TO STREET,,,,,,,POINT (-73.985 40.688484)
EL248,Elevator,Elevator Hydraulic,475,96ST-2AV-Q,96 St - Station,475,,IND-S-2AV,Manhattan,40.78392,-73.9476,01/01/2017,01/01/2017,IFIS,Installed-Functioning-In Service,17,YES,NYCT,SCHINDLER,YES,YES,YES,YES,,,5000,Passenger,,,,Both,1,+,-,-,95 St & 2nd Ave entrance (SW corner) to mezzanine for downtown service,-,,,,,If you are on the street:  Take a downtown M15 bus (2 Av and 97 St) or M15 SBS (2 Av and 96 St) to 86 St for downtown Q service at 86 St Q station.  If you are on the mezzanine:  See a station agent to re-enter through the faregate and use the elevator to take downtown Q to 86 St. Then take an uptown M15 bus or M15 SBS (1 Av and 86 St) to 97 St.,POINT (-73.9476 40.78392)
ES338,Escalator,Escalator,414,BOWLINGGREEN-LEX-4/5,Bowling Green - Station,414,,IRT-M-LEXINGTONAV,Manhattan,40.70475,-74.01437,04/01/1977,03/16/2004,IFIS,Installed-Functioning-In Service,22,YES,NYCT,FUJITEC,YES,,NO,NO,20',,,,,80,40,,,,,,upper mezzanine (Battery Pl & Broadway) to lower mezzanine,,,,,,,POINT (-74.01437 40.70475)
ES640X,Escalator,Escalator,402,GRANDCENTRAL-42ST-LEX-4/5/6,Grand Central-42 St - Station,610,"Grand Central-42 St (S,4,5,6,7)",IRT-MM-LEXINGTONAV,Manhattan,40.849506,-73.93359,12/09/2020,12/09/2020,IFIS,Installed-Functioning-In Service,22,NO,Private Contractor,,YES,,,,,,,,,,,,,,,,Shuttle platform to LIRR “Madison Concourse” below.,,,,,,,POINT (-73.93359 40.849506)
ES216,Escalator,Escalator,317,TIMESSQ-42ST-7AV-1/2/3,Times Sq-42 St - Station,611,"Times Sq-42 St (N,Q,R,S,1,2,3,7)/42 St (A,C,E)",IRT-V-7AV,Manhattan,40.7555,-73.987724,03/14/1927,08/05/2006,IFIS,Installed-Functioning-In Service,22,YES,NYCT,KONE,YES,,NO,NO,37',,,,,134,40,,,,,,7 platform to upper mezzanine for 41 St & 7 Ave exit and access to rest of complex,,,,,,,POINT (-73.987724 40.7555)
EL514,Elevator,Elevator Traction,363,WESTCHESTERSQ-EASTTREMONTAV-PEL-6,Westchester Sq-East Tremont Av - Station,363,,IRT-P-PELHAM,Bronx,40.839893,-73.84295,01/07/2025,01/07/2025,IFIS,Installed-Functioning-In Service,22,YES,Third-Party Contractor,,YES,YES,NO,YES,,14.8,2500,,2,,,Southbound,2,+,-,+,Mezzanine to Manhattan-bound platform.,-,,,,,"If you are on the mezzanine: Take a Pelham Bay Park-bound 6 to Pelham Bay Park. Then, transfer to a Manhattan-bound 6. If you are on the platform:  Take a Manhattan-bound 6 to Hunts Point Av. Then, transfer to a Pelham Bay Park-bound 6 to Westchester Sq-East Tremont Av.",POINT (-73.84295 40.839893)
ES245,Escalator,Escalator,275,LEXINGTONAV/53ST-QBL-E/M,Lexington Av/53 St - Station,612,"Lexington Av-53 St (E,M)/51 St (6)",IND-D-QUEENSBLVD,Manhattan,40.75753,-73.96899,02/20/1964,11/09/2023,IFIS,Installed-Functioning-In Service,22,YES,NYCT,OK,YES,,NO,NO,53',,,,,185,40,,,,,,E/F platform to mezzanine for 53 St & 3rd Av exit.,,,,,,,POINT (-73.96899 40.75753)
EL287X,Elevator,Elevator Hydraulic,226,42ST-BRYANTPK-6AV-B/D/F/M,42 St-Bryant Pk - Station,609,"42 St-Bryant Pk (B,D,F,M)/5 Av (7)",IND-B-6AV/CULVER,Manhattan,40.755142,-73.98414,01/01/1900,10/01/2010,IFIS,Installed-Functioning-In Service,17,NO,Private Contractor,OTIS,YES,NO,NO,NO,,,,,,,,Both,1,+,-,-,42 St & 6th Ave (NW corner) to mezzanine of B/D/F/M and passageway to 7 Line,-,,,,,Alt route not available for this elevator. Please use TripPlanner for latest information.,POINT (-73.98414 40.755142)
EL613,Elevator,Elevator Hydraulic,229,14ST-6AV-F/M,14 St - Station,601,"14 St (F,M,1,2,3)/6 Av (L)",IND-B-6AV/CULVER,Manhattan,40.738228,-73.99621,12/16/2024,12/16/2024,IFIS,Installed-Functioning-In Service,17,YES,Third-Party Contractor,,YES,YES,NO,NO,,,2700,,,,,Southbound,2,+,-,+,F/M downtown mezzanine to F/M downtown platform.,-,,,,,"If you are on the platform: Take a downtown F/M to W 4 St - Washington Sq and transfer to an uptown F/M to 14 St. If you are on the F/M downtown mezzanine: Exit the station. Cross 6 Av and re-enter the station via EL611 for L, uptown F/M, and 1/2/3.  For downtown F/M, take an uptown F/M to 34 St - Herald Sq and transfer to downtown service.",POINT (-73.99621 40.738228)
EL364,Elevator,Elevator Hydraulic,059,9AV-WST-D,9 Av - Station,59,,BMT-38-38STYD,Brooklyn,40.64952,-73.99884,05/13/1992,05/13/1992,IFIS,Installed-Functioning-In Service,17,YES,NYCT,ESCO,NO,NO,NO,NO,,,2100,Passenger Yard,,,,,,,,,Passenger Yard Elevator At 38Th Street Yard,,,,,,,POINT (-73.99884 40.64952)
ES337,Escalator,Escalator,414,BOWLINGGREEN-LEX-4/5,Bowling Green - Station,414,,IRT-M-LEXINGTONAV,Manhattan,40.704594,-74.01384,04/01/1977,04/12/2003,IFIS,Installed-Functioning-In Service,22,YES,NYCT,FUJITEC,YES,,NO,NO,24',,,,,90,40,,,,,,uptown 4/5 mezzanine to lower mezzanine for downtown 4/5 service,,,,,,,POINT (-74.01384 40.704594)
ES623,Escalator,Escalator,471,34ST-HUDSONYARDS-FLS-7,34 St-Hudson Yards - Station,471,,IRT-CC-FLUSHING,Manhattan,40.755375,-74.001785,09/13/2015,09/13/2015,IFIS,Installed-Functioning-In Service,22,YES,NYCT,KONE,YES,,NO,NO,"24,892 mm (81' 8in)",,,,,283,1000 mm (40in),,,,,,lower mezzanine to upper mezzanine for Hudson Blvd E exit (between 33 St & 34 St),,,,,,,POINT (-74.001785 40.755375)
ES437,Escalator,Escalator,279,SUTPHINBLVD-ARCHERAV-JFKAIRPORT-QBL-E/J/Z,Sutphin Blvd-Archer Av-JFK Airport - Station,279,,IND-D-QUEENS/ARCHERAV,Queens,40.700455,-73.80809,12/01/1988,07/21/2025,IFIS,Installed-Functioning-In Service,22,YES,NYCT,KONE,YES,,NO,NO,17' - 3 5/8in,,,,,71,40in,,,,,,E platform to J/Z platform for service in both directions,,,,,,,POINT (-73.80809 40.700455)
EL601,Elevator,Elevator Traction,471,34ST-HUDSONYARDS-FLS-7,34 St-Hudson Yards - Station,471,,IRT-CC-FLUSHING,Manhattan,40.755264,-74.001915,09/13/2015,09/13/2015,IFIS,Installed-Functioning-In Service,22,YES,NYCT,MASPERO ELEVATOR,YES,YES,NO,NO,,,5000,Passenger,,,,Both,1,+,+,-,upper mezzanine to lower mezzanine for Flushing Main St-bound service,+,,602,602,,Use an adjacent elevator.,POINT (-74.001915 40.755264)
ES633,Escalator,Escalator,471,34ST-HUDSONYARDS-FLS-7,34 St-Hudson Yards - Station,471,,IRT-CC-FLUSHING,Manhattan,40.755875,-74.00029,08/31/2018,01/30/2023,IFIS,Installed-Functioning-In Service,22,YES,NYCT,SCHINDLER,YES,,NO,NO,28',,,,,109,600,,,,,,upper mezzanine (Hudson Blvd E & 35 St) to lower mezzanine,,,,,,,POINT (-74.00029 40.755875)
ES116,Escalator,Escalator,151,145ST-8AV-A/B/C/D,145 St - Station,151,,IND-A-8AV/FULTONST,Manhattan,40.824055,-73.94464,07/01/1933,10/12/2001,IFIS,Installed-Functioning-In Service,22,YES,NYCT,OK,YES,,NO,NO,27',,,,,98,24,,,,,,uptown B/D platform to mezzanine for 145 St & St Nicholas Av exit,,,,,,,POINT (-73.94464 40.824055)
EL706,Elevator,Elevator Hydraulic,174,JAYST-METROTECH-8AV-A/C/F,Jay St-Metro Tech - Station,636,"Jay St-MetroTech (A,C,F,R)",IND-A-8AV/FULTONST,Brooklyn,40.69235,-73.98745,05/10/2010,05/10/2010,IFIS,Installed-Functioning-In Service,17,YES,NYCT,,YES,YES,YES,YES,,,2000,Passenger,,,,Both,1,-,+,-,Jay St & Willoughby St (NW corner) to mezzanine for A/C/F/R service in both directions,-,,,,,"If you are on the street: Take a Ridgewood-bound B38 bus (Fulton St and Hoyt St) to Fulton St and Flatbush Av Extension. Then proceed north to DeKalb Av station for R service. For A/C/F, take a Manhattan-bound R from DeKalb Av to Jay St-MetroTech and use elevators to transfer. If you are on the mezzanine: See a station agent to re-enter through the faregate and use the elevator to take a Bay Ridge-bound R to DeKalb Av. Then use elevators to exit the station and take a Downtown Brooklyn-bound B38 bus to Fulton St and Jay St.",POINT (-73.98745 40.69235)
EL152,Elevator,Elevator Traction,,,,,,,Manhattan,40.86826,-73.915115,06/01/1932,06/01/1932,IFIS,Installed-Functioning-In Service,22,YES,NYCT,OTIS,NO,NO,NO,NO,,,4000,Freight,,,,,,,,,Freight Elevator At 207Th Street Yard,,,,,,,POINT (-73.915115 40.86826)
ES308,Escalator,Escalator,026,DEKALBAV-4AV-B/Q/R,DeKalb Av - Station,26,,BMT-F-4AV,Brooklyn,40.691307,-73.9823,04/02/1961,09/29/2023,IFIS,Installed-Functioning-In Service,22,YES,NYCT,KONE,YES,,NO,NO,6306mm (20' 8-1/4in),,,,,82,1000mm (40in NOMINAL),,,,,,Brooklyn-bound platform to mezzanine for Flatbush Ave & Lafayette St exit,,,,,,,POINT (-73.9823 40.691307)
EL282,Elevator,Elevator Hydraulic,009,57ST-7AV-BWY-N/R/Q,57 St-7 Av - Station,9,,BMT-A-BROADWAY/BRIGHTON,Manhattan,40.764664,-73.98066,05/21/2021,05/21/2021,IFIS,Installed-Functioning-In Service,17,YES,NYCT,AM,YES,YES,NO,NO,,10' 11-3/8in,2600,Passenger,2,,,Southbound,1,+,-,+,Mezzanine to platform for southbound NQRW service,-,,,,,"If you are on the mezzanine: take a Q train to Lexington Av/63 St station and use platform elevator to transfer to a downtown Q train to 57/7. Or, exit the station and take a downtown M20 (W 55 St) 4 stops to W 41 St. Proceed one block north to Times Square-42 St. If you are on the platform: Take a southbound NQRW to Times Square-42 St. Then either: Use elevators to transfer to an uptown NQRW. Or, exit the station and proceed one block east to 6 Avenue to take a northbound M5 or M7 (W 42 St and 6 Av) 6 stops to W 57 St.",POINT (-73.98066 40.764664)
ES264X,Escalator,Escalator,162,50ST-8AV-C/E,50 St - Station,162,,IND-A-8AV/FULTONST,Manhattan,40.762257,-73.9865,01/02/1900,06/01/2010,IFIS,Installed-Functioning-In Service,22,NO,Private Contractor,AM,YES,,NO,NO,,,,,,,,,,,,,downtown E platform to downtown C platform and access to street,,,,,,,POINT (-73.9865 40.762257)
EL480,Elevator,Elevator Traction,204,BEACH67ST-RKY-A,Beach 67 St - Station,204,,IND-F-ROCKAWAY,Queens,40.590927,-73.79692,01/10/2024,01/10/2024,IFIS,Installed-Functioning-In Service,22,YES,Third-Party Contractor,,YES,YES,YES,YES,,,,,2,,,Both,1,+,+,+,"Street to transfer mezzanine for Far Rockaway-bound service, mezzanine to platform for Manhattan-bound service.",-,,,,,"If you are on the street:   Take a Far Rockway Mott Av-bound Q22 bus (SW corner of Beach Channel Dr and 69 St) to Beach 21 St Terminal. Then, follow Beach 21 St to Mott Av for the Far Rockaway-Mott Av A station.   Or, take an Elmhurst-bound Q52-SBS bus (Rockaway Beach Blvd and Beach 67 St) to 157 St and Cross Bay Blvd. Then, travel to 159 Ave and 103 St for the Howard Beach/JFK Airport A station.   If you are on the mezzanine:   Use EL481 to take a Far Rockaway-Mott Av-bound A train to Far Rockaway-Mott Av. Use the elevator to exit the station and take a Roxbury-bound Q22 bus (Mott Av and Beach 21 St) to Beach Channel Dr and Beach 67 St.   If you are on the platform:   Take an A train to Howard Beach-JFK Airport.   Then, either:   Use elevators to exit the station and take an Arverne-bound Q52-SBS bus (SW corner of 157 Ave and Cross Bay Blvd) to Rockaway Beach Blvd and Beach 67 St.   Or,   Use elevators to transfer to a Far Rockaway-bound A train to Far Rockaway-Mott Av. Then, Use the elevator to exit the station and take a Roxbury-bound Q22 bus (Mott Av and Beach 21 St) to Beach Channel Dr and Beach 67 St.",POINT (-73.79692 40.590927)
EL227,Elevator,Elevator Hydraulic,164,34ST-PENNSTATION-8AV-A/C/E,34 St-Penn Station - Station,164,,IND-A-8AV/FULTONST,Manhattan,40.752243,-73.99343,06/10/2002,05/20/2025,IFIS,Installed-Functioning-In Service,17,YES,Third-Party Contractor,OTIS,YES,YES,NO,NO,,12' 6in,210,Passenger,,,,Both,3,+,-,+,Penn Station concourse to A platform for service in both directions,-,,,,,"If you are on the mezzanine: Take an uptown C or E to 42 St/Port Authority Bus Terminal and transfer across the platform for an uptown A or use ramps to transfer to a downtown A. If you are on the A platform and Penn Station is your destination, take a downtown A train to 14 St and transfer to an uptown C/E train to 34 St – Penn Station, then use the elevators to exit the station.",POINT (-73.99343 40.752243)
EL159,Elevator,Elevator Hydraulic,426,E180ST-LWP-2/5,E 180 St - Station,426,,IRT-W-WHITEPLAINSRD,Bronx,40.84187,-73.87347,06/08/2012,06/08/2012,IFIS,Installed-Functioning-In Service,17,YES,NYCT,CEMCO,YES,YES,YES,YES,,,2000,Passenger,,,,Northbound,1,-,-,+,Morris Park Ave & E 180 St to Bronx-bound platform,-,,,,,"If you are on the street:  Take a downtown 2 or 5 to Simpson St and use elevators to transfer to an uptown 2 or 5.  Or, take a Westchester Sq-bound Bx21 bus (Morris Park Av and Adams St) to White Plains Rd.  Then transfer to a Wakefield-bound Bx39 bus (White Plains Rd and Morris Park Av) to Pelham  Pkwy 2/5 station (White Plains Rd and Pelham Pkwy).  If you are on the platform:  Take an uptown 2 or 5 to Pelham Pkwy. Then either:  Use elevators to transfer to a downtown 2 or 5 to E 180 St.  Or,  Use elevators to exit the station and take a Clason’s Point-bound Bx39 bus (White Plains Rd and  Pelham Pkwy) to Morris Park Av. Then transfer to a Mott Haven-bound Bx21 bus (Morris Park Av  and White Plains Rd) to E 180 St 2/5 station (Morris Park Av and E 180 St).",POINT (-73.87347 40.84187)
EL178,Elevator,Elevator Traction,299,DYCKMANST-BWY7-1,Dyckman St - Station,299,,IRT-BB-BROADWAY/7AV,Manhattan,40.861103,-73.92521,10/23/2013,10/23/2013,IFIS,Installed-Functioning-In Service,22,YES,NYCT,HOLLISTER-WHITNEY,YES,YES,YES,YES,,,2100,Passenger,,,,Southbound,1,+,-,+,Nagle Ave & Dyckman St to downtown platform,-,,,,,If you are on the street:    Take a 125 St-bound M100 bus (Dyckman St and Nagle St) to 125 St and Amsterdam Av and travel one avenue west (125 St and Broadway) to transfer to a Times Sq-bound M104 bus to 96 St for 1/2/3 service.   If you are on the platform:    Take a downtown 1 to 96 St and use the elevator to exit the station. Then take a West Harlem-bound M104 bus (97 St and Broadway) to 126 St and Amsterdam Av and transfer to an Inwood-bound M100 bus to Dyckman St.,POINT (-73.92521 40.861103)
EL166X,Elevator,Elevator Hydraulic,305,137ST-CITYCOLLEGE-BWY7-1,137 St-City College - Station,305,,IRT-BB-BROADWAY/7AV,Manhattan,40.819,-73.957184,01/01/1900,01/02/1900,IFOS,Installed-Functioning-Out of Service,17,NO,Private Contractor,AM,NO,YES,NO,NO,,,,,,,,,,,,,3 Landings,,,,,,,POINT (-73.957184 40.819)
EL306,Elevator,Elevator Hydraulic,338,ATLANTICAV-BARCLAYSCTR-EPK-2/3/4/5,Atlantic Av-Barclays Ctr - Station,617,"Atlantic Av (B,Q,2,3,4,5)/Pacific St (D,N,R)",IRT-E-EASTERNPKWY,Brooklyn,40.684376,-73.97746,04/15/2004,04/15/2004,RNOS,Removed-Non Functioning-Out of Service,17,YES,NYCT,CEMCO,YES,YES,NO,NO,,,2000,Passenger,,,,Northbound,3,+,-,+,Manhattan-bound 2/3 platform to mezzanine for access to rest of complex,+,,304,,300X,"If you are on the platform: Exit station into the LIRR concourse and take the elevator to street. Then proceed to the SE corner of Pacific St and 4th Ave to re-enter station and see a station agent to enter through the faregate if you wish to transfer to D/N/R/4/5.  Or, take a Manhattan-bound 2 or 3 to Fulton St and transfer across the platform to a Brooklyn-bound 2 or 3 to Atlantic Av-Barclays Ctr.  If you are on the mezzanine:  To exit to street, proceed to elevators toward Flatbush Av-bound 2 and New Lots Av bound 3. Follow signs to exit at Pacific St and 4 Av.  To transfer to a Manhattan-bound 2 or 3, take a Manhattan-bound 4 or 5 to Borough Hall and transfer to the 2 or 3 via passageway.",POINT (-73.97746 40.684376)
ES457,Escalator,Escalator,447,FLUSHING-MAINST-FLS-7,Flushing-Main St - Station,447,,IRT-C-FLUSHING,Queens,40.759827,-73.828835,03/16/1999,02/20/2021,IFIS,Installed-Functioning-In Service,22,YES,NYCT,KONE,YES,,YES,YES,40',,,,,150,40in,,,,,,platform to Roosevelt Ave (E of Main St),,,,,,,POINT (-73.828835 40.759827)
EL22X,Elevator,Elevator Hydraulic,021,CORTLANDTST-BWY-R,Cortlandt St - Station,624,"Chambers St (A,C)/WTC (E)/Park Place (2,3)/Cortlandt St (R, W)",BMT-B-BROADWAY,Manhattan,40.710667,-74.01103,09/11/2018,01/02/1900,IFIS,Installed-Functioning-In Service,17,NO,Private Contractor,,YES,YES,NO,NO,,,,Passenger,,,,Southbound,1,-,+,+,Church St to South Concourse balcony and mezzanine for downtown R/W service,+,18X,,17X+,18X,Use another elevator on this level.,POINT (-74.01103 40.710667)
EL617,Elevator,Elevator Hydraulic,322,14ST-7AV-1/2/3,14 St - Station,601,"14 St (F,M,1,2,3)/6 Av (L)",IRT-V-7AV,Manhattan,40.737827,-74.0002,12/14/2024,12/14/2024,IFIS,Installed-Functioning-In Service,17,YES,Third-Party Contractor,,YES,YES,NO,NO,,,2700,,,,,Southbound,2,+,-,+,Mezzanine to downtown and Brooklyn 1/2/3 platform.,-,,,,,If you are on the mezzanine: Take an uptown 1/2/3 to 34 St - Penn Station and transfer to a downtown 1/2/3 to 14 St. If you are on the platform: Take a downtown 1/2/3 train to Chambers St and transfer to an uptown 1/2/3 to 14 St.,POINT (-74.0002 40.737827)
EL192,Elevator,Elevator Hydraulic,418,233ST-LWP-2/5,233 St - Station,418,,IRT-W-WHITEPLAINSRD,Bronx,40.893555,-73.85752,04/20/2007,04/20/2007,IFIS,Installed-Functioning-In Service,17,YES,NYCT,CANTON,YES,YES,YES,YES,,,2000,Passenger,,,,Both,1,+,-,-,233 St & White Plans Rd (NW corner) to mezzanine for service in both directions,-,,,,,If you are on the street:  Take a Clasons Pt-bound Bx39 bus (233 St and White Plans Rd) to Gun Hill Rd 25 Station.  If you are on the mezzanine: See a station agent to re-enter through the faregate and use the elevator to take a  downtown 2 or 5 to Gun Hill Rd. Then use the elevator to exit the station and take a  Wakefield-bound Bx39 bus (E Gun Hill Rd and White Plains Rd) to 233 St and White  Plains Rd.,POINT (-73.85752 40.893555)
EL791,Elevator,Elevator Traction,044,CHURCHAV-BWY-B/Q,Church Av - Station,44,,BMT-A-BROADWAY/BRIGHTON,Brooklyn,40.6496,-73.96328,11/10/2025,11/10/2025,IFIS,Installed-Functioning-In Service,,YES,Third-Party Contractor,OTIS,YES,YES,YES,YES,,16' - 1in,2500,,2,,,Northbound,1,-,-,+,Street (18 St between Church Av & Caton Av) to Manhattan-bound platform.,-,,,,,If you are on the street:  Take a Coney Island-bound Q to Avenue H and use  underpass to transfer to a Manhattan-bound Q. Transfer at Church Av for Manhattan-bound B.  If you are on the platform:  Take a Manhattan-bound B or Q to Prospect Park. Transfer to a Brighton Beach-bound B or Coney Island-bound Q to Church Av.,POINT (-73.96328 40.6496)
EL303,Elevator,Elevator Hydraulic,027,ATLANTICAV-BARCLAYSCTR-4AV-D/N/R,Atlantic Av-Barclays Ctr - Station,617,"Atlantic Av (B,Q,2,3,4,5)/Pacific St (D,N,R)",BMT-B-BROADWAY,Brooklyn,40.68424,-73.97833,04/21/2004,04/22/2025,IFIS,Installed-Functioning-In Service,17,YES,Third-Party Contractor,MID-AMERICAN,YES,YES,NO,NO,,19'-10 1/2in,2100,Passenger,,,,Northbound,1,-,+,+,mezzanine (4th Ave & Pacific St) to Manhattan-bound D/N/R platform,-,,,,,"If you are on the mezzanine:  To Manhattan, proceed down the passageway and take the B, Q, 2, 3, 4 or 5 instead.  If you are on the platform:  Take an Manhattan-bound R to Jay St-MetroTech and transfer across the platform to a Bay Ridge-95 St-bound R to Atlantic Av-Barclays Ctr. Or, exit at Jay St and take a Canarsie-bound B103 bus (Livingston St and Nevins St) to 4 Av and Pacific St, or a B41, B45, B67 or B103 LTD bus to Atlantic Av-Barclays Ctr.",POINT (-73.97833 40.68424)
EL293,Elevator,Elevator Hydraulic,119,1AV-CNR-L,1 Av - Station,119,,BMT-Q-14ST/CANARSIE,Manhattan,40.730625,-73.9811,08/05/2020,08/05/2020,IFIS,Installed-Functioning-In Service,17,YES,NYCT,,YES,YES,YES,YES,,,,,,,,Both,2,-,-,+,E 14 St and Avenue A (SW corner) to Canarsie-bound platform,-,,,,,If you are on the street: Take a westbound M14A SBS or M14D SBS (E 14 St and 1 Av) to 4 Av for Union Sq-14 St station. Then use elevators for Canarsie-bound L service. If you are on the platform: Take a Canarsie-bound L to Bedford Av. Then transfer across the platform to an 8 Av-bound L to 1 Av.,POINT (-73.9811 40.730625)
ES453,Escalator,Escalator,267,JACKSONHTS-ROOSEVELTAV-QBL-E/F/M/R,Jackson Hts-Roosevelt Av - Station,616,"74-Broadway (7)/Jackson Hts-Roosevelt Av (E,F,M,R)",IND-D-QUEENSBLVD,Queens,40.74666,-73.89118,11/11/1991,05/15/2015,IFIS,Installed-Functioning-In Service,22,YES,NYCT,KONE,YES,,NO,NO,32' 4 3/4in,,,,,117,800 mm (31.5in),,,,,,7 upper mezzanine (74 St & Roosevelt Ave) to lower mezzanine for E/F/M/R service,,,,,,,POINT (-73.89118 40.74666)
EL402,Elevator,Elevator Traction,223,LEXINGTONAV/63ST-63S-F/Q,Lexington Av/63 St - Station,223,,IND-T-63ST,Manhattan,40.76482,-73.966545,11/01/1989,02/08/2023,IFIS,Installed-Functioning-In Service,22,YES,NYCT,OTIS,YES,YES,NO,NO,,,4000,Passenger,,,,Both,1,+,-,+,63 St & Lexington Av mezzanine to platforms for service in both directions.,+,,401,,440,If you are on the mezzanine:  Exit the station and proceed to the other entrance at 63 St and 3 Av. Re-enter station and take elevators to reach M/Q platforms.  If you are on either platform:  Proceed to other end of the platform and take elevators to the street.,POINT (-73.966545 40.76482)
EL714X,Elevator,Elevator Traction,172,FULTONST-8AV-A/C,Fulton St - Station,628,"Fulton St (A,C,J,Z,2,3,4,5)",IND-A-8AV/FULTONST,Manhattan,40.710205,-74.0077,,11/10/2014,INOS,Installed-Non Functioning-Out of Service,22,NO,Private Contractor,HOLLISTER-WHITNEY,NO,YES,NO,NO,,,,Passenger,,,,,,,,,Transit Center,,,,,,,POINT (-74.0077 40.710205)
EL772,Elevator,Elevator Traction,135,LIVONIAAV-CNR-L,Livonia Av - Station,135,,BMT-AY-CANARSIEYD,Brooklyn,40.6639,-73.9004,05/17/2022,05/17/2022,IFIS,Installed-Functioning-In Service,22,YES,NYCT,HUDSON ELEVATOR,YES,YES,NO,YES,,17’-3 ¼”,3000,Passenger,2,,,Northbound,1,+,-,+,Passageway to Manhattan-bound platform,-,,,,,If you are on the passageway: Take a Canarsie-Rockaway Pkwy-bound L to Canarsie-Rockaway Pkwy. Wait on the train or transfer across the platform to a Manhattan-bound L train OR Exit the station and proceed to Rockaway Av/Livonia Av. Take a Williamsburg Bridge Plaza-bound B60 to Wilson Av/Decatur St. Proceed down Wilson Av to the Wilson Av L station. OR Exit the station and proceed to Pennsylvania Av/Livonia Av. Take a Ridgewood-bound B20 to Decatur St/Wilson Av. Proceed along Wilson Av to the Wilson Av L station. If you are on the platform: Take a Manhattan-bound L to Wilson Ave.  Exit the station and proceed to Wilson Av/Cooper St. Take a Canarsie-bound B60 to Rockaway Av/Livonia Av to Rockaway Av/Livonia Av. Proceed to the Livonia Av L station. OR Exit the station and proceed to Wilson Av/Schaefer St. Take a Spring Creek-bound B20 to Pennsylvania Av/Livonia Av. Proceed to the Livonia Av L station.,POINT (-73.9004 40.6639)
EL115,Elevator,Elevator Traction,145,190ST-8AV-A,190 St - Station,145,,IND-A-8AV/FULTONST,Manhattan,40.85909,-73.93398,06/01/1932,12/07/2021,IFIS,Installed-Functioning-In Service,22,YES,NYCT,,YES,NO,NO,NO,,,11000,Passenger,,,,Both,1,+,+,-,upper mezzanine (Fort Washington Av) to lower mezzanine for service in both directions and access to passageway to Bennett Ave & 190 St,+,,116,116,,Use an adjacent elevator.,POINT (-73.93398 40.85909)
ES313,Escalator,Escalator,238,SMITH-9STS-6AV-F/G,Smith-9 Sts - Station,238,,IND-B-6AV/CULVER,Brooklyn,40.67461,-73.99713,10/07/1933,06/30/2000,RNOS,Removed-Non Functioning-Out of Service,22,YES,NYCT,OK,YES,,YES,NO,30',,,,,102,24,,,,,,intermediate mezzanine to 9th St & Smith St (NE corner),,,,,,,POINT (-73.99713 40.67461)
ES424,Escalator,Escalator,221,21ST-QUEENSBRIDGE-63S-F,21 St-Queensbridge - Station,221,,IND-T-63ST,Queens,40.75411,-73.94243,10/01/1989,04/25/2026,IFIS,Installed-Functioning-In Service,22,YES,NYCT,KONE,YES,,NO,NO,11',,,,,53,40in,,,,,,Manhattan-bound platform to mezzanine,,,,,,,POINT (-73.94243 40.75411)
EL741,Elevator,Elevator Hydraulic,073,NEWUTRECHTAV-SEA-N,New Utrecht Av - Station,615,New Utrecht Av (N)/62 St (D),BMT-E-SEABEACH,Brooklyn,40.625786,-73.99715,07/19/2019,07/19/2019,IFIS,Installed-Functioning-In Service,17,YES,NYCT,,YES,YES,NO,YES,,,,Passenger,,,,Southbound,2,+,-,+,mezzanine to Coney Island-bound D platform,-,,,,,"If you are on the mezzanine: Use elevators to take a Coney Island-bound N train to Coney Island-Stillwell Av. If you are on the platform: Take a Coney Island-bound D  to Coney Island-Stillwell Av. Then either: Stay on train or transfer across the platform for a Manhattan-bound D. Or, use elevator at other end of passageway to access N platform and exit station using ramp.  Then take a Windsor Terrace-bound B68 (Stillwell Terminal) to Avenue M.  Then, transfer to a Shore Road bound B9 (Avenue M and Coney Island Avenue) to 60th Street and New Utrecht Av.",POINT (-73.99715 40.625786)
EL784,Elevator,Elevator Hydraulic,240,7AV-6AV-F/G,7 Av - Station,240,,IND-B-6AV/CULVER,Brooklyn,40.66627,-73.98031,11/17/2023,11/17/2023,IFIS,Installed-Functioning-In Service,17,YES,Third-Party Contractor,,YES,YES,NO,NO,,,,,2,,,Southbound,2,+,-,+,Mezzanine to Church Av-bound platform,-,,,,,"If you are on the mezzanine: Take a Manhattan-bound F to Jay St-MetroTech Station. Then, use elevators to transfer to a Coney Island-bound F train. If you are on the platform:  Take a Coney Island-bound F or Church Av-bound G train to Church Av and use elevators to transfer to the Manhattan and Queens-bound platform for service to 7 Av.",POINT (-73.98031 40.66627)
ES631,Escalator,Escalator,471,34ST-HUDSONYARDS-FLS-7,34 St-Hudson Yards - Station,471,,IRT-CC-FLUSHING,Manhattan,40.755863,-74.0003,08/31/2018,08/31/2018,IFIS,Installed-Functioning-In Service,22,YES,NYCT,SCHINDLER,YES,,YES,YES,29',,,,,110,600,,,,,,Hudson Blvd E & 35 St (SW corner) to upper mezzanine,,,,,,,POINT (-74.0003 40.755863)
EL518,Elevator,Elevator Hydraulic,146,181ST-8AV-A,181 St - Station,146,,IND-A-8AV/FULTONST,Manhattan,40.852825,-73.93734,12/06/2023,12/06/2023,IFIS,Installed-Functioning-In Service,17,YES,Third-Party Contractor,,YES,YES,NO,NO,,,,,2,,,Southbound,2,+,-,+,Mezzanine to platform for Downtown and Brooklyn-bound service.,-,,,,,"If you’re on the platform:  Take a Downtown and Brooklyn-bound A to 175 St. Then, transfer across the platform to an Inwood-207 St-bound A.  If you’re on the mezzanine: Use EL517 to take an Inwood-207 St-bound A to Inwood-207 St. Then, stay on the train or transfer across the platform for the next Downtown and Brooklyn-bound A to 181st St.",POINT (-73.93734 40.852825)
EL144,Elevator,Elevator Hydraulic,153,125ST-8AV-A/B/C/D,125 St - Station,153,,IND-A-8AV/FULTONST,Manhattan,40.810993,-73.95232,12/02/2005,01/30/2026,IFIS,Installed-Functioning-In Service,17,YES,Third-Party Contractor,MID-AMERICAN,YES,YES,NO,NO,,11'-1 1/2in,3000,Passenger,2,,,Northbound,1,+,-,+,mezzanine to uptown platform,-,,,,,"This elevator is out of service for replacement. Read on for travel alternatives.  If you are on the mezzanine: Take a downtown A, C, B or D to 59 St-Columbus Circle and use elevators to transfer to an uptown A, C, B or D. If you are on the platform: Take an uptown A or C to 168 St, and then: Use elevators to transfer to a downtown A or C to 125 St. Or, use elevators to exit the station and take an East Village-bound M3 bus (Broadway and 168 St) to St. Nicholas Av and 125 St or Manhattanville-bound M100 (Broadway and W 168 St) to St. Nicholas Av and 124 St.",POINT (-73.95232 40.810993)
EL493X,Elevator,Elevator Hydraulic,198,HOWARDBEACH-JFKAIRPORT-RKY-A,Howard Beach-JFK Airport - Station,198,,IND-F-ROCKAWAY,Queens,40.660477,-73.8303,12/14/2011,12/14/2011,IFIS,Installed-Functioning-In Service,17,NO,Private Contractor,CANTON,YES,YES,NO,NO,,,,,,,,Southbound,4,+,-,+,mezzanine to platform for Far Rockaway - Mott Av and Rockaway Park - Beach 116 St-bound service,+,,492X,,492X,Use an adjacent elevator.,POINT (-73.8303 40.660477)
ES458,Escalator,Escalator,223,LEXINGTONAV/63ST-63S-F/Q,Lexington Av/63 St - Station,223,,IND-T-63ST,Manhattan,40.76388,-73.9646,12/30/2016,12/30/2016,IFIS,Installed-Functioning-In Service,22,YES,NYCT,KONE,YES,,YES,YES,9611mm (31' 6 3/8in),,,,,122,Step Width 996 mm (39 3/8in),,,,,,3rd Ave & 63 St (SE corner) to mezzanine,,,,,,,POINT (-73.9646 40.76388)
EL734X,Elevator,Elevator Hydraulic,412,FULTONST-LEX-4/5,Fulton St - Station,628,"Fulton St (A,C,J,Z,2,3,4,5)",IRT-M-LEXINGTONAV,Manhattan,40.71036,-74.00911,,11/10/2014,IFIS,Installed-Functioning-In Service,17,NO,Private Contractor,CANTON,NO,YES,NO,NO,,,,,,,,,,,,,Transit Center,,,,,,,POINT (-74.00911 40.71036)
EL345,Elevator,Elevator Hydraulic,181,UTICAAV-8AV-A/C,Utica Av - Station,181,,IND-A-8AV/FULTONST,Brooklyn,40.67945,-73.93033,05/24/2014,05/24/2014,IFIS,Installed-Functioning-In Service,17,YES,NYCT,HOLLISTER-WHITNEY,YES,YES,NO,NO,,,2000,Passenger,,,,Northbound,1,+,-,+,mezzanine to Manhattan-bound platform,-,,,,,"If you are on the mezzanine: Use the elevator across the mezzanine to take a Queens-bound A or Euclid Av-bound C to Euclid Av. Then use elevators to transfer to a Manhattan-bound A or C. If you are on the platform: Take a Manhattan-bound A or C to Jay St and either: Use elevators to transfer to a Euclid Av-bound A or C to Utica Av. Or, use elevators to exit the station and take a Broadway Junction-bound B25 bus (Fulton St and Smith St) to Fulton St and Utica Av.",POINT (-73.93033 40.67945)
ES330,Escalator,Escalator,184,BROADWAYJUNCTION-8AV-A/C,Broadway Junction - Station,621,"Broadway Junction (A,C,J,L,Z)",IND-A-8AV/FULTONST,Brooklyn,40.678566,-73.90394,07/01/1948,11/15/1996,IFIS,Installed-Functioning-In Service,22,YES,NYCT,OK,YES,,YES,NO,44',,,,,153,32,,,,,,A/C mezzanine (Van Sinderen Ave) to upper mezzanine for J/Z and L service,,,,,,,POINT (-73.90394 40.678566)
ES211,Escalator,Escalator,400,59ST-LEX-4/5/6,59 St - Station,613,"Lexington Av (N,Q,R)/59 St (4,5,6)",IRT-L-LEXINGTONAV,Manhattan,40.762287,-73.968254,11/15/1962,08/15/2024,IFIS,Installed-Functioning-In Service,22,YES,NYCT,OK,YES,,NO,NO,50',,,,,172,40,,,,,,uptown 4/5 platform to uptown 6 platform,,,,,,,POINT (-73.968254 40.762287)
ES122,Escalator,Escalator,424,PELHAMPKWY-LWP-2/5,Pelham Pkwy - Station,424,,IRT-W-WHITEPLAINSRD,Bronx,40.85639,-73.86752,07/01/1996,03/06/2023,IFIS,Installed-Functioning-In Service,22,YES,NYCT,KONE,YES,,YES,YES,5080 mm (16'-8in),,,,,94,1000 mm (40in NOMINAL),,,,,,Pelham Parkway South & White Plains Rd (SE corner) to mezzanine,,,,,,,POINT (-73.86752 40.85639)
EL464,Elevator,Elevator Hydraulic,002,ASTORIABLVD-AST-N/Q,Astoria Blvd - Station,2,,BMT-G-ASTORIA,Queens,40.77103,-73.917175,07/24/2020,07/24/2020,IFIS,Installed-Functioning-In Service,17,YES,NYCT,MID-AMERICAN,YES,YES,YES,YES,,15' 6in,2100 lbs,Passenger,2,,,Both,2,-,+,-,Hoyt Ave North and 31 St (NW corner) to mezzanine for service in both directions,+,EL465,EL465,,,If you are on the street: Proceed to the other elevator at SE corner of Hoyt Ave South and 31 St. If you are on the mezzanine: Proceed down the passageway and see a station agent to re-enter through the faregate. Cross the mezzanine and exit through the faregate for other elevator on this level.,POINT (-73.917175 40.77103)
ES339,Escalator,Escalator,414,BOWLINGGREEN-LEX-4/5,Bowling Green - Station,414,,IRT-M-LEXINGTONAV,Manhattan,40.70474,-74.01438,04/01/1977,03/16/2004,IFIS,Installed-Functioning-In Service,22,YES,NYCT,FUJITEC,YES,,NO,NO,20',,,,,80,40,,,,,,lower mezzanine to upper mezzanine for Battery Pl & Broadway exit,,,,,,,POINT (-74.01438 40.70474)
EL507,Elevator,Elevator Hydraulic,387,170ST-JER-4,170 St - Station,387,,IRT-J-JEROMEAV,Bronx,40.839973,-73.917725,01/07/2022,01/07/2022,IFIS,Installed-Functioning-In Service,17,YES,NYCT,MID-AMERICAN,YES,YES,NO,YES,,,,Passenger,2,,,Northbound,1,+,-,+,Mezzanine to platform for northbound 4 service,-,,,,,"If you are on the mezzanine: Take a southbound 4 to 161 St-Yankee Stadium. Then use elevators to transfer to a  northbound 4. Or, use elevator to exit the station and take a Riverdale-bound Bx1 or Bx1 LTD, or a  Kingsbridge-bound Bx2 from Grand Concourse/E 170 St to Grand Concourse/Fordham  Rd. Then proceed to the Fordham Rd 4 station at Fordham Rd and Jerome Ave. If you are on the platform: Take a northbound 4 to Fordham Rd. Then either: Use elevators to transfer to a southbound 4. OR Use elevators to exit the station and take a Mott Haven-bound Bx1, Bx1 LTD, or Bx2  from Grand Concourse/E Fordham Rd to Grand Concourse/E 170 St.",POINT (-73.917725 40.839973)
ES498X,Escalator,Escalator,198,HOWARDBEACH-JFKAIRPORT-RKY-A,Howard Beach-JFK Airport - Station,198,,IND-F-ROCKAWAY,Queens,40.660423,-73.83007,,12/20/2012,IFIS,Installed-Functioning-In Service,22,NO,Private Contractor,AM,YES,,NO,NO,,,,,,,,,,,,,intermediate mezzanine to Brooklyn-bound platform,,,,,,,POINT (-73.83007 40.660423)
ES447,Escalator,Escalator,278,JAMAICACENTER-PARSONS/ARCHER-QBL-E/J/Z,Jamaica Center-Parsons/Archer - Station,278,,IND-D-QUEENS/ARCHERAV,Queens,40.70228,-73.80049,12/01/1988,12/03/2007,IFIS,Installed-Functioning-In Service,22,YES,NYCT,KONE,YES,,NO,NO,12',,,,,55,40in,,,,,,E platform to mezzanine for Parsons Blvd & Archer Ave exit,,,,,,,POINT (-73.80049 40.70228)
ES255,Escalator,Escalator,402,GRANDCENTRAL-42ST-LEX-4/5/6,Grand Central-42 St - Station,610,"Grand Central-42 St (S,4,5,6,7)",IRT-L-LEXINGTONAV,Manhattan,40.752,-73.97695,07/01/1989,06/05/2020,IFIS,Installed-Functioning-In Service,22,YES,NYCT,OK,YES,,YES,NO,18',,,,,77,40,,,,,,42 St (between Park Ave & Lexington Ave) to main mezzanine for access to 4/5/6/7/S service,,,,,,,POINT (-73.97695 40.752)
EL421,Elevator,Elevator Hydraulic,267,JACKSONHTS-ROOSEVELTAV-QBL-E/F/M/R,Jackson Hts-Roosevelt Av - Station,616,"74-Broadway (7)/Jackson Hts-Roosevelt Av (E,F,M,R)",IND-D-QUEENSBLVD,Queens,40.746643,-73.891335,01/06/2006,01/06/2006,RNOS,Removed-Non Functioning-Out of Service,17,YES,NYCT,CANTON,YES,YES,NO,NO,,,2000,Passenger,3,,,Both,2,+,+,+,transfer mezzanine to Manhattan-bound E/F/M/R platform and mezzanine for access to Queens-bound E/F/M/R service,-,,,,,"The elevators serving the E/F/M/R platforms are out of service for replacement.  For E/F/M/R service from the mezzanine: Take a Manhattan-bound 7 to Queensboro Plaza and proceed east along Queens Plaza S to the Queens Plaza E/F/R station. For M to Roosevelt Island, take a Forest Hills-bound R to Northern Blvd and transfer to a Manhattan-bound M.  To exit: Take a Manhattan-bound E/F/R to Queens Plaza. Proceed west along Queens Plaza S to the Queensboro Plaza 7 station. Take a Flushing-bound 7 local train to 74 St-Broadway or take a Jackson Heights-bound Q32 bus (from Queens Plaza S/28 St) to Roosevelt Av/75 St.",POINT (-73.891335 40.746643)
EL728X,Elevator,Elevator Hydraulic,412,FULTONST-LEX-4/5,Fulton St - Station,628,"Fulton St (A,C,J,Z,2,3,4,5)",IRT-M-LEXINGTONAV,Manhattan,40.7104,-74.00978,11/10/2014,11/10/2014,IFIS,Installed-Functioning-In Service,17,NO,Private Contractor,CANTON,YES,YES,NO,NO,,,,,,,,Both,2,+,-,+,"Dey St & Broadway (SW corner) to downtown 4/5 platform, access to rest of Fulton St complex, and connection to Oculus complex",+,717X,729X/717X,,729X,"If you are on the street: Cross street to Fulton Center and use the elevator to Lower Concourse. Then enter through the faregates and follow signs to downtown 4/5.  If you are on the downtown 4/5 platform: Contact a station agent to re-enter through the faregates and take the elevator on the platform to Lower Concourse. Then exit through the faregates and take the elevator to street level inside the Fulton Center. If you are on the lower concourse: For downtown 4/5, enter through the faregates and take the elevator to downtown 4/5. To exit the station, use another elevator on this level.",POINT (-74.00978 40.7104)
EL193,Elevator,Elevator Hydraulic,418,233ST-LWP-2/5,233 St - Station,418,,IRT-W-WHITEPLAINSRD,Bronx,40.893227,-73.857346,04/20/2007,04/20/2007,IFIS,Installed-Functioning-In Service,17,YES,NYCT,CANTON,YES,YES,NO,YES,,,2000,Passenger,,,,Northbound,1,+,-,+,mezzanine to Wakefield 241 St-bound platform,-,,,,,"If you are on the mezzanine:  Use the elevator at the other end of the mezzanine to take a downtown 2 or 5 to Gun  Hill Rd. Use elevators to transfer to an uptown 2 or 5.  Or, exit the station and take a Wakefield-bound Bx39 bus (E Gun Hill Rd and White  Plains Rd) to 233 St and White Plains Rd.  If you are on the platform: Take an uptown 2 to 241 St. Remain on the train or wait at the platform for the next  downtown 2 to 233 St.",POINT (-73.857346 40.893227)
EL294X,Elevator,Elevator Hydraulic,226,42ST-BRYANTPK-6AV-B/D/F/M,42 St-Bryant Pk - Station,609,"42 St-Bryant Pk (B,D,F,M)/5 Av (7)",IND-B-6AV/CULVER,Manhattan,40.754894,-73.984695,12/10/2015,12/10/2015,IFIS,Installed-Functioning-In Service,17,NO,Private Contractor,,YES,NO,NO,NO,,,,,,,,Both,2,+,-,-,42 St & 6th Ave (SW corner) to mezzanine of B/D/F/M and passageway to 7 Line,-,,,,,Alt route not available for this elevator. Please use TripPlanner for latest information.,POINT (-73.984695 40.754894)
EL702,Elevator,Elevator Hydraulic,058,CONEYISLAND-STILLWELLAV-SEA-D/F/N/Q,Coney Island-Stillwell Av - Station,58,,BMT-E-SEABEACH,Brooklyn,40.577423,-73.98123,10/12/2005,12/06/2025,IFIS,Installed-Functioning-In Service,17,YES,Third-Party Contractor,MID-AMERICAN,YES,YES,NO,YES,,16' - 3in,2700,Passenger,2,,,Both,2,+,-,+,D platform to overpass for access to mezzanine via N platform,-,,,,,If you are on the D platform: Take a Manhattan-bound D to Bay Pkwy and use the elevator to exit the station. Then take a Coney Island-bound B82 bus (Bay Pkwy and 86 St) to Mermaid Av and Stillwell Av. If you are on the overpass: Take the elevator at the other end of the overpass to the N platform and exit the station via the ramp. Then take a Spring Creek Towers-bound B82 bus (Stillwell Terminal Bus Loop) to Bay Pkwy and 86 St for the D at Bay Pkwy.,POINT (-73.98123 40.577423)
EL130,Elevator,Elevator Hydraulic,434,3AV-149ST-LWP-2/5,3 Av-149 St - Station,434,,IRT-F-LENOX/WHITEPLAINS,Bronx,40.81627,-73.91779,03/18/1997,04/30/2025,IFIS,Installed-Functioning-In Service,17,YES,Third-Party Contractor,OTIS,YES,YES,YES,YES,,16'-1in,2100,Passenger,,,,Southbound,2,-,-,+,Melrose Ave & 149 St (NW corner) to Manhattan-bound platform,-,,,,,"If you are on the street: For downtown 5 service, take a West Harlem-bound M125 bus (Bergen Av and E 149 St) to Lexington Av and 125 St. For downtown 2 service, take a Riverbank Pk-bound Bx19 bus (E 149 St and Melrose Av) to 145 St and Malcolm X Blvd. Transfer to a 14 St-bound M7 bus to 135 St. Take a Manhattan-bound 5 to 125 St. Use elevators to exit the station and take a Hub-bound M125 bus (125 St and Lexington Av) to 3 Av and 149 St.",POINT (-73.91779 40.81627)
EL305,Elevator,Elevator Hydraulic,338,ATLANTICAV-BARCLAYSCTR-EPK-2/3/4/5,Atlantic Av-Barclays Ctr - Station,617,"Atlantic Av (B,Q,2,3,4,5)/Pacific St (D,N,R)",IRT-E-EASTERNPKWY,Brooklyn,40.68339,-73.976616,04/15/2004,11/26/2025,IFIS,Installed-Functioning-In Service,17,YES,Third-Party Contractor,MID-AMERICAN,YES,YES,NO,NO,,17' - 9in,2500,Passenger,2,,,Both,5,+,-,+,mezzanine to 4/5 platform for service in both directions,-,,,,,"If you are on the platform:  Take a Manhattan-bound 4 or 5 to Fulton St and use elevators to transfer to a Brooklyn-bound 2 or 3 to Atlantic Av-Barclays Ctr.  If you are on the mezzanine:  For Manhattan-bound 4/5 service, use the elevator in this passageway to take a Manhattan-bound 2 or 3 to Borough Hall, and use the passageway to transfer to a Manhattan-bound 4 or 5.  For Utica Av-bound and Flatbush Av-bound service, use the elevator in this passageway to take a New Lots Av-bound 3 for service to Utica Av, or a Flatbush Av-bound 2 for service to Church Av and Flatbush Av.",POINT (-73.976616 40.68339)
EL755,Elevator,Elevator Hydraulic,341,EASTERNPKWY-BROOKLYNMUSEUM-EPK-2/3,Eastern Pkwy-Brooklyn Museum - Station,341,,IRT-E-EASTERNPKWY,Brooklyn,40.671864,-73.96441,12/11/2020,12/11/2020,IFIS,Installed-Functioning-In Service,17,YES,NYCT,MID-AMERICAN,YES,YES,YES,YES,,,,Passenger,2,,,Both,1,-,+,-,South side of Eastern Pkwy west of Washington Ave to mezzanine for service in both directions,-,,,,,"If you are on the street: Take a Downtown Brooklyn-bound B41 bus (Flatbush Av and Grand Army Plaza) to Pacific St for 2/3 service at Atlantic Av-Barclays Ctr station. If you are on the mezzanine: See a station agent to re-enter through the faregate and use elevator to take a Manhattan-bound 2 or 3 to Atlantic Av-Barclays Ctr. Exit the station into the LIRR concourse and take the elevator to street. Then, take a Kings Plaza-bound B41 or B41 LTD bus (Flatbush Av and Atlantic Av) to Flatbush Av and Grand Army Plaza.",POINT (-73.96441 40.671864)
EL374,Elevator,Elevator Hydraulic,243,CHURCHAV-6AV-F/G,Church Av - Station,243,,IND-B-6AV/CULVER,Brooklyn,40.643875,-73.97957,07/07/2008,07/07/2008,IFIS,Installed-Functioning-In Service,17,YES,NYCT,CANTON,YES,YES,NO,NO,,,2000,Passenger,,,,Northbound,1,+,-,+,mezzanine to platform for Manhattan-bound F and Queens-bound G service,-,,,,,"If you are on the mezzanine:  Use the nearby elevator to exit the station and take a Downtown Brooklyn-bound B67 bus (McDonald Av and Church Av) to Jay St and Fulton St for Jay St-MetroTech A/C/F/R station.  If you are on the platform:  take a Manhattan-bound F to Jay St-MetroTech, then either:  Use elevators to exit the station and take a Cortelyou Rd-bound B67 bus (Jay St and Fulton St) to Church Av.  Or, use elevators to transfer to a Coney Island-Stillwell Av-bound F.",POINT (-73.97957 40.643875)
EL788,Elevator,Elevator Traction,,,,,,SIRTOA,Staten Island,40.57415,-74.116554,09/19/2023,09/19/2023,IFIS,Installed-Functioning-In Service,22,YES,Third-Party Contractor,,YES,YES,YES,YES,,,,,2,,,Northbound,1,-,+,+,Near SW corner of New Dorp Ln and New Dorp Plaza for access to St. George-bound platform.,-,,,,,If you're on the street:  Follow New Dorp Ln to use EL787 to take a Tottenville-bound SIR train to Great Kills. Use ramps to transfer to a St. George-bound SIR train.  If you're on the platform:  Take a St. George-bound SIR train to Dongan Hills station and use ramps to transfer to a Tottenville-bound SIR train to New Dorp Station.,POINT (-74.116554 40.57415)
EL417X,Elevator,Elevator Hydraulic,456,61ST-WOODSIDE-FLS-7,61 St-Woodside - Station,456,,IRT-C-FLUSHING,Queens,40.745655,-73.90249,04/30/1999,04/30/1999,IFIS,Installed-Functioning-In Service,17,NO,LIRR,AM,YES,YES,NO,NO,,,,,,,,Northbound,1,+,-,+,mezzanine to Flushing Main St-bound 7 platform,-,,,,,Alt route not available for this elevator. Please use TripPlanner for latest information.,POINT (-73.90249 40.745655)
EL508,Elevator,Elevator Hydraulic,387,170ST-JER-4,170 St - Station,387,,IRT-J-JEROMEAV,Bronx,40.840065,-73.91795,01/07/2022,01/07/2022,IFIS,Installed-Functioning-In Service,17,YES,NYCT,MID-AMERICAN,YES,YES,NO,YES,,,,Passenger,2,,,Southbound,1,+,-,+,Mezzanine to platform for southbound 4 service,-,,,,,"If you are on the mezzanine: Take a northbound 4 to Fordham Rd and use elevators to transfer to a southbound 4. Or, use elevator to exit the station and take a Mott Haven-bound Bx1, Bx1 LTD, or Bx2  from Grand Concourse/E 170 St to Grand Concourse/E 161 St. Then proceed to the 161  St-Yankee Stadium 4 station at River Ave and E 161 St. If you are on the platform: Take a southbound 4 to 161 St-Yankee Stadium. Then either: Use elevators to transfer to a northbound 4. OR Use elevators to exit the station and take a Riverdale-bound Bx1 or Bx1 LTD, or a  Kingsbridge-bound Bx2 from Grand Concourse/ E 161 St to Grand Concourse/E 170 St.",POINT (-73.91795 40.840065)
EL367,Elevator,Elevator Hydraulic,,,,,,,Brooklyn,40.65286,-73.88909,05/29/2003,05/29/2003,IFIS,Installed-Functioning-In Service,17,YES,NYCT,CEMCO,NO,NO,NO,NO,,,2500,Passenger Yard,,,,,,,,,Passenger Yard Elevator At Cozine Ironshop,,,,,,,POINT (-73.88909 40.65286)
EL435,Elevator,Elevator Hydraulic,259,KEWGARDENS-UNIONTPKE-QBL-E/F,Kew Gardens-Union Tpke - Station,259,,IND-D-QUEENSBLVD,Queens,40.71417,-73.830605,07/31/2008,07/31/2008,IFIS,Installed-Functioning-In Service,17,YES,NYCT,CEMCO,YES,YES,NO,NO,,,2000,Passenger,,,,Northbound,1,+,-,+,mezzanine to Jamaica-bound platform,-,,,,,"If you are on the mezzanine: Use elevator to take a Manhattan-bound E or F to Forest Hills-71 Av and then use elevators to take Jamaica-bound E or F. If you are on the platform: Take a Jamaica-bound E train to Jamaica Van Wyck and then transfer across the platform to a Manhattan-bound E train to Kew Gardens-Union Tpke. Or, take a Jamaica-bound F train to 179th Street and then use elevators to take a Manhattan-bound F train to Kew Gardens-Union Tpke.",POINT (-73.830605 40.71417)
EL314,Elevator,Elevator Hydraulic,411,BROOKLYNBRIDGE-CITYHALL-LEX-4/5/6,Brooklyn Bridge-City Hall - Station,622,"Brooklyn Bridge-City Hall (4,5,6)/Chambers St (J,Z)",IRT-MM-LEXINGTONAV,Manhattan,40.712788,-74.00492,11/12/1992,07/06/2017,IFIS,Installed-Functioning-In Service,17,YES,NYCT,MONGRAIN VERTICAL TRANSPORT,YES,YES,YES,YES,,,2700,Passenger,,,,Both,1,-,+,-,plaza on east side of City Hall (opposite Brooklyn Bridge walkway) to mezzanine for service on all lines in both directions,-,,,,,If you are on the street: Take a downtown M55 (Broadway & Warren St) to Cortlandt St. Proceed 1 block north to Fulton St 2345ACJZ Station.  If you are on the mezzanine: Take an uptown 6 to Canal St. Use elevator to exit station and take a downtown M55 (Broadway and Walker St) to Warren St.,POINT (-74.00492 40.712788)
EL436,Elevator,Elevator Hydraulic,259,KEWGARDENS-UNIONTPKE-QBL-E/F,Kew Gardens-Union Tpke - Station,259,,IND-D-QUEENSBLVD,Queens,40.71426,-73.83052,07/31/2008,07/31/2008,IFIS,Installed-Functioning-In Service,17,YES,NYCT,CEMCO,YES,YES,NO,NO,,,2000,Passenger,,,,Southbound,2,+,-,+,mezzanine to Manhattan-bound platform,-,,,,,"If you are on the mezzanine:  Use elevator to take a Jamaica-bound E train to Jamaica Van Wyck and transfer across the platform to a Manhattan-bound E train.  Or, use elevator to exit station and take a East Midtown-bound Q60 (Queens Blvd/Union Tpke) to Queens Blvd and 108 St for the Forest Hills-71st Av E/F/M/R Station.  If you are on the platform:  Take a Manhattan-bound E or F to Forest Hills-71 Av and then either: Use elevators to take Jamaica-bound E or F to Kew Gardens-Union Tpke Station. Use elevators to exit station and take a South Jamaica-bound Q60 (Queens Blvd and 71 Av) to Union Tpke.",POINT (-73.83052 40.71426)
EL362,Elevator,Elevator Hydraulic,079,86ST-SEA-N,86 St - Station,79,,BMT-CI-CONEYISLANDYD,Brooklyn,40.58974,-73.97485,04/12/2002,04/12/2002,IFIS,Installed-Functioning-In Service,17,YES,NYCT,MCE,NO,NO,NO,NO,,,2500,Passenger Yard,,,,,,,,,Passenger Yard Elevator At Coney Island Yard,,,,,,,POINT (-73.97485 40.58974)
ES204,Escalator,Escalator,465,GRANDCENTRAL-42ST-FLS-7,Grand Central-42 St - Station,610,"Grand Central-42 St (S,4,5,6,7)",IRT-C-FLUSHING,Manhattan,40.75082,-73.975075,02/19/1949,08/26/2023,IFIS,Installed-Functioning-In Service,22,YES,NYCT,KONE,YES,,YES,NO,50',,,,,178,800,,,,,,42 St (between Lexington Ave & 3rd Ave) to eastern mezzanine above 7 platform,,,,,,,POINT (-73.975075 40.75082)
EL191,Elevator,Elevator Hydraulic,212,KINGSBRIDGERD-CON-B/D,Kingsbridge Rd - Station,212,,IND-C-CONCOURSE,Bronx,40.86659,-73.89392,12/18/2014,12/18/2014,IFIS,Installed-Functioning-In Service,17,YES,NYCT,CEMCO,YES,YES,NO,NO,,,2000,Passenger,,,,Southbound,2,+,-,+,mezzanine to Manhattan-bound platform,-,,,,,"If you are on the mezzanine:  Use elevator to take a Bronx-bound B or D to Bedford Pk Blvd. Then, use elevators to  transfer to a Manhattan-bound B or D. If you are on the platform:  Take a Manhattan-bound B or D train to 161 St - Yankee Stadium. Then, use elevators to  transfer to a Bronx-bound B or D to Kingsbridge Rd.",POINT (-73.89392 40.86659)
EL132,Elevator,Elevator Hydraulic,219,161ST-YANKEESTADIUM-CON-B/D,161 St-Yankee Stadium - Station,604,"161 St-Yankee Stadium (B,D,4)",IND-C-CONCOURSE,Bronx,40.827854,-73.925674,04/04/2002,04/04/2002,RNOS,Removed-Non Functioning-Out of Service,17,YES,NYCT,CEMCO,YES,YES,NO,NO,,,2000,Passenger,,,,Both,1,+,+,+,B/D mezzanine to Woodlawn-bound 4 platform and mezzanine for Manhattan-bound 4 service,-,,,,,"To access street level: Take a Woodlawn-bound 4 to 170 St. Exit station and proceed east to Grand Concourse. Then, take a Mott Haven-bound Bx1 or Bx2 bus to Grand Concourse and E 161 St. To access B/D service: Take a Woodlawn-bound 4 to 170 St. Exit station and proceed east to Grand Concourse. Then, take a Riverdale-bound Bx1 or Kingsbridge Heights-bound Bx2 to Tremont Av for access to BD service.",POINT (-73.925674 40.827854)
ES499X,Escalator,Escalator,198,HOWARDBEACH-JFKAIRPORT-RKY-A,Howard Beach-JFK Airport - Station,198,,IND-F-ROCKAWAY,Queens,40.660427,-73.830055,,11/15/2011,IFIS,Installed-Functioning-In Service,22,NO,Private Contractor,AM,YES,,NO,NO,,,,,,,,,,,,,upper mezzanine to intermediate mezzanine for Brooklyn-bound service,,,,,,,POINT (-73.830055 40.660427)
ES113,Escalator,Escalator,219,161ST-YANKEESTADIUM-CON-B/D,161 St-Yankee Stadium - Station,604,"161 St-Yankee Stadium (B,D,4)",IND-C-CONCOURSE,Bronx,40.827625,-73.925674,10/01/1961,03/22/2025,IFIS,Installed-Functioning-In Service,22,YES,NYCT,KONE,YES,,NO,NO,30'-9in,,,,,119,40in,,,,,,B/D lower mezzanine to upper mezzanine for 4 service,,,,,,,POINT (-73.925674 40.827625)
EL114,Elevator,Elevator Traction,302,168ST-BWY7-1,168 St - Station,605,"168 St (A,C,1)",IRT-BB-BROADWAY/7AV,Manhattan,40.840824,-73.94013,01/01/1958,12/20/2019,IFIS,Installed-Functioning-In Service,22,YES,NYCT,MCE,YES,NO,NO,NO,,78' 6 1/4in,10000,Passenger,3,,,Both,4,+,+,-,transfer mezzanine to overpass for 1 train service in both directions,+,,"111, 112, 113","111, 112, 113",,Use an adjacent elevator.,POINT (-73.94013 40.840824)
ES451,Escalator,Escalator,454,74ST-BROADWAY-FLS-7,74 St-Broadway - Station,616,"74-Broadway (7)/Jackson Hts-Roosevelt Av (E,F,M,R)",IRT-C-FLUSHING,Queens,40.746906,-73.892456,08/24/1973,10/31/2024,IFIS,Installed-Functioning-In Service,22,YES,NYCT,OK,YES,,NO,NO,32',,,,,118,40in,,,,,,E/F/M/R lower mezzanine to underpass for 7 service,,,,,,,POINT (-73.892456 40.746906)
ES278,Escalator,Escalator,476,86ST-2AV-Q,86 St - Station,476,,IND-S-2AV,Manhattan,40.7762,-73.95273,01/01/2017,01/01/2017,IFIS,Installed-Functioning-In Service,22,YES,NYCT,KONE,YES,,YES,YES,"23,519 mm (77' 1 15/16in)",,,,,269,,,,,,,lower mezzanine to 83 St & 2nd Ave (NE corner),,,,,,,POINT (-73.95273 40.7762)
EL107,Elevator,Elevator Traction,301,181ST-BWY7-1,181 St - Station,301,,IRT-BB-BROADWAY/7AV,Manhattan,40.84943,-73.93359,08/01/1964,11/30/2021,IFIS,Installed-Functioning-In Service,22,YES,NYCT,MCE,YES,NO,NO,NO,,103'-5in,10000,Passenger,3,,,Both,1,+,+,-,mezzanine to bridge for service in both directions,+,,"108, 109, 110","108, 109, 110",,Use an adjacent elevator.,POINT (-73.93359 40.84943)
ES624,Escalator,Escalator,471,34ST-HUDSONYARDS-FLS-7,34 St-Hudson Yards - Station,471,,IRT-CC-FLUSHING,Manhattan,40.75536,-74.0018,09/13/2015,09/13/2015,IFIS,Installed-Functioning-In Service,22,YES,NYCT,KONE,YES,,NO,NO,"24,892 mm (81' 8in)",,,,,283,1000 mm (40in),,,,,,lower mezzanine to upper mezzanine for Hudson Blvd E exit (between 33 St & 34 St),,,,,,,POINT (-74.0018 40.75536)
ES414,Escalator,Escalator,222,ROOSEVELTISLAND-63S-F,Roosevelt Island - Station,222,,IND-T-63ST,Manhattan,40.7589,-73.952866,10/01/1989,11/19/2007,IFIS,Installed-Functioning-In Service,22,YES,NYCT,KONE,YES,,NO,NO,36',,,,,129,40,,,,,,intermediate mezzanine to lower mezzanine,,,,,,,POINT (-73.952866 40.7589)
EL290X,Elevator,Elevator Hydraulic,163,42ST/PORTAUTHORITY-BUSTERMINAL-8AV-A/C/E,42St/Port Authority-Bus Terminal - Station,611,"Times Sq-42 St (N,Q,R,S,1,2,3,7)/42 St (A,C,E)",IND-A-8AV/FULTONST,Manhattan,40.75727,-73.9898,01/01/1900,06/09/2021,IFIS,Installed-Functioning-In Service,17,NO,Private Contractor,,YES,YES,NO,NO,,,,,,,,Both,1,+,+,-,intermediate landing to mezzanine for A/C/E service in both directions,+,,288X,291X,,If you are on the intermediate landing: Take elevator to street level and proceed down 8 Av to Port Authority Bus Terminal for access to subway. If you are on the A/C/E mezzanine: Contact a station agent to re-enter through the faregate and follow signs to exit via Port Authority Bus Terminal.,POINT (-73.9898 40.75727)
EL403,Elevator,Elevator Traction,222,ROOSEVELTISLAND-63S-F,Roosevelt Island - Station,222,,IND-T-63ST,Manhattan,40.75922,-73.95325,11/01/1989,06/17/2022,IFIS,Installed-Functioning-In Service,22,YES,NYCT,OTIS,YES,YES,YES,NO,,,4500,Passenger,,,,Southbound,2,-,-,+,West Rd to Manhattan-bound platform,-,,,,,"If you are on the street:  Use elevator at other end of mezzanine to take a Queens-bound train to 21 St-Queensbridge. Use elevators to transfer to a Manhattan-bound train. Or, exit faregate and take an Astoria-bound Q102 (452 Main St) to 41 Av and 21 St for the 21 St-Queensbridge Station.  If you are on the platform:  Take a Manhattan-bound train to Lexington Av/63 St.  Use elevator to transfer to a Queens-bound train to Roosevelt Island Station.",POINT (-73.95325 40.75922)
EL151,Elevator,Elevator Traction,,,,,,,Manhattan,40.866722,-73.916016,06/01/1932,03/14/2003,IFIS,Installed-Functioning-In Service,22,YES,NYCT,MCE,NO,NO,NO,NO,,,4000,Freight,,,,,,,,,Freight Elevator At 207Th Street Yard,,,,,,,POINT (-73.916016 40.866722)
ES223,Escalator,Escalator,227,34ST-HERALDSQ-6AV-B/D/F,34 St-Herald Sq - Station,607,"34 St-Herald Sq (B,D,F,M,N,Q,R)",IND-B-6AV/CULVER,Manhattan,40.748997,-73.98867,12/15/1940,11/25/2006,IFIS,Installed-Functioning-In Service,22,YES,NYCT,FUJITEC,YES,,NO,NO,12',,,,,55,24,,,,,,PATH mezzanine to intermediate mezzanine for 32 St & 6th Ave exit,,,,,,,POINT (-73.98867 40.748997)
EL283,Elevator,Elevator Hydraulic,009,57ST-7AV-BWY-N/R/Q,57 St-7 Av - Station,9,,BMT-A-BROADWAY/BRIGHTON,Manhattan,40.764664,-73.98066,05/21/2021,05/21/2021,IFIS,Installed-Functioning-In Service,17,YES,NYCT,AM,YES,YES,NO,NO,,10' 11-3/8in,2600,Passenger,2,,,Northbound,1,+,-,+,Mezzanine to platform for northbound NQRW service,-,,,,,"If you are on the mezzanine: Use EL 282 to take a downtown NQRW to Times-Sq-42 St. Use elevators to transfer to an uptown NQRW. If you are on the platform: take a Q train to Lexington Av/63 St station, then either: Use platform elevator to transfer to a downtown Q train to 57/7. Or, follow the signs to exit the station at E 63 St and Lexington Avenue. Proceed one block south and take a southbound M101, M102, or M103 (E 62 St) 2 stops to E 56 St. Proceed one block north and take a westbound M31 or M57 (E 57 St and Lexington Avenue) 4 stops to W 57 St and 7th Avenue.",POINT (-73.98066 40.764664)
EL396,Elevator,Elevator Hydraulic,112,MYRTLE-WYCKOFFAVS-MYT-M,Myrtle-Wyckoff Avs - Station,630,"Myrtle-Wyckoff Avs (L,M)",BMT-M-MYRTLEAV,Brooklyn,40.699783,-73.91176,02/26/2008,02/26/2008,IFIS,Installed-Functioning-In Service,17,YES,NYCT,CANTON,YES,YES,YES,YES,,,2000,Passenger,,,,Both,1,+,-,-,Gates Ave & Wyckoff Ave (SE corner) to mezzanines for L and M service in both directions,-,,,,,"If you are on the street:   For L, take a Downtown Brooklyn-bound B52 bus (Myrtle Av and Gates Av) to Wilson Av and transfer to a Canarsie-bound B60 bus. Then for Manhattan-bound L, transfer at Cooper St for Wilson Av L Station. For Canarsie-bound L, take the B60 bus to Rockaway Av & Livonia Av, then travel three blocks east to Livonia Av L station.   For Middle Village-Metropolitan Av-bound M, take a Flushing-bound Q58 or Q98 bus (Palmetto St between Myrtle Av and St Nicholas Av) to Fresh Pond Rd and Bleecker St. Then transfer to a Jamaica-bound Q54 bus to Middle Village-Metropolitan Av M Station.   For Manhattan-bound M, take a Downtown-bound B54 bus (Myrtle Av) to Broadway. Then transfer to a Williamsburg-bound B46 bus to Flushing Av J/M Station.   If you are on the M mezzanine:   Use the ramp and elevator to reach the M platform and take a Manhattan-bound M to Flushing Av. Then take a Kings Plaza-bound B46 bus to Myrtle Av and transfer to a Ridgewood-bound B54 bus to Myrtle-Wyckoffs Avs.  If you are on the L mezzanine:   Use the elevator at the other end of the mezzanine to return to the L platform. Then, either:  Take a Manhattan-bound L train to Grand St. Then, exit the station and take a Canarsie-bound B60 (Montrose Av & Bushwick Av) to Wilson Av & Gates Av.   Or,   take a Canarsie-bound L train to Livonia Av. Then, exit the station and proceed to Rockaway Av/Livonia Av. Take a Williamsburg Bridge Plaza-bound B60 bus to Wilson Av & Gates Av.   Then, either:  Transfer to a Ridgewood-bound B52 bus to Gates Av & Wyckoff Av,   Or, travel three blocks north to Myrtle-Wyckoff station.",POINT (-73.91176 40.699783)
EL214,Elevator,Elevator Hydraulic,318,34ST-PENNSTATION-7AV-1/2/3,34 St-Penn Station - Station,318,,IRT-V-7AV,Manhattan,40.750374,-73.99085,01/05/2004,10/12/2022,IFIS,Installed-Functioning-In Service,17,YES,NYCT,CEMCO,YES,YES,NO,NO,,,2000,Passenger,,,,Northbound,1,+,-,+,concourse level of Penn Station to platform for uptown 1 service,-,,,,,"If you are on the mezzanine:  Take an uptown 2 or 3 to Times Sq-42 St and transfer to an uptown 1 across the platform. If you are on the platform: Take an uptown 1 to Times Sq-42 St, then either: Use elevators to transfer to a downtown 1, 2 or 3 to 34 St-Penn Station. Or, use elevators to exit the station and take an M7 or M20 bus (7 Av between 42 St and 41 St) to 34 St.",POINT (-73.99085 40.750374)
EL400,Elevator,Elevator Hydraulic,,,,,,,Queens,40.752438,-73.84879,05/03/2010,05/03/2010,IFIS,Installed-Functioning-In Service,17,YES,NYCT,,NO,YES,NO,NO,,,3000,Passenger Yard,,,,,,,,,Signal Tower At Corona Yard,,,,,,,POINT (-73.84879 40.752438)
EL302,Elevator,Elevator Hydraulic,027,ATLANTICAV-BARCLAYSCTR-4AV-D/N/R,Atlantic Av-Barclays Ctr - Station,617,"Atlantic Av (B,Q,2,3,4,5)/Pacific St (D,N,R)",BMT-B-BROADWAY,Brooklyn,40.684296,-73.97848,04/20/2004,04/22/2025,IFIS,Installed-Functioning-In Service,17,YES,Third-Party Contractor,MID-AMERICAN,YES,YES,NO,NO,,19'=10in,2100,Passenger,,,,Southbound,2,+,-,+,mezzanine (4th Ave & Pacific St) to Coney Island and Bay Ridge-bound D/N/R platform,-,,,,,If you are on the mezzanine:  Use the nearby elevators to take a Manhattan-bound R to Jay St-MetroTech and transfer across the platform to a 95 St-Bay Ridge-bound R to Atlantic Av-Barclays Ctr.  If you are on the platform:  Take a Brooklyn-bound N or R to 59 St and use elevators to transfer to an Manhattan-bound N or R to Atlantic Av-Barclays Ctr.,POINT (-73.97848 40.684296)
EL218,Elevator,Elevator Hydraulic,117,14ST-UNIONSQ-CNR-L,14 St-Union Sq - Station,602,"14 St-Union Sq (L,N,Q,R,4,5,6)",BMT-Q-14ST/CANARSIE,Manhattan,40.73457,-73.990166,05/26/2000,04/24/2026,IFIS,Installed-Functioning-In Service,17,YES,Third-Party Contractor,MID-AMERICAN,YES,YES,NO,NO,,26'-4 1/2in,2500,Passenger,3,,,Both,3,+,-,+,mezzanine to L platform for service in both directions,-,,,,,"This elevator is out of service for replacement.  For L service from the mezzanine:  Follow signs to take an uptown N/Q/R/W to 34 St-Herald Sq. Transfer to a downtown F or M to 14 St and use elevator & OMNY transfer validators to transfer to L. To exit from the platform:  Take an 8 Av-bound L to 6 Av and use elevators to exit the station. Then, take a LES-bound M14A or M14D to 4 Av. For access to N/Q/R/W, transfer at 14 St/6 Av to an uptown F or M to 34 St-Herald Sq and use elevators to transfer to the N/Q/R/W in either direction.",POINT (-73.990166 40.73457)
EL732,Elevator,Elevator Hydraulic,332,FULTONST-CLK-2/3,Fulton St - Station,628,"Fulton St (A,C,J,Z,2,3,4,5)",IRT-K-CLARKST,Manhattan,40.709415,-74.00657,09/19/2007,09/19/2007,IFIS,Installed-Functioning-In Service,17,YES,NYCT,MID-AMERICAN,YES,YES,NO,NO,,,2000,Passenger,,,,Both,7,+,-,+,2/3 platform for service in both directions to mezzanine for access to A/C platform and rest of complex,-,,,,,"If you are on the 2/3 mezzanine: Take the elevator at the opposite end of the mezzanine to reach the A/C platform and follow signs to the elevator for 4 or 5. Then take a downtown 4 or 5 to Atlantic Av-Barclays Ctr and transfer to a 2 or 3 to complete your trip. If you are on the 2/3 platform: Take a Brooklyn-bound 2 or 3 to Atlantic Av-Barclays Ctr and use elevators to transfer to an Manhattan-bound 4 or 5 to Fulton St. Or, take an uptown 2 or 3 to Chambers St. Exit station and take a Lower East Sidebound M22 bus (Chambers St and W Broadway) to Park Row and Spruce St.",POINT (-74.00657 40.709415)
ES262X,Escalator,Escalator,317,TIMESSQ-42ST-7AV-1/2/3,Times Sq-42 St - Station,611,"Times Sq-42 St (N,Q,R,S,1,2,3,7)/42 St (A,C,E)",IRT-V-7AV,Manhattan,40.756073,-73.98749,,08/01/1990,IFIS,Installed-Functioning-In Service,22,NO,Private Contractor,AM,YES,,NO,NO,,,,,,,,,,,,,1/2/3 mezzanine to 42 St & 7th Ave (SW corner),,,,,,,POINT (-73.98749 40.756073)
ES115,Escalator,Escalator,151,145ST-8AV-A/B/C/D,145 St - Station,151,,IND-A-8AV/FULTONST,Manhattan,40.825314,-73.94374,07/01/1933,03/28/2026,IFIS,Installed-Functioning-In Service,22,YES,NYCT,KONE,YES,,NO,NO,39',,,,,135,24,,,,,,uptown B/D platform to mezzanine for 147 St & St Nicholas Av exit,,,,,,,POINT (-73.94374 40.825314)
EL790X,Elevator,Elevator Hydraulic,,,,,,,Staten Island,40.53102,-74.23799,,04/16/1999,IFIS,Installed-Functioning-In Service,17,NO,Private Contractor,AM,NO,YES,NO,NO,,,,,,,,,,,,,3 Landings,,,,,,,POINT (-74.23799 40.53102)
EL284,Elevator,Elevator Hydraulic,399,68ST-HUNTERCOLLEGE-LEX-6,68 St-Hunter College - Station,399,,IRT-L-LEXINGTONAV,Manhattan,40.768143,-73.96387,12/18/2024,12/18/2024,IFIS,Installed-Functioning-In Service,17,YES,Third-Party Contractor,,YES,YES,NO,NO,,,,,,,,Southbound,2,+,-,+,Mezzanine to downtown platform.,-,,,,,"If you are on the street: Exit the station and take a City Hall-bound M103 or East Village-bound M102 bus to Lexington Av and E 52 St. Then, proceed to 51 St Station for 6 service. Note: The elevator is located on the northeast corner of 52 St and Lexington Av. If you are on the platform: Take a Brooklyn Bridge-City Hall-bound 6 to 51 St. Then, transfer to a Bronx-bound 6 to 68 St-Hunter College.",POINT (-73.96387 40.768143)
EL418X,Elevator,Elevator Hydraulic,456,61ST-WOODSIDE-FLS-7,61 St-Woodside - Station,456,,IRT-C-FLUSHING,Queens,40.74581,-73.902855,02/10/1999,02/10/1999,IFIS,Installed-Functioning-In Service,17,NO,LIRR,AM,YES,NO,NO,NO,,,,,,,,Both,3,+,-,+,mezzanine to Penn Station-bound LIRR platform,-,,,,,Alt route not available for this elevator. Please use TripPlanner for latest information.,POINT (-73.902855 40.74581)
EL146,Elevator,Elevator Hydraulic,310,96ST-BWY7-1/2/3,96 St - Station,310,,IRT-B-BROADWAY/7AV,Manhattan,40.79416,-73.97208,11/09/2010,11/09/2010,IFIS,Installed-Functioning-In Service,17,YES,NYCT,CEMCO,YES,YES,NO,NO,,,2500,Passenger,,,,Northbound,1,-,-,+,Broadway (between 95 & 96 St) to uptown platform,-,,,,,"If you are on the street:  Take a downtown 1, 2 or 3 to 72 St and use elevators to transfer to an uptown 1, 2 or 3. Or, take a downtown M104 bus to 72 St for 1/2/3 service. If you are on the platform: Take an uptown 2 or 3 to 135 St. Use the elevator to exit the station and cross Lenox Av. Re-enter the station using the elevator and take a downtown 2 or 3 to 96 St. Or, take an uptown 3 to the terminal at Harlem-148 St. Remain on the train or wait at the platform for a downtown 3 to 96 St. Or, take an uptown 2 or 3 to 135 St. Use the elevator to exit the station and take a downtown M7 bus to 97 St and Columbus Av. Proceed to 96 St to transfer to a westbound M96 or M106 bus to Broadway.",POINT (-73.97208 40.79416)
ES321,Escalator,Escalator,173,HIGHST-8AV-A/C,High St - Station,173,,IND-A-8AV/FULTONST,Brooklyn,40.699516,-73.991104,06/24/1933,05/15/2025,IFIS,Installed-Functioning-In Service,22,YES,NYCT,KONE,YES,,NO,NO,39' 11/5in,,,,,140,24,,,,,,lower mezzanine to upper mezzanine for Cadman Plaza West & Middagh St exit,,,,,,,POINT (-73.991104 40.699516)
EL23X,Elevator,Elevator Hydraulic,171,WORLDTRADECENTER-8AV-E,World Trade Center - Station,624,"Chambers St (A,C)/WTC (E)/Park Place (2,3)/Cortlandt St (R, W)",IND-A-8AV/FULTONST,Manhattan,40.71258,-74.00978,01/01/1900,09/11/2018,IFIS,Installed-Functioning-In Service,17,NO,Private Contractor,AM,YES,YES,YES,NO,,,,,,,,Both,1,+,+,+,"Church St to E line with access to downtown R/W, balcony & Oculus main level",+,326,17X,17X,"326, 17X",Use another elevator on this level.,POINT (-74.00978 40.71258)
EL522,Elevator,Elevator Traction,366,PARKCHESTER-PEL-6,Parkchester - Station,366,,IRT-P-PELHAM,Bronx,40.880028,-73.88435,,01/04/2026,IFIS,Installed-Functioning-In Service,,YES,Third-Party Contractor,MODERN ELEVATOR,YES,YES,YES,YES,,28' 2 3/4in,2500,Passenger,3,,,Southbound,1,+,-,+,Center of Hugh J. Grant Circle to mezzanine and Manhattan-bound platform.,+,EL521,EL521,,,If you are on the street:  Take a Pelham Bay Park-bound 6 to Westchester Sq – E Tremont Av and transfer to a Manhattan-bound 6.  If you are on the mezzanine:  Take a Pelham Bay Park-bound 6 to Westchester Sq – E Tremont Av and transfer to a Manhattan-bound 6.  If you are on the platform: Take a Manhattan-bound 6 to Hunts Point Av and transfer to a Pelham Bay Park or Parkchester-bound 6 to Parkchester.,POINT (-73.88435 40.880028)
ES427,Escalator,Escalator,280,JAMAICAVANWYCK-QBL-E,Jamaica Van Wyck - Station,280,,IND-D-QUEENS/ARCHERAV,Queens,40.702473,-73.81707,12/01/1988,12/26/2008,IFIS,Installed-Functioning-In Service,22,YES,NYCT,KONE,YES,,YES,YES,26',,,,,96,40in,,,,,,mezzanine to Metropolitan Ave & Jamaica Ave (NE corner),,,,,,,POINT (-73.81707 40.702473)
ES459,Escalator,Escalator,223,LEXINGTONAV/63ST-63S-F/Q,Lexington Av/63 St - Station,223,,IND-T-63ST,Manhattan,40.763866,-73.964615,12/30/2016,12/30/2016,IFIS,Installed-Functioning-In Service,22,YES,NYCT,KONE,YES,,YES,YES,9611mm (31' 6 3/8in),,,,,122,Step Width 996 mm (39 3/8in),,,,,,mezzanine to 3rd Ave & 63 St (SE corner),,,,,,,POINT (-73.964615 40.763866)
EL331,Elevator,Elevator Hydraulic,408,BLEECKERST-LEX-6,Bleecker St - Station,619,"Broadway-Lafayette St (B,D,F,M)/Bleecker St (6)",IRT-MM-LEXINGTONAV,Manhattan,40.72496,-73.99519,09/25/2012,09/25/2012,IFIS,Installed-Functioning-In Service,17,YES,NYCT,CEMCO,YES,YES,NO,NO,,,2500,Passenger,,,,Northbound,3,+,-,+,uptown 6 mezzanine and uptown B/D/F/M platform,+,,332,,330,"If you are on the uptown 6 mezzanine: Take the other elevator on this level to the downtown B/D/F/M platform and proceed towards the middle of the downtown B/D/F/M platform for the elevator. Then exit the station or use the elevator at other end of the mezzanine for the uptown B/D/F/M. If you are on the uptown B/D/F/M platform: Use the other elevator near the middle of the platform then either: Use the elevator at the opposite end of the mezzanine to reach the downtown B/D/F/M platform. Proceed to the other end of the platform to take the elevator to the uptown 6. Or, take the downtown 6 to Brooklyn Bridge-City Hall and use elevators to transfer to the uptown 6.",POINT (-73.99519 40.72496)
ES609X,Escalator,Escalator,469,GRANDCENTRAL-42ST-LEX-S,Grand Central-42 St - Station,610,"Grand Central-42 St (S,4,5,6,7)",IRT-MM-LEXINGTONAV,Manhattan,40.75276,-73.97919,,07/01/2012,IFIS,Installed-Functioning-In Service,22,NO,Private Contractor,AM,YES,,NO,NO,,,,,,,,,,,,,Park Ave & 42 St (SW corner) to mezzanine for 4/5/6 service,,,,,,,POINT (-73.97919 40.75276)
ES335,Escalator,Escalator,057,WEST8ST-NYAQUARIUM-BWY-F/Q,West 8 St-NY Aquarium - Station,57,,BMT-A-BROADWAY/BRIGHTON,Brooklyn,40.5763,-73.97512,07/01/1972,10/06/2003,IFIS,Installed-Functioning-In Service,22,YES,NYCT,FUJITEC,YES,,NO,YES,37',,,,,128,40,,,,,,mezzanine (W 5 St & Brighton Ave) to Manhattan-bound Q platform,,,,,,,POINT (-73.97512 40.5763)
ES314,Escalator,Escalator,238,SMITH-9STS-6AV-F/G,Smith-9 Sts - Station,238,,IND-B-6AV/CULVER,Brooklyn,40.674603,-73.997116,10/07/1933,06/14/2000,RNOS,Removed-Non Functioning-Out of Service,22,YES,NYCT,OK,YES,,YES,NO,30',,,,,102,24,,,,,,9th St & Smith St (NE corner) to intermediate mezzanine,,,,,,,POINT (-73.997116 40.674603)
EL781,Elevator,Elevator Hydraulic,285,METROPOLITANAV-XTN-G,Metropolitan Av - Station,629,Metropolitan Av (G)/Lorimer St (L),IND-G-63ST,Brooklyn,40.71406,-73.95027,04/01/2024,04/01/2024,IFIS,Installed-Functioning-In Service,17,YES,Third-Party Contractor,,YES,YES,NO,NO,,,,,2,,,Southbound,2,+,-,+,Mezzanine to Church Av-bound platform.,-,,,,,"If you are on the mezzanine:  Use nearby elevator EL780 to take a Court Sq-bound G to Greenpoint Av. Use elevators to transfer to a Church Av-bound G.  If you are on the platform:  Take a Church Av-bound G to 7 Av station. Then, use elevators to transfer to a Court Sq-bound G back to Metropolitan Av station.",POINT (-73.95027 40.71406)
ES203,Escalator,Escalator,465,GRANDCENTRAL-42ST-FLS-7,Grand Central-42 St - Station,610,"Grand Central-42 St (S,4,5,6,7)",IRT-C-FLUSHING,Manhattan,40.75083,-73.975105,06/22/1915,08/26/2023,IFIS,Installed-Functioning-In Service,22,YES,NYCT,KONE,YES,,YES,NO,50',,,,,178,800,,,,,,eastern mezzanine above 7 platform to 42 St (between Lexington Ave & 3rd Ave),,,,,,,POINT (-73.975105 40.75083)
EL408,Elevator,Elevator Hydraulic,280,JAMAICAVANWYCK-QBL-E,Jamaica Van Wyck - Station,280,,IND-D-QUEENS/ARCHERAV,Queens,40.70177,-73.81655,12/01/1988,03/01/2017,IFIS,Installed-Functioning-In Service,17,YES,NYCT,CANTON,YES,YES,YES,NO,,,2500,Passenger,,,,Both,1,+,-,+,mezzanine to platform for service in both directions,-,,,,,"If you are on the mezzanine: Exit faregate and use elevator to exit station.  Then, take a Jamaica-bound Q54 orQ56 (Jamaica and Van Wyck Expwy) to Jamaica Av and 147 Pl.  Proceed two block south to Sutphin Blvd and Jamaica Av.  Use elevators to enter the Sutphin Blvd-Archer Av E/J/Z Station. If you are on the platform: Take a Jamaica-bound E to Sutphin Blvd-Archer Av E/J/Z Station.  Use elevators to exit staton and take a Lafayette Av-bound Q24 or a Williamsburg Bridge Plz-bound Q54 (Jamaica Av & Sutphin Blvd) to Jamaica-Van Wyck E Station.",POINT (-73.81655 40.70177)
ES632,Escalator,Escalator,471,34ST-HUDSONYARDS-FLS-7,34 St-Hudson Yards - Station,471,,IRT-CC-FLUSHING,Manhattan,40.755875,-74.00029,08/31/2018,08/31/2018,IFIS,Installed-Functioning-In Service,22,YES,NYCT,SCHINDLER,YES,,YES,YES,29',,,,,110,24,,,,,,upper mezzanine to Hudson Blvd E & 35 St (SW corner),,,,,,,POINT (-74.00029 40.755875)
EL492X,Elevator,Elevator Hydraulic,198,HOWARDBEACH-JFKAIRPORT-RKY-A,Howard Beach-JFK Airport - Station,198,,IND-F-ROCKAWAY,Queens,40.660477,-73.8303,11/01/2011,11/01/2011,IFIS,Installed-Functioning-In Service,17,NO,Private Contractor,AM,YES,YES,NO,NO,,,,,,,,Southbound,3,+,-,+,mezzanine to platform for Far Rockaway - Mott Av and Rockaway Park - Beach 116 St-bound service,+,,493X,,493X,Use an adjacent elevator.,POINT (-73.8303 40.660477)
EL432,Elevator,Elevator Hydraulic,254,JAMAICA-179ST-QBL-F,Jamaica-179 St - Station,254,,IND-D-QUEENSBLVD,Queens,40.71274,-73.78374,07/28/2005,07/28/2005,RNOS,Removed-Non Functioning-Out of Service,17,YES,NYCT,CANTON,YES,YES,NO,NO,,,2000,Passenger,,,,Southbound,2,+,-,+,mezzanine to Manhattan-bound platform,-,,,,,"All elevators at this station are out of service for replacement. To exit, take a Manhattan-bound F to Kew Gardens-Union Tpke and transfer to a Jamaica Center-bound E to Sutphin Blvd/Archer Av/JFK Airport. Exit the station and proceed north to the SW corner of Archer Av/Sutphin Blvd. Take a Floral Park-bound Q43 bus to Hillside Av/180 St.",POINT (-73.78374 40.71274)
ES428,Escalator,Escalator,280,JAMAICAVANWYCK-QBL-E,Jamaica Van Wyck - Station,280,,IND-D-QUEENS/ARCHERAV,Queens,40.701893,-73.81659,12/16/2008,12/16/2008,IFIS,Installed-Functioning-In Service,22,YES,NYCT,KONE,YES,,NO,NO,13',,,,,57,40in,,,,,,mezzanine to platform for service in both directions,,,,,,,POINT (-73.81659 40.701893)
EL311,Elevator,Elevator Traction,334,CLARKST-CLK-2/3,Clark St - Station,334,,IRT-K-CLARKST,Brooklyn,40.697826,-73.99328,04/17/1919,05/04/2022,IFIS,Installed-Functioning-In Service,22,YES,NYCT,MID-AMERICAN,YES,NO,YES,NO,,,10000,Passenger,2,,,Both,2,+,-,-,street-level arcade at Clark St & Henry St to lower mezzanine for service in both directions,+,310,310,,,Use an adjacent elevator.,POINT (-73.99328 40.697826)
EL431,Elevator,Elevator Hydraulic,254,JAMAICA-179ST-QBL-F,Jamaica-179 St - Station,254,,IND-D-QUEENSBLVD,Queens,40.712612,-73.78337,07/28/2005,07/28/2005,RNOS,Removed-Non Functioning-Out of Service,17,YES,NYCT,CANTON,YES,YES,YES,YES,,,2000,Passenger,,,,Both,1,+,-,-,179 Pl & Hillside Ave (SE corner) to mezzanine for Manhattan-bound service,-,,,,,"All elevators at this station are out of service for replacement. For F, take a Jamaica-bound Q43 bus to Sutphin Blvd/91 Av for the Sutphin Blvd/Archer Av/JFK Airport E/J/Z station. Take a Manhattan-bound E and transfer to F at Kew Gardens-Union Tpke or at Lexington Av-53 St.",POINT (-73.78337 40.712612)
EL363,Elevator,Elevator Hydraulic,059,9AV-WST-D,9 Av - Station,59,,BMT-38-38STYD,Brooklyn,40.64952,-73.99884,05/13/1992,05/13/1992,IFIS,Installed-Functioning-In Service,17,YES,NYCT,EAGLE,NO,NO,NO,NO,,,1200,Freight,,,,,,,,,Freight Elevator At 38Th Street Yard,,,,,,,POINT (-73.99884 40.64952)
EL524,Elevator,Elevator Hydraulic,379,MOSHOLUPKWY-JER-4,Mosholu Pkwy - Station,379,,IRT-J-JEROMEAV,Bronx,40.87975,-73.88466,08/26/2025,08/26/2025,IFIS,Installed-Functioning-In Service,17,YES,Third-Party Contractor,,YES,YES,NO,YES,,14'-5 1/2in,2500,,,,,Both,1,+,-,+,Transfer Mezzanine to Manhattan-bound Platform,-,,,,,If you are on the transfer mezzanine level:  See a station agent for re-entry and take a Woodlawn-bound 4 train to Woodlawn. Transfer to a Manhattan-bound 4 train (trains become Manhattan-bound after Woodlawn).   Or exit the station and proceed to the SW corner of W Mosholu Pkwy South & Jerome Av. Take a Mott Haven-bound Bx1 or Bx2 to Bedford Park Blvd. Take a Manhattan-bound B or D train to 161 St – Yankee Stadium and transfer to 4 service.   If you are on the Manhattan-bound platform:  Take a Manhattan-bound 4 train to Fordham Rd. Transfer to a Woodlawn-bound 4 train to Mosholu Pkwy.,POINT (-73.88466 40.87975)
ES621,Escalator,Escalator,471,34ST-HUDSONYARDS-FLS-7,34 St-Hudson Yards - Station,471,,IRT-CC-FLUSHING,Manhattan,40.755405,-74.00176,09/13/2015,09/13/2015,IFIS,Installed-Functioning-In Service,22,YES,NYCT,KONE,YES,,NO,NO,"24,892 mm (81' 8in)",,,,,283,1000 mm (40in),,,,,,upper mezzanine (between 33 St & 34 St) to lower mezzanine,,,,,,,POINT (-74.00176 40.755405)
EL147,Elevator,Elevator Traction,,,,,,,Manhattan,40.794167,-73.972084,01/01/2025,01/10/2025,IFIS,Installed-Functioning-In Service,22,YES,NYCT,HOLLISTER-WHITNEY,NO,YES,NO,NO,,,,,,,,,,,,,Relay Building A,,,,,,,POINT (-73.972084 40.794167)
EL111,Elevator,Elevator Traction,302,168ST-BWY7-1,168 St - Station,605,"168 St (A,C,1)",IRT-BB-BROADWAY/7AV,Manhattan,40.84072,-73.94013,09/01/1964,12/20/2019,IFIS,Installed-Functioning-In Service,22,YES,NYCT,MCE,YES,NO,NO,NO,,78' 6 1/4in,10000,Passenger,3,,,Both,1,+,+,-,transfer mezzanine to overpass for 1 train service in both directions,+,,"112, 113, 114","112, 113, 114",,Use an adjacent elevator.,POINT (-73.94013 40.84072)
EL513,Elevator,Elevator Traction,363,WESTCHESTERSQ-EASTTREMONTAV-PEL-6,Westchester Sq-East Tremont Av - Station,363,,IRT-P-PELHAM,Bronx,40.839893,-73.84295,01/07/2025,01/07/2025,IFIS,Installed-Functioning-In Service,22,YES,Third-Party Contractor,,YES,YES,NO,YES,,,2500,,,,,Northbound,2,+,-,+,Mezzanine to Pelham Bay Park-bound platform.,-,,,,,"If you are on the mezzanine: Exit the station and proceed north along Westchester Av to Westchester Av and Blondel Av. Then, take a Country Club-bound Bx24 bus to Westchester Av and Amendola Plaza for access to Pelham Bay Park 6 Station. If you are on the platform:  Take a Pelham Bay Park-bound 6 to Pelham Bay Park. Then, take a Manhattan-bound 6 to Westchester Sq-East Tremont Av.",POINT (-73.84295 40.839893)
ES258X,Escalator,Escalator,406,14ST-UNIONSQ-LEX-4/5/6,14 St-Union Sq - Station,602,"14 St-Union Sq (L,N,Q,R,4,5,6)",IRT-MM-LEXINGTONAV,Manhattan,40.73445,-73.98946,,06/11/2012,IFIS,Installed-Functioning-In Service,22,NO,Private Contractor,AM,YES,,NO,NO,,,,,,,,,,,,,14 St & 4th Ave (NE corner) to mezzanine for 4/5/6/L service and access to N/Q/R/W,,,,,,,POINT (-73.98946 40.73445)
EL454,Elevator,Elevator Traction,279,SUTPHINBLVD-ARCHERAV-JFKAIRPORT-QBL-E/J/Z,Sutphin Blvd-Archer Av-JFK Airport - Station,279,,IND-D-QUEENS/ARCHERAV,Queens,40.700485,-73.80797,06/28/1999,06/28/1999,IFIS,Installed-Functioning-In Service,22,YES,NYCT,MCE,NO,NO,NO,NO,,,6000,Freight,,,,,,,,,Yard To Storage Room,,,,,,,POINT (-73.80797 40.700485)
ES234,Escalator,Escalator,227,34ST-HERALDSQ-6AV-B/D/F,34 St-Herald Sq - Station,607,"34 St-Herald Sq (B,D,F,M,N,Q,R)",IND-B-6AV/CULVER,Manhattan,40.75,-73.98753,12/15/1940,01/13/2008,IFIS,Installed-Functioning-In Service,22,YES,NYCT,FUJITEC,YES,,NO,NO,29',,,,,110,24,,,,,,uptown B/D/F/M platform to mezzanine for N/Q/R/W service,,,,,,,POINT (-73.98753 40.75)
ES224,Escalator,Escalator,227,34ST-HERALDSQ-6AV-B/D/F,34 St-Herald Sq - Station,607,"34 St-Herald Sq (B,D,F,M,N,Q,R)",IND-B-6AV/CULVER,Manhattan,40.749004,-73.98869,12/15/1940,11/25/2006,IFIS,Installed-Functioning-In Service,22,YES,NYCT,FUJITEC,YES,,NO,NO,12',,,,,55,24,,,,,,intemediate mezzanine to PATH mezzanine for access to B/D/F/M & N/Q/R/W service,,,,,,,POINT (-73.98869 40.749004)
EL366,Elevator,Elevator Hydraulic,,,,,,,Brooklyn,40.59491,-73.98339,11/16/1999,11/16/1999,IFIS,Installed-Functioning-In Service,17,YES,NYCT,CEMCO,NO,NO,YES,YES,,,3000,Passenger Yard,,,,,,,,,Parking Lot To 4Th Floor,,,,,,,POINT (-73.98339 40.59491)
EL777,Elevator,Elevator Hydraulic,121,LORIMERST-CNR-L,Lorimer St - Station,629,Metropolitan Av (G)/Lorimer St (L),BMT-Q-14ST/CANARSIE,Brooklyn,40.71406,-73.95027,04/01/2024,04/01/2024,IFIS,Installed-Functioning-In Service,17,YES,Third-Party Contractor,,YES,YES,NO,NO,,,,,2,,,Northbound,2,+,-,+,Mezzanine to Manhattan-bound platform.,-,,,,,"If you are on the mezzanine: Take a Canarsie-bound L to Grand St and use the elevator to exit the station. Cross Bushwick Av to use the elevator (EL785) for Manhattan-bound service.  Or, exit the station and travel to Bedford Av (L). Travel west on Metropolitan Av to Meeker Av. Take Meeker Av to North 7 St and travel four blocks west to Bedford Av. Use elevator EL359 at the northeast corner to access Bedford Av (L) station.  If you are on the platform:  Take a Manhattan-bound L to Bedford Av.  Then either:  Transfer across the platform to a Canarsie-bound L to Lorimer St.  Or, exit the station and travel east on North 7 St to Meeker Av. Take Meeker Av to Metropolitan Av, and Metropolitan Av to Lorimer St.",POINT (-73.95027 40.71406)
EL512,Elevator,Elevator Traction,363,WESTCHESTERSQ-EASTTREMONTAV-PEL-6,Westchester Sq-East Tremont Av - Station,363,,IRT-P-PELHAM,Bronx,40.839893,-73.84295,01/07/2025,01/07/2025,IFIS,Installed-Functioning-In Service,22,YES,Third-Party Contractor,,YES,YES,YES,YES,,,,,,,,Both,1,+,-,-,Street (NW corner of Westchester Av and Lane Av) to mezzanine.,-,,,,,"If you are on the street: Proceed north along Westchester Av to Blondel Av. Then, take a Country Club-bound Bx24 bus to Westchester Av and Amendola Plaza for access to Pelham Bay Park 6 Station. If you are on the mezzanine:  Take a Pelham Bay Park-bound 6 to Pelham Bay Park. Then, take a Hutchinson Metro Center-bound Bx24 bus to Westchester Sq-East Tremont Av.",POINT (-73.84295 40.839893)
ES341,Escalator,Escalator,414,BOWLINGGREEN-LEX-4/5,Bowling Green - Station,414,,IRT-M-LEXINGTONAV,Manhattan,40.70449,-74.014114,04/01/1977,02/18/2004,IFIS,Installed-Functioning-In Service,22,YES,NYCT,FUJITEC,YES,,NO,NO,23',,,,,89,40,,,,,,lower mezzanine to uptown 4/5 platform,,,,,,,POINT (-74.014114 40.70449)
ES630,Escalator,Escalator,471,34ST-HUDSONYARDS-FLS-7,34 St-Hudson Yards - Station,471,,IRT-CC-FLUSHING,Manhattan,40.755844,-74.0003,08/31/2018,08/31/2018,IFIS,Installed-Functioning-In Service,22,YES,NYCT,SCHINDLER,YES,,YES,YES,30',,,,,109,24,,,,,,upper mezzanine to Hudson Blvd E & 35 St (SW corner),,,,,,,POINT (-74.0003 40.755844)
ES342,Escalator,Escalator,414,BOWLINGGREEN-LEX-4/5,Bowling Green - Station,414,,IRT-M-LEXINGTONAV,Manhattan,40.704952,-74.01393,04/01/1977,03/19/2005,IFIS,Installed-Functioning-In Service,22,YES,NYCT,FUJITEC,YES,,NO,NO,23',,,,,90,40,,,,,,lower mezzanine to downtown 4/5 platform,,,,,,,POINT (-74.01393 40.704952)
ES449,Escalator,Escalator,454,74ST-BROADWAY-FLS-7,74 St-Broadway - Station,616,"74-Broadway (7)/Jackson Hts-Roosevelt Av (E,F,M,R)",IRT-C-FLUSHING,Queens,40.74686,-73.89245,07/22/1999,10/31/2024,IFIS,Installed-Functioning-In Service,22,YES,NYCT,OK,YES,,NO,NO,31',,,,,115,40in,,,,,,7 underpass to lower mezzanine for E/F/M/R service,,,,,,,POINT (-73.89245 40.74686)
ES297,Escalator,Escalator,476,86ST-2AV-Q,86 St - Station,476,,IND-S-2AV,Manhattan,40.777824,-73.95141,01/01/2017,01/01/2017,IFIS,Installed-Functioning-In Service,22,YES,NYCT,KONE,YES,,YES,YES,9950 mm (32 ' 7 3/4in),,,,,125,,,,,,,86 St & 2nd Ave (NE corner) to upper mezzanine,,,,,,,POINT (-73.95141 40.777824)
EL181,Elevator,Elevator Hydraulic,438,135ST-LWP-2/3,135 St - Station,438,,IRT-F-LENOX/WHITEPLAINS,Manhattan,40.814007,-73.94116,05/15/2008,05/15/2008,IFIS,Installed-Functioning-In Service,17,YES,NYCT,CEMCO,YES,YES,YES,YES,,,2000,Passenger,,,,Southbound,2,-,-,+,135 St & Lenox Ave (SW corner) to downtown platform,-,,,,,"If you are on the street: Take an uptown 3 to Harlem-148 St and transfer to a downtown 3. Or, take a 14 St-bound M7 bus (Malcolm X Blvd and 135 St) to Columbus Av and 97 St, and transfer to a West Side-bound M96 or M106 bus to Broadway for 96 St 1/2/3.  If you are on the platform: See a station agent to re-enter through the faregate and take a downtown 2 or 3 to 96 St, then either: Use elevators to transfer to an uptown 2 or 3 to 135 St. Or, exit the station and take a Harlem-bound M7 bus (Amsterdam Av and 96 St) to 135 St.",POINT (-73.94116 40.814007)
ES277,Escalator,Escalator,476,86ST-2AV-Q,86 St - Station,476,,IND-S-2AV,Manhattan,40.776184,-73.9527,01/01/2017,01/01/2017,IFIS,Installed-Functioning-In Service,22,YES,NYCT,KONE,YES,,YES,YES,"23,519 mm (77' 1 15/16in)",,,,,269,,,,,,,83 St & 2nd Ave (NE corner) to lower mezzanine,,,,,,,POINT (-73.9527 40.776184)
EL733X,Elevator,Elevator Hydraulic,412,FULTONST-LEX-4/5,Fulton St - Station,628,"Fulton St (A,C,J,Z,2,3,4,5)",IRT-M-LEXINGTONAV,Manhattan,40.710346,-74.00888,11/10/2014,11/10/2014,IFIS,Installed-Functioning-In Service,17,NO,Private Contractor,CANTON,YES,NO,NO,NO,,,,,,,,Northbound,3,-,+,-,Transit Center (near Broadway & John St) to upper retail floors,-,,,,,Alt route not available for this elevator. Please use TripPlanner for latest information.,POINT (-74.00888 40.710346)
EL752,Elevator,Elevator Hydraulic,071,8AV-SEA-N,8th Ave - Station,71,,BMT-E-SEABEACH,Brooklyn,40.634552,-74.01098,07/20/2023,07/20/2023,IFIS,Installed-Functioning-In Service,17,YES,NYCT,,YES,YES,YES,YES,,,,,2,,,Southbound,1,+,-,+,Street inside station house at 62nd St and 8th Ave to Coney Island-bound platform,-,,,,,"If you are on the street:  Use EL753 to take a Manhattan-bound N to 59 St. Then, use elevators to transfer to a Coney Island-bound N.   If you are on the platform:  Take a Coney Island-bound N to New Utrecht and use elevators to transfer to a Manhattan-bound N.",POINT (-74.01098 40.634552)
EL194,Elevator,Elevator Hydraulic,418,233ST-LWP-2/5,233 St - Station,418,,IRT-W-WHITEPLAINSRD,Bronx,40.8933,-73.85757,04/20/2007,04/20/2007,IFIS,Installed-Functioning-In Service,17,YES,NYCT,CANTON,YES,YES,NO,YES,,,2000,Passenger,,,,Southbound,2,+,-,+,mezzanine to Manhattan-bound platform,-,,,,,"If you are on the mezzanine:  Use the elevator at the other end of the mezzanine to take an uptown 2 to 241 St.  Remain on the train or wait at the platform for the next downtown 2.  Or, exit the station through the faregate and take a Clasons Pt-bound Bx39 bus (233 St  and White Plans Rd) to Gun Hill Rd 2/5 Station.  If you are on the platform: Take a downtown 2 or 5 to Gun Hill Rd,  then either:  Use elevators to transfer to an uptown 2 or 5 to 233 St.  Or,  use the elevator to exit the station and take a Wakefield-bound Bx39 bus (E Gun Hill Rd  and White Plains Rd) to 233 St and White Plains Rd.",POINT (-73.85757 40.8933)
EL133,Elevator,Elevator Hydraulic,219,161ST-YANKEESTADIUM-CON-B/D,161 St-Yankee Stadium - Station,604,"161 St-Yankee Stadium (B,D,4)",IND-C-CONCOURSE,Bronx,40.827766,-73.926125,04/04/2002,04/04/2002,RNOS,Removed-Non Functioning-Out of Service,17,YES,NYCT,CEMCO,YES,YES,NO,NO,,,2000,Passenger,,,,Southbound,2,-,+,+,mezzanine to Manhattan-bound 4 platform,-,,,,,To access street level: Take a Manhattan-bound 4 to 125 St. Use elevators to transfer to a Bronx-bound 6. Exit at Hunts Point Av and transfer to a Washington Heights-bound Bx6-SBS bus to E 161 St and River Av. To access B/D service: Take a Manhattan-bound 4 to 125 St. Use elevators to transfer to a Bronx-bound 4. Exit at 170 St and then proceed east to Grand Concourse. Take a Riverdale-bound Bx1 or Kingsbridge Heights-bound Bx2 to Tremont Av for access to BD service.,POINT (-73.926125 40.827766)
ES235,Escalator,Escalator,227,34ST-HERALDSQ-6AV-B/D/F,34 St-Herald Sq - Station,607,"34 St-Herald Sq (B,D,F,M,N,Q,R)",IND-B-6AV/CULVER,Manhattan,40.750324,-73.987526,12/15/1940,01/13/2008,IFIS,Installed-Functioning-In Service,22,YES,NYCT,FUJITEC,YES,,NO,NO,28',,,,,109,600,,,,,,N/Q/R/W mezzanine to downtown B/D/F/M platform,,,,,,,POINT (-73.987526 40.750324)
EL387,Elevator,Elevator Hydraulic,035,59ST-4AV-N/R,59 St - Station,35,,BMT-F-4AV,Brooklyn,40.641727,-74.01775,10/31/2020,10/31/2020,IFIS,Installed-Functioning-In Service,17,YES,NYCT,MID-AMERICAN,YES,YES,YES,YES,,11'-6 7/8in,2700 lbs,Passenger,2,,,Both,1,+,-,-,4th Ave and 59 St (NW corner) to mezzanine for service in both directions,-,,,,,"If you are on the street: Take a Kings Plaza-bound B9 bus (60 St and 4 Av) to 8 Av and use elevator to take a Manhattan-bound N to 59 St. Then for Manhattan-bound R service, transfer across the platform. Or for Brooklyn-bound N/R service, use elevators to transfer to a Coney Island-bound N or Bay Ridge-bound R. If you are on the mezzanine: See a station agent to re-enter through the faregate, then either: Use elevator to take a Bay Ridge-bound R to 86 St. Then, use elevators to exit the station and take a Downtown Brooklyn-bound B37 bus (3 Av and 86 St) to 60 St. Or, use elevator to take a Coney Island-bound N to New Utrecht Av. Then, use elevator to exit the station and take a Downtown Brooklyn-bound B9 (60 St and New Utrecht Av) to 4 Av.",POINT (-74.01775 40.641727)
EL721,Elevator,Elevator Hydraulic,172,FULTONST-8AV-A/C,Fulton St - Station,628,"Fulton St (A,C,J,Z,2,3,4,5)",IND-A-8AV/FULTONST,Manhattan,40.70977,-74.00684,11/20/2013,11/20/2013,IFIS,Installed-Functioning-In Service,17,YES,NYCT,CANTON,YES,YES,NO,NO,,,2000,Passenger,,,,Both,5,+,-,+,2/3 mezzanine to A/C platform for service in both directions and access to rest of complex,+,,723,,719,"If you are on the 2/3 mezzanine: To transfer, exit station at Fulton St and William St. For A/C or J/Z, proceed to elevator entrance at the corner of Nassau St. For 4/5, use entrance at Fulton St and Broadway. If you are on the A/C platform: To transfer to 2/3, exit station and proceed to the southwest corner of William St and Fulton St to re-enter the station.  To exit to street, proceed through the faregate and use the elevator on the same level to exit station.",POINT (-74.00684 40.70977)
ES284,Escalator,Escalator,476,86ST-2AV-Q,86 St - Station,476,,IND-S-2AV,Manhattan,40.77784,-73.9514,01/01/2017,01/01/2017,IFIS,Installed-Functioning-In Service,22,YES,NYCT,KONE,YES,,YES,YES,9950 mm (32 ' 7 3/4in),,,,,125,,,,,,,upper mezzanine to 86 St & 2nd Ave (NE corner),,,,,,,POINT (-73.9514 40.77784)
ES275,Escalator,Escalator,476,86ST-2AV-Q,86 St - Station,476,,IND-S-2AV,Manhattan,40.777588,-73.95194,01/01/2017,01/01/2017,IFIS,Installed-Functioning-In Service,22,YES,NYCT,KONE,YES,,NO,NO,4953 mm (16' 3in),,,,,75,"40in (NOMINAL), 996 mm",,,,,,platform to lower mezzanine,,,,,,,POINT (-73.95194 40.777588)
ES445,Escalator,Escalator,278,JAMAICACENTER-PARSONS/ARCHER-QBL-E/J/Z,Jamaica Center-Parsons/Archer - Station,278,,IND-D-QUEENS/ARCHERAV,Queens,40.70232,-73.8003,12/01/1988,05/20/2009,IFIS,Installed-Functioning-In Service,22,YES,NYCT,KONE,YES,,NO,NO,29',,,,,107,40in,,,,,,J/Z platform to mezzanine for Parsons Blvd & Archer Ave exit,,,,,,,POINT (-73.8003 40.70232)
EL724X,Elevator,Elevator Traction,172,FULTONST-8AV-A/C,Fulton St - Station,628,"Fulton St (A,C,J,Z,2,3,4,5)",IND-A-8AV/FULTONST,Manhattan,40.710197,-74.00769,,11/10/2014,IFIS,Installed-Functioning-In Service,22,NO,Private Contractor,HOLLISTER-WHITNEY,NO,YES,NO,NO,,,,Passenger,,,,,,,,,Corbin Building,,,,,,,POINT (-74.00769 40.710197)
EL360,Elevator,Elevator Hydraulic,079,86ST-SEA-N,86 St - Station,79,,BMT-CI-CONEYISLANDYD,Brooklyn,40.588165,-73.97607,11/14/1991,11/14/1991,IFIS,Installed-Functioning-In Service,17,YES,NYCT,ESCO,NO,NO,NO,NO,,,2500,Passenger Yard,,,,,,,,,Passenger Yard Elevator At Coney Island Yard,,,,,,,POINT (-73.97607 40.588165)
EL34X,Elevator,Elevator Hydraulic,318,34ST-PENNSTATION-7AV-1/2/3,34 St-Penn Station - Station,318,,IRT-V-7AV,Manhattan,40.75108,-73.99115,01/01/2018,01/01/2018,IFIS,Installed-Functioning-In Service,17,NO,LIRR,,YES,YES,NO,NO,,,,Passenger,,,,Both,1,+,-,-,LIRR entrance - south side of 34 St (west of 7th Ave) to Penn Station concourse for service in both directions on all lines,+,618,618,,,From the street: Use elevator at NW corner of 33 St & 7 Av. Proceed one block south on 7 Av and turn right for EL618. From the concourse: Follow signs to the 1/2/3 proceed to EL618.,POINT (-73.99115 40.75108)
EL409,Elevator,Elevator Hydraulic,280,JAMAICAVANWYCK-QBL-E,Jamaica Van Wyck - Station,280,,IND-D-QUEENS/ARCHERAV,Queens,40.701252,-73.816376,12/01/1988,03/01/2017,IFIS,Installed-Functioning-In Service,17,YES,NYCT,CANTON,YES,YES,YES,YES,,,2500,Passenger,,,,Both,1,+,-,-,89 Ave & Van Wyck Expwy (SW corner) to mezzanine for service in both directions,-,,,,,If you are on the street: Take a Jamaica-bound Q54 or Q56 (Jamaica and Van Wyck Expwy) to Jamaica Av and 147 Pl.  Proceed two blocks south to Sutphin Blvd and Jamaica Av.  Use elevators to enter the Sutphin Blvd-Archer Av E/J/Z Station. If you are on the mezzanine: See a station agent to re-enter faregate and use elevator to take a Jamaica-bound E to Sutphin Blvd-Archer Av E/J/Z Station.  Use elevators to exit station and take a Lafayette Av-bound Q24 or a Williamsburg Bridge Plz-bound Q54 (Jamaica Av & Sutphin Blvd) to Jamaica-Van Wyck E Station.,POINT (-73.816376 40.701252)
ES295,Escalator,Escalator,477,72ST-2AV-Q,72 St - Station,477,,IND-S-2AV,Manhattan,40.769054,-73.95848,01/01/2017,01/01/2017,IFIS,Installed-Functioning-In Service,22,YES,NYCT,SCHINDLER,YES,,YES,YES,21577 mm (70' 9 1/2in),,,,,0,,,,,,,lower mezzanine to 72 St & 2nd Ave (NW corner),,,,,,,POINT (-73.95848 40.769054)
EL298,Elevator,Elevator Traction,405,23ST-LEX-6,23 St - Station,405,,IRT-MM-LEXINGTONAV,Manhattan,40.74019,-73.986115,12/30/2016,12/30/2016,IFIS,Installed-Functioning-In Service,22,YES,NYCT,HOLLISTER-WHITNEY,YES,YES,YES,YES,,,2100,Passenger,,,,Northbound,1,-,-,+,Park Ave & 23 St (NE corner) to uptown platform,-,,,,,"If you are on the street: Cross the street and use elevator to take a downtown 6 to Bleecker St. Use elevators to transfer to an uptown 6 .  Or, take an uptown M1, M2LTD, or M3 (Park Av South & 23 St) to Madison Av & E 42 St. Proceed 1 block east to Grand Central. If you are at the platform: Take uptown 6 to Grand Central-42 St. Then either: Use elevators to transfer to a downtown 6  to 23 St. Or, use elevators to exit station and take to downtown M101LTD, M102, or M103 (Lexington Av & 42 St) to 23 St and Park Av S.",POINT (-73.986115 40.74019)
EL793,Elevator,Elevator Traction,054,SHEEPSHEADBAY-BWY-B/Q,Sheepshead Bay - Station,54,,BMT-A-BROADWAY/BRIGHTON,Brooklyn,40.586895,-73.954155,02/13/2026,02/13/2026,IFIS,Installed-Functioning-In Service,,YES,Third-Party Contractor,OTIS GCS HYDRO FIT,YES,YES,YES,YES,,19' 4in,2100,Passenger,2,,,Northbound,1,+,-,+,Street to manhattan-bound platform.,-,,,,,If you are on the street:  Take a Coney Island-Stillwell Av-bound Q to Coney Island-Stillwell Av and transfer to a Manhattan-bound Q.  If you are on the platform:  Take a Manhattan-bound B or Q to Kings Hwy and transfer to a Brighton Beach-bound B or a Coney Island-Stillwell Av-bound Q to Sheepshead Bay.,POINT (-73.954155 40.586895)
EL707,Elevator,Elevator Hydraulic,174,JAYST-METROTECH-8AV-A/C/F,Jay St-Metro Tech - Station,636,"Jay St-MetroTech (A,C,F,R)",IND-A-8AV/FULTONST,Brooklyn,40.69232,-73.98725,05/10/2010,12/04/2010,IFIS,Installed-Functioning-In Service,17,YES,NYCT,,YES,YES,NO,NO,,,2500,Passenger,,,,Northbound,1,+,-,+,mezzanine to Manhattan-bound A/C/F platform,-,,,,,"If you are on the mezzanine: Use the elevator on the other side of the mezzanine then either: Take a Euclid Av-bound A or C to Utica Av and use elevators to transfer to a Manhattan-bound A or C. Or, take a Coney Island-bound F to Church Av and use elevators to transfer to a Manhattan-bound F. If you are on the Manhattan-bound A/C/F platform: Take a Manhattan-bound A or C to Fulton St. Transfer across the platform to a Brooklyn-bound A or C to Jay St-MetroTech.",POINT (-73.98725 40.69232)
EL124,Elevator,Elevator Hydraulic,147,175ST-8AV-A,175 St - Station,147,,IND-A-8AV/FULTONST,Manhattan,40.84754,-73.93966,11/01/1989,02/15/2025,IFIS,Installed-Functioning-In Service,17,YES,Third-Party Contractor,MID-AMERICAN,YES,YES,NO,NO,,10'-8 3/4in,2100,Passenger,2,,,Both,1,+,-,+,Mezzanine to platform for service in both directions.,-,,,,,"If you are on the street: At 176 St and Broadway, take a downtown Bx7, M5 or M100 (176 St and Broadway) to 168 St station for A service. If you are on the platform: Take a downtown A to 168 St. Then use elevators to exit station and take an uptown M5 (167 St and Broadway), uptown M100, or Riverdale-bound Bx7 (167 St and St. Nicholas Av.) to 175 St and Broadway. Proceed one block west to Ft Washington Av.",POINT (-73.93966 40.84754)
EL310,Elevator,Elevator Traction,334,CLARKST-CLK-2/3,Clark St - Station,334,,IRT-K-CLARKST,Brooklyn,40.69785,-73.993355,04/15/1919,05/04/2022,IFIS,Installed-Functioning-In Service,22,YES,NYCT,MID-AMERICAN,YES,NO,YES,NO,,,10000,Passenger,,,,Both,1,+,-,-,street-level arcade at Clark St & Henry St to lower mezzanine for service in both directions,+,311,311,,,Use an adjacent elevator.,POINT (-73.993355 40.69785)
EL782,Elevator,Elevator Traction,240,7AV-6AV-F/G,7 Av - Station,240,,IND-B-6AV/CULVER,Brooklyn,40.66627,-73.98031,11/17/2023,11/17/2023,IFIS,Installed-Functioning-In Service,22,YES,Third-Party Contractor,,YES,YES,YES,YES,,,,,,,,Both,1,+,-,-,Street (NW corner of 7 Ave and 9 Street) to mezzanine,-,,,,,"If you are on the street:  Cross 9 St and take a Kensington-bound B67 or B69 bus to McDonald Ave and Albemarle Rd or Church Ave for access to the Church Av F/G station. Proceed to the accessible entrance to Church Av, located on the west side of McDonald Ave, between Albemarle Ave and Church Ave.  If you are on the mezzanine:  See a station agent to re-enter through the faregate and take a Church Av-bound F or G train to Church Av. Then, exit the station and take a Williamsburg-bound B67 or Downtown Brooklyn-bound B69 bus to 7 Ave and 9 St.",POINT (-73.98031 40.66627)
EL730,Elevator,Elevator Hydraulic,330,SOUTHFERRY-7AV-1,South Ferry - Station,635,South Ferry (1)/Whitehall St (R),IRT-V-7AV,Manhattan,40.701817,-74.013,03/16/2009,06/27/2017,IFIS,Installed-Functioning-In Service,17,YES,NYCT,CANTON,YES,YES,YES,YES,,,2000,Passenger,,,,Both,1,+,-,-,plaza in front of Staten Island Ferry Terminal (east side) to mezzanine for uptown service,-,,,,,If you are on the street: Take an uptown M55 (State St & Whitehall St) to Church and Vesey St.  Use elevators in Oculus to reach WTC Cortlandt St 1 Station. If you are on the mezzanine: See a station agent to re-enter through the faregate and take an uptown 1 to Chambers St. Then use elevators to exit the station and take a downtown M20 bus (Chambers St and Hudson St) to South Ferry.,POINT (-74.013 40.701817)
ES254X,Escalator,Escalator,275,LEXINGTONAV/53ST-QBL-E/M,Lexington Av/53 St - Station,612,"Lexington Av-53 St (E,M)/51 St (6)",IND-D-QUEENSBLVD,Manhattan,40.75777,-73.96957,,06/06/2011,IFIS,Installed-Functioning-In Service,22,NO,Private Contractor,AM,YES,,NO,NO,,,,,,0,,,,,,,E/F platform to mezzanine for 6 service and 53 St & Lexington Av exit.,,,,,,,POINT (-73.96957 40.75777)
EL773,Elevator,Elevator Traction,415,BOROUGHHALL-EPK-4/5,Borough Hall - Station,620,"Court St (R)/Borough Hall (2,3,4,5)",IRT-M-LEXINGTONAV,Brooklyn,40.692406,-73.99015,12/05/2025,12/05/2025,IFIS,Installed-Functioning-In Service,,YES,Third-Party Contractor,MODERN ELEVATOR,YES,YES,YES,YES,,15' - 8in,2500,Passenger,2,,,Both,1,+,-,-,Joralemon Street in front of Borough Hall to 4/5 mezzanine level.,+,EL317,,,,If you are on the street:  Travel north along Court St to elevator EL317 to enter the Borough Hall station and proceed to the Manhattan-bound 2/3 platform. Follow signage to the Manhattan-bound 4/5 platform. Use elevators to transfer to Crown Heights-Utica Av-bound 4 and Flatbush Av-Brooklyn College-bound 5.  If you are on the mezzanine level:   Use the Manhattan-bound 4/5 platform to access the Manhattan-bound 2/3 platform. Use elevators to exit the station.,POINT (-73.99015 40.692406)
EL506,Elevator,Elevator Traction,387,170ST-JER-4,170 St - Station,387,,IRT-J-JEROMEAV,Bronx,40.840153,-73.917915,01/07/2022,01/07/2022,IFIS,Installed-Functioning-In Service,22,YES,NYCT,MID-AMERICAN,YES,YES,YES,YES,,,,Passenger,2,,,Both,1,+,-,-,170th St & Jerome Av (SE corner) to mezzanine for service in both directions,-,,,,,"If you are on the street: For service to Fordham Rd, take a Riverdale-bound Bx1 or Bx1 LTD, or a Kingsbridgebound Bx2 from Grand Concourse/E 170 St to Grand Concourse/Fordham Rd. Then  proceed to Fordham Rd and Jerome Ave. For southbound service, take a Mott Haven-bound Bx1, Bx1 LTD, or Bx2 from Grand  Concourse/E 170 St to Grand Concourse/E 161 St. Then proceed to the 161 St-Yankee  Stadium 4 station at River Ave and E 161 St. If you are on the mezzanine: See a station agent to re-enter through the faregate and take a Manhattan-bound 4 to  161 St-Yankee Stadium. Use elevators to exit the station to take a Riverdale-bound Bx1  or Bx1 LTD, or a Kingsbridge-bound Bx2 from Grand Concourse/E 161 St to Grand  Concourse/E 170 St.",POINT (-73.917915 40.840153)
ES345,Escalator,Escalator,414,BOWLINGGREEN-LEX-4/5,Bowling Green - Station,414,,IRT-M-LEXINGTONAV,Manhattan,40.70465,-74.01359,04/01/1977,11/01/2023,IFIS,Installed-Functioning-In Service,22,YES,NYCT,KONE,YES,,YES,YES,16',,,,,67,40,,,,,,uptown 4/5 mezzanine to Bowling Green Park on Whitehall St,,,,,,,POINT (-74.01359 40.70465)
ES324,Escalator,Escalator,173,HIGHST-8AV-A/C,High St - Station,173,,IND-A-8AV/FULTONST,Brooklyn,40.69927,-73.98922,01/01/1942,09/20/2023,IFIS,Installed-Functioning-In Service,22,YES,NYCT,OK,YES,,NO,NO,37',,,,,127,24,,,,,,upper mezzanine (Red Cross Pl & Adams St) to lower mezzanine,,,,,,,POINT (-73.98922 40.69927)
EL208X,Elevator,Elevator Hydraulic,162,50ST-8AV-C/E,50 St - Station,162,,IND-A-8AV/FULTONST,Manhattan,40.762455,-73.985985,04/30/2009,07/10/1989,IFIS,Installed-Functioning-In Service,17,NO,Private Contractor,CANTON,YES,YES,NO,NO,,,2500,Passenger,,,,Southbound,1,+,-,+,downtown C platform to downtown E platform,-,,,,,"If you are on the C platform: Take a downtown C to 42 St/Port Authority Bus Terminal. Then transfer to a southbound E, on the same plaform. If you are E platform: Take a downtown E to 42 St/Port Authority Bus Terminal. Then either: To reach 50 St Station and vicinity, use elevators to exit station and  take an uptown M20 or M104 (8 Av and 43 St ) to 49 St. Or, transfer to a Southbound C on the same plaform for service to Fulton St and Brooklyn.",POINT (-73.985985 40.762455)
ES283,Escalator,Escalator,476,86ST-2AV-Q,86 St - Station,476,,IND-S-2AV,Manhattan,40.777596,-73.95085,01/01/2017,01/01/2017,IFIS,Installed-Functioning-In Service,22,YES,NYCT,KONE,YES,,YES,YES,8768 mm (28 ' 9 3/16in),,,,,113,,,,,,,upper mezzanine to 86 St & 2nd Ave (NE corner),,,,,,,POINT (-73.95085 40.777596)
EL279,Elevator,Elevator Hydraulic,161,59ST-COLUMBUSCIRCLE-8AV-A/B/C/D,59 St-Columbus Circle - Station,614,"59 St-Columbus Circle (A,B,C,D,1)",IND-A-8AV/FULTONST,Manhattan,40.768295,-73.981735,10/18/2009,10/18/2009,RNOS,Removed-Non Functioning-Out of Service,22,YES,NYCT,CANTON,YES,YES,YES,NO,,,2000,Passenger,,,,Northbound,1,+,-,+,Withdrawn - Confirmed Duplicate with EQ399963,+,,280,,278,"If you are on the uptown 1 platform: Exit station and take a southbound M10 bus (Frederick Douglass Blvd) to 59 St-Columbus Circle. Or, take a southbound M10 bus to 97 St and transfer to a westbound M96 bus to Broadway (for 1 service). If you are on the uptown A/B/C/D platform: For uptown 1, proceed to elevator at the other end of this platform. Exit the station and re-enter at the northwest corner of Columbus Circle or take a downtown 1 to Times Sq-42 St. Use elevators to transfer to an uptown 1. Or, take an uptown A or D to 125 St. Exit the station and take a southbound M10 bus to 59 St.",POINT (-73.981735 40.768295)
ES448,Escalator,Escalator,456,61ST-WOODSIDE-FLS-7,61 St-Woodside - Station,456,,IRT-C-FLUSHING,Queens,40.74555,-73.9031,12/27/1930,10/15/1999,RNOS,Removed-Non Functioning-Out of Service,22,YES,NYCT,OK,YES,,YES,YES,35',,,,,124,24in,,,,,,61 St & Roosevelt Ave (SE corner) to mezzanine,,,,,,,POINT (-73.9031 40.74555)
EL619,Elevator,Elevator Hydraulic,011,TIMESSQ-42ST-BWY-N/R/Q,Times Sq-42 St - Station,611,"Times Sq-42 St (N,Q,R,S,1,2,3,7)/42 St (A,C,E)",BMT-A-BROADWAY/BRIGHTON,Manhattan,40.755444,-73.92941,05/16/2022,05/16/2022,IFIS,Installed-Functioning-In Service,17,YES,NYCT,,YES,YES,,,,,,,2,,,Both,1,+,+,-,43 St & Broadway (NW corner) to mezzanine for service in both directions for all lines.,-,,,,,"If you are on the street, use elevator 231X at the southeast corner of 7 Ave & 42 St. If you are on the mezzanine, follow signs to exit at 7 Ave & 42 St and use elevator 231X.",POINT (-73.92941 40.755444)
EL451,Elevator,Elevator Hydraulic,259,KEWGARDENS-UNIONTPKE-QBL-E/F,Kew Gardens-Union Tpke - Station,259,,IND-DJ-JAMAICAYD,Queens,40.719646,-73.82901,06/21/1991,06/21/1991,IFIS,Installed-Functioning-In Service,17,YES,NYCT,CEMCO,NO,NO,NO,NO,,,2500,Freight,,,,,,,,,Freight Elevator At Jamaica Yard,,,,,,,POINT (-73.82901 40.719646)
EL608X,Elevator,Elevator Hydraulic,469,GRANDCENTRAL-42ST-LEX-S,Grand Central-42 St - Station,610,"Grand Central-42 St (S,4,5,6,7)",IRT-MM-LEXINGTONAV,Manhattan,,,12/09/2020,12/09/2020,IFIS,Installed-Functioning-In Service,17,NO,Private Contractor,,YES,YES,,,,,,,,,,Both,1,-,+,-,42 St between Vanderbilt and Madison Ave (inside One Vanderbilt building) to mezzanine level for service on all lines,+,"EL204, EL296",,,,,
ES311,Escalator,Escalator,023,WHITEHALLST-SOUTHFERRY-BWY-R,Whitehall St-South Ferry - Station,635,South Ferry (1)/Whitehall St (R),BMT-B-BROADWAY,Manhattan,40.70225,-74.01276,06/20/1921,09/05/2001,IFIS,Installed-Functioning-In Service,22,YES,NYCT,OK,YES,,NO,NO,22',,,,,85,40,,,,,,1/R/W upper mezzanine (Water St & Whitehall St) to lower mezzanine for R/W service,,,,,,,POINT (-74.01276 40.70225)
ES436,Escalator,Escalator,279,SUTPHINBLVD-ARCHERAV-JFKAIRPORT-QBL-E/J/Z,Sutphin Blvd-Archer Av-JFK Airport - Station,279,,IND-D-QUEENS/ARCHERAV,Queens,40.70043,-73.80808,12/01/1988,07/21/2025,IFIS,Installed-Functioning-In Service,22,YES,NYCT,KONE,YES,,NO,NO,17'- 3 5/8in,,,,,71,40in,,,,,,J/Z platform to E platform for service in both directions and access to mezzanine,,,,,,,POINT (-73.80808 40.70043)
ES415,Escalator,Escalator,222,ROOSEVELTISLAND-63S-F,Roosevelt Island - Station,222,,IND-T-63ST,Manhattan,40.758926,-73.95284,10/01/1989,10/14/2008,IFIS,Installed-Functioning-In Service,22,YES,NYCT,KONE,YES,,NO,NO,36',,,,,129,40,,,,,,lower mezzanine to intermediate mezzanine,,,,,,,POINT (-73.95284 40.758926)
EL481,Elevator,Elevator Traction,204,BEACH67ST-RKY-A,Beach 67 St - Station,204,,IND-F-ROCKAWAY,Queens,40.590927,-73.79692,01/10/2024,01/10/2024,IFIS,Installed-Functioning-In Service,22,YES,Third-Party Contractor,,YES,YES,NO,YES,,,,,2,,,Southbound,2,+,-,+,Mezzanine to platform for Far Rockaway-bound service.,-,,,,,"If you are on the mezzanine:   Use EL480 to exit the station. Then, take a Far Rockway Mott Av-bound Q22 bus (SW corner of Beach Channel Dr and 69 St) to Beach 21 St Terminal.",POINT (-73.79692 40.590927)
ES306,Escalator,Escalator,024,COURTST-BWY-R,Court St - Station,620,"Court St (R)/Borough Hall (2,3,4,5)",BMT-B-BROADWAY,Brooklyn,40.69393,-73.99118,06/05/1922,07/17/2003,IFIS,Installed-Functioning-In Service,22,YES,NYCT,FUJITEC,YES,,NO,NO,22',,,,,84,40,,,,,,2/3 mezzanine (Court St & Montague St) to lower mezzanine for R service in both directions,,,,,,,POINT (-73.99118 40.69393)
EL731,Elevator,Elevator Hydraulic,330,SOUTHFERRY-7AV-1,South Ferry - Station,635,South Ferry (1)/Whitehall St (R),IRT-V-7AV,Manhattan,40.70162,-74.01295,03/16/2009,06/27/2017,IFIS,Installed-Functioning-In Service,17,YES,NYCT,CANTON,YES,YES,NO,NO,,,2000,Passenger,,,,Both,1,+,-,+,mezzanine to platform for uptown service,-,,,,,If you are on the mezzanine: Exit faregate and use elevator to exit station. Take an uptown M55 (State St & Whitehall St) to Church and Vesey St.  Use elevators in Oculus to reach WTC Cortlandt St 1 Station. If you are on the platform: Take an uptown 1 to Chambers St. Then use elevators to exit the station and take a downtown M20 bus (Chambers St and Hudson St) to South Ferry.,POINT (-74.01295 40.70162)
ES375,Escalator,Escalator,330,SOUTHFERRY-7AV-1,South Ferry - Station,635,South Ferry (1)/Whitehall St (R),IRT-V-7AV,Manhattan,40.702705,-74.01446,03/16/2009,06/27/2017,IFIS,Installed-Functioning-In Service,22,YES,NYCT,KONE,YES,,YES,YES,7408 mm (24' 6in),,,,,118,"40in (NOMINAL), 996 mm",,,,,,1 mezzanine to State St & Pearl St (SW corner),,,,,,,POINT (-74.01446 40.702705)
EL309,Elevator,Elevator Traction,024,COURTST-BWY-R,Court St - Station,620,"Court St (R)/Borough Hall (2,3,4,5)",BMT-B-BROADWAY,Brooklyn,40.69437,-73.992676,01/01/1919,06/14/2023,IFIS,Installed-Functioning-In Service,22,YES,NYCT,OTIS,YES,NO,NO,NO,,,10000,Passenger,,,,Both,2,+,+,-,mezzanine (Clinton St & Montague St) to intermediate mezzanine for R service in both directions,+,,308,308,,Use an adjacent elevator.,POINT (-73.992676 40.69437)
ES117,Escalator,Escalator,146,181ST-8AV-A,181 St - Station,146,,IND-A-8AV/FULTONST,Manhattan,40.851116,-73.93814,05/21/1937,03/31/2023,IFIS,Installed-Functioning-In Service,22,YES,NYCT,KONE,YES,,NO,NO,15824 mm (51'-11in),,,,,112,800,,,,,,upper mezzanine (181 St & Fort Washington Ave) to lower mezzanine,,,,,,,POINT (-73.93814 40.851116)
EL281,Elevator,Elevator Hydraulic,009,57ST-7AV-BWY-N/R/Q,57 St-7 Av - Station,9,,BMT-A-BROADWAY/BRIGHTON,Manhattan,40.76553,-73.98031,04/30/2009,04/30/2009,IFIS,Installed-Functioning-In Service,17,YES,NYCT,,YES,NO,YES,YES,,,,Passenger,,,,Both,1,+,-,-,57 St & 7th Ave (SW corner) to mezzanine for service in both directions,-,,,,,Alt route not available for this elevator. Please use TripPlanner for latest information.,POINT (-73.98031 40.76553)
ES376X,Escalator,Escalator,172,FULTONST-8AV-A/C,Fulton St - Station,628,"Fulton St (A,C,J,Z,2,3,4,5)",IND-A-8AV/FULTONST,Manhattan,40.709286,-74.00836,,07/20/2012,IFIS,Installed-Functioning-In Service,22,NO,Private Contractor,OTIS,YES,,NO,NO,,,,,,0,,,,,,,Nassau St (between Maiden Lane & John St) to Broad St-bound J/Z platform and access to rest of complex,,,,,,,POINT (-74.00836 40.709286)
ES105,Escalator,Escalator,421,GUNHILLRD-LWP-2/5,Gun Hill Rd - Station,421,,IRT-W-WHITEPLAINSRD,Bronx,40.877777,-73.866295,10/28/2005,10/28/2005,IFIS,Installed-Functioning-In Service,22,YES,NYCT,FUJITEC,YES,,YES,NO,31',,,,,115,40,,,,,,Gun Hill Rd & White Plains Rd entrance to mezzanine,,,,,,,POINT (-73.866295 40.877777)
EL760,Elevator,Elevator Hydraulic,051,KINGSHWY-BWY-B/Q,Kings Hwy - Station,51,,BMT-A-BROADWAY/BRIGHTON,Brooklyn,40.60867,-73.95773,10/26/2011,10/26/2011,IFIS,Installed-Functioning-In Service,17,YES,NYCT,CEMCO,YES,YES,YES,YES,,,2000,Passenger,,,,Northbound,1,-,-,+,South side of Kings Hwy (west of 16 St) to Manhattan-bound platform.,-,,,,,"If you are on the street: Take a Coney Island-bound Q to Coney Island-Stillwell Av and transfer on the same platform to a Manhattan-bound Q. Or, take a westbound B82 bus or B82 SBS to Bay Pkwy D station and use the elevator for subway service.  If you are on the platform: Take a Manhattan-bound B or Q to Church Av and use elevators to transfer to a Coney Island-bound B or Q to Kings Hwy. At Kings Hwy, transfer to a Coney Island-bound B82 bus or B82 SBS to E 16 St.",POINT (-73.95773 40.60867)
EL412,Elevator,Elevator Hydraulic,278,JAMAICACENTER-PARSONS/ARCHER-QBL-E/J/Z,Jamaica Center-Parsons/Archer - Station,278,,IND-D-QUEENS/ARCHERAV,Queens,40.702343,-73.79985,12/01/1988,12/10/2021,IFIS,Installed-Functioning-In Service,17,YES,NYCT,,YES,YES,YES,YES,,,2500,Passenger,,,,Southbound,1,+,-,-,Archer Ave & Parsons Blvd (SW corner) to mezzanine for service in both directions on both lines,-,,,,,If you are on the street:   Take a College Point-bound Q20 bus (Archer Av and 160 St) to Sutphin Blvd and Archer Av for E/J/Z service at the Sutphin Blvd/Archer Av-JFK Airport station.  If you are on the mezzanine:  See a station agent to re-enter through the faregate and use the elevator to take a Manhattan-bound E to Sutphin Blvd/Archer Av-JFK Airport. Then use elevators to exit the station and take a Jamaica-bound Q20 bus (Archer Av and Sutphin Blvd) to Archer Av and Parsons Blvd.,POINT (-73.79985 40.702343)
ES416,Escalator,Escalator,222,ROOSEVELTISLAND-63S-F,Roosevelt Island - Station,222,,IND-T-63ST,Manhattan,40.758938,-73.952835,07/12/1996,10/08/2023,IFIS,Installed-Functioning-In Service,22,YES,NYCT,OK,YES,,NO,NO,36',,,,,129,40,,,,,,lower mezzanine to intermediate mezzanine,,,,,,,POINT (-73.952835 40.758938)
EL405,Elevator,Elevator Hydraulic,221,21ST-QUEENSBRIDGE-63S-F,21 St-Queensbridge - Station,221,,IND-T-63ST,Queens,40.754295,-73.94235,11/01/1989,01/31/2017,IFIS,Installed-Functioning-In Service,17,YES,NYCT,EECO (ELEVATOR EQUIP. CO.),YES,YES,YES,YES,,,2500,Passenger,,,,Both,1,+,-,-,21 St & 41 Ave (NE corner) to mezzanine for service in both directions,-,,,,,If you are on the street:  Take an East Elmhurst-bound Q69 bus or Flushing-bound Q66 to 21 St/36 Av and then take a Roosevelt Island-bound Q102 bus to Main St for the Roosevelt Island M station. Note: F runs via Roosevelt Island during Nights and Weekends.  If you are on the mezzanine:  Take a Manhattan-bound train to Roosevelt Island and then take a Court Sq-bound Q102 to 21 St/36 Av. Transfer to a Queens Plaza-bound Q69 or Q66 to 21 St/41 Av.,POINT (-73.94235 40.754295)
EL399,Elevator,Elevator Hydraulic,058,CONEYISLAND-STILLWELLAV-SEA-D/F/N/Q,Coney Island-Stillwell Av - Station,58,,BMT-E-SEABEACH,Brooklyn,40.577423,-73.98123,02/27/2006,02/27/2006,IFIS,Installed-Functioning-In Service,17,YES,NYCT,DOVER,NO,YES,NO,NO,,,,,,,,,,,,,3 Landings,,,,,,,POINT (-73.98123 40.577423)
ES208,Escalator,Escalator,402,GRANDCENTRAL-42ST-LEX-4/5/6,Grand Central-42 St - Station,610,"Grand Central-42 St (S,4,5,6,7)",IRT-L-LEXINGTONAV,Manhattan,40.751865,-73.97713,04/05/1966,02/17/2025,IFIS,Installed-Functioning-In Service,22,YES,NYCT,KONE,YES,,NO,NO,19'-7 7/8in,,,,,81,40in,,,,,,main mezzanine to western mezzanine above 7 platform,,,,,,,POINT (-73.97713 40.751865)
EL319,Elevator,Elevator Hydraulic,359,FLATBUSHAV-BROOKLYNCOLLEGE-NOS-2/5,Flatbush Av-Brooklyn College - Station,359,,IRT-D-NOSTRANDAV,Brooklyn,40.632477,-73.947525,10/03/1997,12/22/2021,IFIS,Installed-Functioning-In Service,17,YES,NYCT,MAE,YES,YES,YES,YES,,51' 4in,2000,Passenger,2,,,Both,1,-,-,+,Nostrand Ave & Flatbush Ave (SE corner) to platform for service in both directions,-,,,,,If you are on the street: Proceed to Flatbush Av/Avenue H and Nostrand Av and take a Williamsburg-bound B44 bus or B44 SBS to Church Av (New York Av on the B44; Rogers Av on B44 SBS). Then proceed to Nostrand Av and Church Av and use the elevator to enter Church Av 2/5 Station. If you are on the platform: See a station agent to re-enter through the faregate and take a Manhattan-bound 2 or 5 to Church Av. Then use the elevator to exit the station and take a Sheepshead Bay-bound B44 bus or B44 SBS (Church Av and Nostrand Av) to Avenue H and Flatbush Av.,POINT (-73.947525 40.632477)
EL359,Elevator,Elevator Hydraulic,120,BEDFORDAV-CNR-L,Bedford Av - Station,120,,BMT-Q-14ST/CANARSIE,Brooklyn,40.717915,-73.957596,08/05/2020,08/05/2020,IFIS,Installed-Functioning-In Service,17,YES,NYCT,,YES,YES,YES,YES,,,,,,,,Both,1,+,-,-,Bedford Av and N 7 St (NE corner) to mezzanine for service in both directions,-,,,,,"If you are on the street:   Take a Downtown Brooklyn-bound B62 (Driggs Ave and N 6 St) to Roebling St and S 8 St. Then, travel on Broadway to the Marcy Av J/M/Z station. Then: For Manhattan-bound service, take a J/M/Z to Delancey St /Essex St station. Then transfer to a West Side-bound M14A SBS for service towards 8 Av.   For Canarsie-bound service, take a Middle Village-bound M to Myrtle-Wyckoff Avs station. Then use elevators to transfer to the L for Canarsie-bound service.   If you are on the mezzanine:   See a station agent to re-enter through faregate and use elevator to take a Canarsie-bound L to Grand St. Then, use the elevator to exit the station and take a Williamsburg-bound Q59 bus (Grand St & Bushwick Av) to N 5 St. Then, proceed two blocks north and 2 blocks west to Bedford Av L station.",POINT (-73.957596 40.717915)
EL329,Elevator,Elevator Hydraulic,230,BWAY-LAFAYETTEST-6AV-B/D/F/M,B'way-Lafayette St - Station,619,"Broadway-Lafayette St (B,D,F,M)/Bleecker St (6)",IND-B-6AV/CULVER,Manhattan,40.725178,-73.995514,09/25/2012,09/25/2012,IFIS,Installed-Functioning-In Service,17,YES,NYCT,CEMCO,YES,YES,NO,NO,,,2500,Passenger,,,,Both,1,+,-,+,downtown 6 mezzanine to uptown B/D/F/M platform,+,,330,,332,"If you are on the downtown 6 mezzanine: Use the elevator on the other side of this mezzanine to reach the B/D/F/M platform. Proceed to the elevator at the opposite end of the platform to reach the uptown 6 platform. Use the elevator at the other end of the mezzanine to reach the uptown B/D/F/M. Or, take a downtown 6 to Brooklyn Bridge-City Hall. Use elevators to transfer to an uptown 6 to B’way-Lafayette St, and then use the elevator to transfer to the B, D, F or M. If you are on the uptown B/D/F/M platform: Proceed to the elevator at the other end of this platform to reach the uptown 6 platform. Use the elevator at opposite end of the mezzanine to reach the downtown B/D/F/M platform. Then proceed to the opposite end of the platform for the elevator to the downtown 6. Or, take an uptown B, D, F or M to W 4 St-Wash Sq and use the elevators to transfer to a downtown B, D, F or M to B’way-Lafayette St. Then take the elevator to transfer to a downtown 6 or exit to street. Or, take an uptown B, D, F or M to W 4 St-Wash Sq. Exit the station and take a Lower East Side-bound M21 bus (Houston St and 6 Av) to Broadway.",POINT (-73.995514 40.725178)
ES356,Escalator,Escalator,025,JAYST-METROTECH-BWY-R,Jay St-MetroTech - Station,636,"Jay St-MetroTech (A,C,F,R)",BMT-B-BROADWAY,Brooklyn,40.692337,-73.98734,12/11/2010,12/11/2010,RNOS,Removed-Non Functioning-Out of Service,30,YES,NYCT,KONE,YES,,NO,NO,25' 10 7/16in,,,,,,,,,,,,,,,,,,,POINT (-73.98734 40.692337)
EL794,Elevator,Elevator Traction,054,SHEEPSHEADBAY-BWY-B/Q,Sheepshead Bay - Station,54,,BMT-A-BROADWAY/BRIGHTON,Brooklyn,40.586895,-73.954155,02/13/2026,02/13/2026,IFIS,Installed-Functioning-In Service,,YES,Third-Party Contractor,OTIS GCS HYDRO FIT,YES,YES,YES,YES,,19' 4in,2100,Passenger,2,,,Southbound,1,+,-,+,Street (south side of Sheepshead Bay Rd @ 15 St) to Brighton Beach & Stillwell Av-bound platform.,-,,,,,If you are on the street/in the station house:  Take a Manhattan-bound B or Q to Kings Hwy and transfer to a Coney Island-Stillwell Av-bound Q. If you are on the platform:  Take a Coney Island-Stillwell Av-bound Q to Coney Island-Stillwell Av and transfer to a Manhattan-bound Q to Sheepshead Bay.,POINT (-73.954155 40.586895)
ES368,Escalator,Escalator,172,FULTONST-8AV-A/C,Fulton St - Station,628,"Fulton St (A,C,J,Z,2,3,4,5)",IND-A-8AV/FULTONST,Manhattan,40.70976,-74.00685,11/12/2013,11/12/2013,IFIS,Installed-Functioning-In Service,22,YES,NYCT,KONE,YES,,NO,NO,17' 2in,,,,,72,1000 mm,,,,,,A/C/J/Z transfer mezzanine to mezzanine for 2/3 service and William St & Fulton St exit,,,,,,,POINT (-74.00685 40.70976)
ES328,Escalator,Escalator,233,DELANCEYST-ESSEXST-6AV-F,Delancey St-Essex St - Station,625,"Delancey St (F)/Essex St (J,M,Z)",IND-B-6AV/CULVER,Manhattan,40.718185,-73.98789,06/01/1958,05/06/1999,IFIS,Installed-Functioning-In Service,22,YES,NYCT,OK,YES,,YES,YES,38',,,,,131,24,,,,,,uptown F platform to Delancey St & Essex St (SE corner),,,,,,,POINT (-73.98789 40.718185)
EL381,Elevator,Elevator Hydraulic,039,BAYRIDGE-95ST-4AV-R,Bay Ridge-95 St - Station,39,,BMT-F-4AV,Brooklyn,40.616623,-74.030876,07/03/2025,07/03/2025,IFIS,Installed-Functioning-In Service,17,YES,Third-Party Contractor,MODERN ELEVATOR,YES,YES,NO,NO,,14' 4 3/16in,2500,Passenger,2,,,Northbound,2,+,-,+,Mezzanine to platform for Manhattan-bound R service.,-,,,,,"If you are on the mezzanine:  Use the elevator to exit the station. Cross 4 Av to get to 5 Av and take a Cobble Hill-bound B63 bus to 86 St. Travel west on 86 St to 4 Av for the 86 St R. If you are on the plaform:  Take a Manhattan-bound R train to 86 St. Use elevators to exit the station. Then, travel east to 5 Av and 86 St to take a Bay Ridge-bound B63 to 94 St.",POINT (-74.030876 40.616623)
EL764,Elevator,Elevator Hydraulic,283,GREENPOINTAV-XTN-G,Greenpoint Av - Station,283,,IND-E-CROSSTOWN,Brooklyn,40.731354,-73.95445,11/25/2020,11/25/2020,IFIS,Installed-Functioning-In Service,17,YES,NYCT,,YES,YES,NO,NO,,,,,,,,Northbound,1,+,-,+,Mezzanine to Court Sq-bound platform,-,,,,,"If you are on the mezzanine:   Exit the station and take a Long Island City-bound B62 bus (Manhattan Av and Greenpoint Av) to Jackson Av and Thomson Av and proceed to Court Sq station. If you are on the platform:   Take a Queens-bound G to Court Sq. Then, stay on train or transfer across the platform for a Brooklyn-bound G to Greenpoint Av.  <a href=https://new.mta.info/document/143426 target=_blank rel=noopener noreferrer>See alternatives during modernization work.</a>",POINT (-73.95445 40.731354)
EL373,Elevator,Elevator Hydraulic,243,CHURCHAV-6AV-F/G,Church Av - Station,243,,IND-B-6AV/CULVER,Brooklyn,40.64338,-73.979675,07/07/2008,07/07/2008,IFIS,Installed-Functioning-In Service,17,YES,NYCT,CANTON,YES,YES,YES,YES,,,2000,Passenger,,,,Both,1,+,-,-,west side of McDonald Ave north of Church Ave to mezzanine for service in both directions,-,,,,,If you are on the street:  Take a Downtown Brooklyn-bound B67 bus (McDonald Av and Church Av) to Jay St and Fulton St for Jay St-MetroTech A/C/F/R station.  If you are on the mezzanine:  See a station agent to re-enter through the faregate and use the elevator to reach the Manhattan-bound platform. Then take a Manhattan-bound F to Jay St-MetroTech and use elevators to exit the station and take Kensington-bound B67 bus (Jay St and Fulton St) to Church Av.,POINT (-73.979675 40.64338)
ES462X,Escalator,Escalator,462,COURTSQ-FLS-7,Court Sq - Station,606,"Court Sq (E,G,M,7)",IRT-C-FLUSHING,Queens,40.746555,-73.94383,,06/03/2011,RNOS,Removed-Non Functioning-Out of Service,30,NO,Private Contractor,THYSSEN-KRUPP,YES,,NO,NO,,,,,,,,,,,,,,,,,,,,POINT (-73.94383 40.746555)
EL720,Elevator,Elevator Hydraulic,172,FULTONST-8AV-A/C,Fulton St - Station,628,"Fulton St (A,C,J,Z,2,3,4,5)",IND-A-8AV/FULTONST,Manhattan,40.710457,-74.00819,09/03/2014,09/03/2014,IFIS,Installed-Functioning-In Service,17,YES,NYCT,CANTON,YES,YES,NO,NO,,,2000,Passenger,,,,Both,4,-,+,+,concourse (Brooklyn-bound J/Z) to A/C platform for service in both directions and access to rest of complex,+,,,716,719,"If you are on the concourse:  To transfer to A/C, proceed back through the doors to Fulton Center and take the elevator up toward uptown 4/5. Then exit the station, take the elevator to street level and proceed to the northeast corner of Nassau St and Fulton St. Enter the station there and follow signs to A/C platform. If you are on the A/C platform: Take the other elevator on this platform toward the downtown J/Z and exit through the faregate. Then take the elevator to street level and proceed west to Broadway. For downtown 4/5, proceed to the elevator entrance on the southwest corner of Broadway and Dey St. For uptown 4/5, or the uptown J/Z, proceed to the elevator entrance in the Fulton Center at Broadway and Fulton St. Or, exit station and take a South Ferry-bound M55 bus (Broadway and Cortlandt St) to Morris St. Take an uptown 4 or 5 to Fulton St from Bowling Green.",POINT (-74.00819 40.710457)
EL267X,Elevator,Elevator Hydraulic,226,42ST-BRYANTPK-6AV-B/D/F/M,42 St-Bryant Pk - Station,609,"42 St-Bryant Pk (B,D,F,M)/5 Av (7)",IND-B-6AV/CULVER,Manhattan,40.754223,-73.984566,01/01/1900,09/28/2009,IFOS,Installed-Functioning-Out of Service,17,NO,Private Contractor,AM,NO,YES,NO,NO,,,,,,,,,,,,,Center Platform (7) To Mezzanine,,,,,,,POINT (-73.984566 40.754223)
EL742,Elevator,Elevator Hydraulic,105,CHAMBERSST-JAM-J/Z,Chambers St - Station,622,"Brooklyn Bridge-City Hall (4,5,6)/Chambers St (J,Z)",BMT-J-JAMAICA,Manhattan,40.71324,-74.0034,09/01/2020,09/01/2020,IFIS,Installed-Functioning-In Service,17,YES,NYCT,EECO (ELEVATOR EQUIP. CO.),YES,YES,NO,NO,,,2500,Passenger Yard,,,,Northbound,3,+,-,+,mezzanine to Jamaica Center-bound J/Z platform,-,,,,,"If you are on the mezzanine: Use elevator to take a Broad St-boud J or Z train to Fulton St station. Then, use elevators to transfer to a Jamaica-bound J or Z. Or, proceed down the passageway and use elevator to take a downtown 4 or 5 to Fulton St station. Then, use elevators to transfer to a Jamaica-bound J or Z. If you are on the platform: Take a Jamaica-bound J or Z train to Marcy Av and use elevators to transfer to a Manhattan-bound J or Z train to Chambers St.",POINT (-74.0034 40.71324)
ES288,Escalator,Escalator,477,72ST-2AV-Q,72 St - Station,477,,IND-S-2AV,Manhattan,40.7672,-73.95917,01/01/2017,01/01/2017,IFIS,Installed-Functioning-In Service,22,YES,NYCT,SCHINDLER,YES,,NO,NO,20828 mm (68'4in),,,,,0,,,,,,,lower mezzanine to upper mezzanine for 69 St & 2nd Ave exit,,,,,,,POINT (-73.95917 40.7672)
EL502,Elevator,Elevator Hydraulic,211,BEDFORDPKBLVD-CON-B/D,Bedford Pk Blvd - Station,211,,IND-C-CONCOURSE,Bronx,,,10/12/2020,10/12/2020,IFIS,Installed-Functioning-In Service,17,YES,NYCT,MAE,YES,YES,NO,NO,,19' 9in,2600lbs,Passenger,2,,,Southbound,2,+,-,+,mezzanine to Manhattan-bound platform,-,,,,,"If you are on the mezzanine:  Exit through the faregate and use elevator to exit station. Then, take a Mott Haven-bound Bx1 LTD or Bx2 bus (Grand Concourse and Bedford Pk Blvd) to E Kingsbridge Rd  for Manhattan-bound B/D service at Kingsbridge Rd station.  If you are on the platform:  Take a Manhattan-bound B or D train to Kingsbridge Rd. Then either:  Use elevators to transfer to a Bronx-bound B or D train to Bedford Pk Blvd.  Or,  Use elevators to exit station and take a Riverdale-bound Bx1 LTD or Kingsbridge Hts-bound Bx2 bus (Grand Concourse and E Kingsbridge Rd) to Bedford Pk Blvd.",
EL516,Elevator,Elevator Traction,373,E149ST-PEL-6,E 149 St - Station,373,,IRT-P-PELHAM,Bronx,40.811993,-73.9038,09/15/2023,09/15/2023,IFIS,Installed-Functioning-In Service,22,YES,Third-Party Contractor,,YES,YES,YES,YES,,,,,,,,Southbound,1,+,-,+,NE corner of Southern Blvd and E 149 St for Manhattan-bound service.,-,,,,,"If you are on the street:   Take a NY Botanical Garden-bound Bx19 bus to Hunts Point Ave for access Hunts Point Av station and use elevators to access the Manhattan-bound platform.   If you are on the on the platform:   Take a Manhattan-bound 6 train to 125 St. Then, transfer to a Pelham Bay Park-bound 6 to Hunts Point Av station. Use elevators to exit the station and take a Riverbank Park-bound Bx19 bus (Southern Blvd & E 163 St) to E 149 St.",POINT (-73.9038 40.811993)
EL445X,Elevator,Elevator Hydraulic,462,COURTSQ-FLS-7,Court Sq - Station,606,"Court Sq (E,G,M,7)",IRT-C-FLUSHING,Queens,40.747025,-73.94527,06/03/2011,06/03/2011,IFIS,Installed-Functioning-In Service,17,NO,Private Contractor,CANTON,YES,YES,NO,NO,,,,,,,,Northbound,1,+,-,+,Flushing-bound 7 platform to mezzanine to EFG transfer.,-,,,,,"If you are on the 7 mezzanine:   Take a Manhattan-bound 7 to Grand Central-42 St. Use elevators to transfer to a Flushing-bound 7.   If you are on the platform:   Take Flushing-bound 7 to 61 St-Woodside.  Then either:  Use elevators to transfer to a Manhattan-bound 7 to Court Sq.   Or, use elevators to exit station and take a Manhattan-bound Q32 (Roosevelt Av and 61 St) to Queens Plaza North and 29 St.  Then transfer to a Brooklyn-bound B62 (Jackson Av and 42 Rd) to Jackson Av and 45 Av. If you are on the lower landing  E/ F/G mezzanine:  Take a Church Av-bound G to Greenpoint Av, then either: For Court Sq-23 St, take an Astoria-bound B62 bus to 21 St / 44 Dr.  For 7, take an Astoria-bound B62 bus to 21 St / Queens Plaza S. Proceed east along Queens Plaza S to Crescent St for the Queensboro Plaza 7 station.",POINT (-73.94527 40.747025)
ES374,Escalator,Escalator,330,SOUTHFERRY-7AV-1,South Ferry - Station,635,South Ferry (1)/Whitehall St (R),IRT-V-7AV,Manhattan,40.70242,-74.014175,03/16/2009,06/27/2017,IFIS,Installed-Functioning-In Service,22,YES,NYCT,KONE,YES,,NO,NO,5883 mm (19' 3 5/8in),,,,,87,"40in (NOMINAL), 996 mm",,,,,,mezzanine (State St & Pearl St) to platform for uptown 1 service,,,,,,,POINT (-74.014175 40.70242)
EL252,Elevator,Elevator Traction,,,,,,,Manhattan,40.764896,-73.98612,09/01/1982,09/01/1982,IFIS,Installed-Functioning-In Service,22,YES,NYCT,OTIS,NO,NO,NO,NO,,,3000,Passenger Yard,,,,,,,,,Passenger Yard At 53Rd Street Power Control Ctr,,,,,,,POINT (-73.98612 40.764896)
EL779,Elevator,Elevator Traction,285,METROPOLITANAV-XTN-G,Metropolitan Av - Station,629,Metropolitan Av (G)/Lorimer St (L),IND-E-CROSSTOWN,Brooklyn,40.71406,-73.95027,04/01/2024,04/01/2024,IFIS,Installed-Functioning-In Service,22,YES,Third-Party Contractor,,YES,YES,YES,YES,,,,,2,,,Both,1,+,-,-,SE corner of Metropolitan Avenue and Union Avenue  to the mezzanine control area.,-,,,,,"If you are on the street:  Travel east on Metropolitan Av to Graham Av and take a Greenpoint-bound B43 bus to Manhattan Av and Greenpoint Av. Use the elevator (EL763) to access Greenpoint Av (G) station. Or, travel one block west to Lorimer St and take a Manhattan-bound L to Bedford Av. Then, transfer to a Long Island City-bound B62 bus (Bedford Av and North 5 St) to Manhattan Av and Greenpoint Av. Use the elevator (EL763) to access Greenpoint Av (G) station.  If you are in the mezzanine:  Take a Court Sq-bound G to Greenpoint Av. Then, exit the station and take a Lefferts Gardens-bound B43 bus (Manhattan Av and Calyer St) to Graham Av and Metropolitan Av. Travel west on Metropolitan Av to Union Av.",POINT (-73.95027 40.71406)
EL249,Elevator,Elevator Hydraulic,476,86ST-2AV-Q,86 St - Station,476,,IND-S-2AV,Manhattan,40.777145,-73.95231,01/01/2017,01/01/2017,IFIS,Installed-Functioning-In Service,17,YES,NYCT,CANTON,YES,YES,NO,NO,,,4000,Passenger,,,,Both,1,+,-,+,mezzanine to platform for service in both directions,-,,,,,"If you are on the mezzanine: Exit faregate and use elevator to exit station. Then, take a downtown M15LCL (2nd Av and 87 St) to 72 St Q Station.  If you are on the platform: Take uptown Q to 96 St and use elevators to exit station.  Then take a downtown M15 or M15SBS (2nd Av and 96 St) to 86 St.",POINT (-73.95231 40.777145)
EL708,Elevator,Elevator Hydraulic,174,JAYST-METROTECH-8AV-A/C/F,Jay St-Metro Tech - Station,636,"Jay St-MetroTech (A,C,F,R)",IND-A-8AV/FULTONST,Brooklyn,40.692417,-73.98744,05/10/2010,12/04/2010,IFIS,Installed-Functioning-In Service,17,YES,NYCT,,YES,YES,NO,NO,,,2500,Passenger,,,,Southbound,2,+,-,+,mezzanine to platform for Coney Island-bound F and Queens-bound A/C service,-,,,,,"If you are on the mezzanine: Use the elevator on the other side of the mezzanine then either: Take a Manhattan-bound A or C to Fulton St and transfer across the platform to a Brooklyn-bound A or C. Or, take a Manhattan-bound F to Broadway-Lafayette and use elevators to transfer to a Brooklyn-bound F. If you are on the Brooklyn-bound A/C/F platform: Take a Euclid Av-bound A or C to Utica Av and either: Use elevators to transfer to a Manhattan-bound A or C to Jay St-MetroTech. Or, use the elevator to exit the station and take a Downtown Brooklyn-bound B25 bus (Fulton St and Malcolm X Blvd) to Fulton St and Jay St. Or, take a Coney Island-bound F to Church Av and use elevators to transfer to a Manhattan-bound F to Jay St-MetroTech.",POINT (-73.98744 40.692417)
ES248,Escalator,Escalator,007,LEXINGTONAV/59ST-AST-N/R/Q,Lexington Av/59 St - Station,613,"Lexington Av (N,Q,R)/59 St (4,5,6)",BMT-G-ASTORIA,Manhattan,40.762234,-73.96629,10/30/1973,04/27/2003,IFIS,Installed-Functioning-In Service,22,YES,NYCT,FUJITEC,YES,,NO,NO,33',,,,,117,40,,,,,,N/R/W platform to mezzanine for 3rd Ave & 60 St exit,,,,,,,POINT (-73.96629 40.762234)
EL426,Elevator,Elevator Hydraulic,451,JUNCTIONBLVD-FLS-7,Junction Blvd - Station,451,,IRT-C-FLUSHING,Queens,40.749203,-73.869385,02/13/2007,02/13/2007,IFIS,Installed-Functioning-In Service,17,YES,NYCT,CANTON,YES,YES,NO,YES,,,2500,Passenger,,,,Southbound,1,-,-,+,overpass to Manhattan-bound platform,-,,,,,"If you are on the overpass: Take a Flushing-bound 7 to Flushing-Main St. Transfer on the same level to a Manhattan-bound 7 to Junction Blvd. If you are on the platform: Take a Manhattan-bound 7 to 74 St-Broadway, then either: Use elevators to transfer to a Flushing-bound 7 to Junction Blvd. Or, use elevators to exit the station and take an East Elmhurst-bound Q49 bus (74 St and Roosevelt Av) to 92 St and Astoria Blvd. Transfer to a Rego Park-bound Q72 bus to Roosevelt Av and Junction Blvd.",POINT (-73.869385 40.749203)
ES607X,Escalator,Escalator,163,42ST/PORTAUTHORITY-BUSTERMINAL-8AV-A/C/E,42St/Port Authority-Bus Terminal - Station,611,"Times Sq-42 St (N,Q,R,S,1,2,3,7)/42 St (A,C,E)",IND-A-8AV/FULTONST,Manhattan,40.756985,-73.98953,,06/04/2012,IFIS,Installed-Functioning-In Service,22,NO,Private Contractor,KONE,YES,,NO,NO,,,,,,,,,,,,,A/C/E intermediate mezzanine to 42 St & 8th Ave (SE corner),,,,,,,POINT (-73.98953 40.756985)
ES441,Escalator,Escalator,278,JAMAICACENTER-PARSONS/ARCHER-QBL-E/J/Z,Jamaica Center-Parsons/Archer - Station,278,,IND-D-QUEENS/ARCHERAV,Queens,40.70198,-73.801926,12/01/1988,12/04/2007,IFIS,Installed-Functioning-In Service,22,YES,NYCT,KONE,YES,,NO,NO,28',,,,,106,32in,,,,,,mezzanine (153 St & Archer Ave) to J/Z platform for Brooklyn-bound service,,,,,,,POINT (-73.801926 40.70198)
EL700X,Elevator,Elevator Hydraulic,338,ATLANTICAV-BARCLAYSCTR-EPK-2/3/4/5,Atlantic Av-Barclays Ctr - Station,617,"Atlantic Av (B,Q,2,3,4,5)/Pacific St (D,N,R)",IRT-E-EASTERNPKWY,Brooklyn,40.683388,-73.97653,10/05/2012,10/05/2012,IFIS,Installed-Functioning-In Service,17,NO,Private Contractor,KONE,YES,YES,NO,NO,,,,,,,,Northbound,2,+,-,-,Plaza entrance in front of Barclays Center to accessible passageway for access to Manhattan-bound 2/3 platform and rest of complex,+,300X,300X,,,"If you are on the street:  Cross Atlantic Av and continue north on Flatbush Av to LIRR complex. Then take the elevator to the mezzanine and proceed to the subway entrance.  If you are on the mezzanine:  Use green button on help point next to AutoGate to re-enter the station and take the ramp to uptown 2, 3. Then exit the station into the concourse of the LIRR complex and take the elevator to the street.",POINT (-73.97653 40.683388)
EL459,Elevator,Elevator Hydraulic,,,,,,,Queens,40.75381,-73.8424,06/30/2006,06/30/2006,IFIS,Installed-Functioning-In Service,17,YES,NYCT,CANTON,NO,YES,YES,NO,,,2000,Passenger Yard,,,,,,,,,"S, Lm, And Um",,,,,,,POINT (-73.8424 40.75381)
EL611,Elevator,Elevator Hydraulic,116,6AV-CNR-L,6 Av - Station,601,"14 St (F,M,1,2,3)/6 Av (L)",BMT-Q-14ST/CANARSIE,Manhattan,40.737335,-73.99679,08/19/2024,08/19/2024,IFIS,Installed-Functioning-In Service,17,YES,Third-Party Contractor,,YES,YES,YES,YES,,,,,,,,Both,1,+,+,-,Street (NE corner of 14 St and 6 Av) to F/M uptown mezzanine and L mezzanine.,-,,,,,"If you are on the street: Cross 6 Av and re-enter the station via EL612 for L, 1/2/3, and downtown F/M.  For uptown F/M service, proceed to 16 St and take a Harlem 147 St-bound M7 to 34 St to access the 34 St - Herald Sq station. If you are on the F/M uptown mezzanine: Take an uptown F/M to 34 St-Herald Sq station. Then, transfer to a downtown F/M to 14 St.  If you are on the L lower mezzanine: Use nearby EL609 to access L platform. Then, use EL610 (follow signage for 1/2/3 and downtown F/M) and EL612 to exit the station. For uptown F/M, proceed to 16 St and take a Harlem 147 St-bound M7 to 34 St to access the 34 St - Herald Sq station.",POINT (-73.99679 40.737335)
ES410,Escalator,Escalator,223,LEXINGTONAV/63ST-63S-F/Q,Lexington Av/63 St - Station,223,,IND-T-63ST,Manhattan,40.76522,-73.96749,10/01/1989,10/01/1989,RNOS,Removed-Non Functioning-Out of Service,22,YES,NYCT,OTIS,YES,,NO,NO,40',,,,,137,40,,,,,,Uptown Q/Queens-bound M platform to lower mezzanine for 63 St/Lexington Av exit.,,,,,,,POINT (-73.96749 40.76522)
EL358,Elevator,Elevator Hydraulic,120,BEDFORDAV-CNR-L,Bedford Av - Station,120,,BMT-Q-14ST/CANARSIE,Brooklyn,40.717304,-73.95687,08/05/2020,08/05/2020,IFIS,Installed-Functioning-In Service,17,YES,NYCT,,YES,YES,YES,NO,,,,,,,,Both,2,+,-,+,mezzanine to platform for service in both directions,-,,,,,"If you are on the mezzanine: use the elevator to exit the station and take a Downtown Brooklyn-bound B62 (Driggs Ave and N 6 St) to Roebling St and S 8 St. Then, for Manhattan-bound service, transfer to an Allen St-bound B39 to Delancey St and Essex St. Then transfer to a West Side-bound M14A SBS for service towards 8 Av. Or, for Canarsie-bound service, take the elevator at the Marcy Av station to take a Middle Village-bound M to Myrtle-Wyckoff Avs station. Then use elevators to transfer to the L for Canarsie-bound service. If you are at the platform: Take a Canarsie-bound L to Myrtle-Wyckoff Avs station. Then use elevators to transfer to a Manahttan-bound M to Marcy Av. Then use elevator to exit station and take a Queens-bound B62 (Broadway and Roebling St) to Bedford Av/N 8 St.",POINT (-73.95687 40.717304)
ES352,Escalator,Escalator,139,FRANKLINAV-FRK-S,Franklin Av - Station,627,"Franklin Av (C,S)",BMT-O-FRANKLINAVSHUTTLE,Brooklyn,40.680817,-73.95588,10/09/1999,12/05/2025,IFIS,Installed-Functioning-In Service,22,YES,NYCT,KONE,YES,,YES,YES,30',,,,,110,40,,,,,,Fulton St & Franklin Ave entrance to S platform for Prospect Park-bound service,,,,,,,POINT (-73.95588 40.680817)
ES300,Escalator,Escalator,230,BWAY-LAFAYETTEST-6AV-B/D/F/M,B'way-Lafayette St - Station,619,"Broadway-Lafayette St (B,D,F,M)/Bleecker St (6)",IND-B-6AV/CULVER,Manhattan,40.725086,-73.99524,09/25/2012,09/25/2012,IFIS,Installed-Functioning-In Service,22,YES,NYCT,OK,YES,,NO,NO,23' 7 3/4in,,,,,93,1000 mm,,,,,,uptown B/D/F/M platform to uptown 6 platform and access to street,,,,,,,POINT (-73.99524 40.725086)
ES232,Escalator,Escalator,227,34ST-HERALDSQ-6AV-B/D/F,34 St-Herald Sq - Station,607,"34 St-Herald Sq (B,D,F,M,N,Q,R)",IND-B-6AV/CULVER,Manhattan,40.75006,-73.987686,12/15/1940,11/23/2006,IFIS,Installed-Functioning-In Service,22,YES,NYCT,FUJITEC,YES,,NO,NO,30',,,,,109,24,,,,,,downtown B/D/F/M platform to mezzanine for access to street and N/Q/R/W service,,,,,,,POINT (-73.987686 40.75006)
EL521,Elevator,Elevator Traction,366,PARKCHESTER-PEL-6,Parkchester - Station,366,,IRT-P-PELHAM,Bronx,40.880028,-73.88435,,01/04/2026,IFIS,Installed-Functioning-In Service,,YES,Third-Party Contractor,MODERN ELEVATOR,YES,YES,YES,YES,,28' 2 3/4in,2500,Passenger,3,,,Northbound,1,+,-,+,Center of Hugh J. Grant Circle to mezzanine and Pelham Bay Park-bound platform.,+,EL522,EL522,,,If you are on the street:  Take a Manhattan-bound 6 to Hunts Point Av and transfer to a Pelham Bay Park-bound 6.  If you are on the mezzanine: Take a Manhattan-bound 6 to Hunts Point Av and transfer to a Pelham Bay Park-bound 6.   If you are on the platform: Take a Pelham Bay Park-bound 6 to Westchester Sq – E Tremont Av and transfer to a Manhattan-bound 6 to Parkchester.,POINT (-73.88435 40.880028)
EL618,Elevator,Elevator Hydraulic,318,34ST-PENNSTATION-7AV-1/2/3,34 St-Penn Station - Station,318,,IRT-V-7AV,Manhattan,40.750523,-73.99126,01/23/2023,01/23/2023,IFIS,Installed-Functioning-In Service,17,YES,NYCT,MAE,YES,YES,YES,YES,,46' 10in,4000,Passenger,2,,,Both,1,+,-,-,street to concourse level of Penn Station for direct access to 1/2/3 service in both directions,+,34X,34X,,,From the street: Use elevator at SW corner of 34 St & 7 Av. Proceed one block north on 7 Av and turn left for EL34X at the LIRR entrance. From the concourse: Follow signs to 34 St and proceed to EL34X.,POINT (-73.99126 40.750523)
ES274,Escalator,Escalator,476,86ST-2AV-Q,86 St - Station,476,,IND-S-2AV,Manhattan,40.77729,-73.952126,01/01/2017,01/01/2017,IFIS,Installed-Functioning-In Service,22,YES,NYCT,KONE,YES,,NO,NO,4953 mm (16' 3in),,,,,75,"40in (NOMINAL), 996 mm",,,,,,lower mezzanine to platform for service in both directions,,,,,,,POINT (-73.952126 40.77729)
EL262,Elevator,Elevator Traction,477,72ST-2AV-Q,72 St - Station,477,,IND-S-2AV,Manhattan,40.768444,-73.958374,01/01/2017,01/01/2017,IFIS,Installed-Functioning-In Service,22,YES,NYCT,HOLLISTER-WHITNEY,YES,YES,YES,YES,,,4500,Passenger,,,,Both,1,+,-,-,2nd Ave & 72 St (SE corner) to mezzanine for service in both directions,+,"264, 265, 266, 267","264, 265, 266, 267",,,Use another elevator on this level.,POINT (-73.958374 40.768444)
EL299,Elevator,Elevator Traction,405,23ST-LEX-6,23 St - Station,405,,IRT-MM-LEXINGTONAV,Manhattan,40.74038,-73.986565,12/30/2016,12/30/2016,IFIS,Installed-Functioning-In Service,22,YES,NYCT,HOLLISTER-WHITNEY,YES,YES,YES,YES,,,2100,Passenger,,,,Southbound,2,-,-,+,Park Ave & 23 St (NW corner) to downtown platform,-,,,,,"If you are on the street: Cross the street and use elevator to take uptown 6 to Grand Central-42 St. Transfer to downtown 6. Or, take a downtown M1 or M55 (5 Av & 23 St) to Houston St.  Proceed 1 block east to Broadway-Lafayette Bleecker Station. (Elevator on north side of Houston St.) Or, take an uptown M1, M2 or M3 (Park Av South & E 23 St) to Madison Av & E 28 St.  Proceed east one block to Park Av and use elevator to take southbound 6. If you are at the platform: Take downtown 6 to Bleecker St. Then either: Use elevators to transfer to and uptown 6  to 23 St. Or, take an uptown M1 (Lafayette St between E. Houston St & Bleecker St) to E 23 St.",POINT (-73.986565 40.74038)
EL118,Elevator,Elevator Traction,146,181ST-8AV-A,181 St - Station,146,,IND-A-8AV/FULTONST,Manhattan,40.852814,-73.93729,06/01/1932,08/02/2020,IFIS,Installed-Functioning-In Service,22,YES,NYCT,MCE,YES,YES,NO,NO,,106' 10in,10000,Passenger,2,,,Both,2,+,+,-,Upper mezzanine (184 St & Ft Washington Av) to lower mezzanine for service in both directions.,+,,"117, 119","117, 119",,Use an adjacent elevator.,POINT (-73.93729 40.852814)
ES362X,Escalator,Escalator,412,FULTONST-LEX-4/5,Fulton St - Station,628,"Fulton St (A,C,J,Z,2,3,4,5)",IRT-M-LEXINGTONAV,Manhattan,40.7105,-74.00876,,11/10/2014,IFIS,Installed-Functioning-In Service,22,NO,Private Contractor,THYSSEN-KRUPP,YES,,NO,NO,,,,,,,,,,,,,uptown 4/5 platform level to Transit Center exit (Fulton St east of Broadway),,,,,,,POINT (-74.00876 40.7105)
ES366X,Escalator,Escalator,412,FULTONST-LEX-4/5,Fulton St - Station,628,"Fulton St (A,C,J,Z,2,3,4,5)",IRT-M-LEXINGTONAV,Manhattan,40.71032,-74.00936,,11/10/2014,IFIS,Installed-Functioning-In Service,22,NO,Private Contractor,SCHINDLER,YES,,NO,NO,,,,,,,,,,,,,lower concourse to Transit Center exit (John St east of Broadway),,,,,,,POINT (-74.00936 40.71032)
EL756,Elevator,Elevator Hydraulic,341,EASTERNPKWY-BROOKLYNMUSEUM-EPK-2/3,Eastern Pkwy-Brooklyn Museum - Station,341,,IRT-E-EASTERNPKWY,Brooklyn,40.672184,-73.96433,12/11/2020,12/11/2020,IFIS,Installed-Functioning-In Service,17,YES,NYCT,MID-AMERICAN,YES,YES,NO,NO,,,,Passenger,2,,,Northbound,1,-,+,+,Mezzanine to Manhattan-bound platform,-,,,,,"If you are on the mezzanine: Use elevator to take a New Lots-bound 3 to Crown Hts-Utica Av. Then, use elevator to transfer to a Manhattan-bound 3. Or, use elevator to take a Flatbush-bound 2 to Church Av. Then, use elevators to transfer to a Manhattan-bound 2. If you are on the platform: Take a Manhattan-bound 2 or 3 to Atlantic Av-Barclays Ctr, then either: Use elevators to transfer to a Brooklyn-bound 2 or 3 to Eastern Pkwy. Or, exit the station into the LIRR concourse and take the elevator to street. Then, take a Kings Plaza-bound B41 or B41 LTD bus (Flatbush Av and Atlantic Av) to Flatbush Av and Grand Army Plaza.",POINT (-73.96433 40.672184)
EL328,Elevator,Elevator Hydraulic,230,BWAY-LAFAYETTEST-6AV-B/D/F/M,B'way-Lafayette St - Station,619,"Broadway-Lafayette St (B,D,F,M)/Bleecker St (6)",IND-B-6AV/CULVER,Manhattan,40.72533,-73.99549,09/25/2012,09/25/2012,IFIS,Installed-Functioning-In Service,17,YES,NYCT,CEMCO,YES,YES,YES,YES,,,2500,Passenger,,,,Both,1,-,-,+,Houston St & Lafayette St (NW corner) to downtown 6 mezzanine and access to rest of complex,-,,,,,"If you are on the street: For B/D/F/M, take a West Village-bound M21 bus (Houston St and Crosby St) to Houston St and 6 Av. Transfer to an uptown M55 bus to 3 St and 6 Av for W 4 St-Wash Sq A/C/E/B/D/F/M. For 6, take a South Ferry-bound M55 bus (Broadway and Houston St) to Walker St. Proceed to Canal St and Lafayette Av for Canal St 6. If you are on the downtown 6 mezzanine: Contact a station agent to re-enter through the faregate and take a downtown 6 to Canal St. Then use the elevator to exit the station and take an uptown M1 bus (Broome St and Centre St) to Houston St and Lafayette St.",POINT (-73.99549 40.72533)
EL216,Elevator,Elevator Hydraulic,318,34ST-PENNSTATION-7AV-1/2/3,34 St-Penn Station - Station,318,,IRT-V-7AV,Manhattan,40.750515,-73.99119,10/08/2003,01/20/2023,IFIS,Installed-Functioning-In Service,17,YES,NYCT,MAE,YES,YES,NO,NO,,19' 7-3/4in,2500,Passenger,2,,,Southbound,2,+,-,+,concourse level of Penn Station to platform for downtown 1 service,-,,,,,"If you are on the mezzanine:  Take an uptown 2 or 3 to Times Sq-42 St and use elevators to transfer to a downtown 1. If you are on the platform: Take a downtown 1 to Chambers St, then either: Use elevators to transfer to an uptown 1, 2 or 3 to 34 St-Penn Station. Or, use elevators to exit the station and take an M55 bus (Church St between Chambers St and Reade St) to 34 St. 34 St-Penn Station is located one block to the west.",POINT (-73.99119 40.750515)
ES220,Escalator,Escalator,475,96ST-2AV-Q,96 St - Station,475,,IND-S-2AV,Manhattan,40.783447,-73.94761,01/01/2017,01/01/2017,IFIS,Installed-Functioning-In Service,22,YES,NYCT,KONE,YES,,NO,NO,5042mm (16'  6 1/2in),,,,,76,1000 mm (39 3/8in),,,,,,platform to mezzanine,,,,,,,POINT (-73.94761 40.783447)
ES315,Escalator,Escalator,238,SMITH-9STS-6AV-F/G,Smith-9 Sts - Station,238,,IND-B-6AV/CULVER,Brooklyn,40.67442,-73.997154,10/07/1933,06/30/2000,RNOS,Removed-Non Functioning-Out of Service,22,YES,NYCT,KONE,YES,,NO,NO,32',,,,,110,24,,,,,,upper mezzanine to intermediate mezzanine,,,,,,,POINT (-73.997154 40.67442)
EL212,Elevator,Elevator Hydraulic,012,34ST-HERALDSQ-BWY-M/N/R/Q,34 St-Herald Sq - Station,607,"34 St-Herald Sq (B,D,F,M,N,Q,R)",BMT-A-BROADWAY/BRIGHTON,Manhattan,40.750046,-73.98779,11/22/1993,04/18/2022,IFIS,Installed-Functioning-In Service,17,YES,NYCT,MONGRAIN VERTICAL TRANSPORT,YES,YES,NO,NO,,,2000,Passenger,2,,,Northbound,3,+,-,+,mezzanine to uptown N/Q/R/W platform,-,,,,,"If you are on the mezzanine: Take a downtown N, Q, R or W to 14 St-Union Sq and use elevators to transfer to an uptown N, Q, R, or W. Or, exit station and take a northbound M5, M7, or M55 bus to 42 St and 6 Av. Times Sq-42 St is one block west. If you are on the platform: Take an uptown N, Q, R or W to Times Sq-42 St then either: Use elevators to transfer to a downtown N, Q, R or W to 34 St-Herald Sq. Or, exit station and take a southbound M20 bus (41 St and 7 Av) to 34 St and 7 Av. Transfer to eastbound M34 SBS to 34 St and Broadway.",POINT (-73.98779 40.750046)
ES273,Escalator,Escalator,476,86ST-2AV-Q,86 St - Station,476,,IND-S-2AV,Manhattan,40.77666,-73.952576,01/01/2017,01/01/2017,IFIS,Installed-Functioning-In Service,22,YES,NYCT,KONE,YES,,NO,NO,4953 mm (16' 3in),,,,,75,"40in (NOMINAL), 996 mm",,,,,,platform to lower mezzanine,,,,,,,POINT (-73.952576 40.77666)
EL344,Elevator,Elevator Traction,181,UTICAAV-8AV-A/C,Utica Av - Station,181,,IND-A-8AV/FULTONST,Brooklyn,40.679504,-73.92984,05/24/2014,05/24/2014,IFIS,Installed-Functioning-In Service,22,YES,NYCT,HOLLISTER-WHITNEY,YES,YES,YES,YES,,,2000,Passenger,,,,Both,1,+,-,-,Utica Ave & Fulton St (NW corner) to mezzanine for service in both directions,-,,,,,If you are on the street: Take a Downtown Brooklyn-bound B25 bus (Fulton St and Malcolm X Blvd) to Fulton St and Jay St for A/C service at Jay St-MetroTech station. If you are on the mezzanine: See a station agent to re-enter through the faregate and use the elevator to take a Manhattan-bound A or C to Jay St. Then use elevators to exit the station and take a Broadway Junction-bound B25 bus (Fulton St and Smith St) to Fulton St and Utica Av.,POINT (-73.92984 40.679504)
EL149,Elevator,Elevator Hydraulic,143,INWOOD-207ST-8AV-A,Inwood-207 St - Station,143,,IND-A-8AV/FULTONST,Manhattan,40.86776,-73.921005,12/30/1999,05/21/2022,IFIS,Installed-Functioning-In Service,17,YES,NYCT,CEMCO,YES,YES,NO,NO,,,2000,Passenger,2,,,Both,1,+,-,+,Mezzanine to platform for Downtown and Brooklyn-bound service.,-,,,,,"If you are on the mezzanine:  Use EL148 to exit the station and take a downtown Bx7 bus to 185 St and Broadway. Then, proceed west on 184 St to Overlook Terrace for 181 St A station.  If you are on the platform:  Take a Downtown and Brooklyn-bound A to 181 St. Then, use elevators to exit the station and take an uptown Bx7 bus (185 St and Broadway) to 204 St and Broadway.",POINT (-73.921005 40.86776)
EL204,Elevator,Elevator Hydraulic,402,GRANDCENTRAL-42ST-LEX-4/5/6,Grand Central-42 St - Station,610,"Grand Central-42 St (S,4,5,6,7)",IRT-L-LEXINGTONAV,Manhattan,40.752026,-73.977,08/01/1990,08/31/2020,IFIS,Installed-Functioning-In Service,17,YES,NYCT,CEMCO,YES,YES,YES,NO,,,2000,Passenger,,,,Both,1,+,-,-,42 St (between Park Ave & Lexington Ave) to mezzanine for 4/5/6/7 service in both directions,+,296,296,,,If you are on the street: Proceed to E. 42nd Street and Lexington Avenue and use elevator to enter station.  If you are on the mezzanine: See a station agent to re-enter faregate and proceed to other side of mezzanine. Exit through faregate and use elevator to exit station.,POINT (-73.977 40.752026)
ES231,Escalator,Escalator,227,34ST-HERALDSQ-6AV-B/D/F,34 St-Herald Sq - Station,607,"34 St-Herald Sq (B,D,F,M,N,Q,R)",IND-B-6AV/CULVER,Manhattan,40.75007,-73.9877,12/15/1940,11/23/2006,IFIS,Installed-Functioning-In Service,22,YES,NYCT,FUJITEC,YES,,NO,NO,30',,,,,109,24,,,,,,N/Q/R/W mezzanine to downtown B/D/F/M platform,,,,,,,POINT (-73.9877 40.75007)
EL711,Elevator,Elevator Hydraulic,414,BOWLINGGREEN-LEX-4/5,Bowling Green - Station,414,,IRT-M-LEXINGTONAV,Manhattan,40.704727,-74.0141,07/09/2007,07/09/2007,IFIS,Installed-Functioning-In Service,17,YES,NYCT,CEMCO,YES,YES,NO,NO,,,2100,Passenger,,,,Southbound,1,+,-,+,lower mezzanine to  Brooklyn-bound platform,+,,,,,"If you are on the lower mezzanine: Exit through the faregate and use the elevator at the other end of the mezzanine to reach the uptown platform level, then either: See a station agent to re-enter through the faregate to take an uptown 4 or 5 to Fulton St. Use elevators to transfer to a downtown 4 or 5. Or, stay on the elevator to street level and take an uptown M55 bus (State St and Bridge St) to Liberty St. Enter Fulton St 4/5 station at Broadway and Dey St via the elevator on the southwest corner. If you are on the platform: Take a Brooklyn-bound 4 or 5 to Atlantic Av-Barclays Center. Then transfer across the platform for a Manhattan-bound 4 or 5.",POINT (-74.0141 40.704727)
EL370,Elevator,Elevator Hydraulic,026,DEKALBAV-4AV-B/Q/R,DeKalb Av - Station,26,,BMT-F-4AV,Brooklyn,40.689793,-73.98112,05/02/2005,04/03/2026,IFIS,Installed-Functioning-In Service,17,YES,Third-Party Contractor,MID-AMERICAN,YES,YES,YES,YES,,17'-4 1/2in,2500,Passenger,2,,,Both,1,+,-,-,Dekalb Ave & Flatbush Ave (SW corner) and mezzanine for service in both directions,-,,,,,"If you are on the street:  For Bay Ridge-95 St-bound R service: Take a Downtown Brooklyn-bound B41, B45, B67 bus to Livingston St & Jay St. Proceed north along Jay St and enter the Jay St – MetroTech station for Bay Ridge-95 St-bound R. Alternatively, proceed to Nevins St and Livingston St and take a Canarsie-bound B103 bus to 4 Av / Dean St. Enter the Atlantic Av-Barclays Center station via EL301 and take a Bay Ridge-95 St-bound R.  For Brighton Beach/Coney Island B/Q service:  Take a Downtown Brooklyn-bound B41, B45, B67 bus to Livingston St & Jay St. Proceed north along Jay St and enter the Jay St – MetroTech station. Take a Bay Ridge – 95 St-bound R to DeKalb Av and transfer cross platform for onward B, Q service. For northbound service: For Manhattan-bound B:  Take a Downtown Brooklyn-bound B41, B45, B67 bus to Livingston St & Jay St. Proceed north along Jay St and enter the Jay St – MetroTech station. Take a Bay Ridge – 95 St-bound R to DeKalb Av and transfer to a Brighton Beach-bound B or Coney Island-bound Q. Transfer at Atlantic Av to a Manhattan-bound B or Q.  For Manhattan-bound R/Q:  Take a Downtown Brooklyn-bound B41, B45, B67 bus to Livingston St & Jay St. Proceed north along Jay St and enter the Jay St – MetroTech station for Manhattan-bound R. Transfer at 14 St – Union Sq for onward Q service.  If you are on the mezzanine: Take a Bay Riddge-95 St-bound R to Atlantic Av-Barclays Ctr. Exit the station and proceed north along 4 Av and then north along Flatbush Av to DeKalb Av.",POINT (-73.98112 40.689793)
EL361,Elevator,Elevator Hydraulic,079,86ST-SEA-N,86 St - Station,79,,BMT-CI-CONEYISLANDYD,Brooklyn,40.588165,-73.97607,11/20/1994,11/20/1994,IFIS,Installed-Functioning-In Service,17,YES,NYCT,ESCO,NO,NO,NO,NO,,,2500,Passenger Yard,,,,,,,,,Passenger Yard Elevator At Coney Island Yard,,,,,,,POINT (-73.97607 40.588165)
EL148,Elevator,Elevator Hydraulic,143,INWOOD-207ST-8AV-A,Inwood-207 St - Station,143,,IND-A-8AV/FULTONST,Manhattan,40.867897,-73.92123,12/30/1999,05/21/2022,IFIS,Installed-Functioning-In Service,17,YES,NYCT,CEMCO,YES,YES,YES,YES,,,2000,Passenger,2,,,Both,1,+,-,-,207 St & Broadway (NW corner) to mezzanine for Downtown and Brooklyn-bound service.,-,,,,,"If you are on the street:  Take a downtown Bx7 bus to W 185 St and Broadway. Then, proceed west on 184 St to Overlook Terrace for 181 St A station.  If you are on the mezzanine:  See a station agent to re-enter through the faregate and use the elevator to take a Downtown and Brooklyn-bound A to 181 St. Then, use elevators to exit the station and take a Washington Heights-bound Bx7 (185 St and Broadway) to 204 St and Broadway.",POINT (-73.92123 40.867897)
EL256X,Elevator,Elevator Hydraulic,,,,,,,Queens,40.75401,-73.84382,01/01/1900,10/15/1989,INOS,Installed-Non Functioning-Out of Service,17,NO,Private Contractor,AM,NO,YES,NO,NO,,,,,,,,,,,,,3 Landings,,,,,,,POINT (-73.84382 40.75401)
ES456,Escalator,Escalator,447,FLUSHING-MAINST-FLS-7,Flushing-Main St - Station,447,,IRT-C-FLUSHING,Queens,40.759983,-73.828735,03/16/1999,08/13/2021,IFIS,Installed-Functioning-In Service,22,YES,NYCT,KONE,YES,,YES,YES,43',,,,,157,40in,,,,,,Roosevelt Ave (E of Main St) to platform for Manhattan-bound service,,,,,,,POINT (-73.828735 40.759983)
EL142,Elevator,Elevator Hydraulic,153,125ST-8AV-A/B/C/D,125 St - Station,153,,IND-A-8AV/FULTONST,Manhattan,40.810757,-73.95283,12/02/2005,11/23/2024,IFIS,Installed-Functioning-In Service,17,YES,Third-Party Contractor,CANTON,YES,YES,YES,YES,,,2500,Passenger,,,,Both,1,+,-,-,125 St & St Nicholas Ave (SW corner) to mezzanine for service in both directions,-,,,,,"If you are on the street: Take a Fort George-bound M3 bus (St Nicholas Av and 124 St) to 167 St for 168 St A/C Station. For B/D, take a downtown A or C from 168 St to 125 St and transfer. If you're on the platform: Take an uptown A or C to 168 St. Use elevators to exit the station and take an East Village-bound M3 bus (Broadway and 168 St) to St. Nicholas Av and 125 St.",POINT (-73.95283 40.810757)
EL265,Elevator,Elevator Traction,477,72ST-2AV-Q,72 St - Station,477,,IND-S-2AV,Manhattan,40.768505,-73.95831,01/01/2017,01/01/2017,IFIS,Installed-Functioning-In Service,22,YES,NYCT,HOLLISTER-WHITNEY,YES,YES,YES,YES,,,4500,Passenger,,,,Both,3,+,-,-,2nd Ave & 72 St (SE corner) to mezzanine for service in both directions,+,"262, 264, 266, 267","262, 264, 266, 267",,,Use another elevator on this level.,POINT (-73.95831 40.768505)
EL353,Elevator,Elevator Traction,184,BROADWAYJUNCTION-8AV-A/C,Broadway Junction - Station,621,"Broadway Junction (A,C,J,L,Z)",IND-A-8AV/FULTONST,Brooklyn,40.67842,-73.90047,06/01/1950,02/14/2003,IFIS,Installed-Functioning-In Service,22,YES,NYCT,WESTINGHOUSE,NO,NO,NO,NO,,,10000,Freight,,,,,,,,,Freight Elevator At Eny Depot,,,,,,,POINT (-73.90047 40.67842)
EL394,Elevator,Elevator Hydraulic,098,FLUSHINGAV-JAM-J/M,Flushing Av - Station,98,,BMT-J-JAMAICA,Brooklyn,40.700638,-73.942,03/04/2003,10/27/2023,IFIS,Installed-Functioning-In Service,17,YES,Third-Party Contractor,,YES,YES,NO,YES,,,,Passenger,,,,Northbound,1,+,-,+,mezzanine to Jamaica Center and Middle Village-bound platform,-,,,,,"If you are on the mezzanine:  Take a Manhattan-bound J or M to Marcy Av and use the elevator to exit to street. Then cross Broadway to re-enter the station and use the elevator to take a Queens-bound J or M.  Or, use the nearby elevator to exit the station, then either:  For J, take a Williamsburg-bound B46 bus (Broadway and Flushing Av) to Marcy Av J/M/Z station (Broadway and Marcy Av).  For M, take a Kings Plaza-bound B46 bus (Broadway and Flushing Av) to Myrtle Av and transfer to a Ridgewood-bound B54 bus (Myrtle Av and Broadway) to Myrtle-Wyckoff Avs L/M station (Gates Av and Wyckoff Av).  If you are on the platform:  Take a Queens-bound M to Myrtle-Wyckoff Avs station, then either:  Transfer across the platform to a Manhattan-bound M to Flushing Av.  Or, use elevators to exit the station and take a Downtown Brooklyn-bound B54 bus (Myrtle Av and Gates Av) to Myrtle Av and Broadway. Then transfer to a Williamsburg-bound B46 bus (Broadway and Jefferson St) to Flushing Av.",POINT (-73.942 40.700638)
EL746,Elevator,Elevator Hydraulic,038,86ST-4AV-R,86 St - Station,38,,BMT-F-4AV,Brooklyn,40.62269,-74.0284,07/29/2020,07/29/2020,IFIS,Installed-Functioning-In Service,17,YES,NYCT,HUDSON ELEVATOR,YES,YES,NO,NO,,10’-11”,2500,Passenger,2,,,Both,2,-,+,+,mezzanine to platform for service in both directions,-,,,,,"If you are on the mezzanine: Exit through the faregate and use elevator to exit the station. Then, take a Downtown Brooklyn-bound B37 (3 Av and 86 St) to 60 St and proceed towards 4 Av for 59 St N/R station. Then use elevators to enter station for Manhattan-bound R service. If you are on the platform: Take a Manhattan-bound R to 59 St and use elevators to exit the station. Then, take a Bay Ridge-bound B37 (3 Av and 61 St) to 86 St.",POINT (-74.0284 40.62269)
EL425,Elevator,Elevator Hydraulic,451,JUNCTIONBLVD-FLS-7,Junction Blvd - Station,451,,IRT-C-FLUSHING,Queens,40.749306,-73.86939,02/13/2007,02/13/2007,IFIS,Installed-Functioning-In Service,17,YES,NYCT,CANTON,YES,YES,YES,YES,,,3000,Passenger,,,,Both,1,+,+,-,Roosevelt Av & Junction Blvd (NE corner) to mezz and overpass for 7 in both directions.,-,,,,,"If you are on the street:  Take a LaGuardia-bound Q72 bus,  then either:  For Manhattan, transfer at Junction Blvd and Northern Blvd to a Jackson Hts-bound Q49 bus to the end of the route. Enter the subway at Jackson Hts-Roosevelt Av E/F/M/R/7.   For Flushing-Main St, transfer at Junction Blvd and Roosevelt Av to a Flushing-bound Q63 or Q66 bus to the end of the route.  If you are on the overpass:  Take a Flushing-bound 7 to Flushing-Main St. Use the elevator to exit the station and take a Long Island City-bound Q63 or Q66 bus (Main St and Roosevelt Av) to Northern Blvd and Junction Blvd. Transfer to a Rego Park-bound Q72 bus to Roosevelt Av and Junction Blvd.",POINT (-73.86939 40.749306)
EL316,Elevator,Elevator Hydraulic,411,BROOKLYNBRIDGE-CITYHALL-LEX-4/5/6,Brooklyn Bridge-City Hall - Station,622,"Brooklyn Bridge-City Hall (4,5,6)/Chambers St (J,Z)",IRT-MM-LEXINGTONAV,Manhattan,40.712536,-74.00462,11/19/1992,07/06/2017,IFIS,Installed-Functioning-In Service,17,YES,NYCT,MONGRAIN VERTICAL TRANSPORT,YES,YES,NO,NO,,,2500,Passenger,,,,Northbound,1,-,+,+,mezzanine to uptown 4/5/6 platform,-,,,,,"If you are on the mezzanine:  Use elevator to take a downtown 4 or 5 to Fulton St. Then use elevators to transfer to an uptown 4 or 5.  Or, use elevator to exit staton and take a downtown M55 (Broadway and Warren St) to Cortlandt St. Proceed 1 block north to Fulton St Station.  If you are on the platform: Take an uptown 6 to Bleecker St. Then use elevators to transfer to a downtown 6 to Brooklyn Bridge-City Hall.  Or, take an uptown 6 to Canal St. Use elevator to exit station and take a downtown M55 (Broadway and Walker St) to Chambers St. Proceed one block east to Centre Street.",POINT (-74.00462 40.712536)
ES257X,Escalator,Escalator,406,14ST-UNIONSQ-LEX-4/5/6,14 St-Union Sq - Station,602,"14 St-Union Sq (L,N,Q,R,4,5,6)",IRT-MM-LEXINGTONAV,Manhattan,40.734436,-73.98948,,01/06/2012,IFIS,Installed-Functioning-In Service,22,NO,Private Contractor,AM,YES,,NO,NO,,,,,,,,,,,,,4/5/6 mezzanine to 14 St & 4th Ave (NE corner),,,,,,,POINT (-73.98948 40.734436)
EL482X,Elevator,Elevator Hydraulic,274,COURTSQ-23ST-QBL-E/M,Court Sq-23 St - Station,606,"Court Sq (E,G,M,7)",IND-D-QUEENSBLVD,Queens,40.74776,-73.94471,02/25/2021,02/25/2021,IFIS,Installed-Functioning-In Service,17,NO,Private Contractor,,YES,YES,,,,,,,,,,Both,1,-,-,+,NE corner of 44 Drive and 23 St to mezzanine for E/F service to Manhattan.,-,,,,,If you are on the street:  Take a Flushing-bound Q63 bus (Jackson Av at 44 Dr) to Jackson Av / Queens Blvd for the Queens Plaza E/F/R station. If you are on the platform:  Take a Manhattan-bound E or F to Lexington Av/53 St and transfer across the platform to a Jamaica-bound E or F to Queens Plaza. Exit the station and take a Court Sq-bound Q63 bus (Jackson Av at 42 Rd) to 44 Dr / Jackson Av. Proceed west along 44 Dr to 23 St for Court Sq E/F.,POINT (-73.94471 40.74776)
EL145,Elevator,Elevator Hydraulic,310,96ST-BWY7-1/2/3,96 St - Station,310,,IRT-B-BROADWAY/7AV,Manhattan,40.794216,-73.972206,11/09/2010,11/09/2010,IFIS,Installed-Functioning-In Service,17,YES,NYCT,CEMCO,YES,YES,NO,NO,,,2500,Passenger,,,,Southbound,2,-,-,+,Broadway (between 95 & 96 St) to downtown platform,-,,,,,"If you are on the street:  Take an uptown 2 or 3 to 135 St. Use the elevator to exit the station and cross Lenox Av. Re-enter the station using the elevator and take a downtown 2 or 3. Or, take an uptown 3 to the terminal at Harlem-148 St. Remain on the train or wait at the platform for a downtown 3. Or, take a downtown M104 bus to 72 St for 1/2/3 service. If you are on the platform: Take a downtown 1, 2 or 3 to 72 St. Then either: Use elevators to transfer to an uptown 1, 2 or 3 to 96 St. Or, use the elevator to exit the station and take an uptown M104 bus (Broadway and W 73 St) to 96 St.",POINT (-73.972206 40.794216)
EL450X,Elevator,Elevator Hydraulic,279,SUTPHINBLVD-ARCHERAV-JFKAIRPORT-QBL-E/J/Z,Sutphin Blvd-Archer Av-JFK Airport - Station,279,,IND-D-QUEENS/ARCHERAV,Queens,40.70022,-73.80774,03/31/2014,03/31/2014,IFIS,Installed-Functioning-In Service,17,NO,Private Contractor,CANTON,YES,YES,NO,NO,,,,,,,,Both,3,+,-,-,Sutphin Blvd & Archer Ave (SW intersection) to mezzanine for service in both directions,+,448X,448X,,,Use an adjacent elevator.,POINT (-73.80774 40.70022)
EL462,Elevator,Elevator Hydraulic,195,OZONEPARK-LEFFERTSBLVD-LIB-A,Ozone Park-Lefferts Blvd - Station,195,,IND-K-LIBERTYAV,Queens,40.68595,-73.8258,01/17/2018,01/17/2018,IFIS,Installed-Functioning-In Service,17,YES,NYCT,AM,YES,YES,YES,YES,,,,,,,,Both,1,+,-,-,Lefferts Blvd & Liberty Ave to mezzanine for service in both directions,-,,,,,If you are on the street:  Take a Kew Gardens-bound Q10 bus (Lefferts Blvd and Liberty Av) to 101 Av and Lefferts Blvd. Then transfer to a Spring Creek-bound Q8 bus (101 Av and Lefferts Blvd) to Euclid Av A/C station.  If you are on the mezzanine:  See a station agent to re-enter through the faregate and use the elevator to take a Manhattan-bound A to Euclid Av. Then use elevators to exit the station and take a Jamaica-bound Q8 bus (Pitkin Av and Euclid Av) to Lefferts Blvd. Then transfer to a JFK Airport-bound Q10 bus (Lefferts Blvd and 101 Av) to Liberty Av.,POINT (-73.8258 40.68595)
EL761,Elevator,Elevator Hydraulic,051,KINGSHWY-BWY-B/Q,Kings Hwy - Station,51,,BMT-A-BROADWAY/BRIGHTON,Brooklyn,40.60867,-73.95773,10/26/2011,10/26/2011,IFIS,Installed-Functioning-In Service,17,YES,NYCT,CEMCO,YES,YES,YES,YES,,,2000,Passenger,,,,Southbound,2,-,-,+,South side of Kings Hwy (west of 16 St) to Brighton Beach and Coney Island-bound platform.,-,,,,,"If you are on the street: Take a Manhattan-bound Q to Ave H or B or Q to Church Av and use ramps or elevators to transfer to a Coney Island-bound B or Q. Or, take a westbound B82 bus or B82 SBS to Bay Pkwy D station and use the elevator for subway service.   If you are on the platform: Take a Coney Island-bound Q to Coney Island-Stillwell Av and transfer on the same platform to a Manhattan-bound Q to Kings Hwy.",POINT (-73.95773 40.60867)
ES638X,Escalator,Escalator,402,GRANDCENTRAL-42ST-LEX-4/5/6,Grand Central-42 St - Station,610,"Grand Central-42 St (S,4,5,6,7)",IRT-MM-LEXINGTONAV,Manhattan,40.849506,-73.93359,12/09/2020,12/09/2020,IFIS,Installed-Functioning-In Service,22,NO,Private Contractor,,YES,,,,,,,,,,,,,,,,Platform level for Shuttle service to 42 St and Vanderbilt Ave (NE Corner).,,,,,,,POINT (-73.93359 40.849506)
EL771,Elevator,Elevator Traction,135,LIVONIAAV-CNR-L,Livonia Av - Station,135,,BMT-AY-CANARSIEYD,Brooklyn,40.663868,-73.90065,05/17/2022,05/17/2022,IFIS,Installed-Functioning-In Service,22,YES,NYCT,,YES,YES,YES,YES,,,,,,,,Both,1,+,-,+,Street inside station house to passageway to Canarsie-bound platform,-,,,,,"If you are on the street: For southbound service to Canarsie-Rockaway Pkwy, exit the station and proceed to  Rockaway Av/Livonia Av. Take a Canarsie-bound B60 to Rockaway Pkwy/Farragut Road. Proceed down Rockaway Pkwy to the Canarsie-Rockaway Pkwy L station. For northbound service to Manhattan, exit the station and proceed to Rockaway Av/Livonia Av. Take a Williamsburg Bridge Plaza-bound B60 to Wilson Av/Decatur St. Proceed down Wilson Av to the Wilson Av L station. OR Exit the station and proceed to Pennsylvania Av/Livonia Av. Take a Ridgewood-bound B20 to Decatur St/Wilson Av. Proceed along Wilson Av to the Wilson Av L station. If you are on the passageway: Go back to the Manhattan-bound platform using EL772 and take a Manhattan-bound L to Wilson Ave. Exit the station and proceed to Wilson Av/Cooper St. Take a Canarsie-bound B60 to Rockaway Av/Livonia Av to Rockaway Av/Livonia Av. Proceed to the Livonia Av L station. OR Exit the station and proceed to Wilson Av/Schaefer St. Take a Spring Creek-bound B20 to Pennsylvania Av/Livonia Av. Proceed to the Livonia Av L station. If you are on the platform: Take a Canarsie-Rockaway Pkwy-bound L to Canarsie-Rockaway Pkwy. Exit the station and proceed to Rockaway Pkwy/Glenwood Rd. Take a Williamsburg Bridge Plaza-bound B60 to Rockaway Av/Livonia Av. Proceed to the Livonia Av L station.",POINT (-73.90065 40.663868)
EL439,Elevator,Elevator Hydraulic,261,FORESTHILLS-71AV-QBL-E/F/M/R,Forest Hills-71 Av - Station,261,,IND-D-QUEENSBLVD,Queens,40.721653,-73.844284,05/09/2014,05/09/2014,IFIS,Installed-Functioning-In Service,17,YES,NYCT,MINNESOTA ELEVATOR (MEI),YES,YES,NO,NO,,,2500,Passenger,,,,Southbound,2,+,-,+,mezzanine to Manhattan-bound platform,-,,,,,"If you are on the mezzanine: Use the elevator at the other end of the mezzanine to take a Jamaica-bound E or F to Kew Gardens/Union Tpke. Then use elevators to transfer to a Manhattan-bound E or F to Forest Hills/71 Av.  If you are on the Manhattan-bound platform: Take a Manhattan-bound E, F, M or R to Jackson Hts/Roosevelt Av, then either: Use elevators to transfer to a Forest Hills/71 Av-bound M/R or Jamaica-bound E/F to Forest Hills/71 Av. Or, use elevators to exit the station and take Rockaway Park-bound Q53 SBS (Broadway and 75 St) to Hoffman Dr and Woodhaven Blvd. Then transfer to a South Jamaica-bound Q60 bus to Queens Blvd and 71 Av.",POINT (-73.844284 40.721653)
ES417,Escalator,Escalator,222,ROOSEVELTISLAND-63S-F,Roosevelt Island - Station,222,,IND-T-63ST,Manhattan,40.75882,-73.95275,10/01/1989,07/18/2008,IFIS,Installed-Functioning-In Service,22,YES,NYCT,OK,YES,,NO,NO,14',,,,,56,40,,,,,,Jamaica 179 St-bound platform to lower mezzanine,,,,,,,POINT (-73.95275 40.75882)
EL259,Elevator,Elevator Hydraulic,477,72ST-2AV-Q,72 St - Station,477,,IND-S-2AV,Manhattan,40.767944,-73.95899,01/01/2017,01/01/2017,IFIS,Installed-Functioning-In Service,17,YES,NYCT,EECO (ELEVATOR EQUIP. CO.),YES,YES,NO,NO,,,4500,Passenger,,,,Both,1,+,-,+,mezzanine to platform for service in both directions,-,,,,,If you are on the mezzanine: Use the elevator to exit the station and take a downtown M15 bus to E 64 St. Then proceed to 3 Av and E 63 St for 63 St F/Q Station. If you are on the platform: Take an uptown Q to 86 St and use elevators to exit the station. Then take a downtown M15 bus (E 87 St and 2 Av) to E 72 St.,POINT (-73.95899 40.767944)
ES219,Escalator,Escalator,117,14ST-UNIONSQ-CNR-L,14 St-Union Sq - Station,602,"14 St-Union Sq (L,N,Q,R,4,5,6)",BMT-Q-14ST/CANARSIE,Manhattan,40.73473,-73.990555,09/10/2020,09/10/2020,IFIS,Installed-Functioning-In Service,22,YES,NYCT,,YES,,NO,NO,,,,,,,,,,,,,L platform to mezzanine for access to street and 4/5/6 & N/Q/R/W service,,,,,,,POINT (-73.990555 40.73473)
ES206,Escalator,Escalator,402,GRANDCENTRAL-42ST-LEX-4/5/6,Grand Central-42 St - Station,610,"Grand Central-42 St (S,4,5,6,7)",IRT-L-LEXINGTONAV,Manhattan,40.7515,-73.97644,08/01/1954,05/18/2024,IFIS,Installed-Functioning-In Service,22,YES,NYCT,OK,YES,,NO,NO,40',,,,,123,40,,,,,,main mezzanine to central mezzanine above 7 platform,,,,,,,POINT (-73.97644 40.7515)
ES406,Escalator,Escalator,223,LEXINGTONAV/63ST-63S-F/Q,Lexington Av/63 St - Station,223,,IND-T-63ST,Manhattan,40.76513,-73.96732,10/01/1989,10/01/1989,RNOS,Removed-Non Functioning-Out of Service,22,YES,NYCT,OTIS,YES,,NO,NO,27',,,,,96,40,,,,,,lower mezzanine to intermediate mezzanine for Lexington Ave & 63 St exit,,,,,,,POINT (-73.96732 40.76513)
EL446,Elevator,Elevator Hydraulic,462,COURTSQ-FLS-7,Court Sq - Station,606,"Court Sq (E,G,M,7)",IRT-C-FLUSHING,Queens,40.746136,-73.945404,06/03/2011,06/03/2011,IFIS,Installed-Functioning-In Service,17,YES,NYCT,CANTON,YES,YES,YES,YES,,,2500,Passenger,,,,Both,1,+,-,-,Jackson Ave & 23 St (NE corner) to mezzanine for 7 service in both directions and access to G mezzanine,-,,,,,"If you are on the street:  Proceed north along 23 St and then east along Queens Plaza S to the Queensboro Plaza N/W/7 station.  If you are on the mezzanine:  To exit: see a station agent to re-enter faregate and take a Flushing-bound 7 to Queensboro Plaza. Exit the station via elevator EL-478 and proceed west along Queens Plaza S and then south along 23 St.  For G, proceed west along Queens Plaza S to 21 St and take a Downtown Brooklyn-bound B62 bus to Manhattan Av/Greenpoint Av for the Greenpoint Av G station.",POINT (-73.945404 40.746136)
EL16X,Elevator,Elevator Hydraulic,021,CORTLANDTST-BWY-R,Cortlandt St - Station,624,"Chambers St (A,C)/WTC (E)/Park Place (2,3)/Cortlandt St (R, W)",BMT-B-BROADWAY,Manhattan,40.710667,-74.01103,09/11/2018,01/02/1900,IFIS,Installed-Functioning-In Service,17,NO,Private Contractor,,YES,YES,NO,NO,,,,Passenger,,,,Southbound,3,+,+,+,"Oculus main level to Fulton Center level, balcony, and mezzanine for downtown R/W service",+,,17X,17X,17X,Use another elevator on this level.,POINT (-74.01103 40.710667)
EL127,Elevator,Elevator Hydraulic,430,SIMPSONST-LWP-2/5,Simpson St - Station,430,,IRT-F-LENOX/WHITEPLAINS,Bronx,40.82391,-73.89301,08/01/1989,07/08/2016,IFIS,Installed-Functioning-In Service,17,YES,NYCT,CANTON,YES,YES,YES,YES,,,2500,Passenger,,,,Northbound,1,-,-,+,Westchester Ave & Simpson St (SW corner) to Bronx-bound platform,-,,,,,"If you are on the street:  Take a downtown 2 or 5 to 3 Av-149 St and use elevators to transfer to an uptown 2 or 5  to Simpson St. Or, take a Botanic Garden-bound Bx19 bus (Southern Blvd and Westchester Av) to  Boston Rd and transfer to a Westchester Sq-bound Bx21 bus to Morris Park Av and  Adams St for E 180 St 2/5 station.  If you are on the platform:  Contact a station agent to re-enter through the faregate and take an uptown 2 or 5 to E  180 St.  Then either:  Use elevators to transfer to a downtown 2 or 5 to Simpson St.  Or,  Take a Mott Haven-bound Bx21 bus (Morris Park Av and E 180 St) to Southern Blvd.  Then transfer to a Riverbank Park-bound Bx19 bus to Southern Blvd and Westchester  Av.",POINT (-73.89301 40.82391)
EL323,Elevator,Elevator Hydraulic,345,CROWNHTS-UTICAAV-EPK-3/4,Crown Hts-Utica Av - Station,345,,IRT-E-EASTERNPKWY,Brooklyn,40.66887,-73.93199,12/21/2004,12/21/2004,RNOS,Removed-Non Functioning-Out of Service,17,YES,NYCT,CANTON,YES,YES,NO,NO,,,2000,Passenger,,,,Both,2,-,+,+,mezzanine (eastern entrance near Utica Ave) to platforms for service in both directions,-,,,,,Both elevators at this station are out of service for replacement.  If you are on the Manhattan-bound platform: Take a Manhattan-bound 3 to Eastern Pkwy. Proceed north along Washington Av to St. Johns Pl and take a Crown Heights-bound B45 bus to St. Johns Pl/Utica Av. Proceed south along Utica Av to Eastern Pkwy.  If you are on the New Lots Av-bound platform: See conductor in accessible boarding area for assistance. Take a Manhattan-bound 4 to Atlantic Av-Barclays Ctr and then take a New Lots Av-bound 3 or a Flatbush Av-bound 2 to Eastern Pkwy. Proceed north along Washington Av to St. Johns Pl and take a Crown Heights-bound B45 bus to St. Johns Pl/Utica Av. Proceed south along Utica Av to Eastern Pkwy.,POINT (-73.93199 40.66887)
EL139,Elevator,Elevator Hydraulic,148,168ST-8AV-A/C,168 St - Station,605,"168 St (A,C,1)",IND-A-8AV/FULTONST,Manhattan,40.84071,-73.93943,02/23/2007,02/23/2007,IFIS,Installed-Functioning-In Service,17,YES,NYCT,CEMCO,YES,YES,YES,YES,,,2000,Passenger,,,,Both,1,+,-,-,168 St & St Nicholas Ave (SE corner) to mezzanine for A/C service in both directions and access to non-ADA 1 line elevators,-,,,,,"If you are on the street: Take an uptown Bx7 or M100 bus (St. Nicholas Av and 167 St) to 175 St. Proceed to Ft. Washington Av and 177 St for A service.  If you are on the mezzanine: Take an uptown A to 175 St. Use elevators to exit the station and proceed to Broadway and 176 St and take a downtown Bx7 or M100 bus to 168 St, or downtown M5 LTD bus to 167 St.",POINT (-73.93943 40.84071)
ES212,Escalator,Escalator,400,59ST-LEX-4/5/6,59 St - Station,613,"Lexington Av (N,Q,R)/59 St (4,5,6)",IRT-L-LEXINGTONAV,Manhattan,40.76221,-73.96808,11/15/1962,02/22/2025,IFIS,Installed-Functioning-In Service,22,YES,NYCT,KONE,YES,,NO,NO,50',,,,,173,10in,,,,,,downtown 4/5 platform to downtown 6 platform,,,,,,,POINT (-73.96808 40.76221)
EL188,Elevator,Elevator Hydraulic,382,FORDHAMRD-JER-4,Fordham Rd - Station,382,,IRT-J-JEROMEAV,Bronx,40.86291,-73.901184,12/15/2005,10/30/2025,IFIS,Installed-Functioning-In Service,17,YES,Third-Party Contractor,JRT,YES,YES,NO,YES,,15',2100,Passenger,2,,,Southbound,2,+,-,+,mezzanine to Manhattan-bound platform,-,,,,,"All elevators at this station are out of service for replacement. If you are on the platform, take a Manhattan-bound train to 170 St. Then, proceed to E 170 St and Morris Av and transfer to a Kingsbridge V A Hospital-bound Bx32 to Jerome Av/E Fordham Rd.",POINT (-73.901184 40.86291)
EL776,Elevator,Elevator Traction,121,LORIMERST-CNR-L,Lorimer St - Station,629,Metropolitan Av (G)/Lorimer St (L),BMT-Q-14ST/CANARSIE,Brooklyn,40.71406,-73.95027,04/01/2024,04/01/2024,IFIS,Installed-Functioning-In Service,22,YES,Third-Party Contractor,,YES,YES,YES,YES,,,,,2,,,Both,1,+,-,-,NW corner of Lorimer St and Metropolitan Ave providing access to the mezzanine control area.,-,,,,,"The closest accessible L station is Bedford Av. Travel west on Metropolitan Av to Meeker Av. Take Meeker Av to North 7 St and travel four blocks west to Bedford Av. The elevator (EL359) is located at the NE corner.  Or, for Canarsie-bound service, take a Rego Park-bound Q59 bus (Metropolitan Av and Rodney St) to Grand St and Bushwick Av. Elevator access to Canarsie-bound service at Grand St L (EL786) is located on the NE corner, elevator access (EL785) to Manhattan-bound L is located on the NW corner.  If you are on the mezzanine:  Take a Manhattan-bound L to Bedford Av and use the elevators to exit the station. Travel east on North 7 St to Meeker Av. Take Meeker Av to Metropolitan Av, and Metropolitan Av to Lorimer St.  Or, take a Canarsie-bound L to Grand St and use the elevator to exit the station. Then, take a Williamsburg-bound Q59 bus (north side of Grand St west of Bushwick Av) to Metropolitan Av and Macri Sq.",POINT (-73.95027 40.71406)
ES440,Escalator,Escalator,278,JAMAICACENTER-PARSONS/ARCHER-QBL-E/J/Z,Jamaica Center-Parsons/Archer - Station,278,,IND-D-QUEENS/ARCHERAV,Queens,40.701855,-73.801895,12/01/1988,05/21/2009,IFIS,Installed-Functioning-In Service,22,YES,NYCT,KONE,YES,,YES,YES,18',,,,,74,40in,,,,,,mezzanine to Parsons Blvd & Archer Ave (SW corner),,,,,,,POINT (-73.801895 40.701855)
EL356,Elevator,Elevator Hydraulic,079,86ST-SEA-N,86 St - Station,79,,BMT-CI-CONEYISLANDYD,Brooklyn,40.587605,-73.97769,01/01/1928,04/25/1991,IFIS,Installed-Functioning-In Service,17,YES,NYCT,CEMCO,NO,NO,NO,NO,,,10000,Passenger Yard,,,,,,,,,Passenger Yard Elevator At Coney Island Yard,,,,,,,POINT (-73.97769 40.587605)
EL179,Elevator,Elevator Traction,299,DYCKMANST-BWY7-1,Dyckman St - Station,299,,,Manhattan,40.861103,-73.92521,07/14/2023,07/14/2023,IFIS,Installed-Functioning-In Service,22,YES,Third-Party Contractor,,YES,YES,NO,YES,,,,,2,,,Northbound,1,+,-,+,Nagle Ave & Dyckman St to uptown platform,-,,,,,If you are on the street:   Travel three blocks west to Broadway and West 196 St and take a Riverdale- bound Bx7 bus to West 231 St.  If you are on the platform:  Take an uptown 1 train to 231 St. Use elevators to transfer to a South Ferry-bound 1 train.,POINT (-73.92521 40.861103)
ES383X,Escalator,Escalator,412,FULTONST-LEX-4/5,Fulton St - Station,628,"Fulton St (A,C,J,Z,2,3,4,5)",IRT-M-LEXINGTONAV,Manhattan,40.7106,-74.008934,,11/10/2014,IFIS,Installed-Functioning-In Service,22,NO,Private Contractor,THYSSEN-KRUPP,YES,,NO,NO,,,,,,,,,,,,,uptown 4/5 platform level to Transit Center exit (SE corner of Fulton St & Broadway),,,,,,,POINT (-74.008934 40.7106)
EL247,Elevator,Elevator Hydraulic,475,96ST-2AV-Q,96 St - Station,475,,IND-S-2AV,Manhattan,40.783577,-73.947586,01/01/2017,01/01/2017,IFIS,Installed-Functioning-In Service,17,YES,NYCT,SCHINDLER,YES,YES,NO,NO,,,5000,Passenger,,,,Both,1,+,-,+,mezzanine to downtown platform,-,,,,,If you are on the mezzanine:  Use the nearby elevator to exit the station and take a downtown M15 bus (2 Av and 97 St) or M15 SBS (2 Av and 96 St) to 86 St for downtown Q service at 86 St Q station.  If you are on the platform:  Take a downtown Q to 86 St and use the elevator to exit the station. Then take an uptown M15 bus or M15 SBS (1 Av and 86 St) to 97 St.,POINT (-73.947586 40.783577)
ES402,Escalator,Escalator,223,LEXINGTONAV/63ST-63S-F/Q,Lexington Av/63 St - Station,223,,IND-T-63ST,Manhattan,40.764946,-73.96654,10/01/1989,01/23/2026,IFIS,Installed-Functioning-In Service,22,YES,NYCT,KONE,YES,,YES,YES,26',,,,,91,40,,,,,,upper mezzanine to Lexington Ave & 63 St (NW corner),,,,,,,POINT (-73.96654 40.764946)
ES118,Escalator,Escalator,146,181ST-8AV-A,181 St - Station,146,,IND-A-8AV/FULTONST,Manhattan,40.851116,-73.93812,05/21/1937,03/31/2023,IFIS,Installed-Functioning-In Service,22,YES,NYCT,KONE,YES,,NO,NO,15824 mm (51'-11in),,,,,112,600 mm (24in NOMINAL),,,,,,lower mezzanine to upper mezzanine for 181 St & Fort Washington Ave exit,,,,,,,POINT (-73.93812 40.851116)
EL195,Elevator,Elevator Traction,371,HUNTSPOINTAV-PEL-6,Hunts Point Av - Station,371,,IRT-P-PELHAM,Bronx,40.820663,-73.89095,11/18/2014,11/18/2014,IFIS,Installed-Functioning-In Service,22,YES,NYCT,HOLLISTER-WHITNEY,YES,YES,YES,YES,,,2000,Passenger,,,,Both,1,+,-,-,Hunts Pt Av side of traffic island to mezzanine for service in both directions,-,,,,,"If you are on the street:  To Pelham Bay Park, take a Pelham Bay-bound Bx5 bus (Hunts Point Av and Southern  Blvd) to Bruckner Blvd and Wilkinson Av.  To Manhattan, take a Riverbank Pk-bound Bx19 bus (Southern Blvd and E 163 St) to E  149 St and Melrose Av for 3 Av-149 St 2/5.  Or, take a West Farms Rd-bound Bx5 bus (163 St and Hoe Av) to Simpson St 2/5. For 6,  take a Manhattan-bound 5 to 125 St and transfer to the 6 across the platform.  If you are on the mezzanine: Use the other elevator to take Manhattan-bound 6 to 125 St, then either: Use elevators  to transfer to a Bronx-bound 5 and take to 3 Av-149 St. Exit the station and take a  Botanical Garden-bound Bx19 bus (E 149 St and Bergen Av) to Southern Blvd and Hunts  Pt Av.  Or, use elevators to exit the station and take a Fordham Plaza-bound Bx15 bus to 3 Av  and 161 St. Then transfer to a Hunts Pt-bound Bx6 bus or Bx6 SBS and take to Hunts Pt  Av and Bruckner Blvd.",POINT (-73.89095 40.820663)
ES347,Escalator,Escalator,184,BROADWAYJUNCTION-8AV-A/C,Broadway Junction - Station,621,"Broadway Junction (A,C,J,L,Z)",IND-A-8AV/FULTONST,Brooklyn,40.67856,-73.9039,09/19/1996,09/19/1996,IFIS,Installed-Functioning-In Service,22,YES,NYCT,OK,YES,,YES,NO,43',,,,,150,32,,,,,,A/C mezzanine (Van Sinderen Ave) to upper mezzanine for J/Z and L service,,,,,,,POINT (-73.9039 40.67856)
EL198,Elevator,Elevator Hydraulic,444,GUNHILLRD-DYR-5,Gun Hill Rd - Station,444,,IRT-Y-DYREAV,Bronx,40.870064,-73.846146,12/31/2020,12/31/2020,IFIS,Installed-Functioning-In Service,17,YES,NYCT,,YES,YES,YES,YES,,,,Passenger,,,,Southbound,2,-,-,+,Gun Hill Road (between Sexton Pl and Dewitt Pl) to Manhattan-bound platform,-,,,,,"If you are on the street:  Use elevator to take an Eastchester Dyre Av-bound 5 to Eastchester Dyre Av. Then, stay  on the train or transfer across the platform for Manhattan-bound 5.  If you are on the platform:  Take a Manhattan-bound 5 to E 180 St, then either: Use elevators to transfer to a  Eastchester Dyre Av-bound 5 to Gun Hill Rd.  Or, use elevator to exit the station and take a Westchester Sq-bound Bx21 bus (Morris  Pk Av and Adams St) to Eastchester Rd and Sackett Av. Then, transfer to a Woodlawn-bound Bx31 bus (Eastchester Rd and Ives St) to E Gun Hill Rd.",POINT (-73.846146 40.870064)
EL234,Elevator,Elevator Hydraulic,225,47-50STS-ROCKEFELLERCTR-6AV-B/D/F/M,47-50 Sts-Rockefeller Ctr - Station,225,,IND-B-6AV/CULVER,Manhattan,40.759445,-73.9811,03/31/2009,03/31/2009,IFIS,Installed-Functioning-In Service,17,YES,NYCT,CANTON,YES,YES,YES,YES,,,2000,Passenger,,,,Both,1,+,-,-,49 St & 6th Ave (NW corner) to mezzanine for service in both directions.,-,,,,,"If you are on the street: If this elevator is out of service, take an uptown M5 or M7 bus to Central Park South and Columbus Circle, then either: For B/D service, use the elevator to enter 59 St-Columbus Circle Station. Or, for F/M service, use the elevator to enter 59 St-Columbus Circle Station and take a downtown B or D to 47-50 Sts-Rockfeller Ctr. Then transfer across the platform for a downtown F or M or use elevators to transfer to an uptown F or M. If you are on the mezzanine: See a station agent to re-enter through the faregate and use the elevator to take a downtown B, D, F or M to 34 St-Herald Sq. Then use elevators to exit the station and take an uptown M5 or M7 bus to 49 St and 6 Av.",POINT (-73.9811 40.759445)
EL380,Elevator,Elevator Hydraulic,039,BAYRIDGE-95ST-4AV-R,Bay Ridge-95 St - Station,39,,BMT-F-4AV,Brooklyn,40.616623,-74.030876,07/03/2025,07/03/2025,IFIS,Installed-Functioning-In Service,17,YES,Third-Party Contractor,MODERN ELEVATOR,YES,YES,YES,YES,,14' - 4 3/16in,2500,Passenger,2,,,Both,1,+,-,-,Street (NW corner of 95 St & 4 Av) to mezzanine for Manhattan-bound R service.,-,,,,,"If you are on the street:  Cross 4 Av to get to 5 Av and take a Cobble Hill-bound B63 bus to 86 St. Travel west on 86 St to 4 Av for the 86 St R. If you are on the mezzanine:  Ask Station Agent or use HelpPoint for assistance re-entering the station through the AutoGate. Take a Manhattan-bound R train to 86 St. Use elevators to exit the station. Then, travel east to 5 Av and 86 St to take a Bay Ridge Shore Rd-bound B63 to 94 St.",POINT (-74.030876 40.616623)
EL429,Elevator,Elevator Hydraulic,273,QUEENSPLAZA-QBL-E/M/R,Queens Plaza - Station,273,,IND-D-QUEENSBLVD,Queens,40.748985,-73.93769,02/13/2006,08/08/2025,IFIS,Installed-Functioning-In Service,17,YES,Third-Party Contractor,MID-AMERICAN,YES,YES,NO,NO,,10'-3in,2500,Passenger,2,,,Southbound,2,+,-,+,mezzanine to Manhattan-bound platform,-,,,,,"If you are on the mezzanine:  Take a Jamaica-bound F or E or Forest Hills-bound R to Jackson Hts-Roosevelt Av and transfer to a Manhattan-bound E, F or R.  Or, take a Forest Hills-bound R to Northern Blvd and transfer to a Manhattan-bound R. Transfer to E/F at Queens Plaza. If you are on the Manhattan-bound platform:  Take a Manhattan-bound E or F to Lexington Av/53 St. Transfer across the platform to a Queens-bound E or F to Queens Plaza.",POINT (-73.93769 40.748985)
ES317,Escalator,Escalator,174,JAYST-METROTECH-8AV-A/C/F,Jay St-Metro Tech - Station,636,"Jay St-MetroTech (A,C,F,R)",IND-A-8AV/FULTONST,Brooklyn,40.6924,-73.98754,05/01/1958,03/18/2021,IFIS,Installed-Functioning-In Service,22,YES,NYCT,OK,YES,,YES,YES,21',,,,,78,40,,,,,,A/C/F/R mezzanine to Jay St & Willoughby St (NW corner),,,,,,,POINT (-73.98754 40.6924)
EL607X,Elevator,Elevator Hydraulic,469,GRANDCENTRAL-42ST-LEX-S,Grand Central-42 St - Station,610,"Grand Central-42 St (S,4,5,6,7)",IRT-MM-LEXINGTONAV,Manhattan,,,12/09/2020,12/09/2020,IFIS,Installed-Functioning-In Service,17,NO,Private Contractor,,YES,YES,,,,,,,,,,Both,1,-,+,+,One Vanderbilt mezzanine level to platform level for Shuttle service and connection to 4/5/6 and 7 via passageway,+,,,,"EL205, EL206, EL244",,
EL430,Elevator,Elevator Hydraulic,273,QUEENSPLAZA-QBL-E/M/R,Queens Plaza - Station,273,,IND-D-QUEENSBLVD,Queens,40.748844,-73.93759,02/13/2006,08/08/2025,IFIS,Installed-Functioning-In Service,17,YES,Third-Party Contractor,MID-AMERICAN,YES,YES,NO,NO,,10'-3in,2500,Passenger,2,,,Northbound,1,+,-,+,mezzanine to Forest Hills and Jamaica-bound platform,-,,,,,"If you are on the mezzanine:  Take a Manhattan-bound E or F to Lexington Av/53 St. Then transfer across the platform to a Queens-bound E or F to Queens Plaza.  If you are on the Queens-bound platform:   Take a Jamaica-bound E or F or Forest Hills-bound R to Jackson Hts-Roosevelt Av and transfer to a Manhattan-bound E, F or R to Queens Plaza.  Or, take a Forest Hills-bound R to Northern Blvd and transfer to a Manhattan-bound R to Queens Plaza.",POINT (-73.93759 40.748844)
EL278,Elevator,Elevator Hydraulic,161,59ST-COLUMBUSCIRCLE-8AV-A/B/C/D,59 St-Columbus Circle - Station,614,"59 St-Columbus Circle (A,B,C,D,1)",IND-A-8AV/FULTONST,Manhattan,40.76776,-73.981964,10/17/2009,10/17/2009,IFIS,Installed-Functioning-In Service,17,YES,NYCT,CANTON,YES,YES,YES,NO,,,2000,Passenger,,,,Northbound,2,+,-,+,mezzanine to uptown A/B/C/D platform,+,,276X,,279,"If you are on the mezzanine: For uptown A, B, C, D, exit station and re-enter via elevator at northwest corner of Columbus Circle and Central Park West. Or, proceed to elevator on other side of mezzanine and take a downtown A or C to 42 St/Port Authority Bus Terminal. Use ramps to transfer to uptown A or C to 59 St-Columbus Circle. For uptown 1, proceed to elevator on other side of mezzanine and take a downtown 1 to Times Sq-42 St and use elevators to transfer to an uptown 1. If you are on the platform: To exit the station or transfer, proceed to elevator at the other end of this platform. For downtown 1, use the elevator to exit the station and re-enter the station at the southeast corner of Columbus Circle. Or, take an uptown A or D to 125 St. Exit station and take a southbound M10 bus to 59 St.",POINT (-73.981964 40.76776)
ES323,Escalator,Escalator,173,HIGHST-8AV-A/C,High St - Station,173,,IND-A-8AV/FULTONST,Brooklyn,40.699253,-73.98922,01/01/1942,09/20/2023,IFIS,Installed-Functioning-In Service,22,YES,NYCT,OK,YES,,NO,NO,37',,,,,128,24,,,,,,lower mezzanine to upper mezzanine for Red Cross Pl & Adams St exit,,,,,,,POINT (-73.98922 40.699253)
EL709,Elevator,Elevator Hydraulic,025,JAYST-METROTECH-BWY-R,Jay St-MetroTech - Station,636,"Jay St-MetroTech (A,C,F,R)",BMT-B-BROADWAY,Brooklyn,40.692337,-73.98734,12/10/2010,12/10/2010,RNOS,Removed-Non Functioning-Out of Service,22,YES,NYCT,CANTON,YES,YES,NO,NO,,,2500,Passenger,,,,Both,3,+,-,+,,-,,,,,If you are on the mezzanine:  Exit via the faregate and use elevators to exit the station and take a Ridgewood-bound B38 bus (Fulton St and Hoyt St) to Fulton St and Flatbush Av Extension. Then proceed north to DeKalb Av B/Q/R.  If you are on the R platform:  Take a Bay Ridge-bound R to DeKalb Av. Exit the station and take a Downtown Brooklyn-bound B38 bus to Fulton St and Jay St.,POINT (-73.98734 40.692337)
EL753,Elevator,Elevator Hydraulic,071,8AV-SEA-N,8th Ave - Station,71,,BMT-E-SEABEACH,Brooklyn,40.635063,-74.01172,11/03/2019,11/03/2019,IFIS,Installed-Functioning-In Service,17,YES,NYCT,,YES,YES,YES,YES,,,,Passenger,,,,Northbound,1,+,-,+,Street inside station house at 62nd St and 8th Ave to Manhattan-bound platform,-,,,,,"If you are on the street: Use EL752 to take a Coney Island-bound N to New Utrecht station. Then, use elevators to transfer to a Manhattan-bound N.   If you are on the platform: Take a Manhattan-bound N to 59 St and use elevators to transfer to Coney Island-bound N.",POINT (-74.01172 40.635063)
EL717X,Elevator,Elevator Hydraulic,412,FULTONST-LEX-4/5,Fulton St - Station,628,"Fulton St (A,C,J,Z,2,3,4,5)",IRT-M-LEXINGTONAV,Manhattan,40.710373,-74.00915,11/10/2014,11/10/2014,IFIS,Installed-Functioning-In Service,17,NO,Private Contractor,CANTON,YES,YES,NO,NO,,,,,,,,Both,1,+,-,+,Transit Center (near Broadway & John St) to uptown 4/5 platform and concourse for access to rest of complex,+,718X,716,,718X/716,"If you are on the street: Use another elevator on this level for uptown 4 5.  If on the uptown 4/5 platform: Use another elevator on this level to street level.  If you are on the lower concourse: For uptown 4/5, take elevator at the opposite end of the corridor to Broadway and Dey St. Cross Broadway into Fulton Center and take another elevator down to uptown 4/5.",POINT (-74.00915 40.710373)
ES325,Escalator,Escalator,167,W4ST-WASHSQ-8AV-A/B/C/D/E/F/M,W 4 St-Wash Sq - Station,167,,IND-A-8AV/FULTONST,Manhattan,40.732536,-74.00024,08/01/1970,11/23/2024,IFIS,Installed-Functioning-In Service,22,YES,NYCT,KONE,YES,,NO,NO,24' 66in,,,,,95,100,,,,,,uptown B/D/F/M platform to uptown A/C/E platform and access to street,,,,,,,POINT (-74.00024 40.732536)
ES332,Escalator,Escalator,112,MYRTLE-WYCKOFFAVS-MYT-M,Myrtle-Wyckoff Avs - Station,630,"Myrtle-Wyckoff Avs (L,M)",BMT-M-MYRTLEAV,Brooklyn,40.699707,-73.91184,06/14/1928,02/14/2003,IFIS,Installed-Functioning-In Service,22,YES,NYCT,FUJITEC,YES,,NO,NO,26',,,,,94,32,,,,,,L lower mezzanine to upper mezzanine for M service,,,,,,,POINT (-73.91184 40.699707)
EL110,Elevator,Elevator Traction,301,181ST-BWY7-1,181 St - Station,301,,IRT-BB-BROADWAY/7AV,Manhattan,40.84953,-73.93359,01/01/1964,11/30/2021,IFIS,Installed-Functioning-In Service,22,YES,NYCT,MCE,YES,NO,NO,NO,,103' 5in,9000,Passenger,3,,,Both,4,+,+,-,mezzanine to bridge for service in both directions,+,,"107, 108, 109","107, 108, 109",,Use an adjacent elevator.,POINT (-73.93359 40.84953)
ES265X,Escalator,Escalator,281,COURTSQ-XTN-G/7,Court Sq - Station,606,"Court Sq (E,G,M,7)",IND-E-CROSSTOWN,Queens,40.74722,-73.94432,01/02/1900,06/01/2010,IFIS,Installed-Functioning-In Service,22,NO,Private Contractor,AM,YES,,NO,NO,,,,,,,,,,,,,45 St & Jackson Ave to mezzanine for E/F & G service and access to 7,,,,,,,POINT (-73.94432 40.74722)
EL182,Elevator,Elevator Hydraulic,421,GUNHILLRD-LWP-2/5,Gun Hill Rd - Station,421,,IRT-W-WHITEPLAINSRD,Bronx,40.877632,-73.86634,04/02/2007,04/02/2007,IFIS,Installed-Functioning-In Service,17,YES,NYCT,CANTON,YES,YES,YES,YES,,,2500,Passenger,,,,Northbound,1,-,-,+,Gun Hill Rd to Wakefield 241 St-bound platform,-,,,,,"If you are on the street:  Take a downtown 2 or 5 to Pelham Pkwy and use elevators to transfer to an uptown 2 or  5.  Or, take a Wakefield-bound Bx39 bus (White Plains Rd and Gun Hill Rd) to 233 St 2/5  station (White Plains Rd and Pelham Pkwy).  If you are on the platform:  Take an uptown 2 or 5 to 233. Then either:  Use elevators to transfer to a downtown 2 or 5 to Gun Hill Rd.  Or,  Take a Clason’s Point-bound Bx39 bus (White Plains Rd and 233 St) to Gun Hill Rd 2/5  station (White Plains Rd and E Gun Hill Rd).",POINT (-73.86634 40.877632)
EL602,Elevator,Elevator Traction,471,34ST-HUDSONYARDS-FLS-7,34 St-Hudson Yards - Station,471,,IRT-CC-FLUSHING,Manhattan,40.755245,-74.00193,09/13/2015,09/13/2015,IFIS,Installed-Functioning-In Service,22,YES,NYCT,MASPERO ELEVATOR,YES,YES,NO,NO,,,5000,Passenger,,,,Both,2,+,+,-,upper mezzanine to lower mezzanine for Flushing Main St-bound service,+,,601,601,,Use an adjacent elevator.,POINT (-74.00193 40.755245)
ES408,Escalator,Escalator,223,LEXINGTONAV/63ST-63S-F/Q,Lexington Av/63 St - Station,223,,IND-T-63ST,Manhattan,40.765213,-73.96747,10/01/1989,10/01/1989,RNOS,Removed-Non Functioning-Out of Service,22,YES,NYCT,OTIS,YES,,NO,NO,20',,,,,75,40,,,,,,downtown platform to lower mezzanine for Lexington Ave & 63 St exit,,,,,,,POINT (-73.96747 40.765213)
EL466,Elevator,Elevator Hydraulic,002,ASTORIABLVD-AST-N/Q,Astoria Blvd - Station,2,,BMT-G-ASTORIA,Queens,40.77026,-73.91785,07/24/2020,07/24/2020,IFIS,Installed-Functioning-In Service,17,YES,NYCT,MID-AMERICAN,YES,YES,NO,YES,,12' 3/4in,2600 lbs,Passenger,2,,,Both,3,-,+,+,mezzanine to Astoria Ditmars Blvd-bound platform,-,,,,,If you are on the platform: Take a northbound N or W to Astoria-Ditmars Blvd. Then remain on the train or wait at the platform for a Manhattan-bound N or W to Astoria Blvd.,POINT (-73.91785 40.77026)
ES238,Escalator,Escalator,277,7AV-QBL-B/D/E,7 Av - Station,277,,IND-D-QUEENSBLVD,Manhattan,40.76278,-73.98143,06/24/1972,05/28/1999,IFIS,Installed-Functioning-In Service,22,YES,NYCT,OK,YES,,NO,NO,24',,,,,97,40,,,,,,downtown platform to mezzanine for 53 St & 7th Ave exit,,,,,,,POINT (-73.98143 40.76278)
ES279,Escalator,Escalator,476,86ST-2AV-Q,86 St - Station,476,,IND-S-2AV,Manhattan,40.777634,-73.95141,01/01/2017,01/01/2017,IFIS,Installed-Functioning-In Service,22,YES,NYCT,KONE,YES,,NO,NO,13719 mm (45' 0 1/8in),,,,,164,"40in (NOMINAL), 996 mm",,,,,,lower mezzanine to upper mezzanine for 86 St & 2nd Ave exit,,,,,,,POINT (-73.95141 40.777634)
ES450,Escalator,Escalator,454,74ST-BROADWAY-FLS-7,74 St-Broadway - Station,616,"74-Broadway (7)/Jackson Hts-Roosevelt Av (E,F,M,R)",IRT-C-FLUSHING,Queens,40.746876,-73.89245,04/01/1959,10/31/2024,IFIS,Installed-Functioning-In Service,22,YES,NYCT,OK,YES,,NO,NO,31',,,,,115,40in,,,,,,E/F/M/R lower mezzanine to underpass for 7 service,,,,,,,POINT (-73.89245 40.746876)
EL221,Elevator,Elevator Hydraulic,115,8AV-CNR-L,8 Av - Station,618,"14 St (A,C,E)/8 Av (L)",BMT-Q-14ST/CANARSIE,Manhattan,40.73994,-74.00273,08/29/2002,03/05/2025,IFIS,Installed-Functioning-In Service,17,YES,Third-Party Contractor,,YES,YES,YES,YES,,,,Passenger,,,,Both,1,+,-,-,8th Ave & 14 St (NW corner) to mezzanine for A/C/E/L service in both directions,-,,,,,"If you are at street level: Take a Lower East Side-bound M14A bus or M14D bus to 6 Av for L and F/M service. For A/C/E, take a downtown F/M to W 4 St and transfer to A/C/E. If you are in the mezzanine: Take a Brooklyn-bound L to 6 Av. Exit the station and take an Abingdon Sq-bound M14A bus or Chelsea Piers-bound M14D bus (NW corner of 14 St and 6 Av) to 8 Av.",POINT (-74.00273 40.73994)
ES213,Escalator,Escalator,400,59ST-LEX-4/5/6,59 St - Station,613,"Lexington Av (N,Q,R)/59 St (4,5,6)",IRT-L-LEXINGTONAV,Manhattan,40.76245,-73.96815,11/15/1962,07/28/2025,IFIS,Installed-Functioning-In Service,22,YES,NYCT,KONE,YES,,NO,NO,38-11 5/8in,,,,,137,40,,,,,,N/R/W transfer mezzanine to uptown 6 platform,,,,,,,POINT (-73.96815 40.76245)
EL406,Elevator,Elevator Hydraulic,221,21ST-QUEENSBRIDGE-63S-F,21 St-Queensbridge - Station,221,,IND-T-63ST,Queens,40.754047,-73.942245,11/01/1989,01/31/2017,IFIS,Installed-Functioning-In Service,17,YES,NYCT,EECO (ELEVATOR EQUIP. CO.),YES,YES,NO,NO,,,3000,Passenger,,,,Southbound,2,+,-,+,mezzanine to Manhattan-bound platform,-,,,,,"If you are on the mezzanine:  Weekdays from 6 AM to 9:30 PM: Take a Forest Hills-bound M to Northern Blvd and transfer to a Manhattan-bound M.  Nights and Weekends: Take a Jamaica-bound F to Jackson Hts-Roosevelt Av and transfer to a Manhattan-bound F. If you are on the platform:  Take a Manhattan-bound train to Roosevelt Island and transfer to a Forest Hills-bound M (Jamaica-bound F Nights, Weekends) to 21 St-Queensbridge.",POINT (-73.942245 40.754047)
ES426,Escalator,Escalator,221,21ST-QUEENSBRIDGE-63S-F,21 St-Queensbridge - Station,221,,IND-T-63ST,Queens,40.75397,-73.942665,10/01/1989,05/01/2026,IFIS,Installed-Functioning-In Service,22,YES,NYCT,KONE,YES,,NO,NO,11',,,,,53,40in,,,,,,Jamaica 179 St-bound platform to mezzanine,,,,,,,POINT (-73.942665 40.75397)
EL153,Elevator,Elevator Traction,,,,,,,Manhattan,40.86869,-73.91554,06/01/1932,02/14/2003,IFIS,Installed-Functioning-In Service,22,YES,NYCT,MCE,NO,NO,NO,NO,,,6000,Freight,,,,,,,,,Freight Elevator At 207Th Street Yard,,,,,,,POINT (-73.91554 40.86869)
EL441,Elevator,Elevator Traction,223,LEXINGTONAV/63ST-63S-F/Q,Lexington Av/63 St - Station,223,,IND-T-63ST,Manhattan,40.76463,-73.96611,12/30/2016,12/30/2016,IFIS,Installed-Functioning-In Service,22,YES,NYCT,HOLLISTER-WHITNEY,YES,YES,NO,NO,,,4500,Passenger,,,,Both,3,+,-,+,63 St & 3 Av mezzanine to platforms for service in both directions.,+,,440,,440,Use an adjacent elevator.,POINT (-73.96611 40.76463)
EL197,Elevator,Elevator Hydraulic,371,HUNTSPOINTAV-PEL-6,Hunts Point Av - Station,371,,IRT-P-PELHAM,Bronx,40.820858,-73.89091,11/18/2014,11/18/2014,IFIS,Installed-Functioning-In Service,17,YES,NYCT,CANTON,YES,YES,NO,NO,,,2100,Passenger,,,,Southbound,2,+,-,+,Mezzanine to Manhattan-bound platform,-,,,,,"If you are on the mezzanine:  Take a Bronx-bound 6 to Pelham Bay Park. Remain on the train or wait at the platform  for a Manhattan-bound 6.  Or, exit through the faregate and use the elevator to exit the station. Then take a  Riverbank Pk-bound Bx19 bus (Southern Blvd and E 163 St) to E 149 St and Melrose Av  for 3 Av-149 St 2/5 station.  For 6 service, take a Manhattan-bound 5 to 125 St and transfer to the 6 across the  platform.  If you are on the platform:  Take a Manhattan-bound 6 to 125 St. Then either:  Use elevators to transfer to a Bronx-bound 6 to Hunts Pt Av.  Or,  Use elevators to exit the 125 St station and take a Hub-Bound M125 bus to Bergen Ave  and E 149 St. Transfer to a Botanical Garden-bound Bx19 to Southern Boulevard at  Hunts Pt Av.",POINT (-73.89091 40.820858)
EL365,Elevator,Elevator Hydraulic,,,,,,,Brooklyn,40.65423,-73.90464,07/01/1990,07/01/1990,IFIS,Installed-Functioning-In Service,17,YES,NYCT,CEMCO,NO,NO,YES,YES,,,2000,Freight,,,,,,,,,Freight Elevator At Linden Shop,,,,,,,POINT (-73.90464 40.65423)
EL266,Elevator,Elevator Traction,477,72ST-2AV-Q,72 St - Station,477,,IND-S-2AV,Manhattan,40.76854,-73.95828,01/01/2017,01/01/2017,IFIS,Installed-Functioning-In Service,22,YES,NYCT,HOLLISTER-WHITNEY,YES,YES,YES,YES,,,4500,Passenger,,,,Both,4,+,-,-,2nd Ave & 72 St (SE corner) to mezzanine for service in both directions,+,"262, 264, 265, 267","262, 264, 265, 267",,,Use another elevator on this level.,POINT (-73.95828 40.76854)
ES442,Escalator,Escalator,278,JAMAICACENTER-PARSONS/ARCHER-QBL-E/J/Z,Jamaica Center-Parsons/Archer - Station,278,,IND-D-QUEENS/ARCHERAV,Queens,40.701996,-73.801926,12/01/1988,12/04/2007,IFIS,Installed-Functioning-In Service,22,YES,NYCT,KONE,YES,,NO,NO,28',,,,,106,32in,,,,,,J/Z platform to mezzanine for 153 St & Archer Ave exit,,,,,,,POINT (-73.801926 40.701996)
EL765,Elevator,Elevator Hydraulic,283,GREENPOINTAV-XTN-G,Greenpoint Av - Station,283,,IND-E-CROSSTOWN,Brooklyn,40.731354,-73.95445,11/25/2020,11/25/2020,IFIS,Installed-Functioning-In Service,17,YES,NYCT,,YES,YES,NO,NO,,,,Passenger,2,,,Southbound,2,+,-,+,Mezzanine to Church Av-bound platform,-,,,,,"If you are on the mezzanine: Use elevator to take a Queens-bound G to Court Sq. Then, stay on train or transfer across the platform for a Brooklyn-bound G to Church Av. If you are on the platform: Take a Brooklyn-bound G to Church Av and use elevators to transfer to a Queens-bound G to Greenpoint Av. <a href=https://new.mta.info/document/143426 target=_blank rel=noopener noreferrer>See alternatives during modernization work.</a>",POINT (-73.95445 40.731354)
EL517,Elevator,Elevator Hydraulic,146,181ST-8AV-A,181 St - Station,146,,IND-A-8AV/FULTONST,Manhattan,40.852825,-73.93734,12/06/2023,12/06/2023,IFIS,Installed-Functioning-In Service,17,YES,Third-Party Contractor,,YES,YES,NO,NO,,,,,2,,,Northbound,2,+,-,+,Mezzanine to platform for Inwood-207 St-bound service.,-,,,,,"If you’re on the platform:  Take an Inwood-207 St-bound A to Inwood-207 St. Then, stay on the train or transfer across the platform for the next Downtown and Brooklyn-bound A to 181st St.  If you’re on the mezzanine:  Use EL518 to take a Downtown and Brooklyn-bound A to 175 St. Then, transfer across the platform to an Inwood-207 St-bound A.",POINT (-73.93734 40.852825)
ES423,Escalator,Escalator,221,21ST-QUEENSBRIDGE-63S-F,21 St-Queensbridge - Station,221,,IND-T-63ST,Queens,40.754124,-73.94242,10/01/1989,04/25/2026,IFIS,Installed-Functioning-In Service,22,YES,NYCT,KONE,YES,,NO,NO,11',,,,,53,40in,,,,,,mezzanine to Manhattan-bound platform,,,,,,,POINT (-73.94242 40.754124)
ES496X,Escalator,Escalator,198,HOWARDBEACH-JFKAIRPORT-RKY-A,Howard Beach-JFK Airport - Station,198,,IND-F-ROCKAWAY,Queens,40.660336,-73.83043,,11/05/2011,IFIS,Installed-Functioning-In Service,22,NO,Private Contractor,AM,YES,,NO,NO,,,,,,,,,,,,,Far Rockaway-bound platform to intermediate mezzanine for access to street and AirTrain station,,,,,,,POINT (-73.83043 40.660336)
ES229,Escalator,Escalator,227,34ST-HERALDSQ-6AV-B/D/F,34 St-Herald Sq - Station,607,"34 St-Herald Sq (B,D,F,M,N,Q,R)",IND-B-6AV/CULVER,Manhattan,40.749763,-73.98773,12/15/1940,11/23/2006,IFIS,Installed-Functioning-In Service,22,YES,NYCT,FUJITEC,YES,,NO,NO,30',,,,,110,24,,,,,,N/Q/R/W mezzanine to uptown B/D/F/M platform,,,,,,,POINT (-73.98773 40.749763)
EL420,Elevator,Elevator Hydraulic,454,74ST-BROADWAY-FLS-7,74 St-Broadway - Station,616,"74-Broadway (7)/Jackson Hts-Roosevelt Av (E,F,M,R)",IRT-C-FLUSHING,Queens,40.74676,-73.891106,01/06/2006,08/29/2025,IFIS,Installed-Functioning-In Service,17,YES,Third-Party Contractor,MID-AMERICAN,YES,YES,YES,YES,,39' - 1in,2500,Passenger,4,,,Both,1,+,+,+,Roosevelt Av & 74 St (SE corner) to Flushing Mn St-bound 7 plat & E/F/M/R/7 mezzanines.,-,,,,,"If you are on the street:  For Manhattan-bound E/F/R, take a Penn Station-bound Q32 bus (Roosevelt Av at 74 St) to Queens Plaza.  For Manhattan-bound M/R, take a Penn Station-bound Q32 bus (Roosevelt Av at 74 St) to 58 St. Travel north on 58 St, east (left) on 38 Av, and north (right) on 56 St to Broadway for Manhattan-bound access at Northern Blvd M/R station.  For E, F, M, R to Forest Hills/Jamaica, take a Rockaway Park-bound Q53 SBS (Broadway at 75 St) to Woodhaven Blvd. Transfer to a Jamaica-bound Q60 bus.  For 7, proceed to bus terminal and take LaGuardia Link Q70 SBS to 61 St-Woodside.  If you are on the Manhattan-bound 7 mezzanine:  For street access, take a Manhattan-bound 7 to 61 St-Woodside. Exit station and take LaGuardia Airport-bound Q70 SBS bus or Rockaway Park-bound Q53 SBS bus (Roosevelt Av at 62 St) to Jackson Hts-Roosevelt Av/74 St-Broadway.  For E/F/R, take a Manhattan-bound 7 to Queensboro Plaza. Use elevators to exit the station and proceed east along Queens Plaza S to the Queens Plaza E/F/R station. For M/R, take a Manhattan-bound 7 to 61 St-Woodside. Use elevators to exit the station and take an Astoria-bound Q18 (Woodside Av at 61st St) to 54 St and Northern Blvd for Northern Blvd M/R station. For Forest Hills-bound service, elevator on SE corner of 54 St and Broadway. For Manhattan-bound service, elevator on NW corner of 56 St and Broadway. If you are on the transfer mezzanine:  Take an E, F or R to Queens Plaza.  For 7, use elevators to exit the station proceed west along Queens Plaza S to the Queensboro Plaza station.  To return to Jackson Heights-Roosevelt Av from Queens Plaza, take a Jackson Heights-bound Q32 bus (Queens Plaza S at 28 St) to 76 St and Roosevelt Av.  If you are on the Queens-bound 7 platform:  For street access, take a Flushing-Main St-bound 7 to Junction Blvd and transfer to a Manhattan-bound 7 to 61 St-Woodside. Exit station and take LaGuardia Airport-bound Q70 SBS bus or Rockaway Park-bound Q53 SBS bus (Roosevelt Av at 62 St) to Jackson Hts-Roosevelt Av/74 St-Broadway.  For E/F/M/R, take a Flushing-Main St-bound 7 to Junction Blvd and transfer to a Manhattan-bound 7 to Queensboro Plaza. Proceed east along Queens Plaza S to the Queens Plaza E/F/R station.",POINT (-73.891106 40.74676)
ES608X,Escalator,Escalator,469,GRANDCENTRAL-42ST-LEX-S,Grand Central-42 St - Station,610,"Grand Central-42 St (S,4,5,6,7)",IRT-MM-LEXINGTONAV,Manhattan,40.75276,-73.97919,,06/01/2011,IFIS,Installed-Functioning-In Service,22,NO,Private Contractor,AM,YES,,NO,NO,,,,,,,,,,,,,4/5/6 mezzanine to Park Ave & 42 St (SW corner),,,,,,,POINT (-73.97919 40.75276)
ES497X,Escalator,Escalator,198,HOWARDBEACH-JFKAIRPORT-RKY-A,Howard Beach-JFK Airport - Station,198,,IND-F-ROCKAWAY,Queens,40.660328,-73.830444,,06/26/2012,IFIS,Installed-Functioning-In Service,22,NO,Private Contractor,KONE,YES,,NO,NO,,,,,,,,,,,,,Far Rockaway-bound intermediate mezzanine to upper mezzanine for street and AirTrain station,,,,,,,POINT (-73.830444 40.660328)
EL300X,Elevator,Elevator Hydraulic,040,ATLANTICAV-BARCLAYSCTR-BWY-B/Q,Atlantic Av-Barclays Ctr - Station,617,"Atlantic Av (B,Q,2,3,4,5)/Pacific St (D,N,R)",BMT-A-BROADWAY/BRIGHTON,Brooklyn,40.68504,-73.977516,01/01/1900,01/01/2001,IFIS,Installed-Functioning-In Service,17,NO,LIRR,AM,YES,YES,NO,NO,,,,,,,,Northbound,1,-,-,+,Hanson Pl to LIRR concourse for access to Manhattan-bound 2/3 platform rest of complex,+,737X,,,737X,If you are on the street:  Proceed to the other elevator through the concourse of the LIRR complex.  If you are on the LIRR Concourse:  Proceed to the other elevator through the concourse of the LIRR complex.,POINT (-73.977516 40.68504)
ES438,Escalator,Escalator,278,JAMAICACENTER-PARSONS/ARCHER-QBL-E/J/Z,Jamaica Center-Parsons/Archer - Station,278,,IND-D-QUEENS/ARCHERAV,Queens,40.702305,-73.79991,12/01/1988,08/25/2008,IFIS,Installed-Functioning-In Service,22,YES,NYCT,KONE,YES,,YES,YES,26',,,,,92,24in,,,,,,mezzanine to Parsons Blvd & Archer Ave (SW corner),,,,,,,POINT (-73.79991 40.702305)
ES461X,Escalator,Escalator,462,COURTSQ-FLS-7,Court Sq - Station,606,"Court Sq (E,G,M,7)",IRT-C-FLUSHING,Queens,40.746555,-73.94383,,06/03/2011,RNOS,Removed-Non Functioning-Out of Service,30,NO,Private Contractor,THYSSEN-KRUPP,YES,,NO,NO,,,,,,,,,,,,,,,,,,,,POINT (-73.94383 40.746555)
EL165,Elevator,Elevator Hydraulic,417,NEREIDAV-LWP-2/5,Nereid Av - Station,417,,IRT-WT-239STYD,Bronx,40.900818,-73.8509,12/20/1995,12/20/1995,IFIS,Installed-Functioning-In Service,17,YES,NYCT,CEMCO,NO,NO,NO,NO,,,2000,Freight,,,,,,,,,Freight Elevator At 239Th Street Yard,,,,,,,POINT (-73.8509 40.900818)
EL213,Elevator,Elevator Hydraulic,012,34ST-HERALDSQ-BWY-M/N/R/Q,34 St-Herald Sq - Station,607,"34 St-Herald Sq (B,D,F,M,N,Q,R)",BMT-A-BROADWAY/BRIGHTON,Manhattan,40.74962,-73.9882,01/19/1994,12/22/2015,IFIS,Installed-Functioning-In Service,17,YES,NYCT,EECO (ELEVATOR EQUIP. CO.),YES,YES,YES,YES,,,2000,Passenger,,,,Both,1,+,-,-,6th Ave & 34 St entrance (SW corner) to mezzanine for service in both directions on all lines,-,200X,200X,,,"If you are on the street: For uptown or downtown B/D/F/M, take a northbound M5 or M7 bus to 50 St. Proceed to 47-50 Sts-Rockefeller Ctr. For uptown or downtown N/Q/R/W, take eastbound M34 SBS to 34 St and Lexington Av. Transfer to a southbound M101, M102 or M103 bus to 14 St. Proceed to 14 St-Union Sq. If you are on the mezzanine: Proceed down the hall to the PATH concourse and take the elevator to street. Or, take a downtown N, Q, R or W to 14 St-Union Sq. Exit station and take a westbound M14 or M14D bus (14 St and Irving Pl) to 14 St and 6 Av. Transfer to a northbound M7 or M55 bus to 34 St and 6 Av. Or, take an uptown N, Q, R or W to Times Sq-42 St. Exit station and take a southbound M7 or M20 bus (7 Av and 41 St) to 34 St. Proceed one block east to 34 St-Herald Sq.",POINT (-73.9882 40.74962)
EL112,Elevator,Elevator Traction,302,168ST-BWY7-1,168 St - Station,605,"168 St (A,C,1)",IRT-BB-BROADWAY/7AV,Manhattan,40.84075,-73.94013,06/01/1963,12/20/2019,IFIS,Installed-Functioning-In Service,22,YES,NYCT,MCE,YES,NO,NO,NO,,78' 6 1/4in,10000,Passenger,3,,,Both,2,+,+,-,transfer mezzanine to overpass for 1 train service in both directions,+,,"111, 113, 114","111, 113, 114",,Use an adjacent elevator.,POINT (-73.94013 40.84075)
ES401,Escalator,Escalator,223,LEXINGTONAV/63ST-63S-F/Q,Lexington Av/63 St - Station,223,,IND-T-63ST,Manhattan,40.76497,-73.96652,10/01/1989,10/01/1989,RNOS,Removed-Non Functioning-Out of Service,22,YES,NYCT,OTIS,YES,,YES,YES,26',,,,,91,40,,,,,,Lexington Ave & 63 St (NW corner) to upper mezzanine,,,,,,,POINT (-73.96652 40.76497)
ES218,Escalator,Escalator,467,TIMESSQ-42ST-FLS-7,Times Sq-42 St - Station,611,"Times Sq-42 St (N,Q,R,S,1,2,3,7)/42 St (A,C,E)",IRT-C-FLUSHING,Manhattan,40.755154,-73.98698,03/14/1927,01/25/2006,IFIS,Installed-Functioning-In Service,22,YES,NYCT,KONE,YES,,NO,NO,39',,,,,135,40,,,,,,7 platform to upper mezzanine for 41 St & 7 Ave exit and access to rest of complex,,,,,,,POINT (-73.98698 40.755154)
EL128,Elevator,Elevator Hydraulic,430,SIMPSONST-LWP-2/5,Simpson St - Station,430,,IRT-F-LENOX/WHITEPLAINS,Bronx,40.82438,-73.892876,08/01/1989,07/08/2016,IFIS,Installed-Functioning-In Service,17,YES,NYCT,CANTON,YES,YES,YES,YES,,,2500,Passenger,,,,Southbound,2,-,-,+,Westchester Ave & Simpson St (NE corner) to Manhattan-bound platform,-,,,,,"If you are on the street:  Take an uptown 2 or 5 to E 180 St and use elevators to transfer to a downtown 2 or 5.  Or, take a Hub-bound Bx4 bus to 149 St and Bergen Av for 3 Av-149 St 2/5 station.  If you are on the platform:  See a station agent to re-enter through the faregate and take a downtown 2 or 5 to 3  Av-149 St.  Then either:  Use elevators to transfer to an uptown 2 or 5 to Simpson St.  Or,  Use the elevator to exit the station and take a Westchester Sq-bound Bx4 bus (Bergen  Av and 149 St) to Simpson St.",POINT (-73.892876 40.82438)
EL398,Elevator,Elevator Hydraulic,112,MYRTLE-WYCKOFFAVS-MYT-M,Myrtle-Wyckoff Avs - Station,630,"Myrtle-Wyckoff Avs (L,M)",BMT-M-MYRTLEAV,Brooklyn,40.699482,-73.9119,02/26/2008,02/26/2008,IFIS,Installed-Functioning-In Service,17,YES,NYCT,CANTON,YES,YES,NO,NO,,,2000,Passenger,,,,Both,3,-,+,+,mezzanine to M platform for service in both directions,-,,,,,"If you are on the mezzanine: Use the elevator at the other end of the corridor to exit the station, then either: To Middle Village-Metropolitan Av, take a Flushing-bound Q58 bus (Palmetto St between Myrtle Av and St. Nicholas Av) to Fresh Pond Rd and Bleecker St. Then transfer to a Jamaica-bound Q54 bus to Middle Village-Metropolitan Av M Station. Or, to Manhattan, take a Downtown-bound B54 bus (Myrtle Av) to Broadway. Then transfer to a Williamsburg-bound B46 bus to Flushing Av J/M Station. If you are on the platform: Take a Manhattan-bound M to Flushing Av. Then use the elevator to exit the station and take a Kings Plaza-bound B46 bus to Myrtle Av and transfer to a Ridgewood-bound B54 bus to Myrtle-Wyckoff Avs.",POINT (-73.9119 40.699482)
ES421,Escalator,Escalator,221,21ST-QUEENSBRIDGE-63S-F,21 St-Queensbridge - Station,221,,IND-T-63ST,Queens,40.754204,-73.94243,10/01/1989,10/01/1989,RNOS,Removed-Non Functioning-Out of Service,22,YES,NYCT,OTIS,YES,,YES,YES,23',,,,,84,24in,,,,,,21 St & 41 Ave (NE corner) to mezzanine,,,,,,,POINT (-73.94243 40.754204)
EL413,Elevator,Elevator Hydraulic,278,JAMAICACENTER-PARSONS/ARCHER-QBL-E/J/Z,Jamaica Center-Parsons/Archer - Station,278,,IND-D-QUEENS/ARCHERAV,Queens,40.70227,-73.80065,12/01/1988,12/10/2021,IFIS,Installed-Functioning-In Service,17,YES,NYCT,,YES,YES,NO,NO,,,2500,Passenger,,,,Both,1,+,-,+,mezzanine to platforms for E/J/Z service in both directions,-,,,,,If you are on the mezzanine: Exit through the faregate and use the elevator to exit the station. Then take a College Point-bound Q20 bus (Archer Av and Parsons Blvd) to Sutphin Blvd and Archer Av for E/J/Z service at the Sutphin Blvd/Archer Av-JFK Airport station.  If you are on the E platform:  Take a Manhattan-bound E to Sutphin Blvd/Archer Av-JFK Airport. Then use elevators to exit the station and take a Jamaica-bound Q20 bus (Archer Av and Sutphin Blvd) to Archer Av and Parsons Blvd.  If you are on the J/Z platform:  Take a Manhattan-bound J or Z to Sutphin Blvd/Archer Av-JFK Airport. Then use elevators to exit the station and take a Jamaica-bound Q20 bus (Archer Av and Sutphin Blvd) to Archer Av and Parsons Blvd.,POINT (-73.80065 40.70227)
ES108,Escalator,Escalator,431,INTERVALEAV-LWP-2/5,Intervale Av - Station,431,,IRT-F-LENOX/WHITEPLAINS,Bronx,40.822376,-73.8966,04/30/1910,03/05/2025,IFIS,Installed-Functioning-In Service,22,YES,NYCT,KONE,YES,,YES,NO,30'- 5/5in,,,,,111,24,,,,,,Westchester Ave & Intervale Ave (NE corner) to mezzanine,,,,,,,POINT (-73.8966 40.822376)
ES622,Escalator,Escalator,471,34ST-HUDSONYARDS-FLS-7,34 St-Hudson Yards - Station,471,,IRT-CC-FLUSHING,Manhattan,40.75539,-74.00177,09/13/2015,09/13/2015,IFIS,Installed-Functioning-In Service,22,YES,NYCT,KONE,YES,,NO,NO,"24,892 mm (81' 8in)",,,,,283,1000 mm (40in),,,,,,upper mezzanine (between 33 St & 34 St) to lower mezzanine,,,,,,,POINT (-74.00177 40.75539)
EL757,Elevator,Elevator Hydraulic,341,EASTERNPKWY-BROOKLYNMUSEUM-EPK-2/3,Eastern Pkwy-Brooklyn Museum - Station,341,,IRT-E-EASTERNPKWY,Brooklyn,40.671974,-73.96445,12/11/2020,12/11/2020,IFIS,Installed-Functioning-In Service,17,YES,NYCT,MID-AMERICAN,YES,YES,NO,NO,,,,Passenger,2,,,Southbound,2,-,+,+,Mezzanine to platform for Flatbush Av-bound 2 and New Lots Av-bound 3 service,-,,,,,"If you are on the mezzanine: Use elevator to take a Manhattan-bound 2 or 3 to Atlantic Av - Barclays Ctr. Then, use elevators to transfer to a Flatbush-bound 2 or New Lots-bound 3. If you are on the platform: Take a New Lots-bound 3 to Crown Hts-Utica Av and use elevator to transfer to a Manhattan-bound 3 to Eastern Pkwy. Or, take a Flatbush-bound 2 to Church Av and use elevators to transfer to a Manhattan-bound 2 to Eastern Pkwy.",POINT (-73.96445 40.671974)
EL415X,Elevator,Elevator Hydraulic,456,61ST-WOODSIDE-FLS-7,61 St-Woodside - Station,456,,IRT-C-FLUSHING,Queens,40.74576,-73.90317,12/22/1998,12/22/1998,IFIS,Installed-Functioning-In Service,17,NO,LIRR,AM,YES,YES,NO,NO,,,,,,,,Both,1,+,-,-,Roosevelt Ave & 61 St (NE corner) to mezzanine for LIRR and 7 service in both directions,-,,,,,Alt route not available for this elevator. Please use TripPlanner for latest information.,POINT (-73.90317 40.74576)
EL484,Elevator,Elevator Traction,083,WOODHAVENBLVD-JAM-J/Z,Woodhaven Blvd - Station,83,,BMT-J-JAMAICA,Queens,40.69388,-73.85158,01/24/2025,01/24/2025,IFIS,Installed-Functioning-In Service,17,YES,Third-Party Contractor,GALAXY,YES,YES,YES,YES,,30ft,2500,Passenger,2,,,Southbound,1,+,-,+,Street (SW corner of Jamaica Ave and Woodhaven Blvd Service Rd) to Jamaica-bound platform.,-,,,,,"If you are on the street: proceed east on Jamaica Av and board a Jamaica-170 St-bound Q56 bus.  Then either: For Sutphin Blvd-Archer Av-JFK Airport, exit the bus at Jamaica Av and 147 Place. For Jamaica Center-Parsons/ Archer, exit the bus at Jamaica Av and Parsons Blvd. If you are on the platform: Take a Jamaica Center-bound J or Z to Sutphin Blvd-Archer Av. Then, transfer to a Manhattan-bound J or Z to Woodhaven Blvd.",POINT (-73.85158 40.69388)
EL183,Elevator,Elevator Hydraulic,421,GUNHILLRD-LWP-2/5,Gun Hill Rd - Station,421,,IRT-W-WHITEPLAINSRD,Bronx,40.877666,-73.86643,04/02/2007,04/02/2007,IFIS,Installed-Functioning-In Service,17,YES,NYCT,CANTON,YES,YES,YES,YES,,,2500,Passenger,,,,Southbound,2,-,-,+,Gun Hill Rd to Manhattan-bound platform,-,,,,,"If you are on the street:  Take an uptown 2 or 5 to 233 St and use elevators to transfer to a downtown 2 or 5.  Or, take a Clasons Point-bound Bx39 bus (White Plains Rd and Gun Hill Rd) to Pelham  Pkwy 2/5 station (White Plains Rd and Pelham Pkwy).  If you are on the platform:  Take a downtown 2 or 5 to Pelham Pkwy. Then either:  Use elevators to transfer to an uptown 2 or 5 to Gun Hill Rd.  Or,  Use elevators to exit the station and take Wakefield-bound Bx39 bus (White Plains Rd  and Pelham Pkwy) to Gun Hill Rd station (White Plains Rd and E Gun Hill Rd).",POINT (-73.86643 40.877666)
EL315,Elevator,Elevator Hydraulic,411,BROOKLYNBRIDGE-CITYHALL-LEX-4/5/6,Brooklyn Bridge-City Hall - Station,622,"Brooklyn Bridge-City Hall (4,5,6)/Chambers St (J,Z)",IRT-MM-LEXINGTONAV,Manhattan,40.712612,-74.004745,11/19/1992,07/06/2017,IFIS,Installed-Functioning-In Service,17,YES,NYCT,MONGRAIN VERTICAL TRANSPORT,YES,YES,NO,NO,,,2500,Passenger,,,,Southbound,2,-,+,+,mezzanine to platform for downtown 4/5 service and 6 terminal,-,,,,,"If you are on the mezzanine: Use elevator to take an uptown 6 to Bleecker St. Then use elevators to transfer to a downtown 6. Transfer across the platform at Brooklyn Bridge-City Hall for downtown and Brooklyn 45 service. Or, use elevator to exit station and take a downtown M55 (Broadway and Warren St) to Cortlandt St.  Proceed 1 block north to Fulton St ACJZ2345 Station. If you are on the platform: Take a downtown 45 Fulton St. Then either: Use elevators to transfer to an uptown 45 to Brooklyn Bridge-City Hall. Or, use  elevators to exit station and take an uptown M55 (Church St and Vesey St) to Chambers St.",POINT (-74.004745 40.712612)
ES276X,Escalator,Escalator,163,42ST/PORTAUTHORITY-BUSTERMINAL-8AV-A/C/E,42St/Port Authority-Bus Terminal - Station,611,"Times Sq-42 St (N,Q,R,S,1,2,3,7)/42 St (A,C,E)",IND-A-8AV/FULTONST,Manhattan,40.757362,-73.98978,,09/01/2011,IFIS,Installed-Functioning-In Service,22,NO,Private Contractor,AM,YES,,NO,NO,,,,,,0,,,,,,,Mezzanine for A/C/E service in both directions via ramps to Port Authority Bus Terminal (8th Ave between 41st St & 42nd St),,,,,,,POINT (-73.98978 40.757362)
EL235,Elevator,Elevator Hydraulic,225,47-50STS-ROCKEFELLERCTR-6AV-B/D/F/M,47-50 Sts-Rockefeller Ctr - Station,225,,IND-B-6AV/CULVER,Manhattan,40.758835,-73.98109,03/31/2009,03/31/2009,IFIS,Installed-Functioning-In Service,17,YES,NYCT,CANTON,YES,YES,NO,NO,,,2000,Passenger,,,,Northbound,1,+,-,+,mezzanine to uptown platform,-,,,,,"If you are on the mezzanine: Take a downtown B, D, F or M to 34 St-Herald Sq. Then use elevators to transfer to an uptownB, D, F or M . If you are on the platform:  Take an uptown B or D to 59 St-Columbus Circle, then either: Use elevators to transfer to a downtown B or D to 47-50 Sts-Rockefeller Ctr. Or, use elevators to exit the station and take a downtown M7 or M104 bus (Columbus Circle and 8 Av) to 50 St and 7 Av. Then proceed one block east to 6 Av.",POINT (-73.98109 40.758835)
EL726X,Elevator,Elevator Hydraulic,021,CORTLANDTST-BWY-R,Cortlandt St - Station,624,"Chambers St (A,C)/WTC (E)/Park Place (2,3)/Cortlandt St (R, W)",BMT-B-BROADWAY,Manhattan,40.711273,-74.01075,11/10/2014,11/10/2014,IFIS,Installed-Functioning-In Service,17,NO,Private Contractor,CANTON,YES,YES,NO,NO,,,,,,,,Southbound,2,+,-,+,Fulton Center level to downtown R/W platform and access to rest of complex,+,,17X,,17X,"If you are on the platform: Use another elevator in the Oculus.  If you are on the mezzanine: Use another elevator in the Oculus.  Or, use elevator to take an uptown R or W to City Hall and see a station agent to transfer across the platform to downtown R or W.",POINT (-74.01075 40.711273)
EL434,Elevator,Elevator Hydraulic,259,KEWGARDENS-UNIONTPKE-QBL-E/F,Kew Gardens-Union Tpke - Station,259,,IND-D-QUEENSBLVD,Queens,40.713985,-73.83106,07/31/2008,07/31/2008,IFIS,Installed-Functioning-In Service,17,YES,NYCT,CEMCO,YES,YES,YES,YES,,,2000,Passenger,,,,Both,1,+,-,-,Kew Gardens Rd & Union Tpke (SW corner) to mezzanine for service in both directions,-,,,,,If you are on the street:  Take a East Midtown-bound Q60 (Queens Blvd/Union Tpke) to Queens Blvd and 108 St for the Forest Hills-71st Av E/F/M/R Station.  If you are on the mezzanine:  See a station agent to re-enter faregate and use elevator to take a Manhattan-bound E or F to Forest Hills 71 Av and then use elevators to exit station and take a South Jamaica-bound Q60 (Queens Blvd/71 Av) to Union Tpke.,POINT (-73.83106 40.713985)
EL186,Elevator,Elevator Hydraulic,382,FORDHAMRD-JER-4,Fordham Rd - Station,382,,IRT-J-JEROMEAV,Bronx,40.862576,-73.90106,12/15/2005,10/30/2025,IFIS,Installed-Functioning-In Service,17,YES,Third-Party Contractor,JRT,YES,YES,YES,YES,,15' - 8in,3000,Passenger,2,,,Both,1,+,-,-,Jerome Ave & Fordham Rd (SE corner) to mezzanine for service in both directions,-,,,,,"All elevators at this station are out of service for replacement. For 4 train service: Take a Mott Haven-bound Bx32 to Morris Av and 170 St. Transfer to a George Washington Bridge-bound Bx11 to the 170 St (4) station for Manhattan-bound 4 service.   For access to Yankee Stadium-161 St: Proceed east to Grand Concourse and Fordham Rd. Take a Mott Haven-bound Bx1 or Bx2 to Grand Concourse / E 161 St. Note that elevators at this station are also out of service for replacement.  Reduced Fare Customers Only: Take a Bay Plaza-bound Bx12 SBS to East Fordham Rd / 3 Av to access the Fordham Metro-North station and board a Grand-Central bound train. Transfer at either 125 St or Grand Central for onward 4, 5, 6 service. You must present your Reduced Fare OMNY or MetroCard to use this service.",POINT (-73.90106 40.862576)
ES294,Escalator,Escalator,477,72ST-2AV-Q,72 St - Station,477,,IND-S-2AV,Manhattan,40.76906,-73.95847,01/01/2017,01/01/2017,IFIS,Installed-Functioning-In Service,22,YES,NYCT,SCHINDLER,YES,,YES,YES,21577 mm (70' 9 1/2in),,,,,0,,,,,,,lower mezzanine to 72 St & 2nd Ave (NW corner),,,,,,,POINT (-73.95847 40.76906)
ES202,Escalator,Escalator,475,96ST-2AV-Q,96 St - Station,475,,IND-S-2AV,Manhattan,40.78397,-73.94722,01/01/2017,01/01/2017,IFIS,Installed-Functioning-In Service,22,YES,NYCT,KONE,YES,,NO,NO,5137mm (16'  6 1/2in),,,,,76,1000 mm (39 3/8in),,,,,,mezzanine (96 St & 2nd Ave) to platform for downtown service,,,,,,,POINT (-73.94722 40.78397)
ES302,Escalator,Escalator,331,PARKPLACE-CLK-2/3,Park Place - Station,624,"Chambers St (A,C)/WTC (E)/Park Place (2,3)/Cortlandt St (R, W)",IRT-K-CLARKST,Manhattan,40.712833,-74.00831,01/01/1967,10/02/1999,RNOS,Removed-Non Functioning-Out of Service,22,YES,NYCT,OK,YES,,NO,NO,30',,,,,109,40,,,,,,mezzanine (Park Pl & Broadway) to 2/3 platform for service in both directions,,,,,,,POINT (-74.00831 40.712833)
EL229,Elevator,Elevator Hydraulic,011,TIMESSQ-42ST-BWY-N/R/Q,Times Sq-42 St - Station,611,"Times Sq-42 St (N,Q,R,S,1,2,3,7)/42 St (A,C,E)",BMT-A-BROADWAY/BRIGHTON,Manhattan,40.754673,-73.986755,05/02/2003,12/23/2025,RNOS,Removed-Non Functioning-Out of Service,22,YES,Third-Party Contractor,MID-AMERICAN,YES,YES,NO,NO,,16' - 1in,2100,Passenger,,,,Southbound,4,+,-,+,,-,,,,,"If you are on the mezzanine:  Take an uptown Q to 72 St and transfer across the platform to a downtown Q to Times Sq-42 St. Or, exit station and take a downtown M7 or M20 bus to 34 St/7 Av. 34 St-Herald Sq is one block east.  If you are on the platform:  Take a downtown N,Q,R or W to 34 St-Herald Sq then either: Use elevators to transfer to an uptown N, Q, R or W to Times Sq-42 St. Or, exit station and take the M5, M7, or M55 (6 Av between 34 St and 35 St) to 42 St. Times Sq-42 St is one block west.",POINT (-73.986755 40.754673)
EL232,Elevator,Elevator Hydraulic,317,TIMESSQ-42ST-7AV-1/2/3,Times Sq-42 St - Station,611,"Times Sq-42 St (N,Q,R,S,1,2,3,7)/42 St (A,C,E)",IRT-V-7AV,Manhattan,40.755478,-73.98769,07/18/2006,07/18/2006,RNOS,Removed-Non Functioning-Out of Service,22,YES,NYCT,CANTON,YES,YES,NO,NO,,,2000,Passenger,,,,Both,2,+,+,+,,-,,,,,"If you are on the upper mezzanine:  Take an uptown 1 to 59 St-Columbus Circle and use elevators to transfer to a downtown 1 to Times Sq-42 St. Or, exit station and take a downtown M7 or M20 bus to 34 St-Penn Station.  If you are on the downtown 1/2/3 platform:  Take a downtown 2 or 3 to 34 St-Penn Station and use elevators to transfer to an uptown 2 or 3 to Times Sq-42 St. Or, take a downtown 1, 2 or 3 to 34 St-Penn Station. Exit station and take the M20 or M34A SBS (8 Av between 34 St and 35 St) to 41 St. Times Sq-42 St is one block north.  If you are on the lower mezzanine:  Exit station and take an eastbound M42 bus to Grand Central-42 St for 7.  If you are on the 7 platform:  Take an uptown 7 to Grand Central-42 St. Exit station and take a westbound M42 bus (42 St between Park Av and Lexington Av) to Broadway.",POINT (-73.98769 40.755478)
EL233,Elevator,Elevator Hydraulic,317,TIMESSQ-42ST-7AV-1/2/3,Times Sq-42 St - Station,611,"Times Sq-42 St (N,Q,R,S,1,2,3,7)/42 St (A,C,E)",IRT-V-7AV,Manhattan,40.75537,-73.98738,07/18/2006,07/18/2006,IFIS,Installed-Functioning-In Service,17,YES,NYCT,CANTON,YES,YES,NO,NO,,,2000,Passenger,,,,Northbound,1,+,-,+,mezzanine to uptown 1/2/3 platform,-,,,,,"If you are on the upper mezzanine:  Take a downtown 2 or 3 to 34 St-Penn Station. Transfer across platform to an uptown 2 or 3 to Times Sq-42 St. Or, exit station and take an M20 or M104 bus (8 Av) to 59 St-Columbus Circle.  If you are on the platform:  Take an uptown 1, 2 or 3 to 72 St and use elevators to transfer to a downtown 1, 2, or 3 to Times Sq-42 St. Or, take an uptown 1 to 59 St-Columbus Circle. Exit station and take the M7, M20, or M104 bus (Broadway between 60 St and 61 St) to 41 St. Times Sq-42 St is one block north.",POINT (-73.98738 40.75537)
EL217,Elevator,Elevator Hydraulic,406,14ST-UNIONSQ-LEX-4/5/6,14 St-Union Sq - Station,602,"14 St-Union Sq (L,N,Q,R,4,5,6)",IRT-MM-LEXINGTONAV,Manhattan,40.768295,-73.981735,05/26/2000,03/31/2026,RNOS,Removed-Non Functioning-Out of Service,22,YES,Third-Party Contractor,MID-AMERICAN,YES,YES,YES,YES,,12'-6 1/4in,2500,Passenger,,,,Both,1,+,-,-,,-,,,,,"This elevator is out of service for replacement. For N/Q/R/W/L: Take a Chelsea Piers-bound M14D or Abingdon Sq-bound M14A to 6 Av for 14 St F/M and 6 Av L station. For N/Q/R/W service, take an uptown F or M train to 34 St-Herald Sq and use elevators to transfer to the N/Q/R/W in either direction. To exit from the mezzanine: See a station agent to re-enter through faregate and take an uptown N/Q/R/W to 34 St-Herald Sq. Use elevators to exit the station, travel to 36 St and 5 Av and take a Soho-bound M1 or East Village-bound M2 or M3 to 14 St.",POINT (-73.981735 40.768295)
ES269,Escalator,Escalator,275,LEXINGTONAV/53ST-QBL-E/M,Lexington Av/53 St - Station,612,"Lexington Av-53 St (E,M)/51 St (6)",IND-D-QUEENSBLVD,Manhattan,40.75812,-73.97098,10/15/2003,10/15/2003,IFIS,Installed-Functioning-In Service,22,YES,NYCT,OK,YES,,NO,NO,56',,,,,,40,,,,,,6 mezzanine (53 St & Lexington Av) to E/F platform for both directions.,,,,,,,POINT (-73.97098 40.75812)
